escolaridade_grupo,ano,idade_grupo,raca_cor,sexo,sigla_uf,successes,total,treatment_code,ano_code,idade_grupo_code,raca_cor_code,sexo_code,sigla_uf_code
baixa,2012,adulto,1,1,BA,29,35,0,0,0,0,0,4
baixa,2012,adulto,1,1,CE,26,40,0,0,0,0,0,5
baixa,2012,adulto,1,1,ES,38,45,0,0,0,0,0,7
baixa,2012,adulto,1,1,GO,28,36,0,0,0,0,0,8
baixa,2012,adulto,1,1,MA,27,28,0,0,0,0,0,9
baixa,2012,adulto,1,1,MG,94,135,0,0,0,0,0,10
baixa,2012,adulto,1,1,PE,54,76,0,0,0,0,0,15
baixa,2012,adulto,1,1,PI,17,21,0,0,0,0,0,16
baixa,2012,adulto,1,1,PR,92,128,0,0,0,0,0,17
baixa,2012,adulto,1,1,RJ,68,93,0,0,0,0,0,18
baixa,2012,adulto,1,1,RN,38,45,0,0,0,0,0,19
baixa,2012,adulto,1,1,RS,124,163,0,0,0,0,0,22
baixa,2012,adulto,1,1,SC,30,48,0,0,0,0,0,23
baixa,2012,adulto,1,1,SP,520,662,0,0,0,0,0,25
baixa,2012,adulto,1,2,BA,23,26,0,0,0,0,1,4
baixa,2012,adulto,1,2,GO,20,27,0,0,0,0,1,8
baixa,2012,adulto,1,2,MG,45,69,0,0,0,0,1,10
baixa,2012,adulto,1,2,PE,22,36,0,0,0,0,1,15
baixa,2012,adulto,1,2,PR,54,71,0,0,0,0,1,17
baixa,2012,adulto,1,2,RJ,22,47,0,0,0,0,1,18
baixa,2012,adulto,1,2,RS,52,79,0,0,0,0,1,22
baixa,2012,adulto,1,2,SC,24,33,0,0,0,0,1,23
baixa,2012,adulto,1,2,SP,131,202,0,0,0,0,1,25
baixa,2012,adulto,2,1,BA,85,97,0,0,0,1,0,4
baixa,2012,adulto,2,1,GO,25,27,0,0,0,1,0,8
baixa,2012,adulto,2,1,MA,35,41,0,0,0,1,0,9
baixa,2012,adulto,2,1,MG,53,65,0,0,0,1,0,10
baixa,2012,adulto,2,1,PE,35,42,0,0,0,1,0,15
baixa,2012,adulto,2,1,RJ,48,55,0,0,0,1,0,18
baixa,2012,adulto,2,1,RS,19,22,0,0,0,1,0,22
baixa,2012,adulto,2,1,SP,52,64,0,0,0,1,0,25
baixa,2012,adulto,2,2,BA,18,27,0,0,0,1,1,4
baixa,2012,adulto,2,2,MG,14,27,0,0,0,1,1,10
baixa,2012,adulto,2,2,RJ,28,39,0,0,0,1,1,18
baixa,2012,adulto,2,2,SP,18,30,0,0,0,1,1,25
baixa,2012,adulto,4,1,AL,435,460,0,0,0,3,0,1
baixa,2012,adulto,4,1,AM,59,68,0,0,0,3,0,2
baixa,2012,adulto,4,1,BA,299,337,0,0,0,3,0,4
baixa,2012,adulto,4,1,CE,220,274,0,0,0,3,0,5
baixa,2012,adulto,4,1,DF,30,36,0,0,0,3,0,6
baixa,2012,adulto,4,1,ES,73,77,0,0,0,3,0,7
baixa,2012,adulto,4,1,GO,104,115,0,0,0,3,0,8
baixa,2012,adulto,4,1,MA,208,242,0,0,0,3,0,9
baixa,2012,adulto,4,1,MG,166,195,0,0,0,3,0,10
baixa,2012,adulto,4,1,MS,26,32,0,0,0,3,0,11
baixa,2012,adulto,4,1,MT,38,50,0,0,0,3,0,12
baixa,2012,adulto,4,1,PA,122,145,0,0,0,3,0,13
baixa,2012,adulto,4,1,PB,131,147,0,0,0,3,0,14
baixa,2012,adulto,4,1,PE,264,323,0,0,0,3,0,15
baixa,2012,adulto,4,1,PI,125,144,0,0,0,3,0,16
baixa,2012,adulto,4,1,PR,33,39,0,0,0,3,0,17
baixa,2012,adulto,4,1,RJ,77,100,0,0,0,3,0,18
baixa,2012,adulto,4,1,RN,161,185,0,0,0,3,0,19
baixa,2012,adulto,4,1,SE,88,95,0,0,0,3,0,24
baixa,2012,adulto,4,1,SP,228,287,0,0,0,3,0,25
baixa,2012,adulto,4,1,TO,30,40,0,0,0,3,0,26
baixa,2012,adulto,4,2,AL,45,52,0,0,0,3,1,1
baixa,2012,adulto,4,2,AM,20,24,0,0,0,3,1,2
baixa,2012,adulto,4,2,BA,60,93,0,0,0,3,1,4
baixa,2012,adulto,4,2,CE,46,69,0,0,0,3,1,5
baixa,2012,adulto,4,2,GO,27,42,0,0,0,3,1,8
baixa,2012,adulto,4,2,MA,56,74,0,0,0,3,1,9
baixa,2012,adulto,4,2,MG,59,77,0,0,0,3,1,10
baixa,2012,adulto,4,2,PA,46,58,0,0,0,3,1,13
baixa,2012,adulto,4,2,PB,21,30,0,0,0,3,1,14
baixa,2012,adulto,4,2,PE,89,119,0,0,0,3,1,15
baixa,2012,adulto,4,2,PI,25,36,0,0,0,3,1,16
baixa,2012,adulto,4,2,PR,25,30,0,0,0,3,1,17
baixa,2012,adulto,4,2,RJ,41,61,0,0,0,3,1,18
baixa,2012,adulto,4,2,RN,23,28,0,0,0,3,1,19
baixa,2012,adulto,4,2,SE,23,29,0,0,0,3,1,24
baixa,2012,adulto,4,2,SP,55,93,0,0,0,3,1,25
baixa,2012,idoso,1,1,AL,61,80,0,0,1,0,0,1
baixa,2012,idoso,1,1,AM,34,40,0,0,1,0,0,2
baixa,2012,idoso,1,1,BA,174,222,0,0,1,0,0,4
baixa,2012,idoso,1,1,CE,169,237,0,0,1,0,0,5
baixa,2012,idoso,1,1,DF,40,53,0,0,1,0,0,6
baixa,2012,idoso,1,1,ES,129,165,0,0,1,0,0,7
baixa,2012,idoso,1,1,GO,208,267,0,0,1,0,0,8
baixa,2012,idoso,1,1,MA,124,165,0,0,1,0,0,9
baixa,2012,idoso,1,1,MG,555,769,0,0,1,0,0,10
baixa,2012,idoso,1,1,MS,101,142,0,0,1,0,0,11
baixa,2012,idoso,1,1,MT,79,115,0,0,1,0,0,12
baixa,2012,idoso,1,1,PA,85,111,0,0,1,0,0,13
baixa,2012,idoso,1,1,PB,60,90,0,0,1,0,0,14
baixa,2012,idoso,1,1,PE,317,427,0,0,1,0,0,15
baixa,2012,idoso,1,1,PI,87,107,0,0,1,0,0,16
baixa,2012,idoso,1,1,PR,694,912,0,0,1,0,0,17
baixa,2012,idoso,1,1,RJ,698,900,0,0,1,0,0,18
baixa,2012,idoso,1,1,RN,117,165,0,0,1,0,0,19
baixa,2012,idoso,1,1,RS,730,927,0,0,1,0,0,22
baixa,2012,idoso,1,1,SC,207,279,0,0,1,0,0,23
baixa,2012,idoso,1,1,SE,44,60,0,0,1,0,0,24
baixa,2012,idoso,1,1,SP,2241,3125,0,0,1,0,0,25
baixa,2012,idoso,1,2,AL,82,111,0,0,1,0,1,1
baixa,2012,idoso,1,2,AM,20,24,0,0,1,0,1,2
baixa,2012,idoso,1,2,BA,221,273,0,0,1,0,1,4
baixa,2012,idoso,1,2,CE,216,281,0,0,1,0,1,5
baixa,2012,idoso,1,2,DF,49,68,0,0,1,0,1,6
baixa,2012,idoso,1,2,ES,126,166,0,0,1,0,1,7
baixa,2012,idoso,1,2,GO,240,313,0,0,1,0,1,8
baixa,2012,idoso,1,2,MA,171,204,0,0,1,0,1,9
baixa,2012,idoso,1,2,MG,661,903,0,0,1,0,1,10
baixa,2012,idoso,1,2,MS,125,147,0,0,1,0,1,11
baixa,2012,idoso,1,2,MT,84,113,0,0,1,0,1,12
baixa,2012,idoso,1,2,PA,80,98,0,0,1,0,1,13
baixa,2012,idoso,1,2,PB,85,104,0,0,1,0,1,14
baixa,2012,idoso,1,2,PE,424,562,0,0,1,0,1,15
baixa,2012,idoso,1,2,PI,94,114,0,0,1,0,1,16
baixa,2012,idoso,1,2,PR,999,1255,0,0,1,0,1,17
baixa,2012,idoso,1,2,RJ,775,1021,0,0,1,0,1,18
baixa,2012,idoso,1,2,RN,114,143,0,0,1,0,1,19
baixa,2012,idoso,1,2,RS,651,871,0,0,1,0,1,22
baixa,2012,idoso,1,2,SC,256,327,0,0,1,0,1,23
baixa,2012,idoso,1,2,SE,65,89,0,0,1,0,1,24
baixa,2012,idoso,1,2,SP,2395,3337,0,0,1,0,1,25
baixa,2012,idoso,2,1,BA,217,280,0,0,1,1,0,4
baixa,2012,idoso,2,1,MA,165,206,0,0,1,1,0,9
baixa,2012,idoso,2,1,MG,222,302,0,0,1,1,0,10
baixa,2012,idoso,2,1,PE,109,152,0,0,1,1,0,15
baixa,2012,idoso,2,1,PR,76,94,0,0,1,1,0,17
baixa,2012,idoso,2,1,RJ,242,324,0,0,1,1,0,18
baixa,2012,idoso,2,1,RS,75,101,0,0,1,1,0,22
baixa,2012,idoso,2,1,SP,234,325,0,0,1,1,0,25
baixa,2012,idoso,2,2,MG,243,322,0,0,1,1,1,10
baixa,2012,idoso,2,2,RJ,421,535,0,0,1,1,1,18
baixa,2012,idoso,2,2,RS,79,100,0,0,1,1,1,22
baixa,2012,idoso,2,2,SP,301,403,0,0,1,1,1,25
baixa,2012,idoso,3,1,SP,28,40,0,0,1,2,0,25
baixa,2012,idoso,3,2,SP,20,28,0,0,1,2,1,25
baixa,2012,idoso,4,1,AL,335,407,0,0,1,3,0,1
baixa,2012,idoso,4,1,AM,239,291,0,0,1,3,0,2
baixa,2012,idoso,4,1,BA,693,921,0,0,1,3,0,4
baixa,2012,idoso,4,1,CE,811,1038,0,0,1,3,0,5
baixa,2012,idoso,4,1,DF,92,128,0,0,1,3,0,6
baixa,2012,idoso,4,1,ES,128,160,0,0,1,3,0,7
baixa,2012,idoso,4,1,GO,303,379,0,0,1,3,0,8
baixa,2012,idoso,4,1,MA,658,826,0,0,1,3,0,9
baixa,2012,idoso,4,1,MG,650,878,0,0,1,3,0,10
baixa,2012,idoso,4,1,MS,174,220,0,0,1,3,0,11
baixa,2012,idoso,4,1,MT,226,288,0,0,1,3,0,12
baixa,2012,idoso,4,1,PA,409,526,0,0,1,3,0,13
baixa,2012,idoso,4,1,PB,249,355,0,0,1,3,0,14
baixa,2012,idoso,4,1,PE,856,1121,0,0,1,3,0,15
baixa,2012,idoso,4,1,PI,458,568,0,0,1,3,0,16
baixa,2012,idoso,4,1,PR,241,304,0,0,1,3,0,17
baixa,2012,idoso,4,1,RJ,407,536,0,0,1,3,0,18
baixa,2012,idoso,4,1,RN,212,271,0,0,1,3,0,19
baixa,2012,idoso,4,1,RS,69,78,0,0,1,3,0,22
baixa,2012,idoso,4,1,SE,182,239,0,0,1,3,0,24
baixa,2012,idoso,4,1,SP,674,894,0,0,1,3,0,25
baixa,2012,idoso,4,2,AL,282,355,0,0,1,3,1,1
baixa,2012,idoso,4,2,AM,172,225,0,0,1,3,1,2
baixa,2012,idoso,4,2,BA,770,989,0,0,1,3,1,4
baixa,2012,idoso,4,2,CE,615,804,0,0,1,3,1,5
baixa,2012,idoso,4,2,DF,88,130,0,0,1,3,1,6
baixa,2012,idoso,4,2,ES,159,190,0,0,1,3,1,7
baixa,2012,idoso,4,2,GO,301,378,0,0,1,3,1,8
baixa,2012,idoso,4,2,MA,582,717,0,0,1,3,1,9
baixa,2012,idoso,4,2,MG,678,930,0,0,1,3,1,10
baixa,2012,idoso,4,2,MS,155,196,0,0,1,3,1,11
baixa,2012,idoso,4,2,MT,213,258,0,0,1,3,1,12
baixa,2012,idoso,4,2,PA,318,411,0,0,1,3,1,13
baixa,2012,idoso,4,2,PB,218,278,0,0,1,3,1,14
baixa,2012,idoso,4,2,PE,930,1182,0,0,1,3,1,15
baixa,2012,idoso,4,2,PI,424,506,0,0,1,3,1,16
baixa,2012,idoso,4,2,PR,284,352,0,0,1,3,1,17
baixa,2012,idoso,4,2,RJ,595,760,0,0,1,3,1,18
baixa,2012,idoso,4,2,RN,177,222,0,0,1,3,1,19
baixa,2012,idoso,4,2,SE,172,223,0,0,1,3,1,24
baixa,2012,idoso,4,2,SP,818,1094,0,0,1,3,1,25
baixa,2012,jovem,1,1,GO,12,23,0,0,2,0,0,8
baixa,2012,jovem,1,1,MG,29,50,0,0,2,0,0,10
baixa,2012,jovem,1,1,PE,15,26,0,0,2,0,0,15
baixa,2012,jovem,1,1,PR,14,40,0,0,2,0,0,17
baixa,2012,jovem,1,1,RJ,10,21,0,0,2,0,0,18
baixa,2012,jovem,1,1,RS,33,49,0,0,2,0,0,22
baixa,2012,jovem,1,1,SC,16,20,0,0,2,0,0,23
baixa,2012,jovem,1,1,SP,164,231,0,0,2,0,0,25
baixa,2012,jovem,1,2,MG,10,21,0,0,2,0,1,10
baixa,2012,jovem,1,2,PR,10,26,0,0,2,0,1,17
baixa,2012,jovem,1,2,RJ,11,22,0,0,2,0,1,18
baixa,2012,jovem,1,2,RS,11,27,0,0,2,0,1,22
baixa,2012,jovem,1,2,SP,30,70,0,0,2,0,1,25
baixa,2012,jovem,2,1,BA,23,24,0,0,2,1,0,4
baixa,2012,jovem,4,1,AL,316,321,0,0,2,3,0,1
baixa,2012,jovem,4,1,BA,89,102,0,0,2,3,0,4
baixa,2012,jovem,4,1,CE,68,74,0,0,2,3,0,5
baixa,2012,jovem,4,1,ES,29,30,0,0,2,3,0,7
baixa,2012,jovem,4,1,GO,34,41,0,0,2,3,0,8
baixa,2012,jovem,4,1,MA,48,65,0,0,2,3,0,9
baixa,2012,jovem,4,1,MG,55,71,0,0,2,3,0,10
baixa,2012,jovem,4,1,PA,50,59,0,0,2,3,0,13
baixa,2012,jovem,4,1,PB,44,46,0,0,2,3,0,14
baixa,2012,jovem,4,1,PE,42,60,0,0,2,3,0,15
baixa,2012,jovem,4,1,PI,19,24,0,0,2,3,0,16
baixa,2012,jovem,4,1,RJ,15,29,0,0,2,3,0,18
baixa,2012,jovem,4,1,SP,60,78,0,0,2,3,0,25
baixa,2012,jovem,4,2,BA,13,20,0,0,2,3,1,4
baixa,2012,jovem,4,2,PA,16,20,0,0,2,3,1,13
baixa,2012,jovem,4,2,PE,18,28,0,0,2,3,1,15
baixa,2012,jovem,4,2,SP,13,27,0,0,2,3,1,25
baixa,2012,meia-idade,1,1,AL,21,32,0,0,3,0,0,1
baixa,2012,meia-idade,1,1,BA,54,75,0,0,3,0,0,4
baixa,2012,meia-idade,1,1,CE,52,71,0,0,3,0,0,5
baixa,2012,meia-idade,1,1,DF,14,20,0,0,3,0,0,6
baixa,2012,meia-idade,1,1,ES,48,65,0,0,3,0,0,7
baixa,2012,meia-idade,1,1,GO,64,92,0,0,3,0,0,8
baixa,2012,meia-idade,1,1,MA,37,54,0,0,3,0,0,9
baixa,2012,meia-idade,1,1,MG,198,272,0,0,3,0,0,10
baixa,2012,meia-idade,1,1,MS,34,41,0,0,3,0,0,11
baixa,2012,meia-idade,1,1,MT,28,37,0,0,3,0,0,12
baixa,2012,meia-idade,1,1,PA,21,36,0,0,3,0,0,13
baixa,2012,meia-idade,1,1,PE,97,124,0,0,3,0,0,15
baixa,2012,meia-idade,1,1,PI,26,32,0,0,3,0,0,16
baixa,2012,meia-idade,1,1,PR,199,257,0,0,3,0,0,17
baixa,2012,meia-idade,1,1,RJ,223,319,0,0,3,0,0,18
baixa,2012,meia-idade,1,1,RN,37,50,0,0,3,0,0,19
baixa,2012,meia-idade,1,1,RS,258,354,0,0,3,0,0,22
baixa,2012,meia-idade,1,1,SC,110,141,0,0,3,0,0,23
baixa,2012,meia-idade,1,1,SP,1051,1440,0,0,3,0,0,25
baixa,2012,meia-idade,1,2,AL,30,39,0,0,3,0,1,1
baixa,2012,meia-idade,1,2,BA,52,80,0,0,3,0,1,4
baixa,2012,meia-idade,1,2,CE,31,43,0,0,3,0,1,5
baixa,2012,meia-idade,1,2,ES,33,43,0,0,3,0,1,7
baixa,2012,meia-idade,1,2,GO,50,72,0,0,3,0,1,8
baixa,2012,meia-idade,1,2,MA,48,59,0,0,3,0,1,9
baixa,2012,meia-idade,1,2,MG,157,239,0,0,3,0,1,10
baixa,2012,meia-idade,1,2,MS,34,44,0,0,3,0,1,11
baixa,2012,meia-idade,1,2,MT,22,33,0,0,3,0,1,12
baixa,2012,meia-idade,1,2,PA,21,26,0,0,3,0,1,13
baixa,2012,meia-idade,1,2,PE,103,142,0,0,3,0,1,15
baixa,2012,meia-idade,1,2,PR,205,281,0,0,3,0,1,17
baixa,2012,meia-idade,1,2,RJ,197,248,0,0,3,0,1,18
baixa,2012,meia-idade,1,2,RN,40,50,0,0,3,0,1,19
baixa,2012,meia-idade,1,2,RS,191,264,0,0,3,0,1,22
baixa,2012,meia-idade,1,2,SC,58,83,0,0,3,0,1,23
baixa,2012,meia-idade,1,2,SE,15,23,0,0,3,0,1,24
baixa,2012,meia-idade,1,2,SP,734,1025,0,0,3,0,1,25
baixa,2012,meia-idade,2,1,BA,105,136,0,0,3,1,0,4
baixa,2012,meia-idade,2,1,ES,28,33,0,0,3,1,0,7
baixa,2012,meia-idade,2,1,GO,33,43,0,0,3,1,0,8
baixa,2012,meia-idade,2,1,MA,58,82,0,0,3,1,0,9
baixa,2012,meia-idade,2,1,MG,105,127,0,0,3,1,0,10
baixa,2012,meia-idade,2,1,PA,30,37,0,0,3,1,0,13
baixa,2012,meia-idade,2,1,PE,47,64,0,0,3,1,0,15
baixa,2012,meia-idade,2,1,PR,34,41,0,0,3,1,0,17
baixa,2012,meia-idade,2,1,RJ,129,172,0,0,3,1,0,18
baixa,2012,meia-idade,2,1,RS,36,44,0,0,3,1,0,22
baixa,2012,meia-idade,2,1,SE,25,35,0,0,3,1,0,24
baixa,2012,meia-idade,2,1,SP,147,187,0,0,3,1,0,25
baixa,2012,meia-idade,2,2,BA,74,95,0,0,3,1,1,4
baixa,2012,meia-idade,2,2,MA,57,66,0,0,3,1,1,9
baixa,2012,meia-idade,2,2,MG,84,110,0,0,3,1,1,10
baixa,2012,meia-idade,2,2,PA,20,26,0,0,3,1,1,13
baixa,2012,meia-idade,2,2,PE,48,65,0,0,3,1,1,15
baixa,2012,meia-idade,2,2,RJ,152,199,0,0,3,1,1,18
baixa,2012,meia-idade,2,2,RS,28,36,0,0,3,1,1,22
baixa,2012,meia-idade,2,2,SP,96,126,0,0,3,1,1,25
baixa,2012,meia-idade,4,1,AL,237,271,0,0,3,3,0,1
baixa,2012,meia-idade,4,1,AM,88,109,0,0,3,3,0,2
baixa,2012,meia-idade,4,1,BA,358,454,0,0,3,3,0,4
baixa,2012,meia-idade,4,1,CE,350,444,0,0,3,3,0,5
baixa,2012,meia-idade,4,1,DF,42,53,0,0,3,3,0,6
baixa,2012,meia-idade,4,1,ES,72,86,0,0,3,3,0,7
baixa,2012,meia-idade,4,1,GO,105,133,0,0,3,3,0,8
baixa,2012,meia-idade,4,1,MA,278,349,0,0,3,3,0,9
baixa,2012,meia-idade,4,1,MG,289,366,0,0,3,3,0,10
baixa,2012,meia-idade,4,1,MS,89,99,0,0,3,3,0,11
baixa,2012,meia-idade,4,1,MT,83,115,0,0,3,3,0,12
baixa,2012,meia-idade,4,1,PA,182,240,0,0,3,3,0,13
baixa,2012,meia-idade,4,1,PB,140,187,0,0,3,3,0,14
baixa,2012,meia-idade,4,1,PE,415,526,0,0,3,3,0,15
baixa,2012,meia-idade,4,1,PI,181,222,0,0,3,3,0,16
baixa,2012,meia-idade,4,1,PR,85,105,0,0,3,3,0,17
baixa,2012,meia-idade,4,1,RJ,211,270,0,0,3,3,0,18
baixa,2012,meia-idade,4,1,RN,124,149,0,0,3,3,0,19
baixa,2012,meia-idade,4,1,RS,22,26,0,0,3,3,0,22
baixa,2012,meia-idade,4,1,SE,69,109,0,0,3,3,0,24
baixa,2012,meia-idade,4,1,SP,344,451,0,0,3,3,0,25
baixa,2012,meia-idade,4,1,TO,65,79,0,0,3,3,0,26
baixa,2012,meia-idade,4,2,AL,95,130,0,0,3,3,1,1
baixa,2012,meia-idade,4,2,AM,55,68,0,0,3,3,1,2
baixa,2012,meia-idade,4,2,BA,252,333,0,0,3,3,1,4
baixa,2012,meia-idade,4,2,CE,185,239,0,0,3,3,1,5
baixa,2012,meia-idade,4,2,DF,32,45,0,0,3,3,1,6
baixa,2012,meia-idade,4,2,ES,54,71,0,0,3,3,1,7
baixa,2012,meia-idade,4,2,GO,108,134,0,0,3,3,1,8
baixa,2012,meia-idade,4,2,MA,217,277,0,0,3,3,1,9
baixa,2012,meia-idade,4,2,MG,217,289,0,0,3,3,1,10
baixa,2012,meia-idade,4,2,MS,58,73,0,0,3,3,1,11
baixa,2012,meia-idade,4,2,MT,84,101,0,0,3,3,1,12
baixa,2012,meia-idade,4,2,PA,108,136,0,0,3,3,1,13
baixa,2012,meia-idade,4,2,PB,56,88,0,0,3,3,1,14
baixa,2012,meia-idade,4,2,PE,299,402,0,0,3,3,1,15
baixa,2012,meia-idade,4,2,PI,107,143,0,0,3,3,1,16
baixa,2012,meia-idade,4,2,PR,88,112,0,0,3,3,1,17
baixa,2012,meia-idade,4,2,RJ,179,243,0,0,3,3,1,18
baixa,2012,meia-idade,4,2,RN,70,89,0,0,3,3,1,19
baixa,2012,meia-idade,4,2,RS,20,26,0,0,3,3,1,22
baixa,2012,meia-idade,4,2,SE,60,81,0,0,3,3,1,24
baixa,2012,meia-idade,4,2,SP,275,361,0,0,3,3,1,25
baixa,2012,meia-idade,4,2,TO,23,34,0,0,3,3,1,26
baixa,2019,adulto,1,1,BA,19,27,0,1,0,0,0,4
baixa,2019,adulto,1,1,CE,24,32,0,1,0,0,0,5
baixa,2019,adulto,1,1,GO,15,23,0,1,0,0,0,8
baixa,2019,adulto,1,1,MG,60,90,0,1,0,0,0,10
baixa,2019,adulto,1,1,PA,14,22,0,1,0,0,0,13
baixa,2019,adulto,1,1,PE,47,60,0,1,0,0,0,15
baixa,2019,adulto,1,1,PR,64,99,0,1,0,0,0,17
baixa,2019,adulto,1,1,RJ,38,58,0,1,0,0,0,18
baixa,2019,adulto,1,1,RS,37,60,0,1,0,0,0,22
baixa,2019,adulto,1,1,SC,19,31,0,1,0,0,0,23
baixa,2019,adulto,1,1,SP,115,202,0,1,0,0,0,25
baixa,2019,adulto,1,2,MG,30,53,0,1,0,0,1,10
baixa,2019,adulto,1,2,PE,26,37,0,1,0,0,1,15
baixa,2019,adulto,1,2,PR,33,54,0,1,0,0,1,17
baixa,2019,adulto,1,2,RJ,20,37,0,1,0,0,1,18
baixa,2019,adulto,1,2,RS,28,40,0,1,0,0,1,22
baixa,2019,adulto,1,2,SP,61,117,0,1,0,0,1,25
baixa,2019,adulto,2,1,BA,56,76,0,1,0,1,0,4
baixa,2019,adulto,2,1,MA,36,41,0,1,0,1,0,9
baixa,2019,adulto,2,1,MG,33,49,0,1,0,1,0,10
baixa,2019,adulto,2,1,RJ,23,34,0,1,0,1,0,18
baixa,2019,adulto,2,1,SP,25,34,0,1,0,1,0,25
baixa,2019,adulto,2,2,BA,21,28,0,1,0,1,1,4
baixa,2019,adulto,2,2,RJ,16,22,0,1,0,1,1,18
baixa,2019,adulto,4,1,AC,25,29,0,1,0,3,0,0
baixa,2019,adulto,4,1,AL,67,77,0,1,0,3,0,1
baixa,2019,adulto,4,1,AM,60,70,0,1,0,3,0,2
baixa,2019,adulto,4,1,BA,189,233,0,1,0,3,0,4
baixa,2019,adulto,4,1,CE,223,276,0,1,0,3,0,5
baixa,2019,adulto,4,1,ES,18,21,0,1,0,3,0,7
baixa,2019,adulto,4,1,GO,44,59,0,1,0,3,0,8
baixa,2019,adulto,4,1,MA,160,211,0,1,0,3,0,9
baixa,2019,adulto,4,1,MG,110,150,0,1,0,3,0,10
baixa,2019,adulto,4,1,MS,17,23,0,1,0,3,0,11
baixa,2019,adulto,4,1,MT,29,41,0,1,0,3,0,12
baixa,2019,adulto,4,1,PA,117,133,0,1,0,3,0,13
baixa,2019,adulto,4,1,PB,44,53,0,1,0,3,0,14
baixa,2019,adulto,4,1,PE,249,302,0,1,0,3,0,15
baixa,2019,adulto,4,1,PI,87,104,0,1,0,3,0,16
baixa,2019,adulto,4,1,PR,27,33,0,1,0,3,0,17
baixa,2019,adulto,4,1,RJ,50,62,0,1,0,3,0,18
baixa,2019,adulto,4,1,RN,45,54,0,1,0,3,0,19
baixa,2019,adulto,4,1,SE,60,67,0,1,0,3,0,24
baixa,2019,adulto,4,1,SP,75,105,0,1,0,3,0,25
baixa,2019,adulto,4,1,TO,20,23,0,1,0,3,0,26
baixa,2019,adulto,4,2,AL,21,29,0,1,0,3,1,1
baixa,2019,adulto,4,2,AM,22,27,0,1,0,3,1,2
baixa,2019,adulto,4,2,BA,50,74,0,1,0,3,1,4
baixa,2019,adulto,4,2,CE,58,84,0,1,0,3,1,5
baixa,2019,adulto,4,2,GO,12,22,0,1,0,3,1,8
baixa,2019,adulto,4,2,MA,57,75,0,1,0,3,1,9
baixa,2019,adulto,4,2,MG,42,61,0,1,0,3,1,10
baixa,2019,adulto,4,2,PA,40,53,0,1,0,3,1,13
baixa,2019,adulto,4,2,PE,56,81,0,1,0,3,1,15
baixa,2019,adulto,4,2,PI,24,35,0,1,0,3,1,16
baixa,2019,adulto,4,2,RJ,26,35,0,1,0,3,1,18
baixa,2019,adulto,4,2,SP,27,52,0,1,0,3,1,25
baixa,2019,idoso,1,1,AL,75,97,0,1,1,0,0,1
baixa,2019,idoso,1,1,AM,34,46,0,1,1,0,0,2
baixa,2019,idoso,1,1,BA,192,259,0,1,1,0,0,4
baixa,2019,idoso,1,1,CE,236,313,0,1,1,0,0,5
baixa,2019,idoso,1,1,DF,38,51,0,1,1,0,0,6
baixa,2019,idoso,1,1,ES,63,91,0,1,1,0,0,7
baixa,2019,idoso,1,1,GO,223,281,0,1,1,0,0,8
baixa,2019,idoso,1,1,MA,132,185,0,1,1,0,0,9
baixa,2019,idoso,1,1,MG,490,674,0,1,1,0,0,10
baixa,2019,idoso,1,1,MS,82,112,0,1,1,0,0,11
baixa,2019,idoso,1,1,MT,75,99,0,1,1,0,0,12
baixa,2019,idoso,1,1,PA,95,111,0,1,1,0,0,13
baixa,2019,idoso,1,1,PB,71,97,0,1,1,0,0,14
baixa,2019,idoso,1,1,PE,295,402,0,1,1,0,0,15
baixa,2019,idoso,1,1,PI,85,102,0,1,1,0,0,16
baixa,2019,idoso,1,1,PR,577,746,0,1,1,0,0,17
baixa,2019,idoso,1,1,RJ,293,398,0,1,1,0,0,18
baixa,2019,idoso,1,1,RN,138,178,0,1,1,0,0,19
baixa,2019,idoso,1,1,RO,45,59,0,1,1,0,0,20
baixa,2019,idoso,1,1,RS,440,591,0,1,1,0,0,22
baixa,2019,idoso,1,1,SC,219,292,0,1,1,0,0,23
baixa,2019,idoso,1,1,SE,49,67,0,1,1,0,0,24
baixa,2019,idoso,1,1,SP,971,1308,0,1,1,0,0,25
baixa,2019,idoso,1,1,TO,29,34,0,1,1,0,0,26
baixa,2019,idoso,1,2,AL,81,105,0,1,1,0,1,1
baixa,2019,idoso,1,2,AM,24,31,0,1,1,0,1,2
baixa,2019,idoso,1,2,BA,192,266,0,1,1,0,1,4
baixa,2019,idoso,1,2,CE,208,283,0,1,1,0,1,5
baixa,2019,idoso,1,2,DF,52,67,0,1,1,0,1,6
baixa,2019,idoso,1,2,ES,63,89,0,1,1,0,1,7
baixa,2019,idoso,1,2,GO,209,281,0,1,1,0,1,8
baixa,2019,idoso,1,2,MA,138,173,0,1,1,0,1,9
baixa,2019,idoso,1,2,MG,575,755,0,1,1,0,1,10
baixa,2019,idoso,1,2,MS,121,157,0,1,1,0,1,11
baixa,2019,idoso,1,2,MT,78,97,0,1,1,0,1,12
baixa,2019,idoso,1,2,PA,90,107,0,1,1,0,1,13
baixa,2019,idoso,1,2,PB,69,87,0,1,1,0,1,14
baixa,2019,idoso,1,2,PE,386,504,0,1,1,0,1,15
baixa,2019,idoso,1,2,PI,76,101,0,1,1,0,1,16
baixa,2019,idoso,1,2,PR,755,1005,0,1,1,0,1,17
baixa,2019,idoso,1,2,RJ,459,583,0,1,1,0,1,18
baixa,2019,idoso,1,2,RN,130,157,0,1,1,0,1,19
baixa,2019,idoso,1,2,RO,68,81,0,1,1,0,1,20
baixa,2019,idoso,1,2,RS,428,550,0,1,1,0,1,22
baixa,2019,idoso,1,2,SC,243,311,0,1,1,0,1,23
baixa,2019,idoso,1,2,SE,69,88,0,1,1,0,1,24
baixa,2019,idoso,1,2,SP,1368,1850,0,1,1,0,1,25
baixa,2019,idoso,1,2,TO,23,32,0,1,1,0,1,26
baixa,2019,idoso,2,1,BA,314,413,0,1,1,1,0,4
baixa,2019,idoso,2,1,GO,95,121,0,1,1,1,0,8
baixa,2019,idoso,2,1,MA,173,205,0,1,1,1,0,9
baixa,2019,idoso,2,1,MG,269,359,0,1,1,1,0,10
baixa,2019,idoso,2,1,MT,51,69,0,1,1,1,0,12
baixa,2019,idoso,2,1,PA,75,94,0,1,1,1,0,13
baixa,2019,idoso,2,1,PE,110,157,0,1,1,1,0,15
baixa,2019,idoso,2,1,PR,77,98,0,1,1,1,0,17
baixa,2019,idoso,2,1,RJ,183,234,0,1,1,1,0,18
baixa,2019,idoso,2,1,RS,61,79,0,1,1,1,0,22
baixa,2019,idoso,2,1,SC,15,23,0,1,1,1,0,23
baixa,2019,idoso,2,1,SE,52,66,0,1,1,1,0,24
baixa,2019,idoso,2,1,SP,202,262,0,1,1,1,0,25
baixa,2019,idoso,2,2,BA,287,382,0,1,1,1,1,4
baixa,2019,idoso,2,2,MA,120,140,0,1,1,1,1,9
baixa,2019,idoso,2,2,MG,257,343,0,1,1,1,1,10
baixa,2019,idoso,2,2,PA,50,56,0,1,1,1,1,13
baixa,2019,idoso,2,2,PE,115,151,0,1,1,1,1,15
baixa,2019,idoso,2,2,PR,88,106,0,1,1,1,1,17
baixa,2019,idoso,2,2,RJ,281,359,0,1,1,1,1,18
baixa,2019,idoso,2,2,RS,59,79,0,1,1,1,1,22
baixa,2019,idoso,2,2,SP,234,319,0,1,1,1,1,25
baixa,2019,idoso,4,1,AC,74,102,0,1,1,3,0,0
baixa,2019,idoso,4,1,AL,266,336,0,1,1,3,0,1
baixa,2019,idoso,4,1,AM,308,372,0,1,1,3,0,2
baixa,2019,idoso,4,1,AP,41,50,0,1,1,3,0,3
baixa,2019,idoso,4,1,BA,946,1243,0,1,1,3,0,4
baixa,2019,idoso,4,1,CE,1129,1552,0,1,1,3,0,5
baixa,2019,idoso,4,1,DF,75,92,0,1,1,3,0,6
baixa,2019,idoso,4,1,ES,108,134,0,1,1,3,0,7
baixa,2019,idoso,4,1,GO,367,491,0,1,1,3,0,8
baixa,2019,idoso,4,1,MA,842,1058,0,1,1,3,0,9
baixa,2019,idoso,4,1,MG,762,1063,0,1,1,3,0,10
baixa,2019,idoso,4,1,MS,157,197,0,1,1,3,0,11
baixa,2019,idoso,4,1,MT,220,287,0,1,1,3,0,12
baixa,2019,idoso,4,1,PA,536,676,0,1,1,3,0,13
baixa,2019,idoso,4,1,PB,275,364,0,1,1,3,0,14
baixa,2019,idoso,4,1,PE,926,1223,0,1,1,3,0,15
baixa,2019,idoso,4,1,PI,394,492,0,1,1,3,0,16
baixa,2019,idoso,4,1,PR,225,294,0,1,1,3,0,17
baixa,2019,idoso,4,1,RJ,343,441,0,1,1,3,0,18
baixa,2019,idoso,4,1,RN,290,397,0,1,1,3,0,19
baixa,2019,idoso,4,1,RO,83,115,0,1,1,3,0,20
baixa,2019,idoso,4,1,RR,46,58,0,1,1,3,0,21
baixa,2019,idoso,4,1,RS,74,86,0,1,1,3,0,22
baixa,2019,idoso,4,1,SC,29,35,0,1,1,3,0,23
baixa,2019,idoso,4,1,SE,226,282,0,1,1,3,0,24
baixa,2019,idoso,4,1,SP,547,757,0,1,1,3,0,25
baixa,2019,idoso,4,1,TO,141,176,0,1,1,3,0,26
baixa,2019,idoso,4,2,AL,253,317,0,1,1,3,1,1
baixa,2019,idoso,4,2,AM,191,235,0,1,1,3,1,2
baixa,2019,idoso,4,2,BA,838,1066,0,1,1,3,1,4
baixa,2019,idoso,4,2,CE,980,1260,0,1,1,3,1,5
baixa,2019,idoso,4,2,DF,59,83,0,1,1,3,1,6
baixa,2019,idoso,4,2,ES,130,159,0,1,1,3,1,7
baixa,2019,idoso,4,2,GO,346,437,0,1,1,3,1,8
baixa,2019,idoso,4,2,MA,680,845,0,1,1,3,1,9
baixa,2019,idoso,4,2,MG,775,1031,0,1,1,3,1,10
baixa,2019,idoso,4,2,MS,166,219,0,1,1,3,1,11
baixa,2019,idoso,4,2,MT,181,240,0,1,1,3,1,12
baixa,2019,idoso,4,2,PA,455,586,0,1,1,3,1,13
baixa,2019,idoso,4,2,PB,207,261,0,1,1,3,1,14
baixa,2019,idoso,4,2,PE,984,1276,0,1,1,3,1,15
baixa,2019,idoso,4,2,PI,387,476,0,1,1,3,1,16
baixa,2019,idoso,4,2,PR,293,384,0,1,1,3,1,17
baixa,2019,idoso,4,2,RJ,451,577,0,1,1,3,1,18
baixa,2019,idoso,4,2,RN,198,260,0,1,1,3,1,19
baixa,2019,idoso,4,2,RO,83,97,0,1,1,3,1,20
baixa,2019,idoso,4,2,RR,27,33,0,1,1,3,1,21
baixa,2019,idoso,4,2,RS,74,84,0,1,1,3,1,22
baixa,2019,idoso,4,2,SC,44,49,0,1,1,3,1,23
baixa,2019,idoso,4,2,SE,217,283,0,1,1,3,1,24
baixa,2019,idoso,4,2,SP,679,941,0,1,1,3,1,25
baixa,2019,idoso,4,2,TO,106,124,0,1,1,3,1,26
baixa,2019,jovem,1,1,MG,13,38,0,1,2,0,0,10
baixa,2019,jovem,1,1,PE,12,21,0,1,2,0,0,15
baixa,2019,jovem,1,1,PR,22,51,0,1,2,0,0,17
baixa,2019,jovem,1,1,RS,18,31,0,1,2,0,0,22
baixa,2019,jovem,1,1,SP,43,110,0,1,2,0,0,25
baixa,2019,jovem,1,2,MG,10,28,0,1,2,0,1,10
baixa,2019,jovem,1,2,PR,14,35,0,1,2,0,1,17
baixa,2019,jovem,1,2,SC,5,23,0,1,2,0,1,23
baixa,2019,jovem,1,2,SP,29,82,0,1,2,0,1,25
baixa,2019,jovem,4,1,AM,17,28,0,1,2,3,0,2
baixa,2019,jovem,4,1,BA,26,45,0,1,2,3,0,4
baixa,2019,jovem,4,1,CE,33,53,0,1,2,3,0,5
baixa,2019,jovem,4,1,MA,24,38,0,1,2,3,0,9
baixa,2019,jovem,4,1,MG,18,29,0,1,2,3,0,10
baixa,2019,jovem,4,1,PA,22,37,0,1,2,3,0,13
baixa,2019,jovem,4,1,PE,35,47,0,1,2,3,0,15
baixa,2019,jovem,4,1,SP,10,28,0,1,2,3,0,25
baixa,2019,jovem,4,2,CE,7,22,0,1,2,3,1,5
baixa,2019,jovem,4,2,MA,13,21,0,1,2,3,1,9
baixa,2019,jovem,4,2,MG,12,21,0,1,2,3,1,10
baixa,2019,jovem,4,2,SP,8,24,0,1,2,3,1,25
baixa,2019,meia-idade,1,1,AL,22,27,0,1,3,0,0,1
baixa,2019,meia-idade,1,1,BA,53,68,0,1,3,0,0,4
baixa,2019,meia-idade,1,1,CE,69,98,0,1,3,0,0,5
baixa,2019,meia-idade,1,1,ES,20,24,0,1,3,0,0,7
baixa,2019,meia-idade,1,1,GO,49,66,0,1,3,0,0,8
baixa,2019,meia-idade,1,1,MA,31,42,0,1,3,0,0,9
baixa,2019,meia-idade,1,1,MG,154,211,0,1,3,0,0,10
baixa,2019,meia-idade,1,1,MS,27,33,0,1,3,0,0,11
baixa,2019,meia-idade,1,1,MT,16,23,0,1,3,0,0,12
baixa,2019,meia-idade,1,1,PA,31,39,0,1,3,0,0,13
baixa,2019,meia-idade,1,1,PB,21,31,0,1,3,0,0,14
baixa,2019,meia-idade,1,1,PE,108,157,0,1,3,0,0,15
baixa,2019,meia-idade,1,1,PI,27,31,0,1,3,0,0,16
baixa,2019,meia-idade,1,1,PR,156,214,0,1,3,0,0,17
baixa,2019,meia-idade,1,1,RJ,92,115,0,1,3,0,0,18
baixa,2019,meia-idade,1,1,RN,41,49,0,1,3,0,0,19
baixa,2019,meia-idade,1,1,RS,99,136,0,1,3,0,0,22
baixa,2019,meia-idade,1,1,SC,59,87,0,1,3,0,0,23
baixa,2019,meia-idade,1,1,SE,15,21,0,1,3,0,0,24
baixa,2019,meia-idade,1,1,SP,285,414,0,1,3,0,0,25
baixa,2019,meia-idade,1,2,BA,41,66,0,1,3,0,1,4
baixa,2019,meia-idade,1,2,CE,46,65,0,1,3,0,1,5
baixa,2019,meia-idade,1,2,DF,15,20,0,1,3,0,1,6
baixa,2019,meia-idade,1,2,GO,35,54,0,1,3,0,1,8
baixa,2019,meia-idade,1,2,MA,42,55,0,1,3,0,1,9
baixa,2019,meia-idade,1,2,MG,122,173,0,1,3,0,1,10
baixa,2019,meia-idade,1,2,MS,17,24,0,1,3,0,1,11
baixa,2019,meia-idade,1,2,MT,18,23,0,1,3,0,1,12
baixa,2019,meia-idade,1,2,PA,23,32,0,1,3,0,1,13
baixa,2019,meia-idade,1,2,PB,20,29,0,1,3,0,1,14
baixa,2019,meia-idade,1,2,PE,82,109,0,1,3,0,1,15
baixa,2019,meia-idade,1,2,PI,18,23,0,1,3,0,1,16
baixa,2019,meia-idade,1,2,PR,133,205,0,1,3,0,1,17
baixa,2019,meia-idade,1,2,RJ,93,121,0,1,3,0,1,18
baixa,2019,meia-idade,1,2,RN,26,40,0,1,3,0,1,19
baixa,2019,meia-idade,1,2,RS,90,126,0,1,3,0,1,22
baixa,2019,meia-idade,1,2,SC,56,66,0,1,3,0,1,23
baixa,2019,meia-idade,1,2,SP,244,355,0,1,3,0,1,25
baixa,2019,meia-idade,2,1,BA,132,167,0,1,3,1,0,4
baixa,2019,meia-idade,2,1,GO,52,70,0,1,3,1,0,8
baixa,2019,meia-idade,2,1,MA,69,85,0,1,3,1,0,9
baixa,2019,meia-idade,2,1,MG,122,153,0,1,3,1,0,10
baixa,2019,meia-idade,2,1,MT,16,22,0,1,3,1,0,12
baixa,2019,meia-idade,2,1,PA,35,43,0,1,3,1,0,13
baixa,2019,meia-idade,2,1,PE,59,73,0,1,3,1,0,15
baixa,2019,meia-idade,2,1,PR,22,27,0,1,3,1,0,17
baixa,2019,meia-idade,2,1,RJ,76,98,0,1,3,1,0,18
baixa,2019,meia-idade,2,1,RS,28,40,0,1,3,1,0,22
baixa,2019,meia-idade,2,1,SE,25,31,0,1,3,1,0,24
baixa,2019,meia-idade,2,1,SP,62,82,0,1,3,1,0,25
baixa,2019,meia-idade,2,2,BA,83,111,0,1,3,1,1,4
baixa,2019,meia-idade,2,2,GO,28,36,0,1,3,1,1,8
baixa,2019,meia-idade,2,2,MA,37,46,0,1,3,1,1,9
baixa,2019,meia-idade,2,2,MG,57,82,0,1,3,1,1,10
baixa,2019,meia-idade,2,2,PA,20,30,0,1,3,1,1,13
baixa,2019,meia-idade,2,2,PE,46,57,0,1,3,1,1,15
baixa,2019,meia-idade,2,2,PR,27,33,0,1,3,1,1,17
baixa,2019,meia-idade,2,2,RJ,56,69,0,1,3,1,1,18
baixa,2019,meia-idade,2,2,SP,65,83,0,1,3,1,1,25
baixa,2019,meia-idade,4,1,AL,147,176,0,1,3,3,0,1
baixa,2019,meia-idade,4,1,AM,112,133,0,1,3,3,0,2
baixa,2019,meia-idade,4,1,BA,436,537,0,1,3,3,0,4
baixa,2019,meia-idade,4,1,CE,540,705,0,1,3,3,0,5
baixa,2019,meia-idade,4,1,DF,25,29,0,1,3,3,0,6
baixa,2019,meia-idade,4,1,ES,47,58,0,1,3,3,0,7
baixa,2019,meia-idade,4,1,GO,147,185,0,1,3,3,0,8
baixa,2019,meia-idade,4,1,MA,337,414,0,1,3,3,0,9
baixa,2019,meia-idade,4,1,MG,340,447,0,1,3,3,0,10
baixa,2019,meia-idade,4,1,MS,66,80,0,1,3,3,0,11
baixa,2019,meia-idade,4,1,MT,80,104,0,1,3,3,0,12
baixa,2019,meia-idade,4,1,PA,229,274,0,1,3,3,0,13
baixa,2019,meia-idade,4,1,PB,105,138,0,1,3,3,0,14
baixa,2019,meia-idade,4,1,PE,519,641,0,1,3,3,0,15
baixa,2019,meia-idade,4,1,PI,169,211,0,1,3,3,0,16
baixa,2019,meia-idade,4,1,PR,86,103,0,1,3,3,0,17
baixa,2019,meia-idade,4,1,RJ,127,173,0,1,3,3,0,18
baixa,2019,meia-idade,4,1,RN,142,180,0,1,3,3,0,19
baixa,2019,meia-idade,4,1,RO,38,43,0,1,3,3,0,20
baixa,2019,meia-idade,4,1,RR,21,25,0,1,3,3,0,21
baixa,2019,meia-idade,4,1,RS,18,24,0,1,3,3,0,22
baixa,2019,meia-idade,4,1,SE,106,127,0,1,3,3,0,24
baixa,2019,meia-idade,4,1,SP,198,269,0,1,3,3,0,25
baixa,2019,meia-idade,4,1,TO,57,69,0,1,3,3,0,26
baixa,2019,meia-idade,4,2,AL,87,115,0,1,3,3,1,1
baixa,2019,meia-idade,4,2,AM,69,85,0,1,3,3,1,2
baixa,2019,meia-idade,4,2,AP,22,25,0,1,3,3,1,3
baixa,2019,meia-idade,4,2,BA,221,315,0,1,3,3,1,4
baixa,2019,meia-idade,4,2,CE,247,338,0,1,3,3,1,5
baixa,2019,meia-idade,4,2,ES,24,29,0,1,3,3,1,7
baixa,2019,meia-idade,4,2,GO,88,113,0,1,3,3,1,8
baixa,2019,meia-idade,4,2,MA,194,242,0,1,3,3,1,9
baixa,2019,meia-idade,4,2,MG,191,261,0,1,3,3,1,10
baixa,2019,meia-idade,4,2,MS,49,57,0,1,3,3,1,11
baixa,2019,meia-idade,4,2,MT,53,68,0,1,3,3,1,12
baixa,2019,meia-idade,4,2,PA,112,143,0,1,3,3,1,13
baixa,2019,meia-idade,4,2,PB,55,74,0,1,3,3,1,14
baixa,2019,meia-idade,4,2,PE,271,354,0,1,3,3,1,15
baixa,2019,meia-idade,4,2,PI,86,114,0,1,3,3,1,16
baixa,2019,meia-idade,4,2,PR,79,102,0,1,3,3,1,17
baixa,2019,meia-idade,4,2,RJ,95,134,0,1,3,3,1,18
baixa,2019,meia-idade,4,2,RN,69,88,0,1,3,3,1,19
baixa,2019,meia-idade,4,2,RO,30,40,0,1,3,3,1,20
baixa,2019,meia-idade,4,2,SC,18,21,0,1,3,3,1,23
baixa,2019,meia-idade,4,2,SE,68,77,0,1,3,3,1,24
baixa,2019,meia-idade,4,2,SP,185,246,0,1,3,3,1,25
baixa,2019,meia-idade,4,2,TO,35,43,0,1,3,3,1,26
baixa,2020,adulto,1,1,BA,14,32,0,2,0,0,0,4
baixa,2020,adulto,1,1,CE,18,34,0,2,0,0,0,5
baixa,2020,adulto,1,1,GO,15,23,0,2,0,0,0,8
baixa,2020,adulto,1,1,MA,22,29,0,2,0,0,0,9
baixa,2020,adulto,1,1,MG,49,93,0,2,0,0,0,10
baixa,2020,adulto,1,1,PE,36,64,0,2,0,0,0,15
baixa,2020,adulto,1,1,PR,45,74,0,2,0,0,0,17
baixa,2020,adulto,1,1,RJ,31,59,0,2,0,0,0,18
baixa,2020,adulto,1,1,RS,32,54,0,2,0,0,0,22
baixa,2020,adulto,1,1,SC,24,35,0,2,0,0,0,23
baixa,2020,adulto,1,1,SP,92,175,0,2,0,0,0,25
baixa,2020,adulto,1,2,CE,12,24,0,2,0,0,1,5
baixa,2020,adulto,1,2,MG,24,42,0,2,0,0,1,10
baixa,2020,adulto,1,2,PE,13,34,0,2,0,0,1,15
baixa,2020,adulto,1,2,PR,22,49,0,2,0,0,1,17
baixa,2020,adulto,1,2,RJ,16,38,0,2,0,0,1,18
baixa,2020,adulto,1,2,RS,15,39,0,2,0,0,1,22
baixa,2020,adulto,1,2,SC,11,22,0,2,0,0,1,23
baixa,2020,adulto,1,2,SP,53,129,0,2,0,0,1,25
baixa,2020,adulto,2,1,BA,64,75,0,2,0,1,0,4
baixa,2020,adulto,2,1,CE,14,24,0,2,0,1,0,5
baixa,2020,adulto,2,1,MA,26,37,0,2,0,1,0,9
baixa,2020,adulto,2,1,MG,33,44,0,2,0,1,0,10
baixa,2020,adulto,2,1,PE,19,24,0,2,0,1,0,15
baixa,2020,adulto,2,1,RJ,25,38,0,2,0,1,0,18
baixa,2020,adulto,2,1,SP,25,40,0,2,0,1,0,25
baixa,2020,adulto,2,2,BA,17,25,0,2,0,1,1,4
baixa,2020,adulto,2,2,MG,18,26,0,2,0,1,1,10
baixa,2020,adulto,4,1,AC,17,22,0,2,0,3,0,0
baixa,2020,adulto,4,1,AL,85,96,0,2,0,3,0,1
baixa,2020,adulto,4,1,AM,65,90,0,2,0,3,0,2
baixa,2020,adulto,4,1,BA,200,250,0,2,0,3,0,4
baixa,2020,adulto,4,1,CE,192,268,0,2,0,3,0,5
baixa,2020,adulto,4,1,ES,16,23,0,2,0,3,0,7
baixa,2020,adulto,4,1,GO,54,59,0,2,0,3,0,8
baixa,2020,adulto,4,1,MA,174,220,0,2,0,3,0,9
baixa,2020,adulto,4,1,MG,98,136,0,2,0,3,0,10
baixa,2020,adulto,4,1,MS,16,22,0,2,0,3,0,11
baixa,2020,adulto,4,1,MT,21,30,0,2,0,3,0,12
baixa,2020,adulto,4,1,PA,108,146,0,2,0,3,0,13
baixa,2020,adulto,4,1,PB,35,50,0,2,0,3,0,14
baixa,2020,adulto,4,1,PE,261,333,0,2,0,3,0,15
baixa,2020,adulto,4,1,PI,70,86,0,2,0,3,0,16
baixa,2020,adulto,4,1,PR,24,37,0,2,0,3,0,17
baixa,2020,adulto,4,1,RJ,36,61,0,2,0,3,0,18
baixa,2020,adulto,4,1,RN,44,58,0,2,0,3,0,19
baixa,2020,adulto,4,1,RO,21,26,0,2,0,3,0,20
baixa,2020,adulto,4,1,SE,47,67,0,2,0,3,0,24
baixa,2020,adulto,4,1,SP,83,129,0,2,0,3,0,25
baixa,2020,adulto,4,1,TO,16,20,0,2,0,3,0,26
baixa,2020,adulto,4,2,AM,14,26,0,2,0,3,1,2
baixa,2020,adulto,4,2,BA,62,93,0,2,0,3,1,4
baixa,2020,adulto,4,2,CE,50,86,0,2,0,3,1,5
baixa,2020,adulto,4,2,GO,12,20,0,2,0,3,1,8
baixa,2020,adulto,4,2,MA,51,77,0,2,0,3,1,9
baixa,2020,adulto,4,2,MG,42,64,0,2,0,3,1,10
baixa,2020,adulto,4,2,PA,38,55,0,2,0,3,1,13
baixa,2020,adulto,4,2,PE,69,100,0,2,0,3,1,15
baixa,2020,adulto,4,2,PI,23,27,0,2,0,3,1,16
baixa,2020,adulto,4,2,RJ,29,40,0,2,0,3,1,18
baixa,2020,adulto,4,2,SE,15,25,0,2,0,3,1,24
baixa,2020,adulto,4,2,SP,36,56,0,2,0,3,1,25
baixa,2020,idoso,1,1,AL,69,98,0,2,1,0,0,1
baixa,2020,idoso,1,1,AM,32,57,0,2,1,0,0,2
baixa,2020,idoso,1,1,BA,200,286,0,2,1,0,0,4
baixa,2020,idoso,1,1,CE,201,331,0,2,1,0,0,5
baixa,2020,idoso,1,1,DF,42,56,0,2,1,0,0,6
baixa,2020,idoso,1,1,ES,54,79,0,2,1,0,0,7
baixa,2020,idoso,1,1,GO,211,314,0,2,1,0,0,8
baixa,2020,idoso,1,1,MA,117,190,0,2,1,0,0,9
baixa,2020,idoso,1,1,MG,473,694,0,2,1,0,0,10
baixa,2020,idoso,1,1,MS,76,115,0,2,1,0,0,11
baixa,2020,idoso,1,1,MT,66,117,0,2,1,0,0,12
baixa,2020,idoso,1,1,PA,91,138,0,2,1,0,0,13
baixa,2020,idoso,1,1,PB,68,95,0,2,1,0,0,14
baixa,2020,idoso,1,1,PE,261,420,0,2,1,0,0,15
baixa,2020,idoso,1,1,PI,84,110,0,2,1,0,0,16
baixa,2020,idoso,1,1,PR,543,776,0,2,1,0,0,17
baixa,2020,idoso,1,1,RJ,322,479,0,2,1,0,0,18
baixa,2020,idoso,1,1,RN,111,184,0,2,1,0,0,19
baixa,2020,idoso,1,1,RO,59,83,0,2,1,0,0,20
baixa,2020,idoso,1,1,RS,377,534,0,2,1,0,0,22
baixa,2020,idoso,1,1,SC,202,298,0,2,1,0,0,23
baixa,2020,idoso,1,1,SE,48,74,0,2,1,0,0,24
baixa,2020,idoso,1,1,SP,836,1338,0,2,1,0,0,25
baixa,2020,idoso,1,1,TO,23,36,0,2,1,0,0,26
baixa,2020,idoso,1,2,AL,78,100,0,2,1,0,1,1
baixa,2020,idoso,1,2,AM,29,48,0,2,1,0,1,2
baixa,2020,idoso,1,2,BA,213,303,0,2,1,0,1,4
baixa,2020,idoso,1,2,CE,191,342,0,2,1,0,1,5
baixa,2020,idoso,1,2,DF,29,59,0,2,1,0,1,6
baixa,2020,idoso,1,2,ES,67,101,0,2,1,0,1,7
baixa,2020,idoso,1,2,GO,222,331,0,2,1,0,1,8
baixa,2020,idoso,1,2,MA,127,183,0,2,1,0,1,9
baixa,2020,idoso,1,2,MG,490,740,0,2,1,0,1,10
baixa,2020,idoso,1,2,MS,67,110,0,2,1,0,1,11
baixa,2020,idoso,1,2,MT,72,117,0,2,1,0,1,12
baixa,2020,idoso,1,2,PA,86,131,0,2,1,0,1,13
baixa,2020,idoso,1,2,PB,70,105,0,2,1,0,1,14
baixa,2020,idoso,1,2,PE,316,509,0,2,1,0,1,15
baixa,2020,idoso,1,2,PI,75,102,0,2,1,0,1,16
baixa,2020,idoso,1,2,PR,661,1032,0,2,1,0,1,17
baixa,2020,idoso,1,2,RJ,363,591,0,2,1,0,1,18
baixa,2020,idoso,1,2,RN,125,185,0,2,1,0,1,19
baixa,2020,idoso,1,2,RO,36,65,0,2,1,0,1,20
baixa,2020,idoso,1,2,RS,352,516,0,2,1,0,1,22
baixa,2020,idoso,1,2,SC,204,310,0,2,1,0,1,23
baixa,2020,idoso,1,2,SE,55,96,0,2,1,0,1,24
baixa,2020,idoso,1,2,SP,1140,1863,0,2,1,0,1,25
baixa,2020,idoso,1,2,TO,25,38,0,2,1,0,1,26
baixa,2020,idoso,2,1,AM,8,22,0,2,1,1,0,2
baixa,2020,idoso,2,1,BA,325,494,0,2,1,1,0,4
baixa,2020,idoso,2,1,CE,72,126,0,2,1,1,0,5
baixa,2020,idoso,2,1,ES,38,51,0,2,1,1,0,7
baixa,2020,idoso,2,1,GO,110,161,0,2,1,1,0,8
baixa,2020,idoso,2,1,MA,154,238,0,2,1,1,0,9
baixa,2020,idoso,2,1,MG,245,360,0,2,1,1,0,10
baixa,2020,idoso,2,1,MS,22,36,0,2,1,1,0,11
baixa,2020,idoso,2,1,MT,52,82,0,2,1,1,0,12
baixa,2020,idoso,2,1,PA,87,154,0,2,1,1,0,13
baixa,2020,idoso,2,1,PE,118,179,0,2,1,1,0,15
baixa,2020,idoso,2,1,PI,94,135,0,2,1,1,0,16
baixa,2020,idoso,2,1,PR,82,101,0,2,1,1,0,17
baixa,2020,idoso,2,1,RJ,162,257,0,2,1,1,0,18
baixa,2020,idoso,2,1,RS,50,68,0,2,1,1,0,22
baixa,2020,idoso,2,1,SE,41,67,0,2,1,1,0,24
baixa,2020,idoso,2,1,SP,168,279,0,2,1,1,0,25
baixa,2020,idoso,2,2,BA,291,409,0,2,1,1,1,4
baixa,2020,idoso,2,2,CE,43,79,0,2,1,1,1,5
baixa,2020,idoso,2,2,DF,20,31,0,2,1,1,1,6
baixa,2020,idoso,2,2,GO,90,133,0,2,1,1,1,8
baixa,2020,idoso,2,2,MA,149,189,0,2,1,1,1,9
baixa,2020,idoso,2,2,MG,273,390,0,2,1,1,1,10
baixa,2020,idoso,2,2,MT,42,61,0,2,1,1,1,12
baixa,2020,idoso,2,2,PA,54,82,0,2,1,1,1,13
baixa,2020,idoso,2,2,PE,110,180,0,2,1,1,1,15
baixa,2020,idoso,2,2,PR,68,107,0,2,1,1,1,17
baixa,2020,idoso,2,2,RJ,254,381,0,2,1,1,1,18
baixa,2020,idoso,2,2,RS,47,65,0,2,1,1,1,22
baixa,2020,idoso,2,2,SC,22,30,0,2,1,1,1,23
baixa,2020,idoso,2,2,SE,43,55,0,2,1,1,1,24
baixa,2020,idoso,2,2,SP,234,393,0,2,1,1,1,25
baixa,2020,idoso,4,1,AC,69,107,0,2,1,3,0,0
baixa,2020,idoso,4,1,AL,279,396,0,2,1,3,0,1
baixa,2020,idoso,4,1,AM,269,465,0,2,1,3,0,2
baixa,2020,idoso,4,1,AP,49,77,0,2,1,3,0,3
baixa,2020,idoso,4,1,BA,905,1364,0,2,1,3,0,4
baixa,2020,idoso,4,1,CE,1078,1785,0,2,1,3,0,5
baixa,2020,idoso,4,1,DF,67,107,0,2,1,3,0,6
baixa,2020,idoso,4,1,ES,108,148,0,2,1,3,0,7
baixa,2020,idoso,4,1,GO,374,544,0,2,1,3,0,8
baixa,2020,idoso,4,1,MA,869,1276,0,2,1,3,0,9
baixa,2020,idoso,4,1,MG,765,1117,0,2,1,3,0,10
baixa,2020,idoso,4,1,MS,141,196,0,2,1,3,0,11
baixa,2020,idoso,4,1,MT,203,329,0,2,1,3,0,12
baixa,2020,idoso,4,1,PA,602,937,0,2,1,3,0,13
baixa,2020,idoso,4,1,PB,252,368,0,2,1,3,0,14
baixa,2020,idoso,4,1,PE,896,1402,0,2,1,3,0,15
baixa,2020,idoso,4,1,PI,429,566,0,2,1,3,0,16
baixa,2020,idoso,4,1,PR,233,346,0,2,1,3,0,17
baixa,2020,idoso,4,1,RJ,316,473,0,2,1,3,0,18
baixa,2020,idoso,4,1,RN,314,431,0,2,1,3,0,19
baixa,2020,idoso,4,1,RO,120,166,0,2,1,3,0,20
baixa,2020,idoso,4,1,RR,30,49,0,2,1,3,0,21
baixa,2020,idoso,4,1,RS,61,90,0,2,1,3,0,22
baixa,2020,idoso,4,1,SC,25,32,0,2,1,3,0,23
baixa,2020,idoso,4,1,SE,199,321,0,2,1,3,0,24
baixa,2020,idoso,4,1,SP,577,924,0,2,1,3,0,25
baixa,2020,idoso,4,1,TO,167,237,0,2,1,3,0,26
baixa,2020,idoso,4,2,AC,46,74,0,2,1,3,1,0
baixa,2020,idoso,4,2,AL,247,327,0,2,1,3,1,1
baixa,2020,idoso,4,2,AM,187,331,0,2,1,3,1,2
baixa,2020,idoso,4,2,AP,24,43,0,2,1,3,1,3
baixa,2020,idoso,4,2,BA,919,1283,0,2,1,3,1,4
baixa,2020,idoso,4,2,CE,801,1296,0,2,1,3,1,5
baixa,2020,idoso,4,2,DF,84,129,0,2,1,3,1,6
baixa,2020,idoso,4,2,ES,100,159,0,2,1,3,1,7
baixa,2020,idoso,4,2,GO,318,452,0,2,1,3,1,8
baixa,2020,idoso,4,2,MA,682,963,0,2,1,3,1,9
baixa,2020,idoso,4,2,MG,723,1042,0,2,1,3,1,10
baixa,2020,idoso,4,2,MS,132,187,0,2,1,3,1,11
baixa,2020,idoso,4,2,MT,161,247,0,2,1,3,1,12
baixa,2020,idoso,4,2,PA,447,645,0,2,1,3,1,13
baixa,2020,idoso,4,2,PB,212,300,0,2,1,3,1,14
baixa,2020,idoso,4,2,PE,888,1349,0,2,1,3,1,15
baixa,2020,idoso,4,2,PI,315,426,0,2,1,3,1,16
baixa,2020,idoso,4,2,PR,285,422,0,2,1,3,1,17
baixa,2020,idoso,4,2,RJ,442,707,0,2,1,3,1,18
baixa,2020,idoso,4,2,RN,164,251,0,2,1,3,1,19
baixa,2020,idoso,4,2,RO,72,117,0,2,1,3,1,20
baixa,2020,idoso,4,2,RR,20,38,0,2,1,3,1,21
baixa,2020,idoso,4,2,RS,56,75,0,2,1,3,1,22
baixa,2020,idoso,4,2,SC,29,41,0,2,1,3,1,23
baixa,2020,idoso,4,2,SE,162,266,0,2,1,3,1,24
baixa,2020,idoso,4,2,SP,752,1222,0,2,1,3,1,25
baixa,2020,idoso,4,2,TO,113,162,0,2,1,3,1,26
baixa,2020,jovem,1,1,MG,11,25,0,2,2,0,0,10
baixa,2020,jovem,1,1,PE,8,20,0,2,2,0,0,15
baixa,2020,jovem,1,1,PR,22,54,0,2,2,0,0,17
baixa,2020,jovem,1,1,SP,34,84,0,2,2,0,0,25
baixa,2020,jovem,1,2,PR,14,37,0,2,2,0,1,17
baixa,2020,jovem,1,2,RS,6,20,0,2,2,0,1,22
baixa,2020,jovem,1,2,SP,15,54,0,2,2,0,1,25
baixa,2020,jovem,4,1,AM,14,22,0,2,2,3,0,2
baixa,2020,jovem,4,1,BA,38,52,0,2,2,3,0,4
baixa,2020,jovem,4,1,CE,24,39,0,2,2,3,0,5
baixa,2020,jovem,4,1,MA,19,34,0,2,2,3,0,9
baixa,2020,jovem,4,1,MG,10,22,0,2,2,3,0,10
baixa,2020,jovem,4,1,PA,19,32,0,2,2,3,0,13
baixa,2020,jovem,4,1,PE,25,41,0,2,2,3,0,15
baixa,2020,jovem,4,1,SP,14,28,0,2,2,3,0,25
baixa,2020,jovem,4,2,BA,8,26,0,2,2,3,1,4
baixa,2020,jovem,4,2,SP,12,24,0,2,2,3,1,25
baixa,2020,meia-idade,1,1,AL,27,33,0,2,3,0,0,1
baixa,2020,meia-idade,1,1,BA,58,85,0,2,3,0,0,4
baixa,2020,meia-idade,1,1,CE,59,90,0,2,3,0,0,5
baixa,2020,meia-idade,1,1,ES,18,22,0,2,3,0,0,7
baixa,2020,meia-idade,1,1,GO,50,72,0,2,3,0,0,8
baixa,2020,meia-idade,1,1,MA,43,52,0,2,3,0,0,9
baixa,2020,meia-idade,1,1,MG,145,209,0,2,3,0,0,10
baixa,2020,meia-idade,1,1,MS,22,31,0,2,3,0,0,11
baixa,2020,meia-idade,1,1,MT,9,23,0,2,3,0,0,12
baixa,2020,meia-idade,1,1,PA,19,32,0,2,3,0,0,13
baixa,2020,meia-idade,1,1,PB,20,32,0,2,3,0,0,14
baixa,2020,meia-idade,1,1,PE,96,144,0,2,3,0,0,15
baixa,2020,meia-idade,1,1,PI,19,25,0,2,3,0,0,16
baixa,2020,meia-idade,1,1,PR,153,214,0,2,3,0,0,17
baixa,2020,meia-idade,1,1,RJ,96,151,0,2,3,0,0,18
baixa,2020,meia-idade,1,1,RN,36,45,0,2,3,0,0,19
baixa,2020,meia-idade,1,1,RS,117,170,0,2,3,0,0,22
baixa,2020,meia-idade,1,1,SC,64,100,0,2,3,0,0,23
baixa,2020,meia-idade,1,1,SE,17,25,0,2,3,0,0,24
baixa,2020,meia-idade,1,1,SP,266,403,0,2,3,0,0,25
baixa,2020,meia-idade,1,2,BA,37,66,0,2,3,0,1,4
baixa,2020,meia-idade,1,2,CE,39,76,0,2,3,0,1,5
baixa,2020,meia-idade,1,2,ES,17,23,0,2,3,0,1,7
baixa,2020,meia-idade,1,2,GO,34,56,0,2,3,0,1,8
baixa,2020,meia-idade,1,2,MA,19,35,0,2,3,0,1,9
baixa,2020,meia-idade,1,2,MG,90,153,0,2,3,0,1,10
baixa,2020,meia-idade,1,2,MS,14,24,0,2,3,0,1,11
baixa,2020,meia-idade,1,2,MT,12,23,0,2,3,0,1,12
baixa,2020,meia-idade,1,2,PA,28,41,0,2,3,0,1,13
baixa,2020,meia-idade,1,2,PE,72,125,0,2,3,0,1,15
baixa,2020,meia-idade,1,2,PR,129,193,0,2,3,0,1,17
baixa,2020,meia-idade,1,2,RJ,63,121,0,2,3,0,1,18
baixa,2020,meia-idade,1,2,RN,17,34,0,2,3,0,1,19
baixa,2020,meia-idade,1,2,RS,82,114,0,2,3,0,1,22
baixa,2020,meia-idade,1,2,SC,47,70,0,2,3,0,1,23
baixa,2020,meia-idade,1,2,SE,17,29,0,2,3,0,1,24
baixa,2020,meia-idade,1,2,SP,194,360,0,2,3,0,1,25
baixa,2020,meia-idade,2,1,BA,142,195,0,2,3,1,0,4
baixa,2020,meia-idade,2,1,CE,41,61,0,2,3,1,0,5
baixa,2020,meia-idade,2,1,GO,54,65,0,2,3,1,0,8
baixa,2020,meia-idade,2,1,MA,71,94,0,2,3,1,0,9
baixa,2020,meia-idade,2,1,MG,94,141,0,2,3,1,0,10
baixa,2020,meia-idade,2,1,PA,31,40,0,2,3,1,0,13
baixa,2020,meia-idade,2,1,PE,62,82,0,2,3,1,0,15
baixa,2020,meia-idade,2,1,PR,23,32,0,2,3,1,0,17
baixa,2020,meia-idade,2,1,RJ,65,87,0,2,3,1,0,18
baixa,2020,meia-idade,2,1,RS,21,29,0,2,3,1,0,22
baixa,2020,meia-idade,2,1,SE,24,29,0,2,3,1,0,24
baixa,2020,meia-idade,2,1,SP,86,119,0,2,3,1,0,25
baixa,2020,meia-idade,2,2,BA,86,115,0,2,3,1,1,4
baixa,2020,meia-idade,2,2,GO,17,25,0,2,3,1,1,8
baixa,2020,meia-idade,2,2,MA,44,65,0,2,3,1,1,9
baixa,2020,meia-idade,2,2,MG,72,95,0,2,3,1,1,10
baixa,2020,meia-idade,2,2,MT,17,21,0,2,3,1,1,12
baixa,2020,meia-idade,2,2,PA,25,38,0,2,3,1,1,13
baixa,2020,meia-idade,2,2,PE,39,55,0,2,3,1,1,15
baixa,2020,meia-idade,2,2,PR,19,34,0,2,3,1,1,17
baixa,2020,meia-idade,2,2,RJ,60,86,0,2,3,1,1,18
baixa,2020,meia-idade,2,2,RS,19,20,0,2,3,1,1,22
baixa,2020,meia-idade,2,2,SP,58,92,0,2,3,1,1,25
baixa,2020,meia-idade,4,1,AC,25,37,0,2,3,3,0,0
baixa,2020,meia-idade,4,1,AL,178,214,0,2,3,3,0,1
baixa,2020,meia-idade,4,1,AM,117,161,0,2,3,3,0,2
baixa,2020,meia-idade,4,1,AP,27,39,0,2,3,3,0,3
baixa,2020,meia-idade,4,1,BA,418,572,0,2,3,3,0,4
baixa,2020,meia-idade,4,1,CE,550,763,0,2,3,3,0,5
baixa,2020,meia-idade,4,1,DF,29,39,0,2,3,3,0,6
baixa,2020,meia-idade,4,1,ES,41,51,0,2,3,3,0,7
baixa,2020,meia-idade,4,1,GO,160,214,0,2,3,3,0,8
baixa,2020,meia-idade,4,1,MA,337,454,0,2,3,3,0,9
baixa,2020,meia-idade,4,1,MG,322,441,0,2,3,3,0,10
baixa,2020,meia-idade,4,1,MS,42,57,0,2,3,3,0,11
baixa,2020,meia-idade,4,1,MT,74,114,0,2,3,3,0,12
baixa,2020,meia-idade,4,1,PA,246,335,0,2,3,3,0,13
baixa,2020,meia-idade,4,1,PB,136,175,0,2,3,3,0,14
baixa,2020,meia-idade,4,1,PE,512,712,0,2,3,3,0,15
baixa,2020,meia-idade,4,1,PI,195,247,0,2,3,3,0,16
baixa,2020,meia-idade,4,1,PR,106,138,0,2,3,3,0,17
baixa,2020,meia-idade,4,1,RJ,117,176,0,2,3,3,0,18
baixa,2020,meia-idade,4,1,RN,122,158,0,2,3,3,0,19
baixa,2020,meia-idade,4,1,RO,36,48,0,2,3,3,0,20
baixa,2020,meia-idade,4,1,RS,16,22,0,2,3,3,0,22
baixa,2020,meia-idade,4,1,SC,18,22,0,2,3,3,0,23
baixa,2020,meia-idade,4,1,SE,102,142,0,2,3,3,0,24
baixa,2020,meia-idade,4,1,SP,244,347,0,2,3,3,0,25
baixa,2020,meia-idade,4,1,TO,60,82,0,2,3,3,0,26
baixa,2020,meia-idade,4,2,AC,16,21,0,2,3,3,1,0
baixa,2020,meia-idade,4,2,AL,84,124,0,2,3,3,1,1
baixa,2020,meia-idade,4,2,AM,61,97,0,2,3,3,1,2
baixa,2020,meia-idade,4,2,BA,236,345,0,2,3,3,1,4
baixa,2020,meia-idade,4,2,CE,226,384,0,2,3,3,1,5
baixa,2020,meia-idade,4,2,DF,13,26,0,2,3,3,1,6
baixa,2020,meia-idade,4,2,ES,38,52,0,2,3,3,1,7
baixa,2020,meia-idade,4,2,GO,72,114,0,2,3,3,1,8
baixa,2020,meia-idade,4,2,MA,221,311,0,2,3,3,1,9
baixa,2020,meia-idade,4,2,MG,154,239,0,2,3,3,1,10
baixa,2020,meia-idade,4,2,MS,44,64,0,2,3,3,1,11
baixa,2020,meia-idade,4,2,MT,49,70,0,2,3,3,1,12
baixa,2020,meia-idade,4,2,PA,123,194,0,2,3,3,1,13
baixa,2020,meia-idade,4,2,PB,62,84,0,2,3,3,1,14
baixa,2020,meia-idade,4,2,PE,302,454,0,2,3,3,1,15
baixa,2020,meia-idade,4,2,PI,85,107,0,2,3,3,1,16
baixa,2020,meia-idade,4,2,PR,76,99,0,2,3,3,1,17
baixa,2020,meia-idade,4,2,RJ,126,189,0,2,3,3,1,18
baixa,2020,meia-idade,4,2,RN,52,71,0,2,3,3,1,19
baixa,2020,meia-idade,4,2,RO,27,32,0,2,3,3,1,20
baixa,2020,meia-idade,4,2,SE,61,89,0,2,3,3,1,24
baixa,2020,meia-idade,4,2,SP,142,234,0,2,3,3,1,25
baixa,2020,meia-idade,4,2,TO,25,35,0,2,3,3,1,26
baixa,2021,adulto,1,1,BA,28,48,0,3,0,0,0,4
baixa,2021,adulto,1,1,CE,19,48,0,3,0,0,0,5
baixa,2021,adulto,1,1,GO,14,35,0,3,0,0,0,8
baixa,2021,adulto,1,1,MA,12,20,0,3,0,0,0,9
baixa,2021,adulto,1,1,MG,53,107,0,3,0,0,0,10
baixa,2021,adulto,1,1,MS,18,27,0,3,0,0,0,11
baixa,2021,adulto,1,1,PA,9,20,0,3,0,0,0,13
baixa,2021,adulto,1,1,PB,12,21,0,3,0,0,0,14
baixa,2021,adulto,1,1,PE,40,67,0,3,0,0,0,15
baixa,2021,adulto,1,1,PI,14,21,0,3,0,0,0,16
baixa,2021,adulto,1,1,PR,41,110,0,3,0,0,0,17
baixa,2021,adulto,1,1,RJ,27,61,0,3,0,0,0,18
baixa,2021,adulto,1,1,RN,12,24,0,3,0,0,0,19
baixa,2021,adulto,1,1,RS,28,70,0,3,0,0,0,22
baixa,2021,adulto,1,1,SC,25,45,0,3,0,0,0,23
baixa,2021,adulto,1,1,SP,113,239,0,3,0,0,0,25
baixa,2021,adulto,1,2,BA,16,34,0,3,0,0,1,4
baixa,2021,adulto,1,2,CE,20,40,0,3,0,0,1,5
baixa,2021,adulto,1,2,MG,23,51,0,3,0,0,1,10
baixa,2021,adulto,1,2,PE,25,49,0,3,0,0,1,15
baixa,2021,adulto,1,2,PR,26,80,0,3,0,0,1,17
baixa,2021,adulto,1,2,RJ,12,32,0,3,0,0,1,18
baixa,2021,adulto,1,2,RS,32,66,0,3,0,0,1,22
baixa,2021,adulto,1,2,SC,12,28,0,3,0,0,1,23
baixa,2021,adulto,1,2,SP,64,219,0,3,0,0,1,25
baixa,2021,adulto,2,1,BA,45,62,0,3,0,1,0,4
baixa,2021,adulto,2,1,GO,18,22,0,3,0,1,0,8
baixa,2021,adulto,2,1,MA,35,40,0,3,0,1,0,9
baixa,2021,adulto,2,1,MG,34,51,0,3,0,1,0,10
baixa,2021,adulto,2,1,PA,13,20,0,3,0,1,0,13
baixa,2021,adulto,2,1,PE,17,31,0,3,0,1,0,15
baixa,2021,adulto,2,1,RJ,26,44,0,3,0,1,0,18
baixa,2021,adulto,2,1,SP,32,46,0,3,0,1,0,25
baixa,2021,adulto,2,2,BA,20,29,0,3,0,1,1,4
baixa,2021,adulto,2,2,MG,8,21,0,3,0,1,1,10
baixa,2021,adulto,2,2,SP,14,28,0,3,0,1,1,25
baixa,2021,adulto,4,1,AL,66,85,0,3,0,3,0,1
baixa,2021,adulto,4,1,AM,65,89,0,3,0,3,0,2
baixa,2021,adulto,4,1,BA,177,246,0,3,0,3,0,4
baixa,2021,adulto,4,1,CE,200,279,0,3,0,3,0,5
baixa,2021,adulto,4,1,ES,20,25,0,3,0,3,0,7
baixa,2021,adulto,4,1,GO,47,70,0,3,0,3,0,8
baixa,2021,adulto,4,1,MA,157,215,0,3,0,3,0,9
baixa,2021,adulto,4,1,MG,90,138,0,3,0,3,0,10
baixa,2021,adulto,4,1,MS,35,45,0,3,0,3,0,11
baixa,2021,adulto,4,1,MT,21,36,0,3,0,3,0,12
baixa,2021,adulto,4,1,PA,89,140,0,3,0,3,0,13
baixa,2021,adulto,4,1,PB,32,44,0,3,0,3,0,14
baixa,2021,adulto,4,1,PE,211,275,0,3,0,3,0,15
baixa,2021,adulto,4,1,PI,84,106,0,3,0,3,0,16
baixa,2021,adulto,4,1,PR,31,59,0,3,0,3,0,17
baixa,2021,adulto,4,1,RJ,43,62,0,3,0,3,0,18
baixa,2021,adulto,4,1,RN,48,60,0,3,0,3,0,19
baixa,2021,adulto,4,1,SE,42,60,0,3,0,3,0,24
baixa,2021,adulto,4,1,SP,74,134,0,3,0,3,0,25
baixa,2021,adulto,4,1,TO,22,32,0,3,0,3,0,26
baixa,2021,adulto,4,2,AL,21,30,0,3,0,3,1,1
baixa,2021,adulto,4,2,AM,12,28,0,3,0,3,1,2
baixa,2021,adulto,4,2,BA,55,98,0,3,0,3,1,4
baixa,2021,adulto,4,2,CE,51,93,0,3,0,3,1,5
baixa,2021,adulto,4,2,GO,13,31,0,3,0,3,1,8
baixa,2021,adulto,4,2,MA,51,77,0,3,0,3,1,9
baixa,2021,adulto,4,2,MG,37,73,0,3,0,3,1,10
baixa,2021,adulto,4,2,MT,8,21,0,3,0,3,1,12
baixa,2021,adulto,4,2,PA,28,58,0,3,0,3,1,13
baixa,2021,adulto,4,2,PE,64,92,0,3,0,3,1,15
baixa,2021,adulto,4,2,PI,21,34,0,3,0,3,1,16
baixa,2021,adulto,4,2,PR,15,31,0,3,0,3,1,17
baixa,2021,adulto,4,2,RJ,31,50,0,3,0,3,1,18
baixa,2021,adulto,4,2,SP,30,67,0,3,0,3,1,25
baixa,2021,idoso,1,1,AL,69,96,0,3,1,0,0,1
baixa,2021,idoso,1,1,AM,26,51,0,3,1,0,0,2
baixa,2021,idoso,1,1,BA,203,317,0,3,1,0,0,4
baixa,2021,idoso,1,1,CE,223,370,0,3,1,0,0,5
baixa,2021,idoso,1,1,DF,34,60,0,3,1,0,0,6
baixa,2021,idoso,1,1,ES,64,96,0,3,1,0,0,7
baixa,2021,idoso,1,1,GO,185,334,0,3,1,0,0,8
baixa,2021,idoso,1,1,MA,128,216,0,3,1,0,0,9
baixa,2021,idoso,1,1,MG,498,830,0,3,1,0,0,10
baixa,2021,idoso,1,1,MS,80,129,0,3,1,0,0,11
baixa,2021,idoso,1,1,MT,77,146,0,3,1,0,0,12
baixa,2021,idoso,1,1,PA,87,147,0,3,1,0,0,13
baixa,2021,idoso,1,1,PB,66,100,0,3,1,0,0,14
baixa,2021,idoso,1,1,PE,283,465,0,3,1,0,0,15
baixa,2021,idoso,1,1,PI,79,123,0,3,1,0,0,16
baixa,2021,idoso,1,1,PR,531,899,0,3,1,0,0,17
baixa,2021,idoso,1,1,RJ,307,498,0,3,1,0,0,18
baixa,2021,idoso,1,1,RN,139,190,0,3,1,0,0,19
baixa,2021,idoso,1,1,RO,27,55,0,3,1,0,0,20
baixa,2021,idoso,1,1,RS,376,599,0,3,1,0,0,22
baixa,2021,idoso,1,1,SC,194,309,0,3,1,0,0,23
baixa,2021,idoso,1,1,SE,51,77,0,3,1,0,0,24
baixa,2021,idoso,1,1,SP,856,1486,0,3,1,0,0,25
baixa,2021,idoso,1,1,TO,38,56,0,3,1,0,0,26
baixa,2021,idoso,1,2,AL,74,118,0,3,1,0,1,1
baixa,2021,idoso,1,2,AM,25,50,0,3,1,0,1,2
baixa,2021,idoso,1,2,BA,242,379,0,3,1,0,1,4
baixa,2021,idoso,1,2,CE,199,354,0,3,1,0,1,5
baixa,2021,idoso,1,2,DF,45,84,0,3,1,0,1,6
baixa,2021,idoso,1,2,ES,62,109,0,3,1,0,1,7
baixa,2021,idoso,1,2,GO,210,392,0,3,1,0,1,8
baixa,2021,idoso,1,2,MA,151,231,0,3,1,0,1,9
baixa,2021,idoso,1,2,MG,513,915,0,3,1,0,1,10
baixa,2021,idoso,1,2,MS,88,163,0,3,1,0,1,11
baixa,2021,idoso,1,2,MT,66,145,0,3,1,0,1,12
baixa,2021,idoso,1,2,PA,86,143,0,3,1,0,1,13
baixa,2021,idoso,1,2,PB,57,81,0,3,1,0,1,14
baixa,2021,idoso,1,2,PE,377,589,0,3,1,0,1,15
baixa,2021,idoso,1,2,PI,90,134,0,3,1,0,1,16
baixa,2021,idoso,1,2,PR,674,1252,0,3,1,0,1,17
baixa,2021,idoso,1,2,RJ,356,618,0,3,1,0,1,18
baixa,2021,idoso,1,2,RN,105,158,0,3,1,0,1,19
baixa,2021,idoso,1,2,RO,49,75,0,3,1,0,1,20
baixa,2021,idoso,1,2,RS,397,651,0,3,1,0,1,22
baixa,2021,idoso,1,2,SC,204,347,0,3,1,0,1,23
baixa,2021,idoso,1,2,SE,55,84,0,3,1,0,1,24
baixa,2021,idoso,1,2,SP,1217,2252,0,3,1,0,1,25
baixa,2021,idoso,1,2,TO,27,52,0,3,1,0,1,26
baixa,2021,idoso,2,1,AM,14,27,0,3,1,1,0,2
baixa,2021,idoso,2,1,BA,329,479,0,3,1,1,0,4
baixa,2021,idoso,2,1,CE,83,138,0,3,1,1,0,5
baixa,2021,idoso,2,1,DF,20,31,0,3,1,1,0,6
baixa,2021,idoso,2,1,ES,47,70,0,3,1,1,0,7
baixa,2021,idoso,2,1,GO,89,159,0,3,1,1,0,8
baixa,2021,idoso,2,1,MA,188,261,0,3,1,1,0,9
baixa,2021,idoso,2,1,MG,266,438,0,3,1,1,0,10
baixa,2021,idoso,2,1,MS,21,42,0,3,1,1,0,11
baixa,2021,idoso,2,1,MT,54,87,0,3,1,1,0,12
baixa,2021,idoso,2,1,PA,88,134,0,3,1,1,0,13
baixa,2021,idoso,2,1,PE,108,182,0,3,1,1,0,15
baixa,2021,idoso,2,1,PI,113,154,0,3,1,1,0,16
baixa,2021,idoso,2,1,PR,75,126,0,3,1,1,0,17
baixa,2021,idoso,2,1,RJ,175,289,0,3,1,1,0,18
baixa,2021,idoso,2,1,RO,16,26,0,3,1,1,0,20
baixa,2021,idoso,2,1,RS,62,80,0,3,1,1,0,22
baixa,2021,idoso,2,1,SE,48,72,0,3,1,1,0,24
baixa,2021,idoso,2,1,SP,202,352,0,3,1,1,0,25
baixa,2021,idoso,2,1,TO,34,57,0,3,1,1,0,26
baixa,2021,idoso,2,2,BA,288,455,0,3,1,1,1,4
baixa,2021,idoso,2,2,CE,51,87,0,3,1,1,1,5
baixa,2021,idoso,2,2,DF,22,35,0,3,1,1,1,6
baixa,2021,idoso,2,2,ES,41,60,0,3,1,1,1,7
baixa,2021,idoso,2,2,GO,83,140,0,3,1,1,1,8
baixa,2021,idoso,2,2,MA,133,189,0,3,1,1,1,9
baixa,2021,idoso,2,2,MG,254,437,0,3,1,1,1,10
baixa,2021,idoso,2,2,MS,16,29,0,3,1,1,1,11
baixa,2021,idoso,2,2,MT,44,68,0,3,1,1,1,12
baixa,2021,idoso,2,2,PA,72,99,0,3,1,1,1,13
baixa,2021,idoso,2,2,PE,108,168,0,3,1,1,1,15
baixa,2021,idoso,2,2,PR,98,134,0,3,1,1,1,17
baixa,2021,idoso,2,2,RJ,274,441,0,3,1,1,1,18
baixa,2021,idoso,2,2,RS,53,93,0,3,1,1,1,22
baixa,2021,idoso,2,2,SE,39,56,0,3,1,1,1,24
baixa,2021,idoso,2,2,SP,223,401,0,3,1,1,1,25
baixa,2021,idoso,4,1,AC,50,91,0,3,1,3,0,0
baixa,2021,idoso,4,1,AL,298,427,0,3,1,3,0,1
baixa,2021,idoso,4,1,AM,288,496,0,3,1,3,0,2
baixa,2021,idoso,4,1,AP,40,66,0,3,1,3,0,3
baixa,2021,idoso,4,1,BA,978,1436,0,3,1,3,0,4
baixa,2021,idoso,4,1,CE,1154,1933,0,3,1,3,0,5
baixa,2021,idoso,4,1,DF,62,106,0,3,1,3,0,6
baixa,2021,idoso,4,1,ES,100,155,0,3,1,3,0,7
baixa,2021,idoso,4,1,GO,397,633,0,3,1,3,0,8
baixa,2021,idoso,4,1,MA,782,1193,0,3,1,3,0,9
baixa,2021,idoso,4,1,MG,721,1171,0,3,1,3,0,10
baixa,2021,idoso,4,1,MS,150,223,0,3,1,3,0,11
baixa,2021,idoso,4,1,MT,208,344,0,3,1,3,0,12
baixa,2021,idoso,4,1,PA,604,934,0,3,1,3,0,13
baixa,2021,idoso,4,1,PB,240,357,0,3,1,3,0,14
baixa,2021,idoso,4,1,PE,899,1376,0,3,1,3,0,15
baixa,2021,idoso,4,1,PI,425,631,0,3,1,3,0,16
baixa,2021,idoso,4,1,PR,273,433,0,3,1,3,0,17
baixa,2021,idoso,4,1,RJ,337,499,0,3,1,3,0,18
baixa,2021,idoso,4,1,RN,281,403,0,3,1,3,0,19
baixa,2021,idoso,4,1,RO,83,156,0,3,1,3,0,20
baixa,2021,idoso,4,1,RR,36,71,0,3,1,3,0,21
baixa,2021,idoso,4,1,RS,52,83,0,3,1,3,0,22
baixa,2021,idoso,4,1,SC,33,54,0,3,1,3,0,23
baixa,2021,idoso,4,1,SE,225,342,0,3,1,3,0,24
baixa,2021,idoso,4,1,SP,596,1048,0,3,1,3,0,25
baixa,2021,idoso,4,1,TO,174,266,0,3,1,3,0,26
baixa,2021,idoso,4,2,AC,56,86,0,3,1,3,1,0
baixa,2021,idoso,4,2,AL,271,399,0,3,1,3,1,1
baixa,2021,idoso,4,2,AM,210,392,0,3,1,3,1,2
baixa,2021,idoso,4,2,AP,28,56,0,3,1,3,1,3
baixa,2021,idoso,4,2,BA,910,1356,0,3,1,3,1,4
baixa,2021,idoso,4,2,CE,792,1396,0,3,1,3,1,5
baixa,2021,idoso,4,2,DF,73,145,0,3,1,3,1,6
baixa,2021,idoso,4,2,ES,136,204,0,3,1,3,1,7
baixa,2021,idoso,4,2,GO,331,546,0,3,1,3,1,8
baixa,2021,idoso,4,2,MA,668,1005,0,3,1,3,1,9
baixa,2021,idoso,4,2,MG,696,1204,0,3,1,3,1,10
baixa,2021,idoso,4,2,MS,99,204,0,3,1,3,1,11
baixa,2021,idoso,4,2,MT,179,339,0,3,1,3,1,12
baixa,2021,idoso,4,2,PA,470,731,0,3,1,3,1,13
baixa,2021,idoso,4,2,PB,227,317,0,3,1,3,1,14
baixa,2021,idoso,4,2,PE,839,1323,0,3,1,3,1,15
baixa,2021,idoso,4,2,PI,314,497,0,3,1,3,1,16
baixa,2021,idoso,4,2,PR,336,594,0,3,1,3,1,17
baixa,2021,idoso,4,2,RJ,437,727,0,3,1,3,1,18
baixa,2021,idoso,4,2,RN,190,289,0,3,1,3,1,19
baixa,2021,idoso,4,2,RO,77,139,0,3,1,3,1,20
baixa,2021,idoso,4,2,RR,19,46,0,3,1,3,1,21
baixa,2021,idoso,4,2,RS,71,107,0,3,1,3,1,22
baixa,2021,idoso,4,2,SC,36,62,0,3,1,3,1,23
baixa,2021,idoso,4,2,SE,182,272,0,3,1,3,1,24
baixa,2021,idoso,4,2,SP,821,1442,0,3,1,3,1,25
baixa,2021,idoso,4,2,TO,125,205,0,3,1,3,1,26
baixa,2021,jovem,1,1,MG,6,24,0,3,2,0,0,10
baixa,2021,jovem,1,1,PR,16,53,0,3,2,0,0,17
baixa,2021,jovem,1,1,RJ,9,23,0,3,2,0,0,18
baixa,2021,jovem,1,1,RS,9,22,0,3,2,0,0,22
baixa,2021,jovem,1,1,SP,29,99,0,3,2,0,0,25
baixa,2021,jovem,1,2,MG,9,24,0,3,2,0,1,10
baixa,2021,jovem,1,2,PR,9,38,0,3,2,0,1,17
baixa,2021,jovem,1,2,RS,11,25,0,3,2,0,1,22
baixa,2021,jovem,1,2,SP,15,72,0,3,2,0,1,25
baixa,2021,jovem,4,1,AM,13,27,0,3,2,3,0,2
baixa,2021,jovem,4,1,BA,28,46,0,3,2,3,0,4
baixa,2021,jovem,4,1,CE,33,49,0,3,2,3,0,5
baixa,2021,jovem,4,1,MA,23,33,0,3,2,3,0,9
baixa,2021,jovem,4,1,MG,12,25,0,3,2,3,0,10
baixa,2021,jovem,4,1,PA,23,33,0,3,2,3,0,13
baixa,2021,jovem,4,1,PE,28,47,0,3,2,3,0,15
baixa,2021,jovem,4,1,RJ,10,21,0,3,2,3,0,18
baixa,2021,jovem,4,1,SP,14,36,0,3,2,3,0,25
baixa,2021,jovem,4,2,BA,13,24,0,3,2,3,1,4
baixa,2021,jovem,4,2,SP,8,23,0,3,2,3,1,25
baixa,2021,meia-idade,1,1,AL,18,28,0,3,3,0,0,1
baixa,2021,meia-idade,1,1,BA,63,103,0,3,3,0,0,4
baixa,2021,meia-idade,1,1,CE,69,126,0,3,3,0,0,5
baixa,2021,meia-idade,1,1,DF,14,22,0,3,3,0,0,6
baixa,2021,meia-idade,1,1,ES,16,22,0,3,3,0,0,7
baixa,2021,meia-idade,1,1,GO,65,108,0,3,3,0,0,8
baixa,2021,meia-idade,1,1,MA,35,55,0,3,3,0,0,9
baixa,2021,meia-idade,1,1,MG,142,253,0,3,3,0,0,10
baixa,2021,meia-idade,1,1,MS,39,52,0,3,3,0,0,11
baixa,2021,meia-idade,1,1,MT,20,44,0,3,3,0,0,12
baixa,2021,meia-idade,1,1,PA,19,32,0,3,3,0,0,13
baixa,2021,meia-idade,1,1,PB,21,34,0,3,3,0,0,14
baixa,2021,meia-idade,1,1,PE,118,167,0,3,3,0,0,15
baixa,2021,meia-idade,1,1,PI,20,28,0,3,3,0,0,16
baixa,2021,meia-idade,1,1,PR,161,288,0,3,3,0,0,17
baixa,2021,meia-idade,1,1,RJ,87,143,0,3,3,0,0,18
baixa,2021,meia-idade,1,1,RN,30,54,0,3,3,0,0,19
baixa,2021,meia-idade,1,1,RS,105,190,0,3,3,0,0,22
baixa,2021,meia-idade,1,1,SC,90,145,0,3,3,0,0,23
baixa,2021,meia-idade,1,1,SE,18,34,0,3,3,0,0,24
baixa,2021,meia-idade,1,1,SP,282,536,0,3,3,0,0,25
baixa,2021,meia-idade,1,2,AL,24,42,0,3,3,0,1,1
baixa,2021,meia-idade,1,2,BA,42,79,0,3,3,0,1,4
baixa,2021,meia-idade,1,2,CE,43,108,0,3,3,0,1,5
baixa,2021,meia-idade,1,2,ES,13,22,0,3,3,0,1,7
baixa,2021,meia-idade,1,2,GO,42,78,0,3,3,0,1,8
baixa,2021,meia-idade,1,2,MA,30,46,0,3,3,0,1,9
baixa,2021,meia-idade,1,2,MG,103,230,0,3,3,0,1,10
baixa,2021,meia-idade,1,2,MS,14,30,0,3,3,0,1,11
baixa,2021,meia-idade,1,2,MT,14,29,0,3,3,0,1,12
baixa,2021,meia-idade,1,2,PA,18,38,0,3,3,0,1,13
baixa,2021,meia-idade,1,2,PB,18,27,0,3,3,0,1,14
baixa,2021,meia-idade,1,2,PE,91,154,0,3,3,0,1,15
baixa,2021,meia-idade,1,2,PI,12,23,0,3,3,0,1,16
baixa,2021,meia-idade,1,2,PR,137,299,0,3,3,0,1,17
baixa,2021,meia-idade,1,2,RJ,54,119,0,3,3,0,1,18
baixa,2021,meia-idade,1,2,RN,28,52,0,3,3,0,1,19
baixa,2021,meia-idade,1,2,RS,78,147,0,3,3,0,1,22
baixa,2021,meia-idade,1,2,SC,48,91,0,3,3,0,1,23
baixa,2021,meia-idade,1,2,SE,13,26,0,3,3,0,1,24
baixa,2021,meia-idade,1,2,SP,239,482,0,3,3,0,1,25
baixa,2021,meia-idade,2,1,BA,145,216,0,3,3,1,0,4
baixa,2021,meia-idade,2,1,CE,31,49,0,3,3,1,0,5
baixa,2021,meia-idade,2,1,ES,15,22,0,3,3,1,0,7
baixa,2021,meia-idade,2,1,GO,43,70,0,3,3,1,0,8
baixa,2021,meia-idade,2,1,MA,72,102,0,3,3,1,0,9
baixa,2021,meia-idade,2,1,MG,105,153,0,3,3,1,0,10
baixa,2021,meia-idade,2,1,MT,21,29,0,3,3,1,0,12
baixa,2021,meia-idade,2,1,PA,31,42,0,3,3,1,0,13
baixa,2021,meia-idade,2,1,PE,72,98,0,3,3,1,0,15
baixa,2021,meia-idade,2,1,PR,14,37,0,3,3,1,0,17
baixa,2021,meia-idade,2,1,RJ,65,101,0,3,3,1,0,18
baixa,2021,meia-idade,2,1,RS,28,39,0,3,3,1,0,22
baixa,2021,meia-idade,2,1,SE,25,41,0,3,3,1,0,24
baixa,2021,meia-idade,2,1,SP,77,132,0,3,3,1,0,25
baixa,2021,meia-idade,2,2,BA,94,128,0,3,3,1,1,4
baixa,2021,meia-idade,2,2,GO,23,34,0,3,3,1,1,8
baixa,2021,meia-idade,2,2,MA,40,58,0,3,3,1,1,9
baixa,2021,meia-idade,2,2,MG,64,104,0,3,3,1,1,10
baixa,2021,meia-idade,2,2,MT,14,20,0,3,3,1,1,12
baixa,2021,meia-idade,2,2,PA,23,34,0,3,3,1,1,13
baixa,2021,meia-idade,2,2,PE,25,42,0,3,3,1,1,15
baixa,2021,meia-idade,2,2,PR,14,27,0,3,3,1,1,17
baixa,2021,meia-idade,2,2,RJ,76,126,0,3,3,1,1,18
baixa,2021,meia-idade,2,2,RS,16,22,0,3,3,1,1,22
baixa,2021,meia-idade,2,2,SP,61,108,0,3,3,1,1,25
baixa,2021,meia-idade,4,1,AC,18,33,0,3,3,3,0,0
baixa,2021,meia-idade,4,1,AL,149,214,0,3,3,3,0,1
baixa,2021,meia-idade,4,1,AM,126,178,0,3,3,3,0,2
baixa,2021,meia-idade,4,1,AP,24,28,0,3,3,3,0,3
baixa,2021,meia-idade,4,1,BA,513,698,0,3,3,3,0,4
baixa,2021,meia-idade,4,1,CE,518,817,0,3,3,3,0,5
baixa,2021,meia-idade,4,1,DF,29,42,0,3,3,3,0,6
baixa,2021,meia-idade,4,1,ES,65,84,0,3,3,3,0,7
baixa,2021,meia-idade,4,1,GO,170,245,0,3,3,3,0,8
baixa,2021,meia-idade,4,1,MA,322,485,0,3,3,3,0,9
baixa,2021,meia-idade,4,1,MG,321,509,0,3,3,3,0,10
baixa,2021,meia-idade,4,1,MS,78,107,0,3,3,3,0,11
baixa,2021,meia-idade,4,1,MT,73,128,0,3,3,3,0,12
baixa,2021,meia-idade,4,1,PA,233,371,0,3,3,3,0,13
baixa,2021,meia-idade,4,1,PB,117,168,0,3,3,3,0,14
baixa,2021,meia-idade,4,1,PE,521,725,0,3,3,3,0,15
baixa,2021,meia-idade,4,1,PI,170,247,0,3,3,3,0,16
baixa,2021,meia-idade,4,1,PR,104,168,0,3,3,3,0,17
baixa,2021,meia-idade,4,1,RJ,110,178,0,3,3,3,0,18
baixa,2021,meia-idade,4,1,RN,118,170,0,3,3,3,0,19
baixa,2021,meia-idade,4,1,RO,24,50,0,3,3,3,0,20
baixa,2021,meia-idade,4,1,RS,30,40,0,3,3,3,0,22
baixa,2021,meia-idade,4,1,SC,17,23,0,3,3,3,0,23
baixa,2021,meia-idade,4,1,SE,118,155,0,3,3,3,0,24
baixa,2021,meia-idade,4,1,SP,255,409,0,3,3,3,0,25
baixa,2021,meia-idade,4,1,TO,68,96,0,3,3,3,0,26
baixa,2021,meia-idade,4,2,AC,21,28,0,3,3,3,1,0
baixa,2021,meia-idade,4,2,AL,78,128,0,3,3,3,1,1
baixa,2021,meia-idade,4,2,AM,76,113,0,3,3,3,1,2
baixa,2021,meia-idade,4,2,AP,13,23,0,3,3,3,1,3
baixa,2021,meia-idade,4,2,BA,269,424,0,3,3,3,1,4
baixa,2021,meia-idade,4,2,CE,243,435,0,3,3,3,1,5
baixa,2021,meia-idade,4,2,DF,28,42,0,3,3,3,1,6
baixa,2021,meia-idade,4,2,ES,41,52,0,3,3,3,1,7
baixa,2021,meia-idade,4,2,GO,96,165,0,3,3,3,1,8
baixa,2021,meia-idade,4,2,MA,206,319,0,3,3,3,1,9
baixa,2021,meia-idade,4,2,MG,190,331,0,3,3,3,1,10
baixa,2021,meia-idade,4,2,MS,45,78,0,3,3,3,1,11
baixa,2021,meia-idade,4,2,MT,36,77,0,3,3,3,1,12
baixa,2021,meia-idade,4,2,PA,114,208,0,3,3,3,1,13
baixa,2021,meia-idade,4,2,PB,57,84,0,3,3,3,1,14
baixa,2021,meia-idade,4,2,PE,290,446,0,3,3,3,1,15
baixa,2021,meia-idade,4,2,PI,85,126,0,3,3,3,1,16
baixa,2021,meia-idade,4,2,PR,88,165,0,3,3,3,1,17
baixa,2021,meia-idade,4,2,RJ,95,169,0,3,3,3,1,18
baixa,2021,meia-idade,4,2,RN,62,88,0,3,3,3,1,19
baixa,2021,meia-idade,4,2,RO,16,35,0,3,3,3,1,20
baixa,2021,meia-idade,4,2,RS,16,24,0,3,3,3,1,22
baixa,2021,meia-idade,4,2,SC,11,22,0,3,3,3,1,23
baixa,2021,meia-idade,4,2,SE,49,86,0,3,3,3,1,24
baixa,2021,meia-idade,4,2,SP,184,325,0,3,3,3,1,25
baixa,2021,meia-idade,4,2,TO,24,41,0,3,3,3,1,26
baixa,2022,adulto,1,1,BA,19,33,0,4,0,0,0,4
baixa,2022,adulto,1,1,CE,28,41,0,4,0,0,0,5
baixa,2022,adulto,1,1,GO,14,24,0,4,0,0,0,8
baixa,2022,adulto,1,1,MA,20,24,0,4,0,0,0,9
baixa,2022,adulto,1,1,MG,46,89,0,4,0,0,0,10
baixa,2022,adulto,1,1,MS,21,28,0,4,0,0,0,11
baixa,2022,adulto,1,1,PE,35,49,0,4,0,0,0,15
baixa,2022,adulto,1,1,PR,47,90,0,4,0,0,0,17
baixa,2022,adulto,1,1,RJ,20,45,0,4,0,0,0,18
baixa,2022,adulto,1,1,RS,39,62,0,4,0,0,0,22
baixa,2022,adulto,1,1,SC,18,39,0,4,0,0,0,23
baixa,2022,adulto,1,1,SP,106,196,0,4,0,0,0,25
baixa,2022,adulto,1,2,BA,14,28,0,4,0,0,1,4
baixa,2022,adulto,1,2,CE,15,29,0,4,0,0,1,5
baixa,2022,adulto,1,2,MG,25,53,0,4,0,0,1,10
baixa,2022,adulto,1,2,PE,13,28,0,4,0,0,1,15
baixa,2022,adulto,1,2,PR,31,57,0,4,0,0,1,17
baixa,2022,adulto,1,2,RJ,14,33,0,4,0,0,1,18
baixa,2022,adulto,1,2,RS,23,54,0,4,0,0,1,22
baixa,2022,adulto,1,2,SC,18,31,0,4,0,0,1,23
baixa,2022,adulto,1,2,SP,61,130,0,4,0,0,1,25
baixa,2022,adulto,2,1,BA,57,67,0,4,0,1,0,4
baixa,2022,adulto,2,1,MA,32,35,0,4,0,1,0,9
baixa,2022,adulto,2,1,MG,21,27,0,4,0,1,0,10
baixa,2022,adulto,2,1,PE,20,23,0,4,0,1,0,15
baixa,2022,adulto,2,1,RJ,19,27,0,4,0,1,0,18
baixa,2022,adulto,2,1,SP,25,37,0,4,0,1,0,25
baixa,2022,adulto,2,2,BA,12,20,0,4,0,1,1,4
baixa,2022,adulto,4,1,AL,74,84,0,4,0,3,0,1
baixa,2022,adulto,4,1,AM,67,78,0,4,0,3,0,2
baixa,2022,adulto,4,1,BA,150,207,0,4,0,3,0,4
baixa,2022,adulto,4,1,CE,210,268,0,4,0,3,0,5
baixa,2022,adulto,4,1,ES,19,24,0,4,0,3,0,7
baixa,2022,adulto,4,1,GO,42,59,0,4,0,3,0,8
baixa,2022,adulto,4,1,MA,138,183,0,4,0,3,0,9
baixa,2022,adulto,4,1,MG,69,98,0,4,0,3,0,10
baixa,2022,adulto,4,1,MS,44,48,0,4,0,3,0,11
baixa,2022,adulto,4,1,PA,113,140,0,4,0,3,0,13
baixa,2022,adulto,4,1,PB,39,49,0,4,0,3,0,14
baixa,2022,adulto,4,1,PE,173,212,0,4,0,3,0,15
baixa,2022,adulto,4,1,PI,61,73,0,4,0,3,0,16
baixa,2022,adulto,4,1,PR,28,41,0,4,0,3,0,17
baixa,2022,adulto,4,1,RJ,36,48,0,4,0,3,0,18
baixa,2022,adulto,4,1,RN,29,37,0,4,0,3,0,19
baixa,2022,adulto,4,1,SE,51,61,0,4,0,3,0,24
baixa,2022,adulto,4,1,SP,79,117,0,4,0,3,0,25
baixa,2022,adulto,4,1,TO,22,25,0,4,0,3,0,26
baixa,2022,adulto,4,2,AL,23,31,0,4,0,3,1,1
baixa,2022,adulto,4,2,AM,22,28,0,4,0,3,1,2
baixa,2022,adulto,4,2,BA,59,92,0,4,0,3,1,4
baixa,2022,adulto,4,2,CE,55,81,0,4,0,3,1,5
baixa,2022,adulto,4,2,MA,45,65,0,4,0,3,1,9
baixa,2022,adulto,4,2,MG,21,45,0,4,0,3,1,10
baixa,2022,adulto,4,2,PA,33,50,0,4,0,3,1,13
baixa,2022,adulto,4,2,PB,12,21,0,4,0,3,1,14
baixa,2022,adulto,4,2,PE,51,76,0,4,0,3,1,15
baixa,2022,adulto,4,2,PI,17,21,0,4,0,3,1,16
baixa,2022,adulto,4,2,RJ,23,29,0,4,0,3,1,18
baixa,2022,adulto,4,2,SP,32,59,0,4,0,3,1,25
baixa,2022,idoso,1,1,AL,88,116,0,4,1,0,0,1
baixa,2022,idoso,1,1,AM,31,39,0,4,1,0,0,2
baixa,2022,idoso,1,1,BA,196,281,0,4,1,0,0,4
baixa,2022,idoso,1,1,CE,248,354,0,4,1,0,0,5
baixa,2022,idoso,1,1,DF,25,37,0,4,1,0,0,6
baixa,2022,idoso,1,1,ES,65,74,0,4,1,0,0,7
baixa,2022,idoso,1,1,GO,180,245,0,4,1,0,0,8
baixa,2022,idoso,1,1,MA,146,192,0,4,1,0,0,9
baixa,2022,idoso,1,1,MG,414,621,0,4,1,0,0,10
baixa,2022,idoso,1,1,MS,71,101,0,4,1,0,0,11
baixa,2022,idoso,1,1,MT,76,110,0,4,1,0,0,12
baixa,2022,idoso,1,1,PA,77,99,0,4,1,0,0,13
baixa,2022,idoso,1,1,PB,68,100,0,4,1,0,0,14
baixa,2022,idoso,1,1,PE,262,385,0,4,1,0,0,15
baixa,2022,idoso,1,1,PI,101,124,0,4,1,0,0,16
baixa,2022,idoso,1,1,PR,466,651,0,4,1,0,0,17
baixa,2022,idoso,1,1,RJ,252,355,0,4,1,0,0,18
baixa,2022,idoso,1,1,RN,116,153,0,4,1,0,0,19
baixa,2022,idoso,1,1,RO,34,45,0,4,1,0,0,20
baixa,2022,idoso,1,1,RS,416,567,0,4,1,0,0,22
baixa,2022,idoso,1,1,SC,208,291,0,4,1,0,0,23
baixa,2022,idoso,1,1,SE,58,81,0,4,1,0,0,24
baixa,2022,idoso,1,1,SP,870,1255,0,4,1,0,0,25
baixa,2022,idoso,1,1,TO,30,38,0,4,1,0,0,26
baixa,2022,idoso,1,2,AL,96,125,0,4,1,0,1,1
baixa,2022,idoso,1,2,AM,26,33,0,4,1,0,1,2
baixa,2022,idoso,1,2,BA,198,274,0,4,1,0,1,4
baixa,2022,idoso,1,2,CE,230,314,0,4,1,0,1,5
baixa,2022,idoso,1,2,DF,42,57,0,4,1,0,1,6
baixa,2022,idoso,1,2,ES,60,87,0,4,1,0,1,7
baixa,2022,idoso,1,2,GO,192,287,0,4,1,0,1,8
baixa,2022,idoso,1,2,MA,144,181,0,4,1,0,1,9
baixa,2022,idoso,1,2,MG,493,688,0,4,1,0,1,10
baixa,2022,idoso,1,2,MS,83,103,0,4,1,0,1,11
baixa,2022,idoso,1,2,MT,87,122,0,4,1,0,1,12
baixa,2022,idoso,1,2,PA,103,134,0,4,1,0,1,13
baixa,2022,idoso,1,2,PB,69,100,0,4,1,0,1,14
baixa,2022,idoso,1,2,PE,332,481,0,4,1,0,1,15
baixa,2022,idoso,1,2,PI,92,125,0,4,1,0,1,16
baixa,2022,idoso,1,2,PR,685,951,0,4,1,0,1,17
baixa,2022,idoso,1,2,RJ,320,463,0,4,1,0,1,18
baixa,2022,idoso,1,2,RN,105,139,0,4,1,0,1,19
baixa,2022,idoso,1,2,RO,42,65,0,4,1,0,1,20
baixa,2022,idoso,1,2,RS,365,507,0,4,1,0,1,22
baixa,2022,idoso,1,2,SC,223,295,0,4,1,0,1,23
baixa,2022,idoso,1,2,SE,57,81,0,4,1,0,1,24
baixa,2022,idoso,1,2,SP,1161,1687,0,4,1,0,1,25
baixa,2022,idoso,1,2,TO,25,37,0,4,1,0,1,26
baixa,2022,idoso,2,1,BA,302,436,0,4,1,1,0,4
baixa,2022,idoso,2,1,CE,80,113,0,4,1,1,0,5
baixa,2022,idoso,2,1,DF,14,25,0,4,1,1,0,6
baixa,2022,idoso,2,1,ES,37,58,0,4,1,1,0,7
baixa,2022,idoso,2,1,GO,87,125,0,4,1,1,0,8
baixa,2022,idoso,2,1,MA,162,209,0,4,1,1,0,9
baixa,2022,idoso,2,1,MG,263,368,0,4,1,1,0,10
baixa,2022,idoso,2,1,MS,29,35,0,4,1,1,0,11
baixa,2022,idoso,2,1,MT,49,73,0,4,1,1,0,12
baixa,2022,idoso,2,1,PA,101,144,0,4,1,1,0,13
baixa,2022,idoso,2,1,PE,133,175,0,4,1,1,0,15
baixa,2022,idoso,2,1,PR,63,85,0,4,1,1,0,17
baixa,2022,idoso,2,1,RJ,178,242,0,4,1,1,0,18
baixa,2022,idoso,2,1,RS,54,75,0,4,1,1,0,22
baixa,2022,idoso,2,1,SE,57,73,0,4,1,1,0,24
baixa,2022,idoso,2,1,SP,213,319,0,4,1,1,0,25
baixa,2022,idoso,2,2,BA,307,410,0,4,1,1,1,4
baixa,2022,idoso,2,2,ES,38,55,0,4,1,1,1,7
baixa,2022,idoso,2,2,GO,78,103,0,4,1,1,1,8
baixa,2022,idoso,2,2,MA,104,146,0,4,1,1,1,9
baixa,2022,idoso,2,2,MG,241,334,0,4,1,1,1,10
baixa,2022,idoso,2,2,MS,19,25,0,4,1,1,1,11
baixa,2022,idoso,2,2,MT,33,44,0,4,1,1,1,12
baixa,2022,idoso,2,2,PA,62,77,0,4,1,1,1,13
baixa,2022,idoso,2,2,PE,108,151,0,4,1,1,1,15
baixa,2022,idoso,2,2,PR,68,95,0,4,1,1,1,17
baixa,2022,idoso,2,2,RJ,237,333,0,4,1,1,1,18
baixa,2022,idoso,2,2,RS,51,70,0,4,1,1,1,22
baixa,2022,idoso,2,2,SC,23,31,0,4,1,1,1,23
baixa,2022,idoso,2,2,SP,224,338,0,4,1,1,1,25
baixa,2022,idoso,4,1,AL,331,439,0,4,1,3,0,1
baixa,2022,idoso,4,1,AM,249,336,0,4,1,3,0,2
baixa,2022,idoso,4,1,AP,43,49,0,4,1,3,0,3
baixa,2022,idoso,4,1,BA,917,1277,0,4,1,3,0,4
baixa,2022,idoso,4,1,CE,1196,1693,0,4,1,3,0,5
baixa,2022,idoso,4,1,DF,59,84,0,4,1,3,0,6
baixa,2022,idoso,4,1,ES,106,147,0,4,1,3,0,7
baixa,2022,idoso,4,1,GO,363,496,0,4,1,3,0,8
baixa,2022,idoso,4,1,MA,767,994,0,4,1,3,0,9
baixa,2022,idoso,4,1,MG,669,949,0,4,1,3,0,10
baixa,2022,idoso,4,1,MS,132,183,0,4,1,3,0,11
baixa,2022,idoso,4,1,MT,196,259,0,4,1,3,0,12
baixa,2022,idoso,4,1,PA,601,824,0,4,1,3,0,13
baixa,2022,idoso,4,1,PB,205,288,0,4,1,3,0,14
baixa,2022,idoso,4,1,PE,865,1223,0,4,1,3,0,15
baixa,2022,idoso,4,1,PI,416,559,0,4,1,3,0,16
baixa,2022,idoso,4,1,PR,246,354,0,4,1,3,0,17
baixa,2022,idoso,4,1,RJ,315,412,0,4,1,3,0,18
baixa,2022,idoso,4,1,RN,270,353,0,4,1,3,0,19
baixa,2022,idoso,4,1,RO,93,127,0,4,1,3,0,20
baixa,2022,idoso,4,1,RR,39,44,0,4,1,3,0,21
baixa,2022,idoso,4,1,RS,56,70,0,4,1,3,0,22
baixa,2022,idoso,4,1,SC,29,47,0,4,1,3,0,23
baixa,2022,idoso,4,1,SE,197,279,0,4,1,3,0,24
baixa,2022,idoso,4,1,SP,629,899,0,4,1,3,0,25
baixa,2022,idoso,4,1,TO,128,179,0,4,1,3,0,26
baixa,2022,idoso,4,2,AL,299,389,0,4,1,3,1,1
baixa,2022,idoso,4,2,AM,199,249,0,4,1,3,1,2
baixa,2022,idoso,4,2,AP,33,41,0,4,1,3,1,3
baixa,2022,idoso,4,2,BA,858,1148,0,4,1,3,1,4
baixa,2022,idoso,4,2,CE,888,1221,0,4,1,3,1,5
baixa,2022,idoso,4,2,DF,68,94,0,4,1,3,1,6
baixa,2022,idoso,4,2,ES,105,132,0,4,1,3,1,7
baixa,2022,idoso,4,2,GO,325,438,0,4,1,3,1,8
baixa,2022,idoso,4,2,MA,745,921,0,4,1,3,1,9
baixa,2022,idoso,4,2,MG,639,891,0,4,1,3,1,10
baixa,2022,idoso,4,2,MS,109,140,0,4,1,3,1,11
baixa,2022,idoso,4,2,MT,160,220,0,4,1,3,1,12
baixa,2022,idoso,4,2,PA,467,619,0,4,1,3,1,13
baixa,2022,idoso,4,2,PB,183,249,0,4,1,3,1,14
baixa,2022,idoso,4,2,PE,863,1210,0,4,1,3,1,15
baixa,2022,idoso,4,2,PI,367,475,0,4,1,3,1,16
baixa,2022,idoso,4,2,PR,289,405,0,4,1,3,1,17
baixa,2022,idoso,4,2,RJ,354,483,0,4,1,3,1,18
baixa,2022,idoso,4,2,RN,190,230,0,4,1,3,1,19
baixa,2022,idoso,4,2,RO,90,118,0,4,1,3,1,20
baixa,2022,idoso,4,2,RR,17,22,0,4,1,3,1,21
baixa,2022,idoso,4,2,RS,48,72,0,4,1,3,1,22
baixa,2022,idoso,4,2,SC,29,48,0,4,1,3,1,23
baixa,2022,idoso,4,2,SE,177,249,0,4,1,3,1,24
baixa,2022,idoso,4,2,SP,724,1013,0,4,1,3,1,25
baixa,2022,idoso,4,2,TO,101,137,0,4,1,3,1,26
baixa,2022,jovem,1,1,MG,13,34,0,4,2,0,0,10
baixa,2022,jovem,1,1,PE,10,29,0,4,2,0,0,15
baixa,2022,jovem,1,1,PR,19,50,0,4,2,0,0,17
baixa,2022,jovem,1,1,RJ,7,21,0,4,2,0,0,18
baixa,2022,jovem,1,1,RS,13,28,0,4,2,0,0,22
baixa,2022,jovem,1,1,SP,39,101,0,4,2,0,0,25
baixa,2022,jovem,1,2,MG,6,30,0,4,2,0,1,10
baixa,2022,jovem,1,2,PR,18,51,0,4,2,0,1,17
baixa,2022,jovem,1,2,RS,8,26,0,4,2,0,1,22
baixa,2022,jovem,1,2,SP,26,78,0,4,2,0,1,25
baixa,2022,jovem,4,1,AM,11,23,0,4,2,3,0,2
baixa,2022,jovem,4,1,BA,31,56,0,4,2,3,0,4
baixa,2022,jovem,4,1,CE,25,35,0,4,2,3,0,5
baixa,2022,jovem,4,1,MA,19,34,0,4,2,3,0,9
baixa,2022,jovem,4,1,MG,13,23,0,4,2,3,0,10
baixa,2022,jovem,4,1,PA,17,32,0,4,2,3,0,13
baixa,2022,jovem,4,1,PE,18,35,0,4,2,3,0,15
baixa,2022,jovem,4,1,SP,19,49,0,4,2,3,0,25
baixa,2022,jovem,4,2,BA,12,32,0,4,2,3,1,4
baixa,2022,jovem,4,2,CE,11,21,0,4,2,3,1,5
baixa,2022,jovem,4,2,MA,12,23,0,4,2,3,1,9
baixa,2022,jovem,4,2,SP,10,25,0,4,2,3,1,25
baixa,2022,meia-idade,1,1,AL,19,25,0,4,3,0,0,1
baixa,2022,meia-idade,1,1,BA,58,84,0,4,3,0,0,4
baixa,2022,meia-idade,1,1,CE,71,93,0,4,3,0,0,5
baixa,2022,meia-idade,1,1,ES,16,25,0,4,3,0,0,7
baixa,2022,meia-idade,1,1,GO,43,66,0,4,3,0,0,8
baixa,2022,meia-idade,1,1,MA,34,47,0,4,3,0,0,9
baixa,2022,meia-idade,1,1,MG,112,183,0,4,3,0,0,10
baixa,2022,meia-idade,1,1,MS,31,41,0,4,3,0,0,11
baixa,2022,meia-idade,1,1,MT,24,32,0,4,3,0,0,12
baixa,2022,meia-idade,1,1,PA,21,27,0,4,3,0,0,13
baixa,2022,meia-idade,1,1,PB,25,32,0,4,3,0,0,14
baixa,2022,meia-idade,1,1,PE,115,158,0,4,3,0,0,15
baixa,2022,meia-idade,1,1,PI,29,35,0,4,3,0,0,16
baixa,2022,meia-idade,1,1,PR,145,209,0,4,3,0,0,17
baixa,2022,meia-idade,1,1,RJ,88,126,0,4,3,0,0,18
baixa,2022,meia-idade,1,1,RN,49,62,0,4,3,0,0,19
baixa,2022,meia-idade,1,1,RS,115,160,0,4,3,0,0,22
baixa,2022,meia-idade,1,1,SC,68,102,0,4,3,0,0,23
baixa,2022,meia-idade,1,1,SE,16,23,0,4,3,0,0,24
baixa,2022,meia-idade,1,1,SP,280,419,0,4,3,0,0,25
baixa,2022,meia-idade,1,2,AL,17,22,0,4,3,0,1,1
baixa,2022,meia-idade,1,2,BA,40,59,0,4,3,0,1,4
baixa,2022,meia-idade,1,2,CE,44,62,0,4,3,0,1,5
baixa,2022,meia-idade,1,2,ES,15,26,0,4,3,0,1,7
baixa,2022,meia-idade,1,2,GO,39,58,0,4,3,0,1,8
baixa,2022,meia-idade,1,2,MA,31,46,0,4,3,0,1,9
baixa,2022,meia-idade,1,2,MG,90,144,0,4,3,0,1,10
baixa,2022,meia-idade,1,2,MS,19,28,0,4,3,0,1,11
baixa,2022,meia-idade,1,2,PA,16,20,0,4,3,0,1,13
baixa,2022,meia-idade,1,2,PB,18,26,0,4,3,0,1,14
baixa,2022,meia-idade,1,2,PE,81,120,0,4,3,0,1,15
baixa,2022,meia-idade,1,2,PI,21,32,0,4,3,0,1,16
baixa,2022,meia-idade,1,2,PR,131,180,0,4,3,0,1,17
baixa,2022,meia-idade,1,2,RJ,59,90,0,4,3,0,1,18
baixa,2022,meia-idade,1,2,RN,24,31,0,4,3,0,1,19
baixa,2022,meia-idade,1,2,RS,82,119,0,4,3,0,1,22
baixa,2022,meia-idade,1,2,SC,54,72,0,4,3,0,1,23
baixa,2022,meia-idade,1,2,SE,17,25,0,4,3,0,1,24
baixa,2022,meia-idade,1,2,SP,217,338,0,4,3,0,1,25
baixa,2022,meia-idade,2,1,BA,133,191,0,4,3,1,0,4
baixa,2022,meia-idade,2,1,CE,41,62,0,4,3,1,0,5
baixa,2022,meia-idade,2,1,ES,22,25,0,4,3,1,0,7
baixa,2022,meia-idade,2,1,GO,29,41,0,4,3,1,0,8
baixa,2022,meia-idade,2,1,MA,74,92,0,4,3,1,0,9
baixa,2022,meia-idade,2,1,MG,117,144,0,4,3,1,0,10
baixa,2022,meia-idade,2,1,MT,24,29,0,4,3,1,0,12
baixa,2022,meia-idade,2,1,PA,29,35,0,4,3,1,0,13
baixa,2022,meia-idade,2,1,PE,68,97,0,4,3,1,0,15
baixa,2022,meia-idade,2,1,PR,24,28,0,4,3,1,0,17
baixa,2022,meia-idade,2,1,RJ,63,82,0,4,3,1,0,18
baixa,2022,meia-idade,2,1,RS,23,30,0,4,3,1,0,22
baixa,2022,meia-idade,2,1,SE,27,37,0,4,3,1,0,24
baixa,2022,meia-idade,2,1,SP,68,99,0,4,3,1,0,25
baixa,2022,meia-idade,2,2,BA,89,118,0,4,3,1,1,4
baixa,2022,meia-idade,2,2,GO,21,27,0,4,3,1,1,8
baixa,2022,meia-idade,2,2,MA,30,37,0,4,3,1,1,9
baixa,2022,meia-idade,2,2,MG,58,78,0,4,3,1,1,10
baixa,2022,meia-idade,2,2,PA,17,20,0,4,3,1,1,13
baixa,2022,meia-idade,2,2,PE,29,32,0,4,3,1,1,15
baixa,2022,meia-idade,2,2,RJ,69,85,0,4,3,1,1,18
baixa,2022,meia-idade,2,2,RS,13,23,0,4,3,1,1,22
baixa,2022,meia-idade,2,2,SP,63,81,0,4,3,1,1,25
baixa,2022,meia-idade,4,1,AL,155,206,0,4,3,3,0,1
baixa,2022,meia-idade,4,1,AM,108,134,0,4,3,3,0,2
baixa,2022,meia-idade,4,1,AP,13,21,0,4,3,3,0,3
baixa,2022,meia-idade,4,1,BA,414,557,0,4,3,3,0,4
baixa,2022,meia-idade,4,1,CE,548,712,0,4,3,3,0,5
baixa,2022,meia-idade,4,1,DF,36,44,0,4,3,3,0,6
baixa,2022,meia-idade,4,1,ES,44,52,0,4,3,3,0,7
baixa,2022,meia-idade,4,1,GO,152,208,0,4,3,3,0,8
baixa,2022,meia-idade,4,1,MA,343,436,0,4,3,3,0,9
baixa,2022,meia-idade,4,1,MG,252,340,0,4,3,3,0,10
baixa,2022,meia-idade,4,1,MS,67,92,0,4,3,3,0,11
baixa,2022,meia-idade,4,1,MT,76,98,0,4,3,3,0,12
baixa,2022,meia-idade,4,1,PA,264,335,0,4,3,3,0,13
baixa,2022,meia-idade,4,1,PB,128,153,0,4,3,3,0,14
baixa,2022,meia-idade,4,1,PE,499,655,0,4,3,3,0,15
baixa,2022,meia-idade,4,1,PI,182,230,0,4,3,3,0,16
baixa,2022,meia-idade,4,1,PR,97,135,0,4,3,3,0,17
baixa,2022,meia-idade,4,1,RJ,113,148,0,4,3,3,0,18
baixa,2022,meia-idade,4,1,RN,100,137,0,4,3,3,0,19
baixa,2022,meia-idade,4,1,RO,43,55,0,4,3,3,0,20
baixa,2022,meia-idade,4,1,RS,23,29,0,4,3,3,0,22
baixa,2022,meia-idade,4,1,SC,15,22,0,4,3,3,0,23
baixa,2022,meia-idade,4,1,SE,106,140,0,4,3,3,0,24
baixa,2022,meia-idade,4,1,SP,247,348,0,4,3,3,0,25
baixa,2022,meia-idade,4,1,TO,68,85,0,4,3,3,0,26
baixa,2022,meia-idade,4,2,AL,108,136,0,4,3,3,1,1
baixa,2022,meia-idade,4,2,AM,67,87,0,4,3,3,1,2
baixa,2022,meia-idade,4,2,BA,226,334,0,4,3,3,1,4
baixa,2022,meia-idade,4,2,CE,238,336,0,4,3,3,1,5
baixa,2022,meia-idade,4,2,ES,31,43,0,4,3,3,1,7
baixa,2022,meia-idade,4,2,GO,72,99,0,4,3,3,1,8
baixa,2022,meia-idade,4,2,MA,199,261,0,4,3,3,1,9
baixa,2022,meia-idade,4,2,MG,152,223,0,4,3,3,1,10
baixa,2022,meia-idade,4,2,MS,42,56,0,4,3,3,1,11
baixa,2022,meia-idade,4,2,MT,28,36,0,4,3,3,1,12
baixa,2022,meia-idade,4,2,PA,132,175,0,4,3,3,1,13
baixa,2022,meia-idade,4,2,PB,50,68,0,4,3,3,1,14
baixa,2022,meia-idade,4,2,PE,290,397,0,4,3,3,1,15
baixa,2022,meia-idade,4,2,PI,99,135,0,4,3,3,1,16
baixa,2022,meia-idade,4,2,PR,82,108,0,4,3,3,1,17
baixa,2022,meia-idade,4,2,RJ,83,121,0,4,3,3,1,18
baixa,2022,meia-idade,4,2,RN,48,56,0,4,3,3,1,19
baixa,2022,meia-idade,4,2,RO,18,23,0,4,3,3,1,20
baixa,2022,meia-idade,4,2,SE,49,72,0,4,3,3,1,24
baixa,2022,meia-idade,4,2,SP,155,226,0,4,3,3,1,25
baixa,2022,meia-idade,4,2,TO,30,37,0,4,3,3,1,26
media,2012,adulto,1,1,BA,146,175,1,0,0,0,0,4
media,2012,adulto,1,1,CE,197,231,1,0,0,0,0,5
media,2012,adulto,1,1,ES,106,126,1,0,0,0,0,7
media,2012,adulto,1,1,GO,261,306,1,0,0,0,0,8
media,2012,adulto,1,1,MA,151,176,1,0,0,0,0,9
media,2012,adulto,1,1,MG,745,898,1,0,0,0,0,10
media,2012,adulto,1,1,PE,222,292,1,0,0,0,0,15
media,2012,adulto,1,1,PI,80,89,1,0,0,0,0,16
media,2012,adulto,1,1,PR,2028,2260,1,0,0,0,0,17
media,2012,adulto,1,1,RJ,778,944,1,0,0,0,0,18
media,2012,adulto,1,1,RN,72,85,1,0,0,0,0,19
media,2012,adulto,1,1,RS,1060,1255,1,0,0,0,0,22
media,2012,adulto,1,1,SC,756,887,1,0,0,0,0,23
media,2012,adulto,1,1,SP,2636,3240,1,0,0,0,0,25
media,2012,adulto,1,2,BA,81,107,1,0,0,0,1,4
media,2012,adulto,1,2,GO,108,151,1,0,0,0,1,8
media,2012,adulto,1,2,MG,317,452,1,0,0,0,1,10
media,2012,adulto,1,2,PE,137,191,1,0,0,0,1,15
media,2012,adulto,1,2,PR,668,841,1,0,0,0,1,17
media,2012,adulto,1,2,RJ,499,668,1,0,0,0,1,18
media,2012,adulto,1,2,RS,456,606,1,0,0,0,1,22
media,2012,adulto,1,2,SC,353,466,1,0,0,0,1,23
media,2012,adulto,1,2,SP,1187,1660,1,0,0,0,1,25
media,2012,adulto,2,1,BA,222,253,1,0,0,1,0,4
media,2012,adulto,2,1,GO,84,97,1,0,0,1,0,8
media,2012,adulto,2,1,MA,164,186,1,0,0,1,0,9
media,2012,adulto,2,1,MG,326,392,1,0,0,1,0,10
media,2012,adulto,2,1,PE,78,104,1,0,0,1,0,15
media,2012,adulto,2,1,RJ,473,573,1,0,0,1,0,18
media,2012,adulto,2,1,RS,161,179,1,0,0,1,0,22
media,2012,adulto,2,1,SP,418,514,1,0,0,1,0,25
media,2012,adulto,2,2,BA,90,125,1,0,0,1,1,4
media,2012,adulto,2,2,MG,131,175,1,0,0,1,1,10
media,2012,adulto,2,2,RJ,275,358,1,0,0,1,1,18
media,2012,adulto,2,2,SP,180,221,1,0,0,1,1,25
media,2012,adulto,4,1,AL,129,158,1,0,0,3,0,1
media,2012,adulto,4,1,AM,683,742,1,0,0,3,0,2
media,2012,adulto,4,1,BA,1040,1183,1,0,0,3,0,4
media,2012,adulto,4,1,CE,1019,1177,1,0,0,3,0,5
media,2012,adulto,4,1,DF,425,471,1,0,0,3,0,6
media,2012,adulto,4,1,ES,330,371,1,0,0,3,0,7
media,2012,adulto,4,1,GO,854,945,1,0,0,3,0,8
media,2012,adulto,4,1,MA,791,889,1,0,0,3,0,9
media,2012,adulto,4,1,MG,1193,1423,1,0,0,3,0,10
media,2012,adulto,4,1,MS,262,287,1,0,0,3,0,11
media,2012,adulto,4,1,MT,492,559,1,0,0,3,0,12
media,2012,adulto,4,1,PA,1156,1304,1,0,0,3,0,13
media,2012,adulto,4,1,PB,199,229,1,0,0,3,0,14
media,2012,adulto,4,1,PE,1481,1653,1,0,0,3,0,15
media,2012,adulto,4,1,PI,476,551,1,0,0,3,0,16
media,2012,adulto,4,1,PR,492,552,1,0,0,3,0,17
media,2012,adulto,4,1,RJ,1049,1228,1,0,0,3,0,18
media,2012,adulto,4,1,RN,180,207,1,0,0,3,0,19
media,2012,adulto,4,1,SE,434,471,1,0,0,3,0,24
media,2012,adulto,4,1,SP,1643,1979,1,0,0,3,0,25
media,2012,adulto,4,1,TO,162,178,1,0,0,3,0,26
media,2012,adulto,4,2,AL,82,108,1,0,0,3,1,1
media,2012,adulto,4,2,AM,162,191,1,0,0,3,1,2
media,2012,adulto,4,2,BA,376,501,1,0,0,3,1,4
media,2012,adulto,4,2,CE,263,350,1,0,0,3,1,5
media,2012,adulto,4,2,GO,192,241,1,0,0,3,1,8
media,2012,adulto,4,2,MA,297,368,1,0,0,3,1,9
media,2012,adulto,4,2,MG,434,576,1,0,0,3,1,10
media,2012,adulto,4,2,PA,333,433,1,0,0,3,1,13
media,2012,adulto,4,2,PB,71,104,1,0,0,3,1,14
media,2012,adulto,4,2,PE,380,499,1,0,0,3,1,15
media,2012,adulto,4,2,PI,138,175,1,0,0,3,1,16
media,2012,adulto,4,2,PR,128,162,1,0,0,3,1,17
media,2012,adulto,4,2,RJ,538,671,1,0,0,3,1,18
media,2012,adulto,4,2,RN,57,73,1,0,0,3,1,19
media,2012,adulto,4,2,SE,82,109,1,0,0,3,1,24
media,2012,adulto,4,2,SP,568,752,1,0,0,3,1,25
media,2012,idoso,1,1,AL,98,139,1,0,1,0,0,1
media,2012,idoso,1,1,AM,113,158,1,0,1,0,0,2
media,2012,idoso,1,1,BA,337,466,1,0,1,0,0,4
media,2012,idoso,1,1,CE,348,508,1,0,1,0,0,5
media,2012,idoso,1,1,DF,282,410,1,0,1,0,0,6
media,2012,idoso,1,1,ES,358,464,1,0,1,0,0,7
media,2012,idoso,1,1,GO,509,695,1,0,1,0,0,8
media,2012,idoso,1,1,MA,238,310,1,0,1,0,0,9
media,2012,idoso,1,1,MG,2379,3385,1,0,1,0,0,10
media,2012,idoso,1,1,MS,515,674,1,0,1,0,0,11
media,2012,idoso,1,1,MT,378,503,1,0,1,0,0,12
media,2012,idoso,1,1,PA,260,345,1,0,1,0,0,13
media,2012,idoso,1,1,PB,111,173,1,0,1,0,0,14
media,2012,idoso,1,1,PE,761,1039,1,0,1,0,0,15
media,2012,idoso,1,1,PI,110,149,1,0,1,0,0,16
media,2012,idoso,1,1,PR,4201,5523,1,0,1,0,0,17
media,2012,idoso,1,1,RJ,3595,4923,1,0,1,0,0,18
media,2012,idoso,1,1,RN,180,235,1,0,1,0,0,19
media,2012,idoso,1,1,RS,4001,5380,1,0,1,0,0,22
media,2012,idoso,1,1,SC,2511,3316,1,0,1,0,0,23
media,2012,idoso,1,1,SE,115,147,1,0,1,0,0,24
media,2012,idoso,1,1,SP,10049,13858,1,0,1,0,0,25
media,2012,idoso,1,2,AL,64,99,1,0,1,0,1,1
media,2012,idoso,1,2,AM,108,146,1,0,1,0,1,2
media,2012,idoso,1,2,BA,248,357,1,0,1,0,1,4
media,2012,idoso,1,2,CE,361,512,1,0,1,0,1,5
media,2012,idoso,1,2,DF,248,355,1,0,1,0,1,6
media,2012,idoso,1,2,ES,215,292,1,0,1,0,1,7
media,2012,idoso,1,2,GO,405,566,1,0,1,0,1,8
media,2012,idoso,1,2,MA,172,244,1,0,1,0,1,9
media,2012,idoso,1,2,MG,1751,2605,1,0,1,0,1,10
media,2012,idoso,1,2,MS,326,444,1,0,1,0,1,11
media,2012,idoso,1,2,MT,209,294,1,0,1,0,1,12
media,2012,idoso,1,2,PA,213,294,1,0,1,0,1,13
media,2012,idoso,1,2,PB,124,170,1,0,1,0,1,14
media,2012,idoso,1,2,PE,695,967,1,0,1,0,1,15
media,2012,idoso,1,2,PI,93,119,1,0,1,0,1,16
media,2012,idoso,1,2,PR,2720,3703,1,0,1,0,1,17
media,2012,idoso,1,2,RJ,3132,4245,1,0,1,0,1,18
media,2012,idoso,1,2,RN,194,267,1,0,1,0,1,19
media,2012,idoso,1,2,RS,2656,3666,1,0,1,0,1,22
media,2012,idoso,1,2,SC,1532,2152,1,0,1,0,1,23
media,2012,idoso,1,2,SE,99,136,1,0,1,0,1,24
media,2012,idoso,1,2,SP,7064,10081,1,0,1,0,1,25
media,2012,idoso,2,1,BA,238,312,1,0,1,1,0,4
media,2012,idoso,2,1,MA,114,147,1,0,1,1,0,9
media,2012,idoso,2,1,MG,458,622,1,0,1,1,0,10
media,2012,idoso,2,1,PE,157,213,1,0,1,1,0,15
media,2012,idoso,2,1,PR,193,246,1,0,1,1,0,17
media,2012,idoso,2,1,RJ,905,1208,1,0,1,1,0,18
media,2012,idoso,2,1,RS,183,249,1,0,1,1,0,22
media,2012,idoso,2,1,SP,857,1173,1,0,1,1,0,25
media,2012,idoso,2,2,MG,313,418,1,0,1,1,1,10
media,2012,idoso,2,2,RJ,948,1243,1,0,1,1,1,18
media,2012,idoso,2,2,RS,165,210,1,0,1,1,1,22
media,2012,idoso,2,2,SP,622,863,1,0,1,1,1,25
media,2012,idoso,3,1,SP,191,258,1,0,1,2,0,25
media,2012,idoso,3,2,SP,141,206,1,0,1,2,1,25
media,2012,idoso,4,1,AL,218,285,1,0,1,3,0,1
media,2012,idoso,4,1,AM,453,562,1,0,1,3,0,2
media,2012,idoso,4,1,BA,906,1218,1,0,1,3,0,4
media,2012,idoso,4,1,CE,947,1301,1,0,1,3,0,5
media,2012,idoso,4,1,DF,275,399,1,0,1,3,0,6
media,2012,idoso,4,1,ES,311,376,1,0,1,3,0,7
media,2012,idoso,4,1,GO,631,828,1,0,1,3,0,8
media,2012,idoso,4,1,MA,720,881,1,0,1,3,0,9
media,2012,idoso,4,1,MG,1613,2300,1,0,1,3,0,10
media,2012,idoso,4,1,MS,457,580,1,0,1,3,0,11
media,2012,idoso,4,1,MT,503,635,1,0,1,3,0,12
media,2012,idoso,4,1,PA,967,1260,1,0,1,3,0,13
media,2012,idoso,4,1,PB,246,334,1,0,1,3,0,14
media,2012,idoso,4,1,PE,1350,1813,1,0,1,3,0,15
media,2012,idoso,4,1,PI,476,606,1,0,1,3,0,16
media,2012,idoso,4,1,PR,609,773,1,0,1,3,0,17
media,2012,idoso,4,1,RJ,1840,2488,1,0,1,3,0,18
media,2012,idoso,4,1,RN,201,268,1,0,1,3,0,19
media,2012,idoso,4,1,RS,183,242,1,0,1,3,0,22
media,2012,idoso,4,1,SE,242,323,1,0,1,3,0,24
media,2012,idoso,4,1,SP,2447,3278,1,0,1,3,0,25
media,2012,idoso,4,2,AL,134,175,1,0,1,3,1,1
media,2012,idoso,4,2,AM,299,395,1,0,1,3,1,2
media,2012,idoso,4,2,BA,631,838,1,0,1,3,1,4
media,2012,idoso,4,2,CE,690,925,1,0,1,3,1,5
media,2012,idoso,4,2,DF,189,270,1,0,1,3,1,6
media,2012,idoso,4,2,ES,134,188,1,0,1,3,1,7
media,2012,idoso,4,2,GO,393,507,1,0,1,3,1,8
media,2012,idoso,4,2,MA,443,553,1,0,1,3,1,9
media,2012,idoso,4,2,MG,1011,1431,1,0,1,3,1,10
media,2012,idoso,4,2,MS,267,336,1,0,1,3,1,11
media,2012,idoso,4,2,MT,284,372,1,0,1,3,1,12
media,2012,idoso,4,2,PA,667,862,1,0,1,3,1,13
media,2012,idoso,4,2,PB,201,267,1,0,1,3,1,14
media,2012,idoso,4,2,PE,915,1235,1,0,1,3,1,15
media,2012,idoso,4,2,PI,304,368,1,0,1,3,1,16
media,2012,idoso,4,2,PR,357,465,1,0,1,3,1,17
media,2012,idoso,4,2,RJ,1712,2221,1,0,1,3,1,18
media,2012,idoso,4,2,RN,157,208,1,0,1,3,1,19
media,2012,idoso,4,2,SE,168,226,1,0,1,3,1,24
media,2012,idoso,4,2,SP,1574,2143,1,0,1,3,1,25
media,2012,jovem,1,1,GO,159,170,1,0,2,0,0,8
media,2012,jovem,1,1,MG,269,307,1,0,2,0,0,10
media,2012,jovem,1,1,PE,66,82,1,0,2,0,0,15
media,2012,jovem,1,1,PR,1002,1056,1,0,2,0,0,17
media,2012,jovem,1,1,RJ,370,423,1,0,2,0,0,18
media,2012,jovem,1,1,RS,397,448,1,0,2,0,0,22
media,2012,jovem,1,1,SC,275,316,1,0,2,0,0,23
media,2012,jovem,1,1,SP,861,1004,1,0,2,0,0,25
media,2012,jovem,1,2,MG,76,114,1,0,2,0,1,10
media,2012,jovem,1,2,PR,188,246,1,0,2,0,1,17
media,2012,jovem,1,2,RJ,112,160,1,0,2,0,1,18
media,2012,jovem,1,2,RS,82,116,1,0,2,0,1,22
media,2012,jovem,1,2,SP,266,360,1,0,2,0,1,25
media,2012,jovem,2,1,BA,138,148,1,0,2,1,0,4
media,2012,jovem,4,1,AL,63,81,1,0,2,3,0,1
media,2012,jovem,4,1,BA,836,878,1,0,2,3,0,4
media,2012,jovem,4,1,CE,640,671,1,0,2,3,0,5
media,2012,jovem,4,1,ES,218,234,1,0,2,3,0,7
media,2012,jovem,4,1,GO,448,460,1,0,2,3,0,8
media,2012,jovem,4,1,MA,453,492,1,0,2,3,0,9
media,2012,jovem,4,1,MG,531,592,1,0,2,3,0,10
media,2012,jovem,4,1,PA,790,866,1,0,2,3,0,13
media,2012,jovem,4,1,PB,133,143,1,0,2,3,0,14
media,2012,jovem,4,1,PE,903,953,1,0,2,3,0,15
media,2012,jovem,4,1,PI,200,226,1,0,2,3,0,16
media,2012,jovem,4,1,RJ,697,752,1,0,2,3,0,18
media,2012,jovem,4,1,SP,699,766,1,0,2,3,0,25
media,2012,jovem,4,2,BA,171,210,1,0,2,3,1,4
media,2012,jovem,4,2,PA,182,239,1,0,2,3,1,13
media,2012,jovem,4,2,PE,140,179,1,0,2,3,1,15
media,2012,jovem,4,2,SP,128,174,1,0,2,3,1,25
media,2012,meia-idade,1,1,AL,55,72,1,0,3,0,0,1
media,2012,meia-idade,1,1,BA,178,238,1,0,3,0,0,4
media,2012,meia-idade,1,1,CE,207,282,1,0,3,0,0,5
media,2012,meia-idade,1,1,DF,176,244,1,0,3,0,0,6
media,2012,meia-idade,1,1,ES,240,291,1,0,3,0,0,7
media,2012,meia-idade,1,1,GO,300,371,1,0,3,0,0,8
media,2012,meia-idade,1,1,MA,126,170,1,0,3,0,0,9
media,2012,meia-idade,1,1,MG,1364,1819,1,0,3,0,0,10
media,2012,meia-idade,1,1,MS,305,394,1,0,3,0,0,11
media,2012,meia-idade,1,1,MT,277,355,1,0,3,0,0,12
media,2012,meia-idade,1,1,PA,156,194,1,0,3,0,0,13
media,2012,meia-idade,1,1,PE,382,502,1,0,3,0,0,15
media,2012,meia-idade,1,1,PI,61,77,1,0,3,0,0,16
media,2012,meia-idade,1,1,PR,2644,3286,1,0,3,0,0,17
media,2012,meia-idade,1,1,RJ,1636,2246,1,0,3,0,0,18
media,2012,meia-idade,1,1,RN,92,123,1,0,3,0,0,19
media,2012,meia-idade,1,1,RS,2204,2888,1,0,3,0,0,22
media,2012,meia-idade,1,1,SC,1437,1902,1,0,3,0,0,23
media,2012,meia-idade,1,1,SP,5619,7536,1,0,3,0,0,25
media,2012,meia-idade,1,2,AL,45,68,1,0,3,0,1,1
media,2012,meia-idade,1,2,BA,132,178,1,0,3,0,1,4
media,2012,meia-idade,1,2,CE,163,218,1,0,3,0,1,5
media,2012,meia-idade,1,2,ES,127,178,1,0,3,0,1,7
media,2012,meia-idade,1,2,GO,194,278,1,0,3,0,1,8
media,2012,meia-idade,1,2,MA,93,118,1,0,3,0,1,9
media,2012,meia-idade,1,2,MG,821,1195,1,0,3,0,1,10
media,2012,meia-idade,1,2,MS,162,224,1,0,3,0,1,11
media,2012,meia-idade,1,2,MT,123,185,1,0,3,0,1,12
media,2012,meia-idade,1,2,PA,115,158,1,0,3,0,1,13
media,2012,meia-idade,1,2,PE,301,418,1,0,3,0,1,15
media,2012,meia-idade,1,2,PR,1343,1835,1,0,3,0,1,17
media,2012,meia-idade,1,2,RJ,1426,1960,1,0,3,0,1,18
media,2012,meia-idade,1,2,RN,72,98,1,0,3,0,1,19
media,2012,meia-idade,1,2,RS,1251,1731,1,0,3,0,1,22
media,2012,meia-idade,1,2,SC,775,1087,1,0,3,0,1,23
media,2012,meia-idade,1,2,SE,46,68,1,0,3,0,1,24
media,2012,meia-idade,1,2,SP,3356,4806,1,0,3,0,1,25
media,2012,meia-idade,2,1,BA,185,235,1,0,3,1,0,4
media,2012,meia-idade,2,1,ES,82,95,1,0,3,1,0,7
media,2012,meia-idade,2,1,GO,71,97,1,0,3,1,0,8
media,2012,meia-idade,2,1,MA,111,129,1,0,3,1,0,9
media,2012,meia-idade,2,1,MG,418,547,1,0,3,1,0,10
media,2012,meia-idade,2,1,PA,100,138,1,0,3,1,0,13
media,2012,meia-idade,2,1,PE,123,146,1,0,3,1,0,15
media,2012,meia-idade,2,1,PR,129,162,1,0,3,1,0,17
media,2012,meia-idade,2,1,RJ,758,1002,1,0,3,1,0,18
media,2012,meia-idade,2,1,RS,168,207,1,0,3,1,0,22
media,2012,meia-idade,2,1,SE,42,54,1,0,3,1,0,24
media,2012,meia-idade,2,1,SP,727,959,1,0,3,1,0,25
media,2012,meia-idade,2,2,BA,117,160,1,0,3,1,1,4
media,2012,meia-idade,2,2,MA,74,91,1,0,3,1,1,9
media,2012,meia-idade,2,2,MG,279,349,1,0,3,1,1,10
media,2012,meia-idade,2,2,PA,43,60,1,0,3,1,1,13
media,2012,meia-idade,2,2,PE,77,108,1,0,3,1,1,15
media,2012,meia-idade,2,2,RJ,686,887,1,0,3,1,1,18
media,2012,meia-idade,2,2,RS,109,148,1,0,3,1,1,22
media,2012,meia-idade,2,2,SP,450,583,1,0,3,1,1,25
media,2012,meia-idade,4,1,AL,165,224,1,0,3,3,0,1
media,2012,meia-idade,4,1,AM,389,489,1,0,3,3,0,2
media,2012,meia-idade,4,1,BA,790,1020,1,0,3,3,0,4
media,2012,meia-idade,4,1,CE,882,1156,1,0,3,3,0,5
media,2012,meia-idade,4,1,DF,312,389,1,0,3,3,0,6
media,2012,meia-idade,4,1,ES,319,387,1,0,3,3,0,7
media,2012,meia-idade,4,1,GO,601,723,1,0,3,3,0,8
media,2012,meia-idade,4,1,MA,618,719,1,0,3,3,0,9
media,2012,meia-idade,4,1,MG,1468,1928,1,0,3,3,0,10
media,2012,meia-idade,4,1,MS,353,450,1,0,3,3,0,11
media,2012,meia-idade,4,1,MT,487,619,1,0,3,3,0,12
media,2012,meia-idade,4,1,PA,791,999,1,0,3,3,0,13
media,2012,meia-idade,4,1,PB,206,289,1,0,3,3,0,14
media,2012,meia-idade,4,1,PE,1169,1503,1,0,3,3,0,15
media,2012,meia-idade,4,1,PI,446,546,1,0,3,3,0,16
media,2012,meia-idade,4,1,PR,498,618,1,0,3,3,0,17
media,2012,meia-idade,4,1,RJ,1539,1996,1,0,3,3,0,18
media,2012,meia-idade,4,1,RN,134,182,1,0,3,3,0,19
media,2012,meia-idade,4,1,RS,167,211,1,0,3,3,0,22
media,2012,meia-idade,4,1,SE,226,284,1,0,3,3,0,24
media,2012,meia-idade,4,1,SP,2284,2994,1,0,3,3,0,25
media,2012,meia-idade,4,1,TO,123,156,1,0,3,3,0,26
media,2012,meia-idade,4,2,AL,93,138,1,0,3,3,1,1
media,2012,meia-idade,4,2,AM,217,304,1,0,3,3,1,2
media,2012,meia-idade,4,2,BA,489,654,1,0,3,3,1,4
media,2012,meia-idade,4,2,CE,466,644,1,0,3,3,1,5
media,2012,meia-idade,4,2,DF,131,184,1,0,3,3,1,6
media,2012,meia-idade,4,2,ES,152,194,1,0,3,3,1,7
media,2012,meia-idade,4,2,GO,321,417,1,0,3,3,1,8
media,2012,meia-idade,4,2,MA,312,402,1,0,3,3,1,9
media,2012,meia-idade,4,2,MG,821,1165,1,0,3,3,1,10
media,2012,meia-idade,4,2,MS,189,247,1,0,3,3,1,11
media,2012,meia-idade,4,2,MT,201,282,1,0,3,3,1,12
media,2012,meia-idade,4,2,PA,471,634,1,0,3,3,1,13
media,2012,meia-idade,4,2,PB,109,156,1,0,3,3,1,14
media,2012,meia-idade,4,2,PE,645,847,1,0,3,3,1,15
media,2012,meia-idade,4,2,PI,206,277,1,0,3,3,1,16
media,2012,meia-idade,4,2,PR,263,334,1,0,3,3,1,17
media,2012,meia-idade,4,2,RJ,1169,1545,1,0,3,3,1,18
media,2012,meia-idade,4,2,RN,107,140,1,0,3,3,1,19
media,2012,meia-idade,4,2,RS,86,106,1,0,3,3,1,22
media,2012,meia-idade,4,2,SE,131,186,1,0,3,3,1,24
media,2012,meia-idade,4,2,SP,1279,1715,1,0,3,3,1,25
media,2012,meia-idade,4,2,TO,67,92,1,0,3,3,1,26
media,2019,adulto,1,1,BA,201,245,1,1,0,0,0,4
media,2019,adulto,1,1,CE,159,207,1,1,0,0,0,5
media,2019,adulto,1,1,GO,276,332,1,1,0,0,0,8
media,2019,adulto,1,1,MG,771,935,1,1,0,0,0,10
media,2019,adulto,1,1,PA,115,139,1,1,0,0,0,13
media,2019,adulto,1,1,PE,431,501,1,1,0,0,0,15
media,2019,adulto,1,1,PR,1052,1246,1,1,0,0,0,17
media,2019,adulto,1,1,RJ,632,752,1,1,0,0,0,18
media,2019,adulto,1,1,RS,728,839,1,1,0,0,0,22
media,2019,adulto,1,1,SC,624,747,1,1,0,0,0,23
media,2019,adulto,1,1,SP,1736,2255,1,1,0,0,0,25
media,2019,adulto,1,2,MG,335,494,1,1,0,0,1,10
media,2019,adulto,1,2,PE,150,208,1,1,0,0,1,15
media,2019,adulto,1,2,PR,423,556,1,1,0,0,1,17
media,2019,adulto,1,2,RJ,391,540,1,1,0,0,1,18
media,2019,adulto,1,2,RS,362,463,1,1,0,0,1,22
media,2019,adulto,1,2,SP,1000,1485,1,1,0,0,1,25
media,2019,adulto,2,1,BA,406,476,1,1,0,1,0,4
media,2019,adulto,2,1,MA,115,132,1,1,0,1,0,9
media,2019,adulto,2,1,MG,369,452,1,1,0,1,0,10
media,2019,adulto,2,1,RJ,486,569,1,1,0,1,0,18
media,2019,adulto,2,1,SP,300,379,1,1,0,1,0,25
media,2019,adulto,2,2,BA,118,169,1,1,0,1,1,4
media,2019,adulto,2,2,RJ,265,329,1,1,0,1,1,18
media,2019,adulto,4,1,AC,39,45,1,1,0,3,0,0
media,2019,adulto,4,1,AL,311,354,1,1,0,3,0,1
media,2019,adulto,4,1,AM,679,748,1,1,0,3,0,2
media,2019,adulto,4,1,BA,1819,2018,1,1,0,3,0,4
media,2019,adulto,4,1,CE,1462,1652,1,1,0,3,0,5
media,2019,adulto,4,1,ES,190,222,1,1,0,3,0,7
media,2019,adulto,4,1,GO,826,929,1,1,0,3,0,8
media,2019,adulto,4,1,MA,845,966,1,1,0,3,0,9
media,2019,adulto,4,1,MG,1343,1614,1,1,0,3,0,10
media,2019,adulto,4,1,MS,247,283,1,1,0,3,0,11
media,2019,adulto,4,1,MT,365,411,1,1,0,3,0,12
media,2019,adulto,4,1,PA,1215,1337,1,1,0,3,0,13
media,2019,adulto,4,1,PB,143,179,1,1,0,3,0,14
media,2019,adulto,4,1,PE,1790,2000,1,1,0,3,0,15
media,2019,adulto,4,1,PI,413,459,1,1,0,3,0,16
media,2019,adulto,4,1,PR,405,446,1,1,0,3,0,17
media,2019,adulto,4,1,RJ,1122,1281,1,1,0,3,0,18
media,2019,adulto,4,1,RN,329,356,1,1,0,3,0,19
media,2019,adulto,4,1,SE,507,541,1,1,0,3,0,24
media,2019,adulto,4,1,SP,1374,1701,1,1,0,3,0,25
media,2019,adulto,4,1,TO,186,201,1,1,0,3,0,26
media,2019,adulto,4,2,AL,66,84,1,1,0,3,1,1
media,2019,adulto,4,2,AM,183,225,1,1,0,3,1,2
media,2019,adulto,4,2,BA,512,676,1,1,0,3,1,4
media,2019,adulto,4,2,CE,409,562,1,1,0,3,1,5
media,2019,adulto,4,2,GO,224,288,1,1,0,3,1,8
media,2019,adulto,4,2,MA,244,337,1,1,0,3,1,9
media,2019,adulto,4,2,MG,464,630,1,1,0,3,1,10
media,2019,adulto,4,2,PA,367,475,1,1,0,3,1,13
media,2019,adulto,4,2,PE,458,592,1,1,0,3,1,15
media,2019,adulto,4,2,PI,129,165,1,1,0,3,1,16
media,2019,adulto,4,2,RJ,485,626,1,1,0,3,1,18
media,2019,adulto,4,2,SP,522,720,1,1,0,3,1,25
media,2019,idoso,1,1,AL,120,170,1,1,1,0,0,1
media,2019,idoso,1,1,AM,123,164,1,1,1,0,0,2
media,2019,idoso,1,1,BA,601,877,1,1,1,0,0,4
media,2019,idoso,1,1,CE,532,778,1,1,1,0,0,5
media,2019,idoso,1,1,DF,315,428,1,1,1,0,0,6
media,2019,idoso,1,1,ES,405,536,1,1,1,0,0,7
media,2019,idoso,1,1,GO,930,1305,1,1,1,0,0,8
media,2019,idoso,1,1,MA,265,335,1,1,1,0,0,9
media,2019,idoso,1,1,MG,3690,5231,1,1,1,0,0,10
media,2019,idoso,1,1,MS,568,751,1,1,1,0,0,11
media,2019,idoso,1,1,MT,472,627,1,1,1,0,0,12
media,2019,idoso,1,1,PA,316,416,1,1,1,0,0,13
media,2019,idoso,1,1,PB,139,200,1,1,1,0,0,14
media,2019,idoso,1,1,PE,886,1225,1,1,1,0,0,15
media,2019,idoso,1,1,PI,145,200,1,1,1,0,0,16
media,2019,idoso,1,1,PR,4301,5823,1,1,1,0,0,17
media,2019,idoso,1,1,RJ,3866,5289,1,1,1,0,0,18
media,2019,idoso,1,1,RN,281,380,1,1,1,0,0,19
media,2019,idoso,1,1,RO,163,228,1,1,1,0,0,20
media,2019,idoso,1,1,RS,4477,5917,1,1,1,0,0,22
media,2019,idoso,1,1,SC,3057,4200,1,1,1,0,0,23
media,2019,idoso,1,1,SE,137,203,1,1,1,0,0,24
media,2019,idoso,1,1,SP,12826,18052,1,1,1,0,0,25
media,2019,idoso,1,1,TO,90,126,1,1,1,0,0,26
media,2019,idoso,1,2,AL,133,167,1,1,1,0,1,1
media,2019,idoso,1,2,AM,100,129,1,1,1,0,1,2
media,2019,idoso,1,2,BA,446,636,1,1,1,0,1,4
media,2019,idoso,1,2,CE,549,784,1,1,1,0,1,5
media,2019,idoso,1,2,DF,269,401,1,1,1,0,1,6
media,2019,idoso,1,2,ES,214,307,1,1,1,0,1,7
media,2019,idoso,1,2,GO,658,946,1,1,1,0,1,8
media,2019,idoso,1,2,MA,207,280,1,1,1,0,1,9
media,2019,idoso,1,2,MG,2682,3940,1,1,1,0,1,10
media,2019,idoso,1,2,MS,396,542,1,1,1,0,1,11
media,2019,idoso,1,2,MT,251,360,1,1,1,0,1,12
media,2019,idoso,1,2,PA,250,327,1,1,1,0,1,13
media,2019,idoso,1,2,PB,135,197,1,1,1,0,1,14
media,2019,idoso,1,2,PE,797,1127,1,1,1,0,1,15
media,2019,idoso,1,2,PI,98,135,1,1,1,0,1,16
media,2019,idoso,1,2,PR,2795,3951,1,1,1,0,1,17
media,2019,idoso,1,2,RJ,3585,4803,1,1,1,0,1,18
media,2019,idoso,1,2,RN,247,338,1,1,1,0,1,19
media,2019,idoso,1,2,RO,104,142,1,1,1,0,1,20
media,2019,idoso,1,2,RS,3023,4099,1,1,1,0,1,22
media,2019,idoso,1,2,SC,1917,2749,1,1,1,0,1,23
media,2019,idoso,1,2,SE,110,155,1,1,1,0,1,24
media,2019,idoso,1,2,SP,9326,13610,1,1,1,0,1,25
media,2019,idoso,1,2,TO,64,87,1,1,1,0,1,26
media,2019,idoso,2,1,BA,458,664,1,1,1,1,0,4
media,2019,idoso,2,1,GO,162,212,1,1,1,1,0,8
media,2019,idoso,2,1,MA,161,208,1,1,1,1,0,9
media,2019,idoso,2,1,MG,913,1255,1,1,1,1,0,10
media,2019,idoso,2,1,MT,84,102,1,1,1,1,0,12
media,2019,idoso,2,1,PA,116,143,1,1,1,1,0,13
media,2019,idoso,2,1,PE,235,307,1,1,1,1,0,15
media,2019,idoso,2,1,PR,226,286,1,1,1,1,0,17
media,2019,idoso,2,1,RJ,1188,1582,1,1,1,1,0,18
media,2019,idoso,2,1,RS,267,346,1,1,1,1,0,22
media,2019,idoso,2,1,SC,98,135,1,1,1,1,0,23
media,2019,idoso,2,1,SE,54,78,1,1,1,1,0,24
media,2019,idoso,2,1,SP,1345,1839,1,1,1,1,0,25
media,2019,idoso,2,2,BA,377,507,1,1,1,1,1,4
media,2019,idoso,2,2,MA,115,145,1,1,1,1,1,9
media,2019,idoso,2,2,MG,591,793,1,1,1,1,1,10
media,2019,idoso,2,2,PA,76,104,1,1,1,1,1,13
media,2019,idoso,2,2,PE,148,205,1,1,1,1,1,15
media,2019,idoso,2,2,PR,113,164,1,1,1,1,1,17
media,2019,idoso,2,2,RJ,1229,1641,1,1,1,1,1,18
media,2019,idoso,2,2,RS,226,278,1,1,1,1,1,22
media,2019,idoso,2,2,SP,974,1383,1,1,1,1,1,25
media,2019,idoso,4,1,AC,81,100,1,1,1,3,0,0
media,2019,idoso,4,1,AL,299,380,1,1,1,3,0,1
media,2019,idoso,4,1,AM,662,828,1,1,1,3,0,2
media,2019,idoso,4,1,AP,91,117,1,1,1,3,0,3
media,2019,idoso,4,1,BA,1949,2739,1,1,1,3,0,4
media,2019,idoso,4,1,CE,1843,2490,1,1,1,3,0,5
media,2019,idoso,4,1,DF,324,432,1,1,1,3,0,6
media,2019,idoso,4,1,ES,380,458,1,1,1,3,0,7
media,2019,idoso,4,1,GO,1130,1483,1,1,1,3,0,8
media,2019,idoso,4,1,MA,995,1278,1,1,1,3,0,9
media,2019,idoso,4,1,MG,3056,4208,1,1,1,3,0,10
media,2019,idoso,4,1,MS,598,733,1,1,1,3,0,11
media,2019,idoso,4,1,MT,586,794,1,1,1,3,0,12
media,2019,idoso,4,1,PA,1367,1791,1,1,1,3,0,13
media,2019,idoso,4,1,PB,382,501,1,1,1,3,0,14
media,2019,idoso,4,1,PE,2001,2655,1,1,1,3,0,15
media,2019,idoso,4,1,PI,488,637,1,1,1,3,0,16
media,2019,idoso,4,1,PR,898,1180,1,1,1,3,0,17
media,2019,idoso,4,1,RJ,2675,3517,1,1,1,3,0,18
media,2019,idoso,4,1,RN,389,512,1,1,1,3,0,19
media,2019,idoso,4,1,RO,220,301,1,1,1,3,0,20
media,2019,idoso,4,1,RR,95,123,1,1,1,3,0,21
media,2019,idoso,4,1,RS,283,362,1,1,1,3,0,22
media,2019,idoso,4,1,SC,172,224,1,1,1,3,0,23
media,2019,idoso,4,1,SE,377,471,1,1,1,3,0,24
media,2019,idoso,4,1,SP,4185,5674,1,1,1,3,0,25
media,2019,idoso,4,1,TO,240,311,1,1,1,3,0,26
media,2019,idoso,4,2,AL,185,243,1,1,1,3,1,1
media,2019,idoso,4,2,AM,454,586,1,1,1,3,1,2
media,2019,idoso,4,2,BA,1320,1841,1,1,1,3,1,4
media,2019,idoso,4,2,CE,1357,1883,1,1,1,3,1,5
media,2019,idoso,4,2,DF,237,327,1,1,1,3,1,6
media,2019,idoso,4,2,ES,212,267,1,1,1,3,1,7
media,2019,idoso,4,2,GO,688,910,1,1,1,3,1,8
media,2019,idoso,4,2,MA,724,912,1,1,1,3,1,9
media,2019,idoso,4,2,MG,1918,2771,1,1,1,3,1,10
media,2019,idoso,4,2,MS,342,446,1,1,1,3,1,11
media,2019,idoso,4,2,MT,353,469,1,1,1,3,1,12
media,2019,idoso,4,2,PA,919,1201,1,1,1,3,1,13
media,2019,idoso,4,2,PB,289,386,1,1,1,3,1,14
media,2019,idoso,4,2,PE,1280,1780,1,1,1,3,1,15
media,2019,idoso,4,2,PI,354,439,1,1,1,3,1,16
media,2019,idoso,4,2,PR,500,680,1,1,1,3,1,17
media,2019,idoso,4,2,RJ,2391,3172,1,1,1,3,1,18
media,2019,idoso,4,2,RN,332,422,1,1,1,3,1,19
media,2019,idoso,4,2,RO,128,182,1,1,1,3,1,20
media,2019,idoso,4,2,RR,44,59,1,1,1,3,1,21
media,2019,idoso,4,2,RS,202,265,1,1,1,3,1,22
media,2019,idoso,4,2,SC,108,137,1,1,1,3,1,23
media,2019,idoso,4,2,SE,257,354,1,1,1,3,1,24
media,2019,idoso,4,2,SP,2845,3943,1,1,1,3,1,25
media,2019,idoso,4,2,TO,168,203,1,1,1,3,1,26
media,2019,jovem,1,1,MG,198,238,1,1,2,0,0,10
media,2019,jovem,1,1,PE,220,254,1,1,2,0,0,15
media,2019,jovem,1,1,PR,346,378,1,1,2,0,0,17
media,2019,jovem,1,1,RS,242,269,1,1,2,0,0,22
media,2019,jovem,1,1,SP,432,545,1,1,2,0,0,25
media,2019,jovem,1,2,MG,76,109,1,1,2,0,1,10
media,2019,jovem,1,2,PR,89,133,1,1,2,0,1,17
media,2019,jovem,1,2,SC,51,74,1,1,2,0,1,23
media,2019,jovem,1,2,SP,159,255,1,1,2,0,1,25
media,2019,jovem,4,1,AM,423,455,1,1,2,3,0,2
media,2019,jovem,4,1,BA,1239,1293,1,1,2,3,0,4
media,2019,jovem,4,1,CE,642,692,1,1,2,3,0,5
media,2019,jovem,4,1,MA,324,367,1,1,2,3,0,9
media,2019,jovem,4,1,MG,433,486,1,1,2,3,0,10
media,2019,jovem,4,1,PA,696,747,1,1,2,3,0,13
media,2019,jovem,4,1,PE,979,1031,1,1,2,3,0,15
media,2019,jovem,4,1,SP,502,565,1,1,2,3,0,25
media,2019,jovem,4,2,CE,139,167,1,1,2,3,1,5
media,2019,jovem,4,2,MA,65,92,1,1,2,3,1,9
media,2019,jovem,4,2,MG,84,124,1,1,2,3,1,10
media,2019,jovem,4,2,SP,126,173,1,1,2,3,1,25
media,2019,meia-idade,1,1,AL,67,88,1,1,3,0,0,1
media,2019,meia-idade,1,1,BA,287,385,1,1,3,0,0,4
media,2019,meia-idade,1,1,CE,238,333,1,1,3,0,0,5
media,2019,meia-idade,1,1,ES,171,207,1,1,3,0,0,7
media,2019,meia-idade,1,1,GO,433,560,1,1,3,0,0,8
media,2019,meia-idade,1,1,MA,114,154,1,1,3,0,0,9
media,2019,meia-idade,1,1,MG,1721,2351,1,1,3,0,0,10
media,2019,meia-idade,1,1,MS,250,324,1,1,3,0,0,11
media,2019,meia-idade,1,1,MT,244,313,1,1,3,0,0,12
media,2019,meia-idade,1,1,PA,120,157,1,1,3,0,0,13
media,2019,meia-idade,1,1,PB,64,88,1,1,3,0,0,14
media,2019,meia-idade,1,1,PE,464,603,1,1,3,0,0,15
media,2019,meia-idade,1,1,PI,68,88,1,1,3,0,0,16
media,2019,meia-idade,1,1,PR,2068,2645,1,1,3,0,0,17
media,2019,meia-idade,1,1,RJ,1410,1857,1,1,3,0,0,18
media,2019,meia-idade,1,1,RN,138,184,1,1,3,0,0,19
media,2019,meia-idade,1,1,RS,1741,2224,1,1,3,0,0,22
media,2019,meia-idade,1,1,SC,1355,1810,1,1,3,0,0,23
media,2019,meia-idade,1,1,SE,61,92,1,1,3,0,0,24
media,2019,meia-idade,1,1,SP,5109,7066,1,1,3,0,0,25
media,2019,meia-idade,1,2,BA,183,271,1,1,3,0,1,4
media,2019,meia-idade,1,2,CE,185,279,1,1,3,0,1,5
media,2019,meia-idade,1,2,DF,115,176,1,1,3,0,1,6
media,2019,meia-idade,1,2,GO,309,435,1,1,3,0,1,8
media,2019,meia-idade,1,2,MA,95,142,1,1,3,0,1,9
media,2019,meia-idade,1,2,MG,1083,1553,1,1,3,0,1,10
media,2019,meia-idade,1,2,MS,156,211,1,1,3,0,1,11
media,2019,meia-idade,1,2,MT,120,159,1,1,3,0,1,12
media,2019,meia-idade,1,2,PA,102,141,1,1,3,0,1,13
media,2019,meia-idade,1,2,PB,47,78,1,1,3,0,1,14
media,2019,meia-idade,1,2,PE,358,515,1,1,3,0,1,15
media,2019,meia-idade,1,2,PI,56,83,1,1,3,0,1,16
media,2019,meia-idade,1,2,PR,1164,1619,1,1,3,0,1,17
media,2019,meia-idade,1,2,RJ,1148,1596,1,1,3,0,1,18
media,2019,meia-idade,1,2,RN,108,150,1,1,3,0,1,19
media,2019,meia-idade,1,2,RS,1055,1396,1,1,3,0,1,22
media,2019,meia-idade,1,2,SC,868,1203,1,1,3,0,1,23
media,2019,meia-idade,1,2,SP,3161,4619,1,1,3,0,1,25
media,2019,meia-idade,2,1,BA,383,489,1,1,3,1,0,4
media,2019,meia-idade,2,1,GO,170,214,1,1,3,1,0,8
media,2019,meia-idade,2,1,MA,123,156,1,1,3,1,0,9
media,2019,meia-idade,2,1,MG,667,854,1,1,3,1,0,10
media,2019,meia-idade,2,1,MT,76,89,1,1,3,1,0,12
media,2019,meia-idade,2,1,PA,80,98,1,1,3,1,0,13
media,2019,meia-idade,2,1,PE,193,236,1,1,3,1,0,15
media,2019,meia-idade,2,1,PR,164,196,1,1,3,1,0,17
media,2019,meia-idade,2,1,RJ,720,923,1,1,3,1,0,18
media,2019,meia-idade,2,1,RS,173,215,1,1,3,1,0,22
media,2019,meia-idade,2,1,SE,60,70,1,1,3,1,0,24
media,2019,meia-idade,2,1,SP,764,991,1,1,3,1,0,25
media,2019,meia-idade,2,2,BA,275,354,1,1,3,1,1,4
media,2019,meia-idade,2,2,GO,67,84,1,1,3,1,1,8
media,2019,meia-idade,2,2,MA,59,79,1,1,3,1,1,9
media,2019,meia-idade,2,2,MG,347,460,1,1,3,1,1,10
media,2019,meia-idade,2,2,PA,48,62,1,1,3,1,1,13
media,2019,meia-idade,2,2,PE,88,126,1,1,3,1,1,15
media,2019,meia-idade,2,2,PR,61,93,1,1,3,1,1,17
media,2019,meia-idade,2,2,RJ,627,843,1,1,3,1,1,18
media,2019,meia-idade,2,2,SP,452,643,1,1,3,1,1,25
media,2019,meia-idade,4,1,AL,277,349,1,1,3,3,0,1
media,2019,meia-idade,4,1,AM,447,558,1,1,3,3,0,2
media,2019,meia-idade,4,1,BA,1565,1994,1,1,3,3,0,4
media,2019,meia-idade,4,1,CE,1589,2049,1,1,3,3,0,5
media,2019,meia-idade,4,1,DF,289,345,1,1,3,3,0,6
media,2019,meia-idade,4,1,ES,300,350,1,1,3,3,0,7
media,2019,meia-idade,4,1,GO,930,1171,1,1,3,3,0,8
media,2019,meia-idade,4,1,MA,711,877,1,1,3,3,0,9
media,2019,meia-idade,4,1,MG,2130,2840,1,1,3,3,0,10
media,2019,meia-idade,4,1,MS,405,492,1,1,3,3,0,11
media,2019,meia-idade,4,1,MT,447,564,1,1,3,3,0,12
media,2019,meia-idade,4,1,PA,922,1149,1,1,3,3,0,13
media,2019,meia-idade,4,1,PB,260,337,1,1,3,3,0,14
media,2019,meia-idade,4,1,PE,1668,2085,1,1,3,3,0,15
media,2019,meia-idade,4,1,PI,399,494,1,1,3,3,0,16
media,2019,meia-idade,4,1,PR,614,794,1,1,3,3,0,17
media,2019,meia-idade,4,1,RJ,1499,1942,1,1,3,3,0,18
media,2019,meia-idade,4,1,RN,342,413,1,1,3,3,0,19
media,2019,meia-idade,4,1,RO,182,230,1,1,3,3,0,20
media,2019,meia-idade,4,1,RR,67,87,1,1,3,3,0,21
media,2019,meia-idade,4,1,RS,168,209,1,1,3,3,0,22
media,2019,meia-idade,4,1,SE,313,385,1,1,3,3,0,24
media,2019,meia-idade,4,1,SP,2758,3628,1,1,3,3,0,25
media,2019,meia-idade,4,1,TO,173,210,1,1,3,3,0,26
media,2019,meia-idade,4,2,AL,117,154,1,1,3,3,1,1
media,2019,meia-idade,4,2,AM,279,357,1,1,3,3,1,2
media,2019,meia-idade,4,2,AP,41,55,1,1,3,3,1,3
media,2019,meia-idade,4,2,BA,810,1121,1,1,3,3,1,4
media,2019,meia-idade,4,2,CE,810,1131,1,1,3,3,1,5
media,2019,meia-idade,4,2,ES,143,185,1,1,3,3,1,7
media,2019,meia-idade,4,2,GO,460,597,1,1,3,3,1,8
media,2019,meia-idade,4,2,MA,438,572,1,1,3,3,1,9
media,2019,meia-idade,4,2,MG,1232,1706,1,1,3,3,1,10
media,2019,meia-idade,4,2,MS,207,283,1,1,3,3,1,11
media,2019,meia-idade,4,2,MT,237,305,1,1,3,3,1,12
media,2019,meia-idade,4,2,PA,564,736,1,1,3,3,1,13
media,2019,meia-idade,4,2,PB,160,219,1,1,3,3,1,14
media,2019,meia-idade,4,2,PE,841,1133,1,1,3,3,1,15
media,2019,meia-idade,4,2,PI,232,275,1,1,3,3,1,16
media,2019,meia-idade,4,2,PR,359,463,1,1,3,3,1,17
media,2019,meia-idade,4,2,RJ,1223,1598,1,1,3,3,1,18
media,2019,meia-idade,4,2,RN,164,233,1,1,3,3,1,19
media,2019,meia-idade,4,2,RO,77,107,1,1,3,3,1,20
media,2019,meia-idade,4,2,SC,72,93,1,1,3,3,1,23
media,2019,meia-idade,4,2,SE,195,257,1,1,3,3,1,24
media,2019,meia-idade,4,2,SP,1524,2099,1,1,3,3,1,25
media,2019,meia-idade,4,2,TO,78,105,1,1,3,3,1,26
media,2020,adulto,1,1,BA,216,280,1,2,0,0,0,4
media,2020,adulto,1,1,CE,176,243,1,2,0,0,0,5
media,2020,adulto,1,1,GO,282,378,1,2,0,0,0,8
media,2020,adulto,1,1,MA,115,147,1,2,0,0,0,9
media,2020,adulto,1,1,MG,649,873,1,2,0,0,0,10
media,2020,adulto,1,1,PE,401,505,1,2,0,0,0,15
media,2020,adulto,1,1,PR,1048,1298,1,2,0,0,0,17
media,2020,adulto,1,1,RJ,612,863,1,2,0,0,0,18
media,2020,adulto,1,1,RS,677,821,1,2,0,0,0,22
media,2020,adulto,1,1,SC,567,720,1,2,0,0,0,23
media,2020,adulto,1,1,SP,1807,2595,1,2,0,0,0,25
media,2020,adulto,1,2,CE,99,165,1,2,0,0,1,5
media,2020,adulto,1,2,MG,338,516,1,2,0,0,1,10
media,2020,adulto,1,2,PE,141,220,1,2,0,0,1,15
media,2020,adulto,1,2,PR,372,551,1,2,0,0,1,17
media,2020,adulto,1,2,RJ,361,601,1,2,0,0,1,18
media,2020,adulto,1,2,RS,336,466,1,2,0,0,1,22
media,2020,adulto,1,2,SC,286,385,1,2,0,0,1,23
media,2020,adulto,1,2,SP,939,1557,1,2,0,0,1,25
media,2020,adulto,2,1,BA,454,538,1,2,0,1,0,4
media,2020,adulto,2,1,CE,35,60,1,2,0,1,0,5
media,2020,adulto,2,1,MA,161,189,1,2,0,1,0,9
media,2020,adulto,2,1,MG,352,448,1,2,0,1,0,10
media,2020,adulto,2,1,PE,108,135,1,2,0,1,0,15
media,2020,adulto,2,1,RJ,459,598,1,2,0,1,0,18
media,2020,adulto,2,1,SP,335,462,1,2,0,1,0,25
media,2020,adulto,2,2,BA,142,221,1,2,0,1,1,4
media,2020,adulto,2,2,MG,148,214,1,2,0,1,1,10
media,2020,adulto,4,1,AC,61,70,1,2,0,3,0,0
media,2020,adulto,4,1,AL,395,439,1,2,0,3,0,1
media,2020,adulto,4,1,AM,557,691,1,2,0,3,0,2
media,2020,adulto,4,1,BA,1947,2229,1,2,0,3,0,4
media,2020,adulto,4,1,CE,1732,2067,1,2,0,3,0,5
media,2020,adulto,4,1,ES,174,206,1,2,0,3,0,7
media,2020,adulto,4,1,GO,876,1032,1,2,0,3,0,8
media,2020,adulto,4,1,MA,877,1061,1,2,0,3,0,9
media,2020,adulto,4,1,MG,1246,1543,1,2,0,3,0,10
media,2020,adulto,4,1,MS,211,265,1,2,0,3,0,11
media,2020,adulto,4,1,MT,345,412,1,2,0,3,0,12
media,2020,adulto,4,1,PA,1043,1250,1,2,0,3,0,13
media,2020,adulto,4,1,PB,178,233,1,2,0,3,0,14
media,2020,adulto,4,1,PE,1921,2199,1,2,0,3,0,15
media,2020,adulto,4,1,PI,443,501,1,2,0,3,0,16
media,2020,adulto,4,1,PR,477,565,1,2,0,3,0,17
media,2020,adulto,4,1,RJ,1074,1339,1,2,0,3,0,18
media,2020,adulto,4,1,RN,287,338,1,2,0,3,0,19
media,2020,adulto,4,1,RO,143,180,1,2,0,3,0,20
media,2020,adulto,4,1,SE,515,582,1,2,0,3,0,24
media,2020,adulto,4,1,SP,1442,1952,1,2,0,3,0,25
media,2020,adulto,4,1,TO,195,228,1,2,0,3,0,26
media,2020,adulto,4,2,AM,161,225,1,2,0,3,1,2
media,2020,adulto,4,2,BA,457,670,1,2,0,3,1,4
media,2020,adulto,4,2,CE,437,626,1,2,0,3,1,5
media,2020,adulto,4,2,GO,232,332,1,2,0,3,1,8
media,2020,adulto,4,2,MA,283,411,1,2,0,3,1,9
media,2020,adulto,4,2,MG,434,619,1,2,0,3,1,10
media,2020,adulto,4,2,PA,368,538,1,2,0,3,1,13
media,2020,adulto,4,2,PE,418,600,1,2,0,3,1,15
media,2020,adulto,4,2,PI,110,144,1,2,0,3,1,16
media,2020,adulto,4,2,RJ,463,674,1,2,0,3,1,18
media,2020,adulto,4,2,SE,103,138,1,2,0,3,1,24
media,2020,adulto,4,2,SP,493,755,1,2,0,3,1,25
media,2020,idoso,1,1,AL,117,174,1,2,1,0,0,1
media,2020,idoso,1,1,AM,124,277,1,2,1,0,0,2
media,2020,idoso,1,1,BA,566,981,1,2,1,0,0,4
media,2020,idoso,1,1,CE,491,901,1,2,1,0,0,5
media,2020,idoso,1,1,DF,369,682,1,2,1,0,0,6
media,2020,idoso,1,1,ES,357,559,1,2,1,0,0,7
media,2020,idoso,1,1,GO,872,1531,1,2,1,0,0,8
media,2020,idoso,1,1,MA,277,473,1,2,1,0,0,9
media,2020,idoso,1,1,MG,3594,5804,1,2,1,0,0,10
media,2020,idoso,1,1,MS,521,816,1,2,1,0,0,11
media,2020,idoso,1,1,MT,446,757,1,2,1,0,0,12
media,2020,idoso,1,1,PA,357,648,1,2,1,0,0,13
media,2020,idoso,1,1,PB,141,249,1,2,1,0,0,14
media,2020,idoso,1,1,PE,921,1594,1,2,1,0,0,15
media,2020,idoso,1,1,PI,140,221,1,2,1,0,0,16
media,2020,idoso,1,1,PR,4005,6282,1,2,1,0,0,17
media,2020,idoso,1,1,RJ,3614,6609,1,2,1,0,0,18
media,2020,idoso,1,1,RN,253,426,1,2,1,0,0,19
media,2020,idoso,1,1,RO,157,261,1,2,1,0,0,20
media,2020,idoso,1,1,RS,4102,6160,1,2,1,0,0,22
media,2020,idoso,1,1,SC,2897,4725,1,2,1,0,0,23
media,2020,idoso,1,1,SE,134,236,1,2,1,0,0,24
media,2020,idoso,1,1,SP,11930,20505,1,2,1,0,0,25
media,2020,idoso,1,1,TO,91,159,1,2,1,0,0,26
media,2020,idoso,1,2,AL,98,143,1,2,1,0,1,1
media,2020,idoso,1,2,AM,90,197,1,2,1,0,1,2
media,2020,idoso,1,2,BA,442,740,1,2,1,0,1,4
media,2020,idoso,1,2,CE,484,907,1,2,1,0,1,5
media,2020,idoso,1,2,DF,283,494,1,2,1,0,1,6
media,2020,idoso,1,2,ES,236,374,1,2,1,0,1,7
media,2020,idoso,1,2,GO,678,1170,1,2,1,0,1,8
media,2020,idoso,1,2,MA,228,371,1,2,1,0,1,9
media,2020,idoso,1,2,MG,2638,4319,1,2,1,0,1,10
media,2020,idoso,1,2,MS,371,602,1,2,1,0,1,11
media,2020,idoso,1,2,MT,272,464,1,2,1,0,1,12
media,2020,idoso,1,2,PA,260,477,1,2,1,0,1,13
media,2020,idoso,1,2,PB,142,246,1,2,1,0,1,14
media,2020,idoso,1,2,PE,767,1362,1,2,1,0,1,15
media,2020,idoso,1,2,PI,137,197,1,2,1,0,1,16
media,2020,idoso,1,2,PR,2657,4264,1,2,1,0,1,17
media,2020,idoso,1,2,RJ,3307,5789,1,2,1,0,1,18
media,2020,idoso,1,2,RN,259,422,1,2,1,0,1,19
media,2020,idoso,1,2,RO,103,151,1,2,1,0,1,20
media,2020,idoso,1,2,RS,2735,4151,1,2,1,0,1,22
media,2020,idoso,1,2,SC,1785,2962,1,2,1,0,1,23
media,2020,idoso,1,2,SE,125,218,1,2,1,0,1,24
media,2020,idoso,1,2,SP,8713,15202,1,2,1,0,1,25
media,2020,idoso,1,2,TO,69,113,1,2,1,0,1,26
media,2020,idoso,2,1,AM,35,62,1,2,1,1,0,2
media,2020,idoso,2,1,BA,592,964,1,2,1,1,0,4
media,2020,idoso,2,1,CE,73,124,1,2,1,1,0,5
media,2020,idoso,2,1,ES,92,136,1,2,1,1,0,7
media,2020,idoso,2,1,GO,159,269,1,2,1,1,0,8
media,2020,idoso,2,1,MA,194,300,1,2,1,1,0,9
media,2020,idoso,2,1,MG,933,1456,1,2,1,1,0,10
media,2020,idoso,2,1,MS,90,112,1,2,1,1,0,11
media,2020,idoso,2,1,MT,94,157,1,2,1,1,0,12
media,2020,idoso,2,1,PA,141,247,1,2,1,1,0,13
media,2020,idoso,2,1,PE,218,374,1,2,1,1,0,15
media,2020,idoso,2,1,PI,75,110,1,2,1,1,0,16
media,2020,idoso,2,1,PR,218,339,1,2,1,1,0,17
media,2020,idoso,2,1,RJ,1231,2029,1,2,1,1,0,18
media,2020,idoso,2,1,RS,260,404,1,2,1,1,0,22
media,2020,idoso,2,1,SE,68,107,1,2,1,1,0,24
media,2020,idoso,2,1,SP,1337,2379,1,2,1,1,0,25
media,2020,idoso,2,2,BA,373,597,1,2,1,1,1,4
media,2020,idoso,2,2,CE,46,76,1,2,1,1,1,5
media,2020,idoso,2,2,DF,46,85,1,2,1,1,1,6
media,2020,idoso,2,2,GO,109,167,1,2,1,1,1,8
media,2020,idoso,2,2,MA,85,136,1,2,1,1,1,9
media,2020,idoso,2,2,MG,601,954,1,2,1,1,1,10
media,2020,idoso,2,2,MT,37,65,1,2,1,1,1,12
media,2020,idoso,2,2,PA,92,146,1,2,1,1,1,13
media,2020,idoso,2,2,PE,156,270,1,2,1,1,1,15
media,2020,idoso,2,2,PR,168,242,1,2,1,1,1,17
media,2020,idoso,2,2,RJ,1246,2107,1,2,1,1,1,18
media,2020,idoso,2,2,RS,201,333,1,2,1,1,1,22
media,2020,idoso,2,2,SC,74,112,1,2,1,1,1,23
media,2020,idoso,2,2,SE,50,75,1,2,1,1,1,24
media,2020,idoso,2,2,SP,998,1759,1,2,1,1,1,25
media,2020,idoso,4,1,AC,93,155,1,2,1,3,0,0
media,2020,idoso,4,1,AL,331,436,1,2,1,3,0,1
media,2020,idoso,4,1,AM,588,1256,1,2,1,3,0,2
media,2020,idoso,4,1,AP,71,148,1,2,1,3,0,3
media,2020,idoso,4,1,BA,2031,3236,1,2,1,3,0,4
media,2020,idoso,4,1,CE,1806,3209,1,2,1,3,0,5
media,2020,idoso,4,1,DF,324,596,1,2,1,3,0,6
media,2020,idoso,4,1,ES,373,537,1,2,1,3,0,7
media,2020,idoso,4,1,GO,1135,1766,1,2,1,3,0,8
media,2020,idoso,4,1,MA,1099,1723,1,2,1,3,0,9
media,2020,idoso,4,1,MG,3130,4842,1,2,1,3,0,10
media,2020,idoso,4,1,MS,571,866,1,2,1,3,0,11
media,2020,idoso,4,1,MT,537,871,1,2,1,3,0,12
media,2020,idoso,4,1,PA,1489,2532,1,2,1,3,0,13
media,2020,idoso,4,1,PB,325,538,1,2,1,3,0,14
media,2020,idoso,4,1,PE,2019,3267,1,2,1,3,0,15
media,2020,idoso,4,1,PI,508,745,1,2,1,3,0,16
media,2020,idoso,4,1,PR,945,1399,1,2,1,3,0,17
media,2020,idoso,4,1,RJ,2574,4332,1,2,1,3,0,18
media,2020,idoso,4,1,RN,404,625,1,2,1,3,0,19
media,2020,idoso,4,1,RO,217,384,1,2,1,3,0,20
media,2020,idoso,4,1,RR,74,153,1,2,1,3,0,21
media,2020,idoso,4,1,RS,289,436,1,2,1,3,0,22
media,2020,idoso,4,1,SC,161,233,1,2,1,3,0,23
media,2020,idoso,4,1,SE,405,647,1,2,1,3,0,24
media,2020,idoso,4,1,SP,3956,6828,1,2,1,3,0,25
media,2020,idoso,4,1,TO,245,401,1,2,1,3,0,26
media,2020,idoso,4,2,AC,51,86,1,2,1,3,1,0
media,2020,idoso,4,2,AL,211,293,1,2,1,3,1,1
media,2020,idoso,4,2,AM,396,760,1,2,1,3,1,2
media,2020,idoso,4,2,AP,47,75,1,2,1,3,1,3
media,2020,idoso,4,2,BA,1231,2032,1,2,1,3,1,4
media,2020,idoso,4,2,CE,1366,2424,1,2,1,3,1,5
media,2020,idoso,4,2,DF,258,445,1,2,1,3,1,6
media,2020,idoso,4,2,ES,266,397,1,2,1,3,1,7
media,2020,idoso,4,2,GO,661,1121,1,2,1,3,1,8
media,2020,idoso,4,2,MA,707,1135,1,2,1,3,1,9
media,2020,idoso,4,2,MG,1848,2965,1,2,1,3,1,10
media,2020,idoso,4,2,MS,372,585,1,2,1,3,1,11
media,2020,idoso,4,2,MT,310,562,1,2,1,3,1,12
media,2020,idoso,4,2,PA,932,1562,1,2,1,3,1,13
media,2020,idoso,4,2,PB,309,451,1,2,1,3,1,14
media,2020,idoso,4,2,PE,1339,2299,1,2,1,3,1,15
media,2020,idoso,4,2,PI,329,491,1,2,1,3,1,16
media,2020,idoso,4,2,PR,504,811,1,2,1,3,1,17
media,2020,idoso,4,2,RJ,2278,3898,1,2,1,3,1,18
media,2020,idoso,4,2,RN,291,435,1,2,1,3,1,19
media,2020,idoso,4,2,RO,114,220,1,2,1,3,1,20
media,2020,idoso,4,2,RR,53,103,1,2,1,3,1,21
media,2020,idoso,4,2,RS,196,294,1,2,1,3,1,22
media,2020,idoso,4,2,SC,101,155,1,2,1,3,1,23
media,2020,idoso,4,2,SE,248,436,1,2,1,3,1,24
media,2020,idoso,4,2,SP,2800,4843,1,2,1,3,1,25
media,2020,idoso,4,2,TO,143,222,1,2,1,3,1,26
media,2020,jovem,1,1,MG,174,211,1,2,2,0,0,10
media,2020,jovem,1,1,PE,191,213,1,2,2,0,0,15
media,2020,jovem,1,1,PR,367,412,1,2,2,0,0,17
media,2020,jovem,1,1,SP,414,523,1,2,2,0,0,25
media,2020,jovem,1,2,PR,100,139,1,2,2,0,1,17
media,2020,jovem,1,2,RS,44,58,1,2,2,0,1,22
media,2020,jovem,1,2,SP,165,254,1,2,2,0,1,25
media,2020,jovem,4,1,AM,312,339,1,2,2,3,0,2
media,2020,jovem,4,1,BA,1238,1305,1,2,2,3,0,4
media,2020,jovem,4,1,CE,901,946,1,2,2,3,0,5
media,2020,jovem,4,1,MA,391,438,1,2,2,3,0,9
media,2020,jovem,4,1,MG,395,438,1,2,2,3,0,10
media,2020,jovem,4,1,PA,632,689,1,2,2,3,0,13
media,2020,jovem,4,1,PE,1010,1066,1,2,2,3,0,15
media,2020,jovem,4,1,SP,430,502,1,2,2,3,0,25
media,2020,jovem,4,2,BA,154,197,1,2,2,3,1,4
media,2020,jovem,4,2,SP,98,149,1,2,2,3,1,25
media,2020,meia-idade,1,1,AL,50,73,1,2,3,0,0,1
media,2020,meia-idade,1,1,BA,274,423,1,2,3,0,0,4
media,2020,meia-idade,1,1,CE,227,401,1,2,3,0,0,5
media,2020,meia-idade,1,1,ES,169,226,1,2,3,0,0,7
media,2020,meia-idade,1,1,GO,440,704,1,2,3,0,0,8
media,2020,meia-idade,1,1,MA,131,196,1,2,3,0,0,9
media,2020,meia-idade,1,1,MG,1590,2300,1,2,3,0,0,10
media,2020,meia-idade,1,1,MS,215,329,1,2,3,0,0,11
media,2020,meia-idade,1,1,MT,254,391,1,2,3,0,0,12
media,2020,meia-idade,1,1,PA,137,256,1,2,3,0,0,13
media,2020,meia-idade,1,1,PB,52,94,1,2,3,0,0,14
media,2020,meia-idade,1,1,PE,485,732,1,2,3,0,0,15
media,2020,meia-idade,1,1,PI,79,113,1,2,3,0,0,16
media,2020,meia-idade,1,1,PR,2038,2872,1,2,3,0,0,17
media,2020,meia-idade,1,1,RJ,1312,2207,1,2,3,0,0,18
media,2020,meia-idade,1,1,RN,125,191,1,2,3,0,0,19
media,2020,meia-idade,1,1,RS,1660,2322,1,2,3,0,0,22
media,2020,meia-idade,1,1,SC,1388,2030,1,2,3,0,0,23
media,2020,meia-idade,1,1,SE,67,106,1,2,3,0,0,24
media,2020,meia-idade,1,1,SP,4688,7436,1,2,3,0,0,25
media,2020,meia-idade,1,2,BA,203,340,1,2,3,0,1,4
media,2020,meia-idade,1,2,CE,203,348,1,2,3,0,1,5
media,2020,meia-idade,1,2,ES,82,139,1,2,3,0,1,7
media,2020,meia-idade,1,2,GO,302,509,1,2,3,0,1,8
media,2020,meia-idade,1,2,MA,102,171,1,2,3,0,1,9
media,2020,meia-idade,1,2,MG,967,1604,1,2,3,0,1,10
media,2020,meia-idade,1,2,MS,128,211,1,2,3,0,1,11
media,2020,meia-idade,1,2,MT,118,221,1,2,3,0,1,12
media,2020,meia-idade,1,2,PA,114,201,1,2,3,0,1,13
media,2020,meia-idade,1,2,PE,351,587,1,2,3,0,1,15
media,2020,meia-idade,1,2,PR,1063,1678,1,2,3,0,1,17
media,2020,meia-idade,1,2,RJ,1030,1810,1,2,3,0,1,18
media,2020,meia-idade,1,2,RN,89,152,1,2,3,0,1,19
media,2020,meia-idade,1,2,RS,902,1392,1,2,3,0,1,22
media,2020,meia-idade,1,2,SC,752,1196,1,2,3,0,1,23
media,2020,meia-idade,1,2,SE,64,99,1,2,3,0,1,24
media,2020,meia-idade,1,2,SP,3044,5124,1,2,3,0,1,25
media,2020,meia-idade,2,1,BA,417,610,1,2,3,1,0,4
media,2020,meia-idade,2,1,CE,70,112,1,2,3,1,0,5
media,2020,meia-idade,2,1,GO,151,206,1,2,3,1,0,8
media,2020,meia-idade,2,1,MA,112,152,1,2,3,1,0,9
media,2020,meia-idade,2,1,MG,672,936,1,2,3,1,0,10
media,2020,meia-idade,2,1,PA,90,143,1,2,3,1,0,13
media,2020,meia-idade,2,1,PE,185,252,1,2,3,1,0,15
media,2020,meia-idade,2,1,PR,159,225,1,2,3,1,0,17
media,2020,meia-idade,2,1,RJ,667,1078,1,2,3,1,0,18
media,2020,meia-idade,2,1,RS,193,252,1,2,3,1,0,22
media,2020,meia-idade,2,1,SE,52,74,1,2,3,1,0,24
media,2020,meia-idade,2,1,SP,815,1266,1,2,3,1,0,25
media,2020,meia-idade,2,2,BA,247,386,1,2,3,1,1,4
media,2020,meia-idade,2,2,GO,85,145,1,2,3,1,1,8
media,2020,meia-idade,2,2,MA,77,112,1,2,3,1,1,9
media,2020,meia-idade,2,2,MG,398,580,1,2,3,1,1,10
media,2020,meia-idade,2,2,MT,33,55,1,2,3,1,1,12
media,2020,meia-idade,2,2,PA,63,84,1,2,3,1,1,13
media,2020,meia-idade,2,2,PE,85,144,1,2,3,1,1,15
media,2020,meia-idade,2,2,PR,71,108,1,2,3,1,1,17
media,2020,meia-idade,2,2,RJ,610,1005,1,2,3,1,1,18
media,2020,meia-idade,2,2,RS,105,145,1,2,3,1,1,22
media,2020,meia-idade,2,2,SP,478,793,1,2,3,1,1,25
media,2020,meia-idade,4,1,AC,57,82,1,2,3,3,0,0
media,2020,meia-idade,4,1,AL,321,388,1,2,3,3,0,1
media,2020,meia-idade,4,1,AM,466,823,1,2,3,3,0,2
media,2020,meia-idade,4,1,AP,59,96,1,2,3,3,0,3
media,2020,meia-idade,4,1,BA,1588,2265,1,2,3,3,0,4
media,2020,meia-idade,4,1,CE,1550,2321,1,2,3,3,0,5
media,2020,meia-idade,4,1,DF,338,491,1,2,3,3,0,6
media,2020,meia-idade,4,1,ES,284,356,1,2,3,3,0,7
media,2020,meia-idade,4,1,GO,959,1325,1,2,3,3,0,8
media,2020,meia-idade,4,1,MA,732,1017,1,2,3,3,0,9
media,2020,meia-idade,4,1,MG,2126,3074,1,2,3,3,0,10
media,2020,meia-idade,4,1,MS,388,560,1,2,3,3,0,11
media,2020,meia-idade,4,1,MT,423,606,1,2,3,3,0,12
media,2020,meia-idade,4,1,PA,900,1381,1,2,3,3,0,13
media,2020,meia-idade,4,1,PB,260,355,1,2,3,3,0,14
media,2020,meia-idade,4,1,PE,1655,2356,1,2,3,3,0,15
media,2020,meia-idade,4,1,PI,382,539,1,2,3,3,0,16
media,2020,meia-idade,4,1,PR,694,953,1,2,3,3,0,17
media,2020,meia-idade,4,1,RJ,1399,2163,1,2,3,3,0,18
media,2020,meia-idade,4,1,RN,323,445,1,2,3,3,0,19
media,2020,meia-idade,4,1,RO,187,297,1,2,3,3,0,20
media,2020,meia-idade,4,1,RS,180,234,1,2,3,3,0,22
media,2020,meia-idade,4,1,SC,141,198,1,2,3,3,0,23
media,2020,meia-idade,4,1,SE,389,544,1,2,3,3,0,24
media,2020,meia-idade,4,1,SP,2651,4114,1,2,3,3,0,25
media,2020,meia-idade,4,1,TO,180,265,1,2,3,3,0,26
media,2020,meia-idade,4,2,AC,39,51,1,2,3,3,1,0
media,2020,meia-idade,4,2,AL,112,166,1,2,3,3,1,1
media,2020,meia-idade,4,2,AM,250,426,1,2,3,3,1,2
media,2020,meia-idade,4,2,BA,879,1320,1,2,3,3,1,4
media,2020,meia-idade,4,2,CE,720,1230,1,2,3,3,1,5
media,2020,meia-idade,4,2,DF,154,260,1,2,3,3,1,6
media,2020,meia-idade,4,2,ES,142,208,1,2,3,3,1,7
media,2020,meia-idade,4,2,GO,461,685,1,2,3,3,1,8
media,2020,meia-idade,4,2,MA,460,677,1,2,3,3,1,9
media,2020,meia-idade,4,2,MG,1119,1736,1,2,3,3,1,10
media,2020,meia-idade,4,2,MS,192,293,1,2,3,3,1,11
media,2020,meia-idade,4,2,MT,175,316,1,2,3,3,1,12
media,2020,meia-idade,4,2,PA,535,844,1,2,3,3,1,13
media,2020,meia-idade,4,2,PB,148,246,1,2,3,3,1,14
media,2020,meia-idade,4,2,PE,863,1374,1,2,3,3,1,15
media,2020,meia-idade,4,2,PI,189,288,1,2,3,3,1,16
media,2020,meia-idade,4,2,PR,325,480,1,2,3,3,1,17
media,2020,meia-idade,4,2,RJ,1098,1802,1,2,3,3,1,18
media,2020,meia-idade,4,2,RN,187,283,1,2,3,3,1,19
media,2020,meia-idade,4,2,RO,84,155,1,2,3,3,1,20
media,2020,meia-idade,4,2,SE,172,285,1,2,3,3,1,24
media,2020,meia-idade,4,2,SP,1370,2299,1,2,3,3,1,25
media,2020,meia-idade,4,2,TO,89,121,1,2,3,3,1,26
media,2021,adulto,1,1,BA,192,328,1,3,0,0,0,4
media,2021,adulto,1,1,CE,160,320,1,3,0,0,0,5
media,2021,adulto,1,1,GO,277,560,1,3,0,0,0,8
media,2021,adulto,1,1,MA,138,213,1,3,0,0,0,9
media,2021,adulto,1,1,MG,708,1329,1,3,0,0,0,10
media,2021,adulto,1,1,MS,102,223,1,3,0,0,0,11
media,2021,adulto,1,1,PA,124,212,1,3,0,0,0,13
media,2021,adulto,1,1,PB,36,90,1,3,0,0,0,14
media,2021,adulto,1,1,PE,460,686,1,3,0,0,0,15
media,2021,adulto,1,1,PI,65,100,1,3,0,0,0,16
media,2021,adulto,1,1,PR,1029,1819,1,3,0,0,0,17
media,2021,adulto,1,1,RJ,608,1028,1,3,0,0,0,18
media,2021,adulto,1,1,RN,91,141,1,3,0,0,0,19
media,2021,adulto,1,1,RS,643,1060,1,3,0,0,0,22
media,2021,adulto,1,1,SC,593,975,1,3,0,0,0,23
media,2021,adulto,1,1,SP,1876,3903,1,3,0,0,0,25
media,2021,adulto,1,2,BA,108,191,1,3,0,0,1,4
media,2021,adulto,1,2,CE,110,228,1,3,0,0,1,5
media,2021,adulto,1,2,MG,334,728,1,3,0,0,1,10
media,2021,adulto,1,2,PE,174,327,1,3,0,0,1,15
media,2021,adulto,1,2,PR,452,961,1,3,0,0,1,17
media,2021,adulto,1,2,RJ,400,786,1,3,0,0,1,18
media,2021,adulto,1,2,RS,352,643,1,3,0,0,1,22
media,2021,adulto,1,2,SC,297,581,1,3,0,0,1,23
media,2021,adulto,1,2,SP,1042,2398,1,3,0,0,1,25
media,2021,adulto,2,1,BA,480,593,1,3,0,1,0,4
media,2021,adulto,2,1,GO,120,192,1,3,0,1,0,8
media,2021,adulto,2,1,MA,140,183,1,3,0,1,0,9
media,2021,adulto,2,1,MG,310,488,1,3,0,1,0,10
media,2021,adulto,2,1,PA,88,119,1,3,0,1,0,13
media,2021,adulto,2,1,PE,152,188,1,3,0,1,0,15
media,2021,adulto,2,1,RJ,465,627,1,3,0,1,0,18
media,2021,adulto,2,1,SP,365,631,1,3,0,1,0,25
media,2021,adulto,2,2,BA,144,239,1,3,0,1,1,4
media,2021,adulto,2,2,MG,136,234,1,3,0,1,1,10
media,2021,adulto,2,2,SP,144,301,1,3,0,1,1,25
media,2021,adulto,4,1,AL,388,466,1,3,0,3,0,1
media,2021,adulto,4,1,AM,589,833,1,3,0,3,0,2
media,2021,adulto,4,1,BA,2013,2408,1,3,0,3,0,4
media,2021,adulto,4,1,CE,1658,2097,1,3,0,3,0,5
media,2021,adulto,4,1,ES,212,245,1,3,0,3,0,7
media,2021,adulto,4,1,GO,782,1131,1,3,0,3,0,8
media,2021,adulto,4,1,MA,853,1098,1,3,0,3,0,9
media,2021,adulto,4,1,MG,1218,1761,1,3,0,3,0,10
media,2021,adulto,4,1,MS,219,341,1,3,0,3,0,11
media,2021,adulto,4,1,MT,334,533,1,3,0,3,0,12
media,2021,adulto,4,1,PA,1161,1470,1,3,0,3,0,13
media,2021,adulto,4,1,PB,237,335,1,3,0,3,0,14
media,2021,adulto,4,1,PE,1796,2182,1,3,0,3,0,15
media,2021,adulto,4,1,PI,467,580,1,3,0,3,0,16
media,2021,adulto,4,1,PR,545,760,1,3,0,3,0,17
media,2021,adulto,4,1,RJ,961,1332,1,3,0,3,0,18
media,2021,adulto,4,1,RN,311,391,1,3,0,3,0,19
media,2021,adulto,4,1,SE,484,609,1,3,0,3,0,24
media,2021,adulto,4,1,SP,1486,2373,1,3,0,3,0,25
media,2021,adulto,4,1,TO,212,276,1,3,0,3,0,26
media,2021,adulto,4,2,AL,91,157,1,3,0,3,1,1
media,2021,adulto,4,2,AM,147,305,1,3,0,3,1,2
media,2021,adulto,4,2,BA,515,768,1,3,0,3,1,4
media,2021,adulto,4,2,CE,472,749,1,3,0,3,1,5
media,2021,adulto,4,2,GO,197,433,1,3,0,3,1,8
media,2021,adulto,4,2,MA,261,387,1,3,0,3,1,9
media,2021,adulto,4,2,MG,412,777,1,3,0,3,1,10
media,2021,adulto,4,2,MT,119,228,1,3,0,3,1,12
media,2021,adulto,4,2,PA,353,577,1,3,0,3,1,13
media,2021,adulto,4,2,PE,433,688,1,3,0,3,1,15
media,2021,adulto,4,2,PI,127,198,1,3,0,3,1,16
media,2021,adulto,4,2,PR,175,307,1,3,0,3,1,17
media,2021,adulto,4,2,RJ,508,798,1,3,0,3,1,18
media,2021,adulto,4,2,SP,574,1081,1,3,0,3,1,25
media,2021,idoso,1,1,AL,99,186,1,3,1,0,0,1
media,2021,idoso,1,1,AM,146,382,1,3,1,0,0,2
media,2021,idoso,1,1,BA,621,1169,1,3,1,0,0,4
media,2021,idoso,1,1,CE,524,1084,1,3,1,0,0,5
media,2021,idoso,1,1,DF,303,725,1,3,1,0,0,6
media,2021,idoso,1,1,ES,460,772,1,3,1,0,0,7
media,2021,idoso,1,1,GO,1046,2180,1,3,1,0,0,8
media,2021,idoso,1,1,MA,328,585,1,3,1,0,0,9
media,2021,idoso,1,1,MG,3925,7700,1,3,1,0,0,10
media,2021,idoso,1,1,MS,536,1081,1,3,1,0,0,11
media,2021,idoso,1,1,MT,446,935,1,3,1,0,0,12
media,2021,idoso,1,1,PA,345,720,1,3,1,0,0,13
media,2021,idoso,1,1,PB,239,456,1,3,1,0,0,14
media,2021,idoso,1,1,PE,947,1777,1,3,1,0,0,15
media,2021,idoso,1,1,PI,149,286,1,3,1,0,0,16
media,2021,idoso,1,1,PR,4164,8218,1,3,1,0,0,17
media,2021,idoso,1,1,RJ,3672,7076,1,3,1,0,0,18
media,2021,idoso,1,1,RN,246,464,1,3,1,0,0,19
media,2021,idoso,1,1,RO,180,399,1,3,1,0,0,20
media,2021,idoso,1,1,RS,4321,7776,1,3,1,0,0,22
media,2021,idoso,1,1,SC,3066,5862,1,3,1,0,0,23
media,2021,idoso,1,1,SE,131,270,1,3,1,0,0,24
media,2021,idoso,1,1,SP,12983,26322,1,3,1,0,0,25
media,2021,idoso,1,1,TO,93,211,1,3,1,0,0,26
media,2021,idoso,1,2,AL,94,181,1,3,1,0,1,1
media,2021,idoso,1,2,AM,120,300,1,3,1,0,1,2
media,2021,idoso,1,2,BA,486,945,1,3,1,0,1,4
media,2021,idoso,1,2,CE,519,1104,1,3,1,0,1,5
media,2021,idoso,1,2,DF,294,653,1,3,1,0,1,6
media,2021,idoso,1,2,ES,255,527,1,3,1,0,1,7
media,2021,idoso,1,2,GO,743,1677,1,3,1,0,1,8
media,2021,idoso,1,2,MA,239,453,1,3,1,0,1,9
media,2021,idoso,1,2,MG,2790,6029,1,3,1,0,1,10
media,2021,idoso,1,2,MS,375,813,1,3,1,0,1,11
media,2021,idoso,1,2,MT,251,598,1,3,1,0,1,12
media,2021,idoso,1,2,PA,281,601,1,3,1,0,1,13
media,2021,idoso,1,2,PB,222,415,1,3,1,0,1,14
media,2021,idoso,1,2,PE,923,1692,1,3,1,0,1,15
media,2021,idoso,1,2,PI,111,224,1,3,1,0,1,16
media,2021,idoso,1,2,PR,2835,5972,1,3,1,0,1,17
media,2021,idoso,1,2,RJ,3381,6627,1,3,1,0,1,18
media,2021,idoso,1,2,RN,262,502,1,3,1,0,1,19
media,2021,idoso,1,2,RO,92,241,1,3,1,0,1,20
media,2021,idoso,1,2,RS,2893,5506,1,3,1,0,1,22
media,2021,idoso,1,2,SC,1998,4124,1,3,1,0,1,23
media,2021,idoso,1,2,SE,142,258,1,3,1,0,1,24
media,2021,idoso,1,2,SP,9507,20212,1,3,1,0,1,25
media,2021,idoso,1,2,TO,75,144,1,3,1,0,1,26
media,2021,idoso,2,1,AM,29,50,1,3,1,1,0,2
media,2021,idoso,2,1,BA,646,1070,1,3,1,1,0,4
media,2021,idoso,2,1,CE,91,167,1,3,1,1,0,5
media,2021,idoso,2,1,DF,60,120,1,3,1,1,0,6
media,2021,idoso,2,1,ES,120,198,1,3,1,1,0,7
media,2021,idoso,2,1,GO,196,361,1,3,1,1,0,8
media,2021,idoso,2,1,MA,190,310,1,3,1,1,0,9
media,2021,idoso,2,1,MG,975,1802,1,3,1,1,0,10
media,2021,idoso,2,1,MS,61,122,1,3,1,1,0,11
media,2021,idoso,2,1,MT,108,198,1,3,1,1,0,12
media,2021,idoso,2,1,PA,167,280,1,3,1,1,0,13
media,2021,idoso,2,1,PE,296,475,1,3,1,1,0,15
media,2021,idoso,2,1,PI,77,137,1,3,1,1,0,16
media,2021,idoso,2,1,PR,264,483,1,3,1,1,0,17
media,2021,idoso,2,1,RJ,1354,2284,1,3,1,1,0,18
media,2021,idoso,2,1,RO,29,59,1,3,1,1,0,20
media,2021,idoso,2,1,RS,289,524,1,3,1,1,0,22
media,2021,idoso,2,1,SE,65,111,1,3,1,1,0,24
media,2021,idoso,2,1,SP,1636,3104,1,3,1,1,0,25
media,2021,idoso,2,1,TO,51,92,1,3,1,1,0,26
media,2021,idoso,2,2,BA,458,757,1,3,1,1,1,4
media,2021,idoso,2,2,CE,56,131,1,3,1,1,1,5
media,2021,idoso,2,2,DF,59,112,1,3,1,1,1,6
media,2021,idoso,2,2,ES,69,127,1,3,1,1,1,7
media,2021,idoso,2,2,GO,136,252,1,3,1,1,1,8
media,2021,idoso,2,2,MA,120,183,1,3,1,1,1,9
media,2021,idoso,2,2,MG,666,1326,1,3,1,1,1,10
media,2021,idoso,2,2,MS,51,93,1,3,1,1,1,11
media,2021,idoso,2,2,MT,52,109,1,3,1,1,1,12
media,2021,idoso,2,2,PA,95,149,1,3,1,1,1,13
media,2021,idoso,2,2,PE,164,296,1,3,1,1,1,15
media,2021,idoso,2,2,PR,143,288,1,3,1,1,1,17
media,2021,idoso,2,2,RJ,1382,2418,1,3,1,1,1,18
media,2021,idoso,2,2,RS,238,432,1,3,1,1,1,22
media,2021,idoso,2,2,SE,36,69,1,3,1,1,1,24
media,2021,idoso,2,2,SP,1211,2398,1,3,1,1,1,25
media,2021,idoso,4,1,AC,46,100,1,3,1,3,0,0
media,2021,idoso,4,1,AL,332,542,1,3,1,3,0,1
media,2021,idoso,4,1,AM,612,1329,1,3,1,3,0,2
media,2021,idoso,4,1,AP,96,177,1,3,1,3,0,3
media,2021,idoso,4,1,BA,2153,3502,1,3,1,3,0,4
media,2021,idoso,4,1,CE,1767,3307,1,3,1,3,0,5
media,2021,idoso,4,1,DF,308,660,1,3,1,3,0,6
media,2021,idoso,4,1,ES,423,694,1,3,1,3,0,7
media,2021,idoso,4,1,GO,1196,2262,1,3,1,3,0,8
media,2021,idoso,4,1,MA,1128,1826,1,3,1,3,0,9
media,2021,idoso,4,1,MG,3120,5944,1,3,1,3,0,10
media,2021,idoso,4,1,MS,540,1017,1,3,1,3,0,11
media,2021,idoso,4,1,MT,528,1061,1,3,1,3,0,12
media,2021,idoso,4,1,PA,1436,2539,1,3,1,3,0,13
media,2021,idoso,4,1,PB,463,796,1,3,1,3,0,14
media,2021,idoso,4,1,PE,2162,3550,1,3,1,3,0,15
media,2021,idoso,4,1,PI,540,911,1,3,1,3,0,16
media,2021,idoso,4,1,PR,1068,2011,1,3,1,3,0,17
media,2021,idoso,4,1,RJ,2711,4579,1,3,1,3,0,18
media,2021,idoso,4,1,RN,400,609,1,3,1,3,0,19
media,2021,idoso,4,1,RO,233,517,1,3,1,3,0,20
media,2021,idoso,4,1,RR,90,200,1,3,1,3,0,21
media,2021,idoso,4,1,RS,281,489,1,3,1,3,0,22
media,2021,idoso,4,1,SC,160,294,1,3,1,3,0,23
media,2021,idoso,4,1,SE,382,709,1,3,1,3,0,24
media,2021,idoso,4,1,SP,4570,8476,1,3,1,3,0,25
media,2021,idoso,4,1,TO,287,509,1,3,1,3,0,26
media,2021,idoso,4,2,AC,45,100,1,3,1,3,1,0
media,2021,idoso,4,2,AL,214,375,1,3,1,3,1,1
media,2021,idoso,4,2,AM,454,1020,1,3,1,3,1,2
media,2021,idoso,4,2,AP,66,119,1,3,1,3,1,3
media,2021,idoso,4,2,BA,1385,2381,1,3,1,3,1,4
media,2021,idoso,4,2,CE,1314,2663,1,3,1,3,1,5
media,2021,idoso,4,2,DF,251,516,1,3,1,3,1,6
media,2021,idoso,4,2,ES,266,490,1,3,1,3,1,7
media,2021,idoso,4,2,GO,721,1449,1,3,1,3,1,8
media,2021,idoso,4,2,MA,718,1256,1,3,1,3,1,9
media,2021,idoso,4,2,MG,2014,4096,1,3,1,3,1,10
media,2021,idoso,4,2,MS,364,757,1,3,1,3,1,11
media,2021,idoso,4,2,MT,325,725,1,3,1,3,1,12
media,2021,idoso,4,2,PA,955,1756,1,3,1,3,1,13
media,2021,idoso,4,2,PB,403,703,1,3,1,3,1,14
media,2021,idoso,4,2,PE,1460,2589,1,3,1,3,1,15
media,2021,idoso,4,2,PI,345,621,1,3,1,3,1,16
media,2021,idoso,4,2,PR,617,1201,1,3,1,3,1,17
media,2021,idoso,4,2,RJ,2494,4480,1,3,1,3,1,18
media,2021,idoso,4,2,RN,290,488,1,3,1,3,1,19
media,2021,idoso,4,2,RO,133,323,1,3,1,3,1,20
media,2021,idoso,4,2,RR,43,140,1,3,1,3,1,21
media,2021,idoso,4,2,RS,216,382,1,3,1,3,1,22
media,2021,idoso,4,2,SC,123,209,1,3,1,3,1,23
media,2021,idoso,4,2,SE,241,469,1,3,1,3,1,24
media,2021,idoso,4,2,SP,3212,6451,1,3,1,3,1,25
media,2021,idoso,4,2,TO,177,353,1,3,1,3,1,26
media,2021,jovem,1,1,MG,136,178,1,3,2,0,0,10
media,2021,jovem,1,1,PR,301,355,1,3,2,0,0,17
media,2021,jovem,1,1,RJ,200,248,1,3,2,0,0,18
media,2021,jovem,1,1,RS,177,210,1,3,2,0,0,22
media,2021,jovem,1,1,SP,333,502,1,3,2,0,0,25
media,2021,jovem,1,2,MG,56,98,1,3,2,0,1,10
media,2021,jovem,1,2,PR,80,130,1,3,2,0,1,17
media,2021,jovem,1,2,RS,52,82,1,3,2,0,1,22
media,2021,jovem,1,2,SP,148,277,1,3,2,0,1,25
media,2021,jovem,4,1,AM,239,266,1,3,2,3,0,2
media,2021,jovem,4,1,BA,1329,1393,1,3,2,3,0,4
media,2021,jovem,4,1,CE,619,655,1,3,2,3,0,5
media,2021,jovem,4,1,MA,357,399,1,3,2,3,0,9
media,2021,jovem,4,1,MG,333,385,1,3,2,3,0,10
media,2021,jovem,4,1,PA,611,667,1,3,2,3,0,13
media,2021,jovem,4,1,PE,783,842,1,3,2,3,0,15
media,2021,jovem,4,1,RJ,632,685,1,3,2,3,0,18
media,2021,jovem,4,1,SP,394,501,1,3,2,3,0,25
media,2021,jovem,4,2,BA,134,178,1,3,2,3,1,4
media,2021,jovem,4,2,SP,90,149,1,3,2,3,1,25
media,2021,meia-idade,1,1,AL,58,110,1,3,3,0,0,1
media,2021,meia-idade,1,1,BA,255,546,1,3,3,0,0,4
media,2021,meia-idade,1,1,CE,238,582,1,3,3,0,0,5
media,2021,meia-idade,1,1,DF,141,384,1,3,3,0,0,6
media,2021,meia-idade,1,1,ES,210,329,1,3,3,0,0,7
media,2021,meia-idade,1,1,GO,505,1177,1,3,3,0,0,8
media,2021,meia-idade,1,1,MA,136,268,1,3,3,0,0,9
media,2021,meia-idade,1,1,MG,1603,3396,1,3,3,0,0,10
media,2021,meia-idade,1,1,MS,207,504,1,3,3,0,0,11
media,2021,meia-idade,1,1,MT,246,537,1,3,3,0,0,12
media,2021,meia-idade,1,1,PA,159,361,1,3,3,0,0,13
media,2021,meia-idade,1,1,PB,87,196,1,3,3,0,0,14
media,2021,meia-idade,1,1,PE,542,965,1,3,3,0,0,15
media,2021,meia-idade,1,1,PI,99,160,1,3,3,0,0,16
media,2021,meia-idade,1,1,PR,2062,4345,1,3,3,0,0,17
media,2021,meia-idade,1,1,RJ,1293,2612,1,3,3,0,0,18
media,2021,meia-idade,1,1,RN,127,264,1,3,3,0,0,19
media,2021,meia-idade,1,1,RS,1641,3034,1,3,3,0,0,22
media,2021,meia-idade,1,1,SC,1430,2720,1,3,3,0,0,23
media,2021,meia-idade,1,1,SE,58,121,1,3,3,0,0,24
media,2021,meia-idade,1,1,SP,4995,11037,1,3,3,0,0,25
media,2021,meia-idade,1,2,AL,45,77,1,3,3,0,1,1
media,2021,meia-idade,1,2,BA,204,436,1,3,3,0,1,4
media,2021,meia-idade,1,2,CE,206,486,1,3,3,0,1,5
media,2021,meia-idade,1,2,ES,99,200,1,3,3,0,1,7
media,2021,meia-idade,1,2,GO,316,824,1,3,3,0,1,8
media,2021,meia-idade,1,2,MA,101,212,1,3,3,0,1,9
media,2021,meia-idade,1,2,MG,987,2383,1,3,3,0,1,10
media,2021,meia-idade,1,2,MS,151,371,1,3,3,0,1,11
media,2021,meia-idade,1,2,MT,135,348,1,3,3,0,1,12
media,2021,meia-idade,1,2,PA,116,269,1,3,3,0,1,13
media,2021,meia-idade,1,2,PB,90,201,1,3,3,0,1,14
media,2021,meia-idade,1,2,PE,396,788,1,3,3,0,1,15
media,2021,meia-idade,1,2,PI,71,133,1,3,3,0,1,16
media,2021,meia-idade,1,2,PR,1143,2820,1,3,3,0,1,17
media,2021,meia-idade,1,2,RJ,1069,2272,1,3,3,0,1,18
media,2021,meia-idade,1,2,RN,110,215,1,3,3,0,1,19
media,2021,meia-idade,1,2,RS,998,2075,1,3,3,0,1,22
media,2021,meia-idade,1,2,SC,779,1669,1,3,3,0,1,23
media,2021,meia-idade,1,2,SE,64,142,1,3,3,0,1,24
media,2021,meia-idade,1,2,SP,3095,7681,1,3,3,0,1,25
media,2021,meia-idade,2,1,BA,502,802,1,3,3,1,0,4
media,2021,meia-idade,2,1,CE,64,133,1,3,3,1,0,5
media,2021,meia-idade,2,1,ES,83,123,1,3,3,1,0,7
media,2021,meia-idade,2,1,GO,169,296,1,3,3,1,0,8
media,2021,meia-idade,2,1,MA,142,224,1,3,3,1,0,9
media,2021,meia-idade,2,1,MG,711,1192,1,3,3,1,0,10
media,2021,meia-idade,2,1,MT,68,143,1,3,3,1,0,12
media,2021,meia-idade,2,1,PA,103,158,1,3,3,1,0,13
media,2021,meia-idade,2,1,PE,195,310,1,3,3,1,0,15
media,2021,meia-idade,2,1,PR,165,299,1,3,3,1,0,17
media,2021,meia-idade,2,1,RJ,774,1256,1,3,3,1,0,18
media,2021,meia-idade,2,1,RS,204,313,1,3,3,1,0,22
media,2021,meia-idade,2,1,SE,54,90,1,3,3,1,0,24
media,2021,meia-idade,2,1,SP,906,1682,1,3,3,1,0,25
media,2021,meia-idade,2,2,BA,270,481,1,3,3,1,1,4
media,2021,meia-idade,2,2,GO,77,181,1,3,3,1,1,8
media,2021,meia-idade,2,2,MA,84,136,1,3,3,1,1,9
media,2021,meia-idade,2,2,MG,375,745,1,3,3,1,1,10
media,2021,meia-idade,2,2,MT,35,79,1,3,3,1,1,12
media,2021,meia-idade,2,2,PA,59,94,1,3,3,1,1,13
media,2021,meia-idade,2,2,PE,111,187,1,3,3,1,1,15
media,2021,meia-idade,2,2,PR,81,166,1,3,3,1,1,17
media,2021,meia-idade,2,2,RJ,623,1115,1,3,3,1,1,18
media,2021,meia-idade,2,2,RS,146,246,1,3,3,1,1,22
media,2021,meia-idade,2,2,SP,510,1044,1,3,3,1,1,25
media,2021,meia-idade,4,1,AC,34,66,1,3,3,3,0,0
media,2021,meia-idade,4,1,AL,291,434,1,3,3,3,0,1
media,2021,meia-idade,4,1,AM,479,972,1,3,3,3,0,2
media,2021,meia-idade,4,1,AP,74,135,1,3,3,3,0,3
media,2021,meia-idade,4,1,BA,1640,2542,1,3,3,3,0,4
media,2021,meia-idade,4,1,CE,1514,2559,1,3,3,3,0,5
media,2021,meia-idade,4,1,DF,289,566,1,3,3,3,0,6
media,2021,meia-idade,4,1,ES,319,466,1,3,3,3,0,7
media,2021,meia-idade,4,1,GO,965,1879,1,3,3,3,0,8
media,2021,meia-idade,4,1,MA,802,1257,1,3,3,3,0,9
media,2021,meia-idade,4,1,MG,2134,3794,1,3,3,3,0,10
media,2021,meia-idade,4,1,MS,388,676,1,3,3,3,0,11
media,2021,meia-idade,4,1,MT,483,901,1,3,3,3,0,12
media,2021,meia-idade,4,1,PA,939,1548,1,3,3,3,0,13
media,2021,meia-idade,4,1,PB,329,489,1,3,3,3,0,14
media,2021,meia-idade,4,1,PE,1655,2615,1,3,3,3,0,15
media,2021,meia-idade,4,1,PI,469,691,1,3,3,3,0,16
media,2021,meia-idade,4,1,PR,733,1414,1,3,3,3,0,17
media,2021,meia-idade,4,1,RJ,1495,2482,1,3,3,3,0,18
media,2021,meia-idade,4,1,RN,324,484,1,3,3,3,0,19
media,2021,meia-idade,4,1,RO,185,392,1,3,3,3,0,20
media,2021,meia-idade,4,1,RS,191,328,1,3,3,3,0,22
media,2021,meia-idade,4,1,SC,152,251,1,3,3,3,0,23
media,2021,meia-idade,4,1,SE,325,568,1,3,3,3,0,24
media,2021,meia-idade,4,1,SP,2958,5420,1,3,3,3,0,25
media,2021,meia-idade,4,1,TO,222,379,1,3,3,3,0,26
media,2021,meia-idade,4,2,AC,32,65,1,3,3,3,1,0
media,2021,meia-idade,4,2,AL,132,268,1,3,3,3,1,1
media,2021,meia-idade,4,2,AM,249,555,1,3,3,3,1,2
media,2021,meia-idade,4,2,AP,53,101,1,3,3,3,1,3
media,2021,meia-idade,4,2,BA,840,1489,1,3,3,3,1,4
media,2021,meia-idade,4,2,CE,850,1641,1,3,3,3,1,5
media,2021,meia-idade,4,2,DF,145,332,1,3,3,3,1,6
media,2021,meia-idade,4,2,ES,156,259,1,3,3,3,1,7
media,2021,meia-idade,4,2,GO,438,1026,1,3,3,3,1,8
media,2021,meia-idade,4,2,MA,440,776,1,3,3,3,1,9
media,2021,meia-idade,4,2,MG,1098,2301,1,3,3,3,1,10
media,2021,meia-idade,4,2,MS,192,438,1,3,3,3,1,11
media,2021,meia-idade,4,2,MT,204,482,1,3,3,3,1,12
media,2021,meia-idade,4,2,PA,585,1049,1,3,3,3,1,13
media,2021,meia-idade,4,2,PB,208,398,1,3,3,3,1,14
media,2021,meia-idade,4,2,PE,884,1586,1,3,3,3,1,15
media,2021,meia-idade,4,2,PI,220,404,1,3,3,3,1,16
media,2021,meia-idade,4,2,PR,359,828,1,3,3,3,1,17
media,2021,meia-idade,4,2,RJ,1134,2087,1,3,3,3,1,18
media,2021,meia-idade,4,2,RN,160,321,1,3,3,3,1,19
media,2021,meia-idade,4,2,RO,79,219,1,3,3,3,1,20
media,2021,meia-idade,4,2,RS,111,220,1,3,3,3,1,22
media,2021,meia-idade,4,2,SC,86,152,1,3,3,3,1,23
media,2021,meia-idade,4,2,SE,180,367,1,3,3,3,1,24
media,2021,meia-idade,4,2,SP,1520,3324,1,3,3,3,1,25
media,2021,meia-idade,4,2,TO,95,204,1,3,3,3,1,26
media,2022,adulto,1,1,BA,159,194,1,4,0,0,0,4
media,2022,adulto,1,1,CE,175,234,1,4,0,0,0,5
media,2022,adulto,1,1,GO,252,310,1,4,0,0,0,8
media,2022,adulto,1,1,MA,112,135,1,4,0,0,0,9
media,2022,adulto,1,1,MG,566,721,1,4,0,0,0,10
media,2022,adulto,1,1,MS,90,115,1,4,0,0,0,11
media,2022,adulto,1,1,PE,386,466,1,4,0,0,0,15
media,2022,adulto,1,1,PR,1015,1234,1,4,0,0,0,17
media,2022,adulto,1,1,RJ,580,711,1,4,0,0,0,18
media,2022,adulto,1,1,RS,629,768,1,4,0,0,0,22
media,2022,adulto,1,1,SC,626,761,1,4,0,0,0,23
media,2022,adulto,1,1,SP,1893,2530,1,4,0,0,0,25
media,2022,adulto,1,2,BA,79,123,1,4,0,0,1,4
media,2022,adulto,1,2,CE,111,160,1,4,0,0,1,5
media,2022,adulto,1,2,MG,312,453,1,4,0,0,1,10
media,2022,adulto,1,2,PE,157,223,1,4,0,0,1,15
media,2022,adulto,1,2,PR,387,554,1,4,0,0,1,17
media,2022,adulto,1,2,RJ,325,490,1,4,0,0,1,18
media,2022,adulto,1,2,RS,315,422,1,4,0,0,1,22
media,2022,adulto,1,2,SC,314,426,1,4,0,0,1,23
media,2022,adulto,1,2,SP,1057,1539,1,4,0,0,1,25
media,2022,adulto,2,1,BA,405,469,1,4,0,1,0,4
media,2022,adulto,2,1,MA,137,171,1,4,0,1,0,9
media,2022,adulto,2,1,MG,331,403,1,4,0,1,0,10
media,2022,adulto,2,1,PE,179,200,1,4,0,1,0,15
media,2022,adulto,2,1,RJ,411,498,1,4,0,1,0,18
media,2022,adulto,2,1,SP,371,490,1,4,0,1,0,25
media,2022,adulto,2,2,BA,122,172,1,4,0,1,1,4
media,2022,adulto,4,1,AL,395,416,1,4,0,3,0,1
media,2022,adulto,4,1,AM,535,608,1,4,0,3,0,2
media,2022,adulto,4,1,BA,1621,1831,1,4,0,3,0,4
media,2022,adulto,4,1,CE,1407,1600,1,4,0,3,0,5
media,2022,adulto,4,1,ES,180,214,1,4,0,3,0,7
media,2022,adulto,4,1,GO,643,752,1,4,0,3,0,8
media,2022,adulto,4,1,MA,933,1070,1,4,0,3,0,9
media,2022,adulto,4,1,MG,985,1211,1,4,0,3,0,10
media,2022,adulto,4,1,MS,162,196,1,4,0,3,0,11
media,2022,adulto,4,1,PA,1201,1334,1,4,0,3,0,13
media,2022,adulto,4,1,PB,190,236,1,4,0,3,0,14
media,2022,adulto,4,1,PE,1762,2007,1,4,0,3,0,15
media,2022,adulto,4,1,PI,463,529,1,4,0,3,0,16
media,2022,adulto,4,1,PR,503,574,1,4,0,3,0,17
media,2022,adulto,4,1,RJ,952,1112,1,4,0,3,0,18
media,2022,adulto,4,1,RN,185,220,1,4,0,3,0,19
media,2022,adulto,4,1,SE,415,467,1,4,0,3,0,24
media,2022,adulto,4,1,SP,1375,1761,1,4,0,3,0,25
media,2022,adulto,4,1,TO,206,233,1,4,0,3,0,26
media,2022,adulto,4,2,AL,97,123,1,4,0,3,1,1
media,2022,adulto,4,2,AM,137,179,1,4,0,3,1,2
media,2022,adulto,4,2,BA,421,553,1,4,0,3,1,4
media,2022,adulto,4,2,CE,385,516,1,4,0,3,1,5
media,2022,adulto,4,2,MA,295,400,1,4,0,3,1,9
media,2022,adulto,4,2,MG,346,489,1,4,0,3,1,10
media,2022,adulto,4,2,PA,363,483,1,4,0,3,1,13
media,2022,adulto,4,2,PB,58,87,1,4,0,3,1,14
media,2022,adulto,4,2,PE,421,555,1,4,0,3,1,15
media,2022,adulto,4,2,PI,114,164,1,4,0,3,1,16
media,2022,adulto,4,2,RJ,425,577,1,4,0,3,1,18
media,2022,adulto,4,2,SP,549,778,1,4,0,3,1,25
media,2022,idoso,1,1,AL,132,180,1,4,1,0,0,1
media,2022,idoso,1,1,AM,140,182,1,4,1,0,0,2
media,2022,idoso,1,1,BA,586,855,1,4,1,0,0,4
media,2022,idoso,1,1,CE,599,864,1,4,1,0,0,5
media,2022,idoso,1,1,DF,293,451,1,4,1,0,0,6
media,2022,idoso,1,1,ES,470,626,1,4,1,0,0,7
media,2022,idoso,1,1,GO,916,1310,1,4,1,0,0,8
media,2022,idoso,1,1,MA,309,431,1,4,1,0,0,9
media,2022,idoso,1,1,MG,3579,5364,1,4,1,0,0,10
media,2022,idoso,1,1,MS,507,738,1,4,1,0,0,11
media,2022,idoso,1,1,MT,422,627,1,4,1,0,0,12
media,2022,idoso,1,1,PA,336,485,1,4,1,0,0,13
media,2022,idoso,1,1,PB,166,254,1,4,1,0,0,14
media,2022,idoso,1,1,PE,972,1393,1,4,1,0,0,15
media,2022,idoso,1,1,PI,152,230,1,4,1,0,0,16
media,2022,idoso,1,1,PR,4355,6121,1,4,1,0,0,17
media,2022,idoso,1,1,RJ,3492,5052,1,4,1,0,0,18
media,2022,idoso,1,1,RN,270,392,1,4,1,0,0,19
media,2022,idoso,1,1,RO,175,263,1,4,1,0,0,20
media,2022,idoso,1,1,RS,4455,6289,1,4,1,0,0,22
media,2022,idoso,1,1,SC,3148,4594,1,4,1,0,0,23
media,2022,idoso,1,1,SE,159,244,1,4,1,0,0,24
media,2022,idoso,1,1,SP,13244,19911,1,4,1,0,0,25
media,2022,idoso,1,1,TO,98,147,1,4,1,0,0,26
media,2022,idoso,1,2,AL,118,160,1,4,1,0,1,1
media,2022,idoso,1,2,AM,87,138,1,4,1,0,1,2
media,2022,idoso,1,2,BA,444,661,1,4,1,0,1,4
media,2022,idoso,1,2,CE,570,855,1,4,1,0,1,5
media,2022,idoso,1,2,DF,251,395,1,4,1,0,1,6
media,2022,idoso,1,2,ES,261,404,1,4,1,0,1,7
media,2022,idoso,1,2,GO,701,998,1,4,1,0,1,8
media,2022,idoso,1,2,MA,250,348,1,4,1,0,1,9
media,2022,idoso,1,2,MG,2756,4227,1,4,1,0,1,10
media,2022,idoso,1,2,MS,351,518,1,4,1,0,1,11
media,2022,idoso,1,2,MT,254,368,1,4,1,0,1,12
media,2022,idoso,1,2,PA,261,396,1,4,1,0,1,13
media,2022,idoso,1,2,PB,170,247,1,4,1,0,1,14
media,2022,idoso,1,2,PE,870,1279,1,4,1,0,1,15
media,2022,idoso,1,2,PI,122,186,1,4,1,0,1,16
media,2022,idoso,1,2,PR,2987,4364,1,4,1,0,1,17
media,2022,idoso,1,2,RJ,3213,4635,1,4,1,0,1,18
media,2022,idoso,1,2,RN,249,366,1,4,1,0,1,19
media,2022,idoso,1,2,RO,95,141,1,4,1,0,1,20
media,2022,idoso,1,2,RS,3050,4400,1,4,1,0,1,22
media,2022,idoso,1,2,SC,2024,3074,1,4,1,0,1,23
media,2022,idoso,1,2,SE,126,193,1,4,1,0,1,24
media,2022,idoso,1,2,SP,9844,15032,1,4,1,0,1,25
media,2022,idoso,1,2,TO,85,111,1,4,1,0,1,26
media,2022,idoso,2,1,BA,631,871,1,4,1,1,0,4
media,2022,idoso,2,1,CE,124,181,1,4,1,1,0,5
media,2022,idoso,2,1,DF,70,101,1,4,1,1,0,6
media,2022,idoso,2,1,ES,124,163,1,4,1,1,0,7
media,2022,idoso,2,1,GO,181,249,1,4,1,1,0,8
media,2022,idoso,2,1,MA,194,273,1,4,1,1,0,9
media,2022,idoso,2,1,MG,957,1376,1,4,1,1,0,10
media,2022,idoso,2,1,MS,63,85,1,4,1,1,0,11
media,2022,idoso,2,1,MT,88,125,1,4,1,1,0,12
media,2022,idoso,2,1,PA,149,203,1,4,1,1,0,13
media,2022,idoso,2,1,PE,267,383,1,4,1,1,0,15
media,2022,idoso,2,1,PR,262,356,1,4,1,1,0,17
media,2022,idoso,2,1,RJ,1278,1743,1,4,1,1,0,18
media,2022,idoso,2,1,RS,320,436,1,4,1,1,0,22
media,2022,idoso,2,1,SE,80,109,1,4,1,1,0,24
media,2022,idoso,2,1,SP,1668,2397,1,4,1,1,0,25
media,2022,idoso,2,2,BA,397,563,1,4,1,1,1,4
media,2022,idoso,2,2,ES,64,80,1,4,1,1,1,7
media,2022,idoso,2,2,GO,120,163,1,4,1,1,1,8
media,2022,idoso,2,2,MA,146,182,1,4,1,1,1,9
media,2022,idoso,2,2,MG,676,1001,1,4,1,1,1,10
media,2022,idoso,2,2,MS,44,62,1,4,1,1,1,11
media,2022,idoso,2,2,MT,70,96,1,4,1,1,1,12
media,2022,idoso,2,2,PA,90,116,1,4,1,1,1,13
media,2022,idoso,2,2,PE,180,234,1,4,1,1,1,15
media,2022,idoso,2,2,PR,122,178,1,4,1,1,1,17
media,2022,idoso,2,2,RJ,1323,1819,1,4,1,1,1,18
media,2022,idoso,2,2,RS,260,360,1,4,1,1,1,22
media,2022,idoso,2,2,SC,79,110,1,4,1,1,1,23
media,2022,idoso,2,2,SP,1178,1731,1,4,1,1,1,25
media,2022,idoso,4,1,AL,379,504,1,4,1,3,0,1
media,2022,idoso,4,1,AM,673,888,1,4,1,3,0,2
media,2022,idoso,4,1,AP,75,108,1,4,1,3,0,3
media,2022,idoso,4,1,BA,2052,2861,1,4,1,3,0,4
media,2022,idoso,4,1,CE,1931,2687,1,4,1,3,0,5
media,2022,idoso,4,1,DF,296,419,1,4,1,3,0,6
media,2022,idoso,4,1,ES,410,537,1,4,1,3,0,7
media,2022,idoso,4,1,GO,1096,1508,1,4,1,3,0,8
media,2022,idoso,4,1,MA,1231,1599,1,4,1,3,0,9
media,2022,idoso,4,1,MG,3024,4395,1,4,1,3,0,10
media,2022,idoso,4,1,MS,571,797,1,4,1,3,0,11
media,2022,idoso,4,1,MT,518,765,1,4,1,3,0,12
media,2022,idoso,4,1,PA,1473,2013,1,4,1,3,0,13
media,2022,idoso,4,1,PB,334,479,1,4,1,3,0,14
media,2022,idoso,4,1,PE,1975,2871,1,4,1,3,0,15
media,2022,idoso,4,1,PI,589,798,1,4,1,3,0,16
media,2022,idoso,4,1,PR,1052,1482,1,4,1,3,0,17
media,2022,idoso,4,1,RJ,2618,3616,1,4,1,3,0,18
media,2022,idoso,4,1,RN,365,497,1,4,1,3,0,19
media,2022,idoso,4,1,RO,250,368,1,4,1,3,0,20
media,2022,idoso,4,1,RR,87,118,1,4,1,3,0,21
media,2022,idoso,4,1,RS,369,506,1,4,1,3,0,22
media,2022,idoso,4,1,SC,194,274,1,4,1,3,0,23
media,2022,idoso,4,1,SE,416,585,1,4,1,3,0,24
media,2022,idoso,4,1,SP,4747,6808,1,4,1,3,0,25
media,2022,idoso,4,1,TO,306,410,1,4,1,3,0,26
media,2022,idoso,4,2,AL,283,379,1,4,1,3,1,1
media,2022,idoso,4,2,AM,457,596,1,4,1,3,1,2
media,2022,idoso,4,2,AP,52,71,1,4,1,3,1,3
media,2022,idoso,4,2,BA,1391,1932,1,4,1,3,1,4
media,2022,idoso,4,2,CE,1455,2011,1,4,1,3,1,5
media,2022,idoso,4,2,DF,237,347,1,4,1,3,1,6
media,2022,idoso,4,2,ES,250,334,1,4,1,3,1,7
media,2022,idoso,4,2,GO,677,987,1,4,1,3,1,8
media,2022,idoso,4,2,MA,776,1058,1,4,1,3,1,9
media,2022,idoso,4,2,MG,2006,2944,1,4,1,3,1,10
media,2022,idoso,4,2,MS,369,512,1,4,1,3,1,11
media,2022,idoso,4,2,MT,348,504,1,4,1,3,1,12
media,2022,idoso,4,2,PA,1000,1359,1,4,1,3,1,13
media,2022,idoso,4,2,PB,271,381,1,4,1,3,1,14
media,2022,idoso,4,2,PE,1320,1938,1,4,1,3,1,15
media,2022,idoso,4,2,PI,408,579,1,4,1,3,1,16
media,2022,idoso,4,2,PR,663,942,1,4,1,3,1,17
media,2022,idoso,4,2,RJ,2409,3279,1,4,1,3,1,18
media,2022,idoso,4,2,RN,284,401,1,4,1,3,1,19
media,2022,idoso,4,2,RO,150,214,1,4,1,3,1,20
media,2022,idoso,4,2,RR,44,48,1,4,1,3,1,21
media,2022,idoso,4,2,RS,268,351,1,4,1,3,1,22
media,2022,idoso,4,2,SC,140,197,1,4,1,3,1,23
media,2022,idoso,4,2,SE,320,424,1,4,1,3,1,24
media,2022,idoso,4,2,SP,3338,4814,1,4,1,3,1,25
media,2022,idoso,4,2,TO,168,229,1,4,1,3,1,26
media,2022,jovem,1,1,MG,111,156,1,4,2,0,0,10
media,2022,jovem,1,1,PE,182,204,1,4,2,0,0,15
media,2022,jovem,1,1,PR,263,308,1,4,2,0,0,17
media,2022,jovem,1,1,RJ,196,235,1,4,2,0,0,18
media,2022,jovem,1,1,RS,183,202,1,4,2,0,0,22
media,2022,jovem,1,1,SP,345,442,1,4,2,0,0,25
media,2022,jovem,1,2,MG,37,71,1,4,2,0,1,10
media,2022,jovem,1,2,PR,65,100,1,4,2,0,1,17
media,2022,jovem,1,2,RS,45,64,1,4,2,0,1,22
media,2022,jovem,1,2,SP,163,247,1,4,2,0,1,25
media,2022,jovem,4,1,AM,246,253,1,4,2,3,0,2
media,2022,jovem,4,1,BA,1006,1058,1,4,2,3,0,4
media,2022,jovem,4,1,CE,539,574,1,4,2,3,0,5
media,2022,jovem,4,1,MA,361,394,1,4,2,3,0,9
media,2022,jovem,4,1,MG,296,326,1,4,2,3,0,10
media,2022,jovem,4,1,PA,588,631,1,4,2,3,0,13
media,2022,jovem,4,1,PE,771,816,1,4,2,3,0,15
media,2022,jovem,4,1,SP,373,448,1,4,2,3,0,25
media,2022,jovem,4,2,BA,96,125,1,4,2,3,1,4
media,2022,jovem,4,2,CE,85,122,1,4,2,3,1,5
media,2022,jovem,4,2,MA,72,107,1,4,2,3,1,9
media,2022,jovem,4,2,SP,96,149,1,4,2,3,1,25
media,2022,meia-idade,1,1,AL,48,67,1,4,3,0,0,1
media,2022,meia-idade,1,1,BA,271,370,1,4,3,0,0,4
media,2022,meia-idade,1,1,CE,269,372,1,4,3,0,0,5
media,2022,meia-idade,1,1,ES,180,227,1,4,3,0,0,7
media,2022,meia-idade,1,1,GO,411,573,1,4,3,0,0,8
media,2022,meia-idade,1,1,MA,124,165,1,4,3,0,0,9
media,2022,meia-idade,1,1,MG,1422,2059,1,4,3,0,0,10
media,2022,meia-idade,1,1,MS,214,304,1,4,3,0,0,11
media,2022,meia-idade,1,1,MT,213,274,1,4,3,0,0,12
media,2022,meia-idade,1,1,PA,141,207,1,4,3,0,0,13
media,2022,meia-idade,1,1,PB,53,72,1,4,3,0,0,14
media,2022,meia-idade,1,1,PE,485,649,1,4,3,0,0,15
media,2022,meia-idade,1,1,PI,86,110,1,4,3,0,0,16
media,2022,meia-idade,1,1,PR,1971,2622,1,4,3,0,0,17
media,2022,meia-idade,1,1,RJ,1112,1579,1,4,3,0,0,18
media,2022,meia-idade,1,1,RN,126,168,1,4,3,0,0,19
media,2022,meia-idade,1,1,RS,1537,2064,1,4,3,0,0,22
media,2022,meia-idade,1,1,SC,1376,1834,1,4,3,0,0,23
media,2022,meia-idade,1,1,SE,63,87,1,4,3,0,0,24
media,2022,meia-idade,1,1,SP,4747,6852,1,4,3,0,0,25
media,2022,meia-idade,1,2,AL,43,64,1,4,3,0,1,1
media,2022,meia-idade,1,2,BA,218,329,1,4,3,0,1,4
media,2022,meia-idade,1,2,CE,233,364,1,4,3,0,1,5
media,2022,meia-idade,1,2,ES,92,133,1,4,3,0,1,7
media,2022,meia-idade,1,2,GO,248,363,1,4,3,0,1,8
media,2022,meia-idade,1,2,MA,101,136,1,4,3,0,1,9
media,2022,meia-idade,1,2,MG,850,1368,1,4,3,0,1,10
media,2022,meia-idade,1,2,MS,129,189,1,4,3,0,1,11
media,2022,meia-idade,1,2,PA,96,158,1,4,3,0,1,13
media,2022,meia-idade,1,2,PB,52,81,1,4,3,0,1,14
media,2022,meia-idade,1,2,PE,342,520,1,4,3,0,1,15
media,2022,meia-idade,1,2,PI,68,87,1,4,3,0,1,16
media,2022,meia-idade,1,2,PR,1056,1586,1,4,3,0,1,17
media,2022,meia-idade,1,2,RJ,967,1449,1,4,3,0,1,18
media,2022,meia-idade,1,2,RN,91,137,1,4,3,0,1,19
media,2022,meia-idade,1,2,RS,985,1373,1,4,3,0,1,22
media,2022,meia-idade,1,2,SC,842,1201,1,4,3,0,1,23
media,2022,meia-idade,1,2,SE,64,94,1,4,3,0,1,24
media,2022,meia-idade,1,2,SP,3050,4649,1,4,3,0,1,25
media,2022,meia-idade,2,1,BA,437,578,1,4,3,1,0,4
media,2022,meia-idade,2,1,CE,73,107,1,4,3,1,0,5
media,2022,meia-idade,2,1,ES,101,116,1,4,3,1,0,7
media,2022,meia-idade,2,1,GO,123,166,1,4,3,1,0,8
media,2022,meia-idade,2,1,MA,156,206,1,4,3,1,0,9
media,2022,meia-idade,2,1,MG,610,857,1,4,3,1,0,10
media,2022,meia-idade,2,1,MT,60,80,1,4,3,1,0,12
media,2022,meia-idade,2,1,PA,107,133,1,4,3,1,0,13
media,2022,meia-idade,2,1,PE,206,275,1,4,3,1,0,15
media,2022,meia-idade,2,1,PR,157,208,1,4,3,1,0,17
media,2022,meia-idade,2,1,RJ,704,947,1,4,3,1,0,18
media,2022,meia-idade,2,1,RS,192,252,1,4,3,1,0,22
media,2022,meia-idade,2,1,SE,61,77,1,4,3,1,0,24
media,2022,meia-idade,2,1,SP,904,1238,1,4,3,1,0,25
media,2022,meia-idade,2,2,BA,243,345,1,4,3,1,1,4
media,2022,meia-idade,2,2,GO,57,81,1,4,3,1,1,8
media,2022,meia-idade,2,2,MA,76,108,1,4,3,1,1,9
media,2022,meia-idade,2,2,MG,391,535,1,4,3,1,1,10
media,2022,meia-idade,2,2,PA,58,71,1,4,3,1,1,13
media,2022,meia-idade,2,2,PE,106,143,1,4,3,1,1,15
media,2022,meia-idade,2,2,RJ,595,777,1,4,3,1,1,18
media,2022,meia-idade,2,2,RS,122,158,1,4,3,1,1,22
media,2022,meia-idade,2,2,SP,465,676,1,4,3,1,1,25
media,2022,meia-idade,4,1,AL,368,447,1,4,3,3,0,1
media,2022,meia-idade,4,1,AM,453,566,1,4,3,3,0,2
media,2022,meia-idade,4,1,AP,82,101,1,4,3,3,0,3
media,2022,meia-idade,4,1,BA,1444,1900,1,4,3,3,0,4
media,2022,meia-idade,4,1,CE,1579,2041,1,4,3,3,0,5
media,2022,meia-idade,4,1,DF,282,380,1,4,3,3,0,6
media,2022,meia-idade,4,1,ES,319,377,1,4,3,3,0,7
media,2022,meia-idade,4,1,GO,806,1071,1,4,3,3,0,8
media,2022,meia-idade,4,1,MA,844,1076,1,4,3,3,0,9
media,2022,meia-idade,4,1,MG,1930,2602,1,4,3,3,0,10
media,2022,meia-idade,4,1,MS,313,427,1,4,3,3,0,11
media,2022,meia-idade,4,1,MT,428,564,1,4,3,3,0,12
media,2022,meia-idade,4,1,PA,1021,1319,1,4,3,3,0,13
media,2022,meia-idade,4,1,PB,227,309,1,4,3,3,0,14
media,2022,meia-idade,4,1,PE,1705,2242,1,4,3,3,0,15
media,2022,meia-idade,4,1,PI,451,588,1,4,3,3,0,16
media,2022,meia-idade,4,1,PR,777,1012,1,4,3,3,0,17
media,2022,meia-idade,4,1,RJ,1378,1800,1,4,3,3,0,18
media,2022,meia-idade,4,1,RN,272,339,1,4,3,3,0,19
media,2022,meia-idade,4,1,RO,193,252,1,4,3,3,0,20
media,2022,meia-idade,4,1,RS,187,238,1,4,3,3,0,22
media,2022,meia-idade,4,1,SC,147,184,1,4,3,3,0,23
media,2022,meia-idade,4,1,SE,376,477,1,4,3,3,0,24
media,2022,meia-idade,4,1,SP,2876,3968,1,4,3,3,0,25
media,2022,meia-idade,4,1,TO,231,290,1,4,3,3,0,26
media,2022,meia-idade,4,2,AL,160,209,1,4,3,3,1,1
media,2022,meia-idade,4,2,AM,232,311,1,4,3,3,1,2
media,2022,meia-idade,4,2,BA,784,1133,1,4,3,3,1,4
media,2022,meia-idade,4,2,CE,801,1148,1,4,3,3,1,5
media,2022,meia-idade,4,2,ES,149,206,1,4,3,3,1,7
media,2022,meia-idade,4,2,GO,362,514,1,4,3,3,1,8
media,2022,meia-idade,4,2,MA,488,669,1,4,3,3,1,9
media,2022,meia-idade,4,2,MG,993,1479,1,4,3,3,1,10
media,2022,meia-idade,4,2,MS,161,243,1,4,3,3,1,11
media,2022,meia-idade,4,2,MT,197,279,1,4,3,3,1,12
media,2022,meia-idade,4,2,PA,542,775,1,4,3,3,1,13
media,2022,meia-idade,4,2,PB,128,200,1,4,3,3,1,14
media,2022,meia-idade,4,2,PE,818,1178,1,4,3,3,1,15
media,2022,meia-idade,4,2,PI,257,354,1,4,3,3,1,16
media,2022,meia-idade,4,2,PR,396,536,1,4,3,3,1,17
media,2022,meia-idade,4,2,RJ,1013,1406,1,4,3,3,1,18
media,2022,meia-idade,4,2,RN,172,225,1,4,3,3,1,19
media,2022,meia-idade,4,2,RO,104,135,1,4,3,3,1,20
media,2022,meia-idade,4,2,SE,159,218,1,4,3,3,1,24
media,2022,meia-idade,4,2,SP,1514,2241,1,4,3,3,1,25
media,2022,meia-idade,4,2,TO,130,177,1,4,3,3,1,26
alta,2012,adulto,1,1,BA,54,60,2,0,0,0,0,4
alta,2012,adulto,1,1,CE,51,71,2,0,0,0,0,5
alta,2012,adulto,1,1,ES,40,49,2,0,0,0,0,7
alta,2012,adulto,1,1,GO,126,143,2,0,0,0,0,8
alta,2012,adulto,1,1,MA,86,98,2,0,0,0,0,9
alta,2012,adulto,1,1,MG,356,421,2,0,0,0,0,10
alta,2012,adulto,1,1,PE,75,98,2,0,0,0,0,15
alta,2012,adulto,1,1,PI,33,39,2,0,0,0,0,16
alta,2012,adulto,1,1,PR,987,1106,2,0,0,0,0,17
alta,2012,adulto,1,1,RJ,387,448,2,0,0,0,0,18
alta,2012,adulto,1,1,RN,23,29,2,0,0,0,0,19
alta,2012,adulto,1,1,RS,431,505,2,0,0,0,0,22
alta,2012,adulto,1,1,SC,485,563,2,0,0,0,0,23
alta,2012,adulto,1,1,SP,1624,2014,2,0,0,0,0,25
alta,2012,adulto,1,2,BA,34,50,2,0,0,0,1,4
alta,2012,adulto,1,2,GO,70,86,2,0,0,0,1,8
alta,2012,adulto,1,2,MG,158,226,2,0,0,0,1,10
alta,2012,adulto,1,2,PE,63,85,2,0,0,0,1,15
alta,2012,adulto,1,2,PR,306,411,2,0,0,0,1,17
alta,2012,adulto,1,2,RJ,236,311,2,0,0,0,1,18
alta,2012,adulto,1,2,RS,206,269,2,0,0,0,1,22
alta,2012,adulto,1,2,SC,213,289,2,0,0,0,1,23
alta,2012,adulto,1,2,SP,746,1051,2,0,0,0,1,25
alta,2012,adulto,2,1,BA,34,40,2,0,0,1,0,4
alta,2012,adulto,2,1,GO,19,23,2,0,0,1,0,8
alta,2012,adulto,2,1,MA,48,56,2,0,0,1,0,9
alta,2012,adulto,2,1,MG,81,97,2,0,0,1,0,10
alta,2012,adulto,2,1,PE,17,21,2,0,0,1,0,15
alta,2012,adulto,2,1,RJ,140,172,2,0,0,1,0,18
alta,2012,adulto,2,1,RS,35,42,2,0,0,1,0,22
alta,2012,adulto,2,1,SP,176,213,2,0,0,1,0,25
alta,2012,adulto,2,2,BA,19,28,2,0,0,1,1,4
alta,2012,adulto,2,2,MG,29,44,2,0,0,1,1,10
alta,2012,adulto,2,2,RJ,89,117,2,0,0,1,1,18
alta,2012,adulto,2,2,SP,59,91,2,0,0,1,1,25
alta,2012,adulto,4,1,AL,86,93,2,0,0,3,0,1
alta,2012,adulto,4,1,AM,284,306,2,0,0,3,0,2
alta,2012,adulto,4,1,BA,228,253,2,0,0,3,0,4
alta,2012,adulto,4,1,CE,189,238,2,0,0,3,0,5
alta,2012,adulto,4,1,DF,119,131,2,0,0,3,0,6
alta,2012,adulto,4,1,ES,119,129,2,0,0,3,0,7
alta,2012,adulto,4,1,GO,288,307,2,0,0,3,0,8
alta,2012,adulto,4,1,MA,305,334,2,0,0,3,0,9
alta,2012,adulto,4,1,MG,419,483,2,0,0,3,0,10
alta,2012,adulto,4,1,MS,106,128,2,0,0,3,0,11
alta,2012,adulto,4,1,MT,207,245,2,0,0,3,0,12
alta,2012,adulto,4,1,PA,431,495,2,0,0,3,0,13
alta,2012,adulto,4,1,PB,39,52,2,0,0,3,0,14
alta,2012,adulto,4,1,PE,398,450,2,0,0,3,0,15
alta,2012,adulto,4,1,PI,107,121,2,0,0,3,0,16
alta,2012,adulto,4,1,PR,174,191,2,0,0,3,0,17
alta,2012,adulto,4,1,RJ,377,435,2,0,0,3,0,18
alta,2012,adulto,4,1,RN,35,38,2,0,0,3,0,19
alta,2012,adulto,4,1,SE,150,158,2,0,0,3,0,24
alta,2012,adulto,4,1,SP,752,874,2,0,0,3,0,25
alta,2012,adulto,4,1,TO,65,69,2,0,0,3,0,26
alta,2012,adulto,4,2,AL,24,32,2,0,0,3,1,1
alta,2012,adulto,4,2,AM,106,133,2,0,0,3,1,2
alta,2012,adulto,4,2,BA,119,160,2,0,0,3,1,4
alta,2012,adulto,4,2,CE,94,141,2,0,0,3,1,5
alta,2012,adulto,4,2,GO,74,89,2,0,0,3,1,8
alta,2012,adulto,4,2,MA,113,140,2,0,0,3,1,9
alta,2012,adulto,4,2,MG,162,225,2,0,0,3,1,10
alta,2012,adulto,4,2,PA,192,257,2,0,0,3,1,13
alta,2012,adulto,4,2,PB,21,26,2,0,0,3,1,14
alta,2012,adulto,4,2,PE,134,185,2,0,0,3,1,15
alta,2012,adulto,4,2,PI,41,60,2,0,0,3,1,16
alta,2012,adulto,4,2,PR,55,71,2,0,0,3,1,17
alta,2012,adulto,4,2,RJ,175,241,2,0,0,3,1,18
alta,2012,adulto,4,2,RN,18,23,2,0,0,3,1,19
alta,2012,adulto,4,2,SE,48,67,2,0,0,3,1,24
alta,2012,adulto,4,2,SP,294,417,2,0,0,3,1,25
alta,2012,idoso,1,1,AL,20,28,2,0,1,0,0,1
alta,2012,idoso,1,1,AM,48,66,2,0,1,0,0,2
alta,2012,idoso,1,1,BA,58,84,2,0,1,0,0,4
alta,2012,idoso,1,1,CE,92,140,2,0,1,0,0,5
alta,2012,idoso,1,1,DF,97,136,2,0,1,0,0,6
alta,2012,idoso,1,1,ES,83,103,2,0,1,0,0,7
alta,2012,idoso,1,1,GO,104,143,2,0,1,0,0,8
alta,2012,idoso,1,1,MA,54,73,2,0,1,0,0,9
alta,2012,idoso,1,1,MG,413,629,2,0,1,0,0,10
alta,2012,idoso,1,1,MS,152,205,2,0,1,0,0,11
alta,2012,idoso,1,1,MT,71,89,2,0,1,0,0,12
alta,2012,idoso,1,1,PA,102,144,2,0,1,0,0,13
alta,2012,idoso,1,1,PB,27,37,2,0,1,0,0,14
alta,2012,idoso,1,1,PE,174,251,2,0,1,0,0,15
alta,2012,idoso,1,1,PI,19,24,2,0,1,0,0,16
alta,2012,idoso,1,1,PR,691,942,2,0,1,0,0,17
alta,2012,idoso,1,1,RJ,1127,1524,2,0,1,0,0,18
alta,2012,idoso,1,1,RN,19,29,2,0,1,0,0,19
alta,2012,idoso,1,1,RS,726,976,2,0,1,0,0,22
alta,2012,idoso,1,1,SC,463,636,2,0,1,0,0,23
alta,2012,idoso,1,1,SE,38,49,2,0,1,0,0,24
alta,2012,idoso,1,1,SP,2423,3403,2,0,1,0,0,25
alta,2012,idoso,1,2,AL,19,33,2,0,1,0,1,1
alta,2012,idoso,1,2,AM,35,39,2,0,1,0,1,2
alta,2012,idoso,1,2,BA,49,77,2,0,1,0,1,4
alta,2012,idoso,1,2,CE,78,117,2,0,1,0,1,5
alta,2012,idoso,1,2,DF,77,101,2,0,1,0,1,6
alta,2012,idoso,1,2,ES,40,57,2,0,1,0,1,7
alta,2012,idoso,1,2,GO,69,94,2,0,1,0,1,8
alta,2012,idoso,1,2,MA,53,69,2,0,1,0,1,9
alta,2012,idoso,1,2,MG,261,418,2,0,1,0,1,10
alta,2012,idoso,1,2,MS,84,109,2,0,1,0,1,11
alta,2012,idoso,1,2,MT,44,63,2,0,1,0,1,12
alta,2012,idoso,1,2,PA,75,104,2,0,1,0,1,13
alta,2012,idoso,1,2,PB,28,39,2,0,1,0,1,14
alta,2012,idoso,1,2,PE,133,203,2,0,1,0,1,15
alta,2012,idoso,1,2,PI,22,35,2,0,1,0,1,16
alta,2012,idoso,1,2,PR,356,503,2,0,1,0,1,17
alta,2012,idoso,1,2,RJ,796,1149,2,0,1,0,1,18
alta,2012,idoso,1,2,RN,26,43,2,0,1,0,1,19
alta,2012,idoso,1,2,RS,418,603,2,0,1,0,1,22
alta,2012,idoso,1,2,SC,230,346,2,0,1,0,1,23
alta,2012,idoso,1,2,SE,25,35,2,0,1,0,1,24
alta,2012,idoso,1,2,SP,1257,1867,2,0,1,0,1,25
alta,2012,idoso,2,1,BA,14,22,2,0,1,1,0,4
alta,2012,idoso,2,1,MA,15,22,2,0,1,1,0,9
alta,2012,idoso,2,1,MG,42,63,2,0,1,1,0,10
alta,2012,idoso,2,1,PE,12,24,2,0,1,1,0,15
alta,2012,idoso,2,1,PR,27,30,2,0,1,1,0,17
alta,2012,idoso,2,1,RJ,165,227,2,0,1,1,0,18
alta,2012,idoso,2,1,RS,37,48,2,0,1,1,0,22
alta,2012,idoso,2,1,SP,134,190,2,0,1,1,0,25
alta,2012,idoso,2,2,MG,24,33,2,0,1,1,1,10
alta,2012,idoso,2,2,RJ,111,152,2,0,1,1,1,18
alta,2012,idoso,2,2,RS,24,32,2,0,1,1,1,22
alta,2012,idoso,2,2,SP,74,108,2,0,1,1,1,25
alta,2012,idoso,3,1,SP,107,138,2,0,1,2,0,25
alta,2012,idoso,3,2,SP,38,52,2,0,1,2,1,25
alta,2012,idoso,4,1,AL,25,32,2,0,1,3,0,1
alta,2012,idoso,4,1,AM,90,123,2,0,1,3,0,2
alta,2012,idoso,4,1,BA,101,137,2,0,1,3,0,4
alta,2012,idoso,4,1,CE,157,222,2,0,1,3,0,5
alta,2012,idoso,4,1,DF,47,79,2,0,1,3,0,6
alta,2012,idoso,4,1,ES,58,70,2,0,1,3,0,7
alta,2012,idoso,4,1,GO,75,101,2,0,1,3,0,8
alta,2012,idoso,4,1,MA,92,116,2,0,1,3,0,9
alta,2012,idoso,4,1,MG,163,237,2,0,1,3,0,10
alta,2012,idoso,4,1,MS,94,128,2,0,1,3,0,11
alta,2012,idoso,4,1,MT,62,85,2,0,1,3,0,12
alta,2012,idoso,4,1,PA,244,331,2,0,1,3,0,13
alta,2012,idoso,4,1,PB,39,55,2,0,1,3,0,14
alta,2012,idoso,4,1,PE,210,288,2,0,1,3,0,15
alta,2012,idoso,4,1,PI,58,71,2,0,1,3,0,16
alta,2012,idoso,4,1,PR,52,70,2,0,1,3,0,17
alta,2012,idoso,4,1,RJ,362,486,2,0,1,3,0,18
alta,2012,idoso,4,1,RN,25,34,2,0,1,3,0,19
alta,2012,idoso,4,1,RS,24,30,2,0,1,3,0,22
alta,2012,idoso,4,1,SE,54,74,2,0,1,3,0,24
alta,2012,idoso,4,1,SP,328,432,2,0,1,3,0,25
alta,2012,idoso,4,2,AL,22,26,2,0,1,3,1,1
alta,2012,idoso,4,2,AM,68,82,2,0,1,3,1,2
alta,2012,idoso,4,2,BA,59,84,2,0,1,3,1,4
alta,2012,idoso,4,2,CE,92,122,2,0,1,3,1,5
alta,2012,idoso,4,2,DF,31,48,2,0,1,3,1,6
alta,2012,idoso,4,2,ES,17,24,2,0,1,3,1,7
alta,2012,idoso,4,2,GO,32,42,2,0,1,3,1,8
alta,2012,idoso,4,2,MA,58,80,2,0,1,3,1,9
alta,2012,idoso,4,2,MG,74,116,2,0,1,3,1,10
alta,2012,idoso,4,2,MS,52,68,2,0,1,3,1,11
alta,2012,idoso,4,2,MT,38,50,2,0,1,3,1,12
alta,2012,idoso,4,2,PA,178,236,2,0,1,3,1,13
alta,2012,idoso,4,2,PB,19,27,2,0,1,3,1,14
alta,2012,idoso,4,2,PE,104,142,2,0,1,3,1,15
alta,2012,idoso,4,2,PI,34,44,2,0,1,3,1,16
alta,2012,idoso,4,2,PR,23,27,2,0,1,3,1,17
alta,2012,idoso,4,2,RJ,206,290,2,0,1,3,1,18
alta,2012,idoso,4,2,RN,15,25,2,0,1,3,1,19
alta,2012,idoso,4,2,SE,38,58,2,0,1,3,1,24
alta,2012,idoso,4,2,SP,154,221,2,0,1,3,1,25
alta,2012,jovem,1,1,GO,74,83,2,0,2,0,0,8
alta,2012,jovem,1,1,MG,187,211,2,0,2,0,0,10
alta,2012,jovem,1,1,PE,31,40,2,0,2,0,0,15
alta,2012,jovem,1,1,PR,616,653,2,0,2,0,0,17
alta,2012,jovem,1,1,RJ,171,191,2,0,2,0,0,18
alta,2012,jovem,1,1,RS,197,214,2,0,2,0,0,22
alta,2012,jovem,1,1,SC,280,309,2,0,2,0,0,23
alta,2012,jovem,1,1,SP,678,776,2,0,2,0,0,25
alta,2012,jovem,1,2,MG,48,71,2,0,2,0,1,10
alta,2012,jovem,1,2,PR,148,183,2,0,2,0,1,17
alta,2012,jovem,1,2,RJ,60,88,2,0,2,0,1,18
alta,2012,jovem,1,2,RS,51,71,2,0,2,0,1,22
alta,2012,jovem,1,2,SP,221,298,2,0,2,0,1,25
alta,2012,jovem,2,1,BA,24,25,2,0,2,1,0,4
alta,2012,jovem,4,1,AL,57,60,2,0,2,3,0,1
alta,2012,jovem,4,1,BA,151,161,2,0,2,3,0,4
alta,2012,jovem,4,1,CE,129,149,2,0,2,3,0,5
alta,2012,jovem,4,1,ES,80,84,2,0,2,3,0,7
alta,2012,jovem,4,1,GO,215,223,2,0,2,3,0,8
alta,2012,jovem,4,1,MA,231,251,2,0,2,3,0,9
alta,2012,jovem,4,1,MG,311,335,2,0,2,3,0,10
alta,2012,jovem,4,1,PA,318,338,2,0,2,3,0,13
alta,2012,jovem,4,1,PB,34,36,2,0,2,3,0,14
alta,2012,jovem,4,1,PE,208,221,2,0,2,3,0,15
alta,2012,jovem,4,1,PI,77,87,2,0,2,3,0,16
alta,2012,jovem,4,1,RJ,213,229,2,0,2,3,0,18
alta,2012,jovem,4,1,SP,438,478,2,0,2,3,0,25
alta,2012,jovem,4,2,BA,52,64,2,0,2,3,1,4
alta,2012,jovem,4,2,PA,89,113,2,0,2,3,1,13
alta,2012,jovem,4,2,PE,52,66,2,0,2,3,1,15
alta,2012,jovem,4,2,SP,83,124,2,0,2,3,1,25
alta,2012,meia-idade,1,1,AL,18,24,2,0,3,0,0,1
alta,2012,meia-idade,1,1,BA,45,66,2,0,3,0,0,4
alta,2012,meia-idade,1,1,CE,68,99,2,0,3,0,0,5
alta,2012,meia-idade,1,1,DF,63,90,2,0,3,0,0,6
alta,2012,meia-idade,1,1,ES,73,94,2,0,3,0,0,7
alta,2012,meia-idade,1,1,GO,112,150,2,0,3,0,0,8
alta,2012,meia-idade,1,1,MA,51,72,2,0,3,0,0,9
alta,2012,meia-idade,1,1,MG,421,587,2,0,3,0,0,10
alta,2012,meia-idade,1,1,MS,128,180,2,0,3,0,0,11
alta,2012,meia-idade,1,1,MT,104,129,2,0,3,0,0,12
alta,2012,meia-idade,1,1,PA,59,79,2,0,3,0,0,13
alta,2012,meia-idade,1,1,PE,121,161,2,0,3,0,0,15
alta,2012,meia-idade,1,1,PI,19,25,2,0,3,0,0,16
alta,2012,meia-idade,1,1,PR,908,1149,2,0,3,0,0,17
alta,2012,meia-idade,1,1,RJ,675,902,2,0,3,0,0,18
alta,2012,meia-idade,1,1,RN,22,31,2,0,3,0,0,19
alta,2012,meia-idade,1,1,RS,576,760,2,0,3,0,0,22
alta,2012,meia-idade,1,1,SC,574,767,2,0,3,0,0,23
alta,2012,meia-idade,1,1,SP,2294,3132,2,0,3,0,0,25
alta,2012,meia-idade,1,2,AL,17,23,2,0,3,0,1,1
alta,2012,meia-idade,1,2,BA,49,64,2,0,3,0,1,4
alta,2012,meia-idade,1,2,CE,57,75,2,0,3,0,1,5
alta,2012,meia-idade,1,2,ES,39,52,2,0,3,0,1,7
alta,2012,meia-idade,1,2,GO,72,100,2,0,3,0,1,8
alta,2012,meia-idade,1,2,MA,35,57,2,0,3,0,1,9
alta,2012,meia-idade,1,2,MG,217,335,2,0,3,0,1,10
alta,2012,meia-idade,1,2,MS,87,118,2,0,3,0,1,11
alta,2012,meia-idade,1,2,MT,49,63,2,0,3,0,1,12
alta,2012,meia-idade,1,2,PA,52,74,2,0,3,0,1,13
alta,2012,meia-idade,1,2,PE,101,144,2,0,3,0,1,15
alta,2012,meia-idade,1,2,PR,428,589,2,0,3,0,1,17
alta,2012,meia-idade,1,2,RJ,566,805,2,0,3,0,1,18
alta,2012,meia-idade,1,2,RN,15,27,2,0,3,0,1,19
alta,2012,meia-idade,1,2,RS,344,491,2,0,3,0,1,22
alta,2012,meia-idade,1,2,SC,293,428,2,0,3,0,1,23
alta,2012,meia-idade,1,2,SE,21,29,2,0,3,0,1,24
alta,2012,meia-idade,1,2,SP,1206,1756,2,0,3,0,1,25
alta,2012,meia-idade,2,1,BA,31,38,2,0,3,1,0,4
alta,2012,meia-idade,2,1,ES,14,20,2,0,3,1,0,7
alta,2012,meia-idade,2,1,GO,14,22,2,0,3,1,0,8
alta,2012,meia-idade,2,1,MA,27,33,2,0,3,1,0,9
alta,2012,meia-idade,2,1,MG,62,82,2,0,3,1,0,10
alta,2012,meia-idade,2,1,PA,24,30,2,0,3,1,0,13
alta,2012,meia-idade,2,1,PE,22,32,2,0,3,1,0,15
alta,2012,meia-idade,2,1,PR,22,26,2,0,3,1,0,17
alta,2012,meia-idade,2,1,RJ,175,223,2,0,3,1,0,18
alta,2012,meia-idade,2,1,RS,31,42,2,0,3,1,0,22
alta,2012,meia-idade,2,1,SE,12,21,2,0,3,1,0,24
alta,2012,meia-idade,2,1,SP,178,229,2,0,3,1,0,25
alta,2012,meia-idade,2,2,BA,18,24,2,0,3,1,1,4
alta,2012,meia-idade,2,2,MA,14,22,2,0,3,1,1,9
alta,2012,meia-idade,2,2,MG,43,58,2,0,3,1,1,10
alta,2012,meia-idade,2,2,PA,15,24,2,0,3,1,1,13
alta,2012,meia-idade,2,2,PE,21,31,2,0,3,1,1,15
alta,2012,meia-idade,2,2,RJ,162,225,2,0,3,1,1,18
alta,2012,meia-idade,2,2,RS,26,34,2,0,3,1,1,22
alta,2012,meia-idade,2,2,SP,94,146,2,0,3,1,1,25
alta,2012,meia-idade,4,1,AL,60,74,2,0,3,3,0,1
alta,2012,meia-idade,4,1,AM,175,215,2,0,3,3,0,2
alta,2012,meia-idade,4,1,BA,121,156,2,0,3,3,0,4
alta,2012,meia-idade,4,1,CE,173,260,2,0,3,3,0,5
alta,2012,meia-idade,4,1,DF,122,146,2,0,3,3,0,6
alta,2012,meia-idade,4,1,ES,69,85,2,0,3,3,0,7
alta,2012,meia-idade,4,1,GO,148,177,2,0,3,3,0,8
alta,2012,meia-idade,4,1,MA,144,179,2,0,3,3,0,9
alta,2012,meia-idade,4,1,MG,231,319,2,0,3,3,0,10
alta,2012,meia-idade,4,1,MS,109,124,2,0,3,3,0,11
alta,2012,meia-idade,4,1,MT,107,139,2,0,3,3,0,12
alta,2012,meia-idade,4,1,PA,233,305,2,0,3,3,0,13
alta,2012,meia-idade,4,1,PB,56,74,2,0,3,3,0,14
alta,2012,meia-idade,4,1,PE,291,369,2,0,3,3,0,15
alta,2012,meia-idade,4,1,PI,78,95,2,0,3,3,0,16
alta,2012,meia-idade,4,1,PR,95,125,2,0,3,3,0,17
alta,2012,meia-idade,4,1,RJ,388,499,2,0,3,3,0,18
alta,2012,meia-idade,4,1,RN,25,30,2,0,3,3,0,19
alta,2012,meia-idade,4,1,RS,30,37,2,0,3,3,0,22
alta,2012,meia-idade,4,1,SE,85,108,2,0,3,3,0,24
alta,2012,meia-idade,4,1,SP,563,748,2,0,3,3,0,25
alta,2012,meia-idade,4,1,TO,33,40,2,0,3,3,0,26
alta,2012,meia-idade,4,2,AL,20,28,2,0,3,3,1,1
alta,2012,meia-idade,4,2,AM,79,106,2,0,3,3,1,2
alta,2012,meia-idade,4,2,BA,113,141,2,0,3,3,1,4
alta,2012,meia-idade,4,2,CE,98,145,2,0,3,3,1,5
alta,2012,meia-idade,4,2,DF,58,77,2,0,3,3,1,6
alta,2012,meia-idade,4,2,ES,43,49,2,0,3,3,1,7
alta,2012,meia-idade,4,2,GO,79,108,2,0,3,3,1,8
alta,2012,meia-idade,4,2,MA,88,113,2,0,3,3,1,9
alta,2012,meia-idade,4,2,MG,154,210,2,0,3,3,1,10
alta,2012,meia-idade,4,2,MS,68,89,2,0,3,3,1,11
alta,2012,meia-idade,4,2,MT,56,69,2,0,3,3,1,12
alta,2012,meia-idade,4,2,PA,179,234,2,0,3,3,1,13
alta,2012,meia-idade,4,2,PB,33,43,2,0,3,3,1,14
alta,2012,meia-idade,4,2,PE,126,189,2,0,3,3,1,15
alta,2012,meia-idade,4,2,PI,44,54,2,0,3,3,1,16
alta,2012,meia-idade,4,2,PR,53,72,2,0,3,3,1,17
alta,2012,meia-idade,4,2,RJ,313,415,2,0,3,3,1,18
alta,2012,meia-idade,4,2,RN,23,32,2,0,3,3,1,19
alta,2012,meia-idade,4,2,RS,16,21,2,0,3,3,1,22
alta,2012,meia-idade,4,2,SE,45,61,2,0,3,3,1,24
alta,2012,meia-idade,4,2,SP,311,431,2,0,3,3,1,25
alta,2012,meia-idade,4,2,TO,14,23,2,0,3,3,1,26
alta,2019,adulto,1,1,BA,82,105,2,1,0,0,0,4
alta,2019,adulto,1,1,CE,83,120,2,1,0,0,0,5
alta,2019,adulto,1,1,GO,195,227,2,1,0,0,0,8
alta,2019,adulto,1,1,MG,617,763,2,1,0,0,0,10
alta,2019,adulto,1,1,PA,57,67,2,1,0,0,0,13
alta,2019,adulto,1,1,PE,138,169,2,1,0,0,0,15
alta,2019,adulto,1,1,PR,1167,1331,2,1,0,0,0,17
alta,2019,adulto,1,1,RJ,393,486,2,1,0,0,0,18
alta,2019,adulto,1,1,RS,523,620,2,1,0,0,0,22
alta,2019,adulto,1,1,SC,584,692,2,1,0,0,0,23
alta,2019,adulto,1,1,SP,2044,2581,2,1,0,0,0,25
alta,2019,adulto,1,2,MG,306,413,2,1,0,0,1,10
alta,2019,adulto,1,2,PE,91,137,2,1,0,0,1,15
alta,2019,adulto,1,2,PR,378,518,2,1,0,0,1,17
alta,2019,adulto,1,2,RJ,299,416,2,1,0,0,1,18
alta,2019,adulto,1,2,RS,300,402,2,1,0,0,1,22
alta,2019,adulto,1,2,SP,1086,1538,2,1,0,0,1,25
alta,2019,adulto,2,1,BA,142,170,2,1,0,1,0,4
alta,2019,adulto,2,1,MA,60,70,2,1,0,1,0,9
alta,2019,adulto,2,1,MG,210,260,2,1,0,1,0,10
alta,2019,adulto,2,1,RJ,163,209,2,1,0,1,0,18
alta,2019,adulto,2,1,SP,263,353,2,1,0,1,0,25
alta,2019,adulto,2,2,BA,79,101,2,1,0,1,1,4
alta,2019,adulto,2,2,RJ,105,160,2,1,0,1,1,18
alta,2019,adulto,4,1,AC,23,25,2,1,0,3,0,0
alta,2019,adulto,4,1,AL,69,82,2,1,0,3,0,1
alta,2019,adulto,4,1,AM,476,519,2,1,0,3,0,2
alta,2019,adulto,4,1,BA,645,723,2,1,0,3,0,4
alta,2019,adulto,4,1,CE,551,656,2,1,0,3,0,5
alta,2019,adulto,4,1,ES,103,118,2,1,0,3,0,7
alta,2019,adulto,4,1,GO,477,552,2,1,0,3,0,8
alta,2019,adulto,4,1,MA,497,579,2,1,0,3,0,9
alta,2019,adulto,4,1,MG,829,1003,2,1,0,3,0,10
alta,2019,adulto,4,1,MS,160,199,2,1,0,3,0,11
alta,2019,adulto,4,1,MT,300,344,2,1,0,3,0,12
alta,2019,adulto,4,1,PA,526,596,2,1,0,3,0,13
alta,2019,adulto,4,1,PB,30,48,2,1,0,3,0,14
alta,2019,adulto,4,1,PE,495,559,2,1,0,3,0,15
alta,2019,adulto,4,1,PI,149,173,2,1,0,3,0,16
alta,2019,adulto,4,1,PR,329,373,2,1,0,3,0,17
alta,2019,adulto,4,1,RJ,519,608,2,1,0,3,0,18
alta,2019,adulto,4,1,RN,84,106,2,1,0,3,0,19
alta,2019,adulto,4,1,SE,177,193,2,1,0,3,0,24
alta,2019,adulto,4,1,SP,1292,1575,2,1,0,3,0,25
alta,2019,adulto,4,1,TO,79,93,2,1,0,3,0,26
alta,2019,adulto,4,2,AL,23,39,2,1,0,3,1,1
alta,2019,adulto,4,2,AM,168,207,2,1,0,3,1,2
alta,2019,adulto,4,2,BA,283,395,2,1,0,3,1,4
alta,2019,adulto,4,2,CE,222,295,2,1,0,3,1,5
alta,2019,adulto,4,2,GO,153,212,2,1,0,3,1,8
alta,2019,adulto,4,2,MA,192,268,2,1,0,3,1,9
alta,2019,adulto,4,2,MG,353,485,2,1,0,3,1,10
alta,2019,adulto,4,2,PA,247,311,2,1,0,3,1,13
alta,2019,adulto,4,2,PE,218,305,2,1,0,3,1,15
alta,2019,adulto,4,2,PI,60,75,2,1,0,3,1,16
alta,2019,adulto,4,2,RJ,280,380,2,1,0,3,1,18
alta,2019,adulto,4,2,SP,532,769,2,1,0,3,1,25
alta,2019,idoso,1,1,AL,43,51,2,1,1,0,0,1
alta,2019,idoso,1,1,AM,68,88,2,1,1,0,0,2
alta,2019,idoso,1,1,BA,201,297,2,1,1,0,0,4
alta,2019,idoso,1,1,CE,172,249,2,1,1,0,0,5
alta,2019,idoso,1,1,DF,117,176,2,1,1,0,0,6
alta,2019,idoso,1,1,ES,118,148,2,1,1,0,0,7
alta,2019,idoso,1,1,GO,284,384,2,1,1,0,0,8
alta,2019,idoso,1,1,MA,119,165,2,1,1,0,0,9
alta,2019,idoso,1,1,MG,1316,1902,2,1,1,0,0,10
alta,2019,idoso,1,1,MS,221,305,2,1,1,0,0,11
alta,2019,idoso,1,1,MT,185,246,2,1,1,0,0,12
alta,2019,idoso,1,1,PA,115,158,2,1,1,0,0,13
alta,2019,idoso,1,1,PB,33,43,2,1,1,0,0,14
alta,2019,idoso,1,1,PE,335,482,2,1,1,0,0,15
alta,2019,idoso,1,1,PI,39,49,2,1,1,0,0,16
alta,2019,idoso,1,1,PR,1443,1988,2,1,1,0,0,17
alta,2019,idoso,1,1,RJ,1591,2222,2,1,1,0,0,18
alta,2019,idoso,1,1,RN,85,114,2,1,1,0,0,19
alta,2019,idoso,1,1,RO,35,51,2,1,1,0,0,20
alta,2019,idoso,1,1,RS,1465,1993,2,1,1,0,0,22
alta,2019,idoso,1,1,SC,857,1236,2,1,1,0,0,23
alta,2019,idoso,1,1,SE,60,87,2,1,1,0,0,24
alta,2019,idoso,1,1,SP,5237,7403,2,1,1,0,0,25
alta,2019,idoso,1,1,TO,35,45,2,1,1,0,0,26
alta,2019,idoso,1,2,AL,25,34,2,1,1,0,1,1
alta,2019,idoso,1,2,AM,66,90,2,1,1,0,1,2
alta,2019,idoso,1,2,BA,155,236,2,1,1,0,1,4
alta,2019,idoso,1,2,CE,147,225,2,1,1,0,1,5
alta,2019,idoso,1,2,DF,98,156,2,1,1,0,1,6
alta,2019,idoso,1,2,ES,53,80,2,1,1,0,1,7
alta,2019,idoso,1,2,GO,202,302,2,1,1,0,1,8
alta,2019,idoso,1,2,MA,93,127,2,1,1,0,1,9
alta,2019,idoso,1,2,MG,835,1247,2,1,1,0,1,10
alta,2019,idoso,1,2,MS,149,202,2,1,1,0,1,11
alta,2019,idoso,1,2,MT,95,134,2,1,1,0,1,12
alta,2019,idoso,1,2,PA,85,126,2,1,1,0,1,13
alta,2019,idoso,1,2,PB,42,56,2,1,1,0,1,14
alta,2019,idoso,1,2,PE,243,374,2,1,1,0,1,15
alta,2019,idoso,1,2,PI,23,38,2,1,1,0,1,16
alta,2019,idoso,1,2,PR,762,1136,2,1,1,0,1,17
alta,2019,idoso,1,2,RJ,1260,1732,2,1,1,0,1,18
alta,2019,idoso,1,2,RN,50,86,2,1,1,0,1,19
alta,2019,idoso,1,2,RO,36,42,2,1,1,0,1,20
alta,2019,idoso,1,2,RS,952,1338,2,1,1,0,1,22
alta,2019,idoso,1,2,SC,497,698,2,1,1,0,1,23
alta,2019,idoso,1,2,SE,36,47,2,1,1,0,1,24
alta,2019,idoso,1,2,SP,3051,4516,2,1,1,0,1,25
alta,2019,idoso,1,2,TO,22,28,2,1,1,0,1,26
alta,2019,idoso,2,1,BA,123,165,2,1,1,1,0,4
alta,2019,idoso,2,1,GO,32,40,2,1,1,1,0,8
alta,2019,idoso,2,1,MA,39,47,2,1,1,1,0,9
alta,2019,idoso,2,1,MG,174,244,2,1,1,1,0,10
alta,2019,idoso,2,1,MT,28,35,2,1,1,1,0,12
alta,2019,idoso,2,1,PA,15,24,2,1,1,1,0,13
alta,2019,idoso,2,1,PE,60,80,2,1,1,1,0,15
alta,2019,idoso,2,1,PR,55,73,2,1,1,1,0,17
alta,2019,idoso,2,1,RJ,379,508,2,1,1,1,0,18
alta,2019,idoso,2,1,RS,78,106,2,1,1,1,0,22
alta,2019,idoso,2,1,SC,27,40,2,1,1,1,0,23
alta,2019,idoso,2,1,SE,19,27,2,1,1,1,0,24
alta,2019,idoso,2,1,SP,417,588,2,1,1,1,0,25
alta,2019,idoso,2,2,BA,98,134,2,1,1,1,1,4
alta,2019,idoso,2,2,MA,22,31,2,1,1,1,1,9
alta,2019,idoso,2,2,MG,96,146,2,1,1,1,1,10
alta,2019,idoso,2,2,PA,18,24,2,1,1,1,1,13
alta,2019,idoso,2,2,PE,37,52,2,1,1,1,1,15
alta,2019,idoso,2,2,PR,24,31,2,1,1,1,1,17
alta,2019,idoso,2,2,RJ,277,364,2,1,1,1,1,18
alta,2019,idoso,2,2,RS,55,78,2,1,1,1,1,22
alta,2019,idoso,2,2,SP,278,399,2,1,1,1,1,25
alta,2019,idoso,4,1,AC,15,20,2,1,1,3,0,0
alta,2019,idoso,4,1,AL,62,78,2,1,1,3,0,1
alta,2019,idoso,4,1,AM,248,312,2,1,1,3,0,2
alta,2019,idoso,4,1,AP,23,31,2,1,1,3,0,3
alta,2019,idoso,4,1,BA,449,668,2,1,1,3,0,4
alta,2019,idoso,4,1,CE,376,511,2,1,1,3,0,5
alta,2019,idoso,4,1,DF,122,151,2,1,1,3,0,6
alta,2019,idoso,4,1,ES,106,143,2,1,1,3,0,7
alta,2019,idoso,4,1,GO,236,315,2,1,1,3,0,8
alta,2019,idoso,4,1,MA,257,338,2,1,1,3,0,9
alta,2019,idoso,4,1,MG,697,986,2,1,1,3,0,10
alta,2019,idoso,4,1,MS,153,215,2,1,1,3,0,11
alta,2019,idoso,4,1,MT,189,255,2,1,1,3,0,12
alta,2019,idoso,4,1,PA,362,471,2,1,1,3,0,13
alta,2019,idoso,4,1,PB,67,90,2,1,1,3,0,14
alta,2019,idoso,4,1,PE,434,611,2,1,1,3,0,15
alta,2019,idoso,4,1,PI,91,125,2,1,1,3,0,16
alta,2019,idoso,4,1,PR,207,264,2,1,1,3,0,17
alta,2019,idoso,4,1,RJ,789,1062,2,1,1,3,0,18
alta,2019,idoso,4,1,RN,81,109,2,1,1,3,0,19
alta,2019,idoso,4,1,RO,55,63,2,1,1,3,0,20
alta,2019,idoso,4,1,RR,27,35,2,1,1,3,0,21
alta,2019,idoso,4,1,RS,84,104,2,1,1,3,0,22
alta,2019,idoso,4,1,SC,43,52,2,1,1,3,0,23
alta,2019,idoso,4,1,SE,110,157,2,1,1,3,0,24
alta,2019,idoso,4,1,SP,1145,1593,2,1,1,3,0,25
alta,2019,idoso,4,1,TO,29,36,2,1,1,3,0,26
alta,2019,idoso,4,2,AL,38,43,2,1,1,3,1,1
alta,2019,idoso,4,2,AM,127,177,2,1,1,3,1,2
alta,2019,idoso,4,2,BA,305,452,2,1,1,3,1,4
alta,2019,idoso,4,2,CE,245,370,2,1,1,3,1,5
alta,2019,idoso,4,2,DF,73,107,2,1,1,3,1,6
alta,2019,idoso,4,2,ES,53,66,2,1,1,3,1,7
alta,2019,idoso,4,2,GO,146,193,2,1,1,3,1,8
alta,2019,idoso,4,2,MA,207,257,2,1,1,3,1,9
alta,2019,idoso,4,2,MG,422,590,2,1,1,3,1,10
alta,2019,idoso,4,2,MS,87,115,2,1,1,3,1,11
alta,2019,idoso,4,2,MT,110,158,2,1,1,3,1,12
alta,2019,idoso,4,2,PA,233,317,2,1,1,3,1,13
alta,2019,idoso,4,2,PB,45,63,2,1,1,3,1,14
alta,2019,idoso,4,2,PE,314,444,2,1,1,3,1,15
alta,2019,idoso,4,2,PI,45,65,2,1,1,3,1,16
alta,2019,idoso,4,2,PR,86,124,2,1,1,3,1,17
alta,2019,idoso,4,2,RJ,531,722,2,1,1,3,1,18
alta,2019,idoso,4,2,RN,67,87,2,1,1,3,1,19
alta,2019,idoso,4,2,RO,31,38,2,1,1,3,1,20
alta,2019,idoso,4,2,RR,16,22,2,1,1,3,1,21
alta,2019,idoso,4,2,RS,51,72,2,1,1,3,1,22
alta,2019,idoso,4,2,SC,22,31,2,1,1,3,1,23
alta,2019,idoso,4,2,SE,59,87,2,1,1,3,1,24
alta,2019,idoso,4,2,SP,654,932,2,1,1,3,1,25
alta,2019,idoso,4,2,TO,15,20,2,1,1,3,1,26
alta,2019,jovem,1,1,MG,263,314,2,1,2,0,0,10
alta,2019,jovem,1,1,PE,81,96,2,1,2,0,0,15
alta,2019,jovem,1,1,PR,639,682,2,1,2,0,0,17
alta,2019,jovem,1,1,RS,214,236,2,1,2,0,0,22
alta,2019,jovem,1,1,SP,615,738,2,1,2,0,0,25
alta,2019,jovem,1,2,MG,90,120,2,1,2,0,1,10
alta,2019,jovem,1,2,PR,131,170,2,1,2,0,1,17
alta,2019,jovem,1,2,SC,72,90,2,1,2,0,1,23
alta,2019,jovem,1,2,SP,234,337,2,1,2,0,1,25
alta,2019,jovem,4,1,AM,310,326,2,1,2,3,0,2
alta,2019,jovem,4,1,BA,342,360,2,1,2,3,0,4
alta,2019,jovem,4,1,CE,269,295,2,1,2,3,0,5
alta,2019,jovem,4,1,MA,281,310,2,1,2,3,0,9
alta,2019,jovem,4,1,MG,419,448,2,1,2,3,0,10
alta,2019,jovem,4,1,PA,299,319,2,1,2,3,0,13
alta,2019,jovem,4,1,PE,246,266,2,1,2,3,0,15
alta,2019,jovem,4,1,SP,527,598,2,1,2,3,0,25
alta,2019,jovem,4,2,CE,71,96,2,1,2,3,1,5
alta,2019,jovem,4,2,MA,94,121,2,1,2,3,1,9
alta,2019,jovem,4,2,MG,105,143,2,1,2,3,1,10
alta,2019,jovem,4,2,SP,161,220,2,1,2,3,1,25
alta,2019,meia-idade,1,1,AL,22,37,2,1,3,0,0,1
alta,2019,meia-idade,1,1,BA,118,160,2,1,3,0,0,4
alta,2019,meia-idade,1,1,CE,110,153,2,1,3,0,0,5
alta,2019,meia-idade,1,1,ES,60,79,2,1,3,0,0,7
alta,2019,meia-idade,1,1,GO,193,263,2,1,3,0,0,8
alta,2019,meia-idade,1,1,MA,83,100,2,1,3,0,0,9
alta,2019,meia-idade,1,1,MG,866,1231,2,1,3,0,0,10
alta,2019,meia-idade,1,1,MS,165,216,2,1,3,0,0,11
alta,2019,meia-idade,1,1,MT,169,207,2,1,3,0,0,12
alta,2019,meia-idade,1,1,PA,65,89,2,1,3,0,0,13
alta,2019,meia-idade,1,1,PB,15,26,2,1,3,0,0,14
alta,2019,meia-idade,1,1,PE,205,291,2,1,3,0,0,15
alta,2019,meia-idade,1,1,PI,30,41,2,1,3,0,0,16
alta,2019,meia-idade,1,1,PR,1195,1588,2,1,3,0,0,17
alta,2019,meia-idade,1,1,RJ,635,885,2,1,3,0,0,18
alta,2019,meia-idade,1,1,RN,48,65,2,1,3,0,0,19
alta,2019,meia-idade,1,1,RS,867,1154,2,1,3,0,0,22
alta,2019,meia-idade,1,1,SC,796,1072,2,1,3,0,0,23
alta,2019,meia-idade,1,1,SE,31,45,2,1,3,0,0,24
alta,2019,meia-idade,1,1,SP,3501,4854,2,1,3,0,0,25
alta,2019,meia-idade,1,2,BA,89,140,2,1,3,0,1,4
alta,2019,meia-idade,1,2,CE,83,134,2,1,3,0,1,5
alta,2019,meia-idade,1,2,DF,71,100,2,1,3,0,1,6
alta,2019,meia-idade,1,2,GO,128,192,2,1,3,0,1,8
alta,2019,meia-idade,1,2,MA,61,81,2,1,3,0,1,9
alta,2019,meia-idade,1,2,MG,549,826,2,1,3,0,1,10
alta,2019,meia-idade,1,2,MS,107,146,2,1,3,0,1,11
alta,2019,meia-idade,1,2,MT,76,101,2,1,3,0,1,12
alta,2019,meia-idade,1,2,PA,42,66,2,1,3,0,1,13
alta,2019,meia-idade,1,2,PB,16,22,2,1,3,0,1,14
alta,2019,meia-idade,1,2,PE,161,240,2,1,3,0,1,15
alta,2019,meia-idade,1,2,PI,23,29,2,1,3,0,1,16
alta,2019,meia-idade,1,2,PR,615,900,2,1,3,0,1,17
alta,2019,meia-idade,1,2,RJ,609,881,2,1,3,0,1,18
alta,2019,meia-idade,1,2,RN,36,49,2,1,3,0,1,19
alta,2019,meia-idade,1,2,RS,580,796,2,1,3,0,1,22
alta,2019,meia-idade,1,2,SC,417,596,2,1,3,0,1,23
alta,2019,meia-idade,1,2,SP,2015,2966,2,1,3,0,1,25
alta,2019,meia-idade,2,1,BA,116,156,2,1,3,1,0,4
alta,2019,meia-idade,2,1,GO,36,49,2,1,3,1,0,8
alta,2019,meia-idade,2,1,MA,32,44,2,1,3,1,0,9
alta,2019,meia-idade,2,1,MG,211,280,2,1,3,1,0,10
alta,2019,meia-idade,2,1,MT,42,53,2,1,3,1,0,12
alta,2019,meia-idade,2,1,PA,16,23,2,1,3,1,0,13
alta,2019,meia-idade,2,1,PE,51,63,2,1,3,1,0,15
alta,2019,meia-idade,2,1,PR,53,64,2,1,3,1,0,17
alta,2019,meia-idade,2,1,RJ,255,334,2,1,3,1,0,18
alta,2019,meia-idade,2,1,RS,59,73,2,1,3,1,0,22
alta,2019,meia-idade,2,1,SE,21,29,2,1,3,1,0,24
alta,2019,meia-idade,2,1,SP,431,577,2,1,3,1,0,25
alta,2019,meia-idade,2,2,BA,92,128,2,1,3,1,1,4
alta,2019,meia-idade,2,2,GO,18,28,2,1,3,1,1,8
alta,2019,meia-idade,2,2,MA,22,29,2,1,3,1,1,9
alta,2019,meia-idade,2,2,MG,99,149,2,1,3,1,1,10
alta,2019,meia-idade,2,2,PA,20,25,2,1,3,1,1,13
alta,2019,meia-idade,2,2,PE,27,40,2,1,3,1,1,15
alta,2019,meia-idade,2,2,PR,42,57,2,1,3,1,1,17
alta,2019,meia-idade,2,2,RJ,238,326,2,1,3,1,1,18
alta,2019,meia-idade,2,2,SP,231,338,2,1,3,1,1,25
alta,2019,meia-idade,4,1,AL,60,78,2,1,3,3,0,1
alta,2019,meia-idade,4,1,AM,241,310,2,1,3,3,0,2
alta,2019,meia-idade,4,1,BA,394,537,2,1,3,3,0,4
alta,2019,meia-idade,4,1,CE,379,521,2,1,3,3,0,5
alta,2019,meia-idade,4,1,DF,120,152,2,1,3,3,0,6
alta,2019,meia-idade,4,1,ES,87,109,2,1,3,3,0,7
alta,2019,meia-idade,4,1,GO,280,360,2,1,3,3,0,8
alta,2019,meia-idade,4,1,MA,286,344,2,1,3,3,0,9
alta,2019,meia-idade,4,1,MG,632,881,2,1,3,3,0,10
alta,2019,meia-idade,4,1,MS,159,202,2,1,3,3,0,11
alta,2019,meia-idade,4,1,MT,206,277,2,1,3,3,0,12
alta,2019,meia-idade,4,1,PA,318,399,2,1,3,3,0,13
alta,2019,meia-idade,4,1,PB,83,105,2,1,3,3,0,14
alta,2019,meia-idade,4,1,PE,384,495,2,1,3,3,0,15
alta,2019,meia-idade,4,1,PI,78,104,2,1,3,3,0,16
alta,2019,meia-idade,4,1,PR,241,324,2,1,3,3,0,17
alta,2019,meia-idade,4,1,RJ,516,650,2,1,3,3,0,18
alta,2019,meia-idade,4,1,RN,98,118,2,1,3,3,0,19
alta,2019,meia-idade,4,1,RO,52,70,2,1,3,3,0,20
alta,2019,meia-idade,4,1,RR,39,46,2,1,3,3,0,21
alta,2019,meia-idade,4,1,RS,67,83,2,1,3,3,0,22
alta,2019,meia-idade,4,1,SE,97,142,2,1,3,3,0,24
alta,2019,meia-idade,4,1,SP,1300,1740,2,1,3,3,0,25
alta,2019,meia-idade,4,1,TO,53,70,2,1,3,3,0,26
alta,2019,meia-idade,4,2,AL,33,45,2,1,3,3,1,1
alta,2019,meia-idade,4,2,AM,128,181,2,1,3,3,1,2
alta,2019,meia-idade,4,2,AP,19,31,2,1,3,3,1,3
alta,2019,meia-idade,4,2,BA,261,387,2,1,3,3,1,4
alta,2019,meia-idade,4,2,CE,230,314,2,1,3,3,1,5
alta,2019,meia-idade,4,2,ES,46,62,2,1,3,3,1,7
alta,2019,meia-idade,4,2,GO,174,236,2,1,3,3,1,8
alta,2019,meia-idade,4,2,MA,163,216,2,1,3,3,1,9
alta,2019,meia-idade,4,2,MG,410,595,2,1,3,3,1,10
alta,2019,meia-idade,4,2,MS,93,126,2,1,3,3,1,11
alta,2019,meia-idade,4,2,MT,140,182,2,1,3,3,1,12
alta,2019,meia-idade,4,2,PA,232,304,2,1,3,3,1,13
alta,2019,meia-idade,4,2,PB,35,61,2,1,3,3,1,14
alta,2019,meia-idade,4,2,PE,280,386,2,1,3,3,1,15
alta,2019,meia-idade,4,2,PI,53,75,2,1,3,3,1,16
alta,2019,meia-idade,4,2,PR,142,187,2,1,3,3,1,17
alta,2019,meia-idade,4,2,RJ,461,614,2,1,3,3,1,18
alta,2019,meia-idade,4,2,RN,59,88,2,1,3,3,1,19
alta,2019,meia-idade,4,2,RO,29,44,2,1,3,3,1,20
alta,2019,meia-idade,4,2,SC,23,28,2,1,3,3,1,23
alta,2019,meia-idade,4,2,SE,50,78,2,1,3,3,1,24
alta,2019,meia-idade,4,2,SP,746,1063,2,1,3,3,1,25
alta,2019,meia-idade,4,2,TO,25,37,2,1,3,3,1,26
alta,2020,adulto,1,1,BA,93,121,2,2,0,0,0,4
alta,2020,adulto,1,1,CE,94,161,2,2,0,0,0,5
alta,2020,adulto,1,1,GO,205,273,2,2,0,0,0,8
alta,2020,adulto,1,1,MA,101,129,2,2,0,0,0,9
alta,2020,adulto,1,1,MG,626,842,2,2,0,0,0,10
alta,2020,adulto,1,1,PE,167,228,2,2,0,0,0,15
alta,2020,adulto,1,1,PR,1165,1428,2,2,0,0,0,17
alta,2020,adulto,1,1,RJ,437,624,2,2,0,0,0,18
alta,2020,adulto,1,1,RS,545,675,2,2,0,0,0,22
alta,2020,adulto,1,1,SC,558,721,2,2,0,0,0,23
alta,2020,adulto,1,1,SP,2037,2998,2,2,0,0,0,25
alta,2020,adulto,1,2,CE,42,80,2,2,0,0,1,5
alta,2020,adulto,1,2,MG,338,507,2,2,0,0,1,10
alta,2020,adulto,1,2,PE,98,168,2,2,0,0,1,15
alta,2020,adulto,1,2,PR,398,583,2,2,0,0,1,17
alta,2020,adulto,1,2,RJ,293,531,2,2,0,0,1,18
alta,2020,adulto,1,2,RS,271,372,2,2,0,0,1,22
alta,2020,adulto,1,2,SC,282,402,2,2,0,0,1,23
alta,2020,adulto,1,2,SP,1122,1863,2,2,0,0,1,25
alta,2020,adulto,2,1,BA,156,211,2,2,0,1,0,4
alta,2020,adulto,2,1,CE,14,23,2,2,0,1,0,5
alta,2020,adulto,2,1,MA,66,83,2,2,0,1,0,9
alta,2020,adulto,2,1,MG,206,263,2,2,0,1,0,10
alta,2020,adulto,2,1,PE,40,59,2,2,0,1,0,15
alta,2020,adulto,2,1,RJ,207,309,2,2,0,1,0,18
alta,2020,adulto,2,1,SP,309,505,2,2,0,1,0,25
alta,2020,adulto,2,2,BA,81,130,2,2,0,1,1,4
alta,2020,adulto,2,2,MG,109,161,2,2,0,1,1,10
alta,2020,adulto,4,1,AC,34,38,2,2,0,3,0,0
alta,2020,adulto,4,1,AL,189,215,2,2,0,3,0,1
alta,2020,adulto,4,1,AM,521,645,2,2,0,3,0,2
alta,2020,adulto,4,1,BA,785,966,2,2,0,3,0,4
alta,2020,adulto,4,1,CE,684,872,2,2,0,3,0,5
alta,2020,adulto,4,1,ES,134,167,2,2,0,3,0,7
alta,2020,adulto,4,1,GO,514,614,2,2,0,3,0,8
alta,2020,adulto,4,1,MA,611,720,2,2,0,3,0,9
alta,2020,adulto,4,1,MG,792,1013,2,2,0,3,0,10
alta,2020,adulto,4,1,MS,195,249,2,2,0,3,0,11
alta,2020,adulto,4,1,MT,391,480,2,2,0,3,0,12
alta,2020,adulto,4,1,PA,512,647,2,2,0,3,0,13
alta,2020,adulto,4,1,PB,52,76,2,2,0,3,0,14
alta,2020,adulto,4,1,PE,595,732,2,2,0,3,0,15
alta,2020,adulto,4,1,PI,147,168,2,2,0,3,0,16
alta,2020,adulto,4,1,PR,387,464,2,2,0,3,0,17
alta,2020,adulto,4,1,RJ,544,748,2,2,0,3,0,18
alta,2020,adulto,4,1,RN,64,85,2,2,0,3,0,19
alta,2020,adulto,4,1,RO,121,151,2,2,0,3,0,20
alta,2020,adulto,4,1,SE,220,258,2,2,0,3,0,24
alta,2020,adulto,4,1,SP,1477,2089,2,2,0,3,0,25
alta,2020,adulto,4,1,TO,119,145,2,2,0,3,0,26
alta,2020,adulto,4,2,AM,208,314,2,2,0,3,1,2
alta,2020,adulto,4,2,BA,293,444,2,2,0,3,1,4
alta,2020,adulto,4,2,CE,237,394,2,2,0,3,1,5
alta,2020,adulto,4,2,GO,157,228,2,2,0,3,1,8
alta,2020,adulto,4,2,MA,220,301,2,2,0,3,1,9
alta,2020,adulto,4,2,MG,354,524,2,2,0,3,1,10
alta,2020,adulto,4,2,PA,252,362,2,2,0,3,1,13
alta,2020,adulto,4,2,PE,238,370,2,2,0,3,1,15
alta,2020,adulto,4,2,PI,60,91,2,2,0,3,1,16
alta,2020,adulto,4,2,RJ,303,498,2,2,0,3,1,18
alta,2020,adulto,4,2,SE,51,85,2,2,0,3,1,24
alta,2020,adulto,4,2,SP,602,1002,2,2,0,3,1,25
alta,2020,idoso,1,1,AL,39,58,2,2,1,0,0,1
alta,2020,idoso,1,1,AM,88,167,2,2,1,0,0,2
alta,2020,idoso,1,1,BA,228,414,2,2,1,0,0,4
alta,2020,idoso,1,1,CE,161,326,2,2,1,0,0,5
alta,2020,idoso,1,1,DF,161,276,2,2,1,0,0,6
alta,2020,idoso,1,1,ES,128,224,2,2,1,0,0,7
alta,2020,idoso,1,1,GO,326,576,2,2,1,0,0,8
alta,2020,idoso,1,1,MA,105,201,2,2,1,0,0,9
alta,2020,idoso,1,1,MG,1285,2235,2,2,1,0,0,10
alta,2020,idoso,1,1,MS,206,380,2,2,1,0,0,11
alta,2020,idoso,1,1,MT,185,315,2,2,1,0,0,12
alta,2020,idoso,1,1,PA,148,287,2,2,1,0,0,13
alta,2020,idoso,1,1,PB,37,73,2,2,1,0,0,14
alta,2020,idoso,1,1,PE,369,647,2,2,1,0,0,15
alta,2020,idoso,1,1,PI,35,60,2,2,1,0,0,16
alta,2020,idoso,1,1,PR,1418,2409,2,2,1,0,0,17
alta,2020,idoso,1,1,RJ,1601,3017,2,2,1,0,0,18
alta,2020,idoso,1,1,RN,92,149,2,2,1,0,0,19
alta,2020,idoso,1,1,RO,53,92,2,2,1,0,0,20
alta,2020,idoso,1,1,RS,1396,2183,2,2,1,0,0,22
alta,2020,idoso,1,1,SC,963,1594,2,2,1,0,0,23
alta,2020,idoso,1,1,SE,61,129,2,2,1,0,0,24
alta,2020,idoso,1,1,SP,5089,9141,2,2,1,0,0,25
alta,2020,idoso,1,1,TO,35,59,2,2,1,0,0,26
alta,2020,idoso,1,2,AL,25,44,2,2,1,0,1,1
alta,2020,idoso,1,2,AM,65,136,2,2,1,0,1,2
alta,2020,idoso,1,2,BA,203,356,2,2,1,0,1,4
alta,2020,idoso,1,2,CE,155,301,2,2,1,0,1,5
alta,2020,idoso,1,2,DF,103,201,2,2,1,0,1,6
alta,2020,idoso,1,2,ES,68,127,2,2,1,0,1,7
alta,2020,idoso,1,2,GO,211,398,2,2,1,0,1,8
alta,2020,idoso,1,2,MA,89,167,2,2,1,0,1,9
alta,2020,idoso,1,2,MG,808,1391,2,2,1,0,1,10
alta,2020,idoso,1,2,MS,130,236,2,2,1,0,1,11
alta,2020,idoso,1,2,MT,96,195,2,2,1,0,1,12
alta,2020,idoso,1,2,PA,118,216,2,2,1,0,1,13
alta,2020,idoso,1,2,PB,29,46,2,2,1,0,1,14
alta,2020,idoso,1,2,PE,272,519,2,2,1,0,1,15
alta,2020,idoso,1,2,PI,29,47,2,2,1,0,1,16
alta,2020,idoso,1,2,PR,712,1302,2,2,1,0,1,17
alta,2020,idoso,1,2,RJ,1318,2372,2,2,1,0,1,18
alta,2020,idoso,1,2,RN,82,135,2,2,1,0,1,19
alta,2020,idoso,1,2,RO,44,70,2,2,1,0,1,20
alta,2020,idoso,1,2,RS,827,1368,2,2,1,0,1,22
alta,2020,idoso,1,2,SC,461,808,2,2,1,0,1,23
alta,2020,idoso,1,2,SE,40,77,2,2,1,0,1,24
alta,2020,idoso,1,2,SP,3251,5757,2,2,1,0,1,25
alta,2020,idoso,1,2,TO,19,34,2,2,1,0,1,26
alta,2020,idoso,2,1,AM,14,25,2,2,1,1,0,2
alta,2020,idoso,2,1,BA,162,283,2,2,1,1,0,4
alta,2020,idoso,2,1,CE,17,26,2,2,1,1,0,5
alta,2020,idoso,2,1,ES,27,39,2,2,1,1,0,7
alta,2020,idoso,2,1,GO,35,63,2,2,1,1,0,8
alta,2020,idoso,2,1,MA,42,66,2,2,1,1,0,9
alta,2020,idoso,2,1,MG,218,345,2,2,1,1,0,10
alta,2020,idoso,2,1,MS,19,32,2,2,1,1,0,11
alta,2020,idoso,2,1,MT,29,50,2,2,1,1,0,12
alta,2020,idoso,2,1,PA,35,67,2,2,1,1,0,13
alta,2020,idoso,2,1,PE,57,96,2,2,1,1,0,15
alta,2020,idoso,2,1,PI,11,21,2,2,1,1,0,16
alta,2020,idoso,2,1,PR,69,111,2,2,1,1,0,17
alta,2020,idoso,2,1,RJ,402,753,2,2,1,1,0,18
alta,2020,idoso,2,1,RS,86,142,2,2,1,1,0,22
alta,2020,idoso,2,1,SE,26,45,2,2,1,1,0,24
alta,2020,idoso,2,1,SP,482,914,2,2,1,1,0,25
alta,2020,idoso,2,2,BA,108,190,2,2,1,1,1,4
alta,2020,idoso,2,2,CE,12,20,2,2,1,1,1,5
alta,2020,idoso,2,2,DF,17,42,2,2,1,1,1,6
alta,2020,idoso,2,2,GO,22,41,2,2,1,1,1,8
alta,2020,idoso,2,2,MA,29,49,2,2,1,1,1,9
alta,2020,idoso,2,2,MG,129,204,2,2,1,1,1,10
alta,2020,idoso,2,2,MT,16,37,2,2,1,1,1,12
alta,2020,idoso,2,2,PA,21,35,2,2,1,1,1,13
alta,2020,idoso,2,2,PE,32,67,2,2,1,1,1,15
alta,2020,idoso,2,2,PR,28,50,2,2,1,1,1,17
alta,2020,idoso,2,2,RJ,318,601,2,2,1,1,1,18
alta,2020,idoso,2,2,RS,64,107,2,2,1,1,1,22
alta,2020,idoso,2,2,SC,27,41,2,2,1,1,1,23
alta,2020,idoso,2,2,SE,7,21,2,2,1,1,1,24
alta,2020,idoso,2,2,SP,316,563,2,2,1,1,1,25
alta,2020,idoso,4,1,AC,28,46,2,2,1,3,0,0
alta,2020,idoso,4,1,AL,80,123,2,2,1,3,0,1
alta,2020,idoso,4,1,AM,312,693,2,2,1,3,0,2
alta,2020,idoso,4,1,AP,16,36,2,2,1,3,0,3
alta,2020,idoso,4,1,BA,556,944,2,2,1,3,0,4
alta,2020,idoso,4,1,CE,413,808,2,2,1,3,0,5
alta,2020,idoso,4,1,DF,125,228,2,2,1,3,0,6
alta,2020,idoso,4,1,ES,122,196,2,2,1,3,0,7
alta,2020,idoso,4,1,GO,264,502,2,2,1,3,0,8
alta,2020,idoso,4,1,MA,311,486,2,2,1,3,0,9
alta,2020,idoso,4,1,MG,679,1156,2,2,1,3,0,10
alta,2020,idoso,4,1,MS,171,311,2,2,1,3,0,11
alta,2020,idoso,4,1,MT,212,368,2,2,1,3,0,12
alta,2020,idoso,4,1,PA,370,708,2,2,1,3,0,13
alta,2020,idoso,4,1,PB,78,108,2,2,1,3,0,14
alta,2020,idoso,4,1,PE,482,926,2,2,1,3,0,15
alta,2020,idoso,4,1,PI,84,136,2,2,1,3,0,16
alta,2020,idoso,4,1,PR,231,384,2,2,1,3,0,17
alta,2020,idoso,4,1,RJ,889,1618,2,2,1,3,0,18
alta,2020,idoso,4,1,RN,87,145,2,2,1,3,0,19
alta,2020,idoso,4,1,RO,62,129,2,2,1,3,0,20
alta,2020,idoso,4,1,RR,21,51,2,2,1,3,0,21
alta,2020,idoso,4,1,RS,84,126,2,2,1,3,0,22
alta,2020,idoso,4,1,SC,34,65,2,2,1,3,0,23
alta,2020,idoso,4,1,SE,140,249,2,2,1,3,0,24
alta,2020,idoso,4,1,SP,1326,2447,2,2,1,3,0,25
alta,2020,idoso,4,1,TO,34,73,2,2,1,3,0,26
alta,2020,idoso,4,2,AC,9,30,2,2,1,3,1,0
alta,2020,idoso,4,2,AL,41,70,2,2,1,3,1,1
alta,2020,idoso,4,2,AM,196,383,2,2,1,3,1,2
alta,2020,idoso,4,2,AP,18,34,2,2,1,3,1,3
alta,2020,idoso,4,2,BA,381,622,2,2,1,3,1,4
alta,2020,idoso,4,2,CE,263,526,2,2,1,3,1,5
alta,2020,idoso,4,2,DF,66,137,2,2,1,3,1,6
alta,2020,idoso,4,2,ES,54,102,2,2,1,3,1,7
alta,2020,idoso,4,2,GO,145,266,2,2,1,3,1,8
alta,2020,idoso,4,2,MA,193,324,2,2,1,3,1,9
alta,2020,idoso,4,2,MG,404,659,2,2,1,3,1,10
alta,2020,idoso,4,2,MS,82,148,2,2,1,3,1,11
alta,2020,idoso,4,2,MT,100,207,2,2,1,3,1,12
alta,2020,idoso,4,2,PA,280,478,2,2,1,3,1,13
alta,2020,idoso,4,2,PB,45,85,2,2,1,3,1,14
alta,2020,idoso,4,2,PE,324,562,2,2,1,3,1,15
alta,2020,idoso,4,2,PI,57,101,2,2,1,3,1,16
alta,2020,idoso,4,2,PR,100,177,2,2,1,3,1,17
alta,2020,idoso,4,2,RJ,617,1140,2,2,1,3,1,18
alta,2020,idoso,4,2,RN,65,101,2,2,1,3,1,19
alta,2020,idoso,4,2,RO,37,68,2,2,1,3,1,20
alta,2020,idoso,4,2,RR,13,26,2,2,1,3,1,21
alta,2020,idoso,4,2,RS,60,86,2,2,1,3,1,22
alta,2020,idoso,4,2,SC,19,27,2,2,1,3,1,23
alta,2020,idoso,4,2,SE,88,139,2,2,1,3,1,24
alta,2020,idoso,4,2,SP,706,1318,2,2,1,3,1,25
alta,2020,idoso,4,2,TO,30,48,2,2,1,3,1,26
alta,2020,jovem,1,1,MG,267,317,2,2,2,0,0,10
alta,2020,jovem,1,1,PE,73,85,2,2,2,0,0,15
alta,2020,jovem,1,1,PR,585,629,2,2,2,0,0,17
alta,2020,jovem,1,1,SP,642,780,2,2,2,0,0,25
alta,2020,jovem,1,2,PR,131,171,2,2,2,0,1,17
alta,2020,jovem,1,2,RS,58,78,2,2,2,0,1,22
alta,2020,jovem,1,2,SP,219,343,2,2,2,0,1,25
alta,2020,jovem,4,1,AM,300,334,2,2,2,3,0,2
alta,2020,jovem,4,1,BA,392,418,2,2,2,3,0,4
alta,2020,jovem,4,1,CE,339,367,2,2,2,3,0,5
alta,2020,jovem,4,1,MA,371,400,2,2,2,3,0,9
alta,2020,jovem,4,1,MG,364,405,2,2,2,3,0,10
alta,2020,jovem,4,1,PA,252,282,2,2,2,3,0,13
alta,2020,jovem,4,1,PE,323,350,2,2,2,3,0,15
alta,2020,jovem,4,1,SP,602,670,2,2,2,3,0,25
alta,2020,jovem,4,2,BA,76,117,2,2,2,3,1,4
alta,2020,jovem,4,2,SP,161,231,2,2,2,3,1,25
alta,2020,meia-idade,1,1,AL,22,38,2,2,3,0,0,1
alta,2020,meia-idade,1,1,BA,135,209,2,2,3,0,0,4
alta,2020,meia-idade,1,1,CE,102,186,2,2,3,0,0,5
alta,2020,meia-idade,1,1,ES,66,114,2,2,3,0,0,7
alta,2020,meia-idade,1,1,GO,213,355,2,2,3,0,0,8
alta,2020,meia-idade,1,1,MA,65,121,2,2,3,0,0,9
alta,2020,meia-idade,1,1,MG,805,1284,2,2,3,0,0,10
alta,2020,meia-idade,1,1,MS,165,261,2,2,3,0,0,11
alta,2020,meia-idade,1,1,MT,153,257,2,2,3,0,0,12
alta,2020,meia-idade,1,1,PA,66,134,2,2,3,0,0,13
alta,2020,meia-idade,1,1,PB,18,37,2,2,3,0,0,14
alta,2020,meia-idade,1,1,PE,200,343,2,2,3,0,0,15
alta,2020,meia-idade,1,1,PI,21,33,2,2,3,0,0,16
alta,2020,meia-idade,1,1,PR,1243,1893,2,2,3,0,0,17
alta,2020,meia-idade,1,1,RJ,690,1321,2,2,3,0,0,18
alta,2020,meia-idade,1,1,RN,53,82,2,2,3,0,0,19
alta,2020,meia-idade,1,1,RS,784,1180,2,2,3,0,0,22
alta,2020,meia-idade,1,1,SC,723,1122,2,2,3,0,0,23
alta,2020,meia-idade,1,1,SE,36,68,2,2,3,0,0,24
alta,2020,meia-idade,1,1,SP,3412,5698,2,2,3,0,0,25
alta,2020,meia-idade,1,2,BA,104,184,2,2,3,0,1,4
alta,2020,meia-idade,1,2,CE,80,165,2,2,3,0,1,5
alta,2020,meia-idade,1,2,ES,45,74,2,2,3,0,1,7
alta,2020,meia-idade,1,2,GO,143,256,2,2,3,0,1,8
alta,2020,meia-idade,1,2,MA,53,93,2,2,3,0,1,9
alta,2020,meia-idade,1,2,MG,546,926,2,2,3,0,1,10
alta,2020,meia-idade,1,2,MS,104,161,2,2,3,0,1,11
alta,2020,meia-idade,1,2,MT,92,144,2,2,3,0,1,12
alta,2020,meia-idade,1,2,PA,60,97,2,2,3,0,1,13
alta,2020,meia-idade,1,2,PE,163,270,2,2,3,0,1,15
alta,2020,meia-idade,1,2,PR,595,984,2,2,3,0,1,17
alta,2020,meia-idade,1,2,RJ,604,1155,2,2,3,0,1,18
alta,2020,meia-idade,1,2,RN,44,71,2,2,3,0,1,19
alta,2020,meia-idade,1,2,RS,456,734,2,2,3,0,1,22
alta,2020,meia-idade,1,2,SC,398,644,2,2,3,0,1,23
alta,2020,meia-idade,1,2,SE,40,66,2,2,3,0,1,24
alta,2020,meia-idade,1,2,SP,1929,3497,2,2,3,0,1,25
alta,2020,meia-idade,2,1,BA,124,207,2,2,3,1,0,4
alta,2020,meia-idade,2,1,CE,13,30,2,2,3,1,0,5
alta,2020,meia-idade,2,1,GO,46,71,2,2,3,1,0,8
alta,2020,meia-idade,2,1,MA,38,68,2,2,3,1,0,9
alta,2020,meia-idade,2,1,MG,188,293,2,2,3,1,0,10
alta,2020,meia-idade,2,1,PA,27,43,2,2,3,1,0,13
alta,2020,meia-idade,2,1,PE,46,82,2,2,3,1,0,15
alta,2020,meia-idade,2,1,PR,70,104,2,2,3,1,0,17
alta,2020,meia-idade,2,1,RJ,249,455,2,2,3,1,0,18
alta,2020,meia-idade,2,1,RS,63,98,2,2,3,1,0,22
alta,2020,meia-idade,2,1,SE,22,38,2,2,3,1,0,24
alta,2020,meia-idade,2,1,SP,482,834,2,2,3,1,0,25
alta,2020,meia-idade,2,2,BA,97,165,2,2,3,1,1,4
alta,2020,meia-idade,2,2,GO,24,39,2,2,3,1,1,8
alta,2020,meia-idade,2,2,MA,22,40,2,2,3,1,1,9
alta,2020,meia-idade,2,2,MG,120,203,2,2,3,1,1,10
alta,2020,meia-idade,2,2,MT,13,28,2,2,3,1,1,12
alta,2020,meia-idade,2,2,PA,15,26,2,2,3,1,1,13
alta,2020,meia-idade,2,2,PE,26,51,2,2,3,1,1,15
alta,2020,meia-idade,2,2,PR,42,61,2,2,3,1,1,17
alta,2020,meia-idade,2,2,RJ,216,411,2,2,3,1,1,18
alta,2020,meia-idade,2,2,RS,44,64,2,2,3,1,1,22
alta,2020,meia-idade,2,2,SP,295,482,2,2,3,1,1,25
alta,2020,meia-idade,4,1,AC,17,26,2,2,3,3,0,0
alta,2020,meia-idade,4,1,AL,98,136,2,2,3,3,0,1
alta,2020,meia-idade,4,1,AM,284,562,2,2,3,3,0,2
alta,2020,meia-idade,4,1,AP,33,66,2,2,3,3,0,3
alta,2020,meia-idade,4,1,BA,457,742,2,2,3,3,0,4
alta,2020,meia-idade,4,1,CE,406,714,2,2,3,3,0,5
alta,2020,meia-idade,4,1,DF,117,190,2,2,3,3,0,6
alta,2020,meia-idade,4,1,ES,113,163,2,2,3,3,0,7
alta,2020,meia-idade,4,1,GO,336,497,2,2,3,3,0,8
alta,2020,meia-idade,4,1,MA,313,469,2,2,3,3,0,9
alta,2020,meia-idade,4,1,MG,675,1050,2,2,3,3,0,10
alta,2020,meia-idade,4,1,MS,195,281,2,2,3,3,0,11
alta,2020,meia-idade,4,1,MT,231,390,2,2,3,3,0,12
alta,2020,meia-idade,4,1,PA,367,617,2,2,3,3,0,13
alta,2020,meia-idade,4,1,PB,56,91,2,2,3,3,0,14
alta,2020,meia-idade,4,1,PE,457,710,2,2,3,3,0,15
alta,2020,meia-idade,4,1,PI,101,145,2,2,3,3,0,16
alta,2020,meia-idade,4,1,PR,299,441,2,2,3,3,0,17
alta,2020,meia-idade,4,1,RJ,593,1086,2,2,3,3,0,18
alta,2020,meia-idade,4,1,RN,102,141,2,2,3,3,0,19
alta,2020,meia-idade,4,1,RO,89,152,2,2,3,3,0,20
alta,2020,meia-idade,4,1,RS,48,78,2,2,3,3,0,22
alta,2020,meia-idade,4,1,SC,67,88,2,2,3,3,0,23
alta,2020,meia-idade,4,1,SE,154,226,2,2,3,3,0,24
alta,2020,meia-idade,4,1,SP,1516,2532,2,2,3,3,0,25
alta,2020,meia-idade,4,1,TO,52,86,2,2,3,3,0,26
alta,2020,meia-idade,4,2,AC,17,22,2,2,3,3,1,0
alta,2020,meia-idade,4,2,AL,52,71,2,2,3,3,1,1
alta,2020,meia-idade,4,2,AM,192,363,2,2,3,3,1,2
alta,2020,meia-idade,4,2,BA,338,552,2,2,3,3,1,4
alta,2020,meia-idade,4,2,CE,214,405,2,2,3,3,1,5
alta,2020,meia-idade,4,2,DF,64,120,2,2,3,3,1,6
alta,2020,meia-idade,4,2,ES,58,102,2,2,3,3,1,7
alta,2020,meia-idade,4,2,GO,137,257,2,2,3,3,1,8
alta,2020,meia-idade,4,2,MA,207,313,2,2,3,3,1,9
alta,2020,meia-idade,4,2,MG,412,690,2,2,3,3,1,10
alta,2020,meia-idade,4,2,MS,79,135,2,2,3,3,1,11
alta,2020,meia-idade,4,2,MT,108,231,2,2,3,3,1,12
alta,2020,meia-idade,4,2,PA,232,386,2,2,3,3,1,13
alta,2020,meia-idade,4,2,PB,55,84,2,2,3,3,1,14
alta,2020,meia-idade,4,2,PE,266,504,2,2,3,3,1,15
alta,2020,meia-idade,4,2,PI,41,79,2,2,3,3,1,16
alta,2020,meia-idade,4,2,PR,138,224,2,2,3,3,1,17
alta,2020,meia-idade,4,2,RJ,479,848,2,2,3,3,1,18
alta,2020,meia-idade,4,2,RN,48,91,2,2,3,3,1,19
alta,2020,meia-idade,4,2,RO,43,75,2,2,3,3,1,20
alta,2020,meia-idade,4,2,SE,72,124,2,2,3,3,1,24
alta,2020,meia-idade,4,2,SP,773,1404,2,2,3,3,1,25
alta,2020,meia-idade,4,2,TO,37,54,2,2,3,3,1,26
alta,2021,adulto,1,1,BA,143,236,2,3,0,0,0,4
alta,2021,adulto,1,1,CE,102,226,2,3,0,0,0,5
alta,2021,adulto,1,1,GO,232,505,2,3,0,0,0,8
alta,2021,adulto,1,1,MA,119,195,2,3,0,0,0,9
alta,2021,adulto,1,1,MG,675,1324,2,3,0,0,0,10
alta,2021,adulto,1,1,MS,111,258,2,3,0,0,0,11
alta,2021,adulto,1,1,PA,69,122,2,3,0,0,0,13
alta,2021,adulto,1,1,PB,25,55,2,3,0,0,0,14
alta,2021,adulto,1,1,PE,199,316,2,3,0,0,0,15
alta,2021,adulto,1,1,PI,24,40,2,3,0,0,0,16
alta,2021,adulto,1,1,PR,1285,2336,2,3,0,0,0,17
alta,2021,adulto,1,1,RJ,419,826,2,3,0,0,0,18
alta,2021,adulto,1,1,RN,35,71,2,3,0,0,0,19
alta,2021,adulto,1,1,RS,635,1146,2,3,0,0,0,22
alta,2021,adulto,1,1,SC,632,1091,2,3,0,0,0,23
alta,2021,adulto,1,1,SP,2344,4946,2,3,0,0,0,25
alta,2021,adulto,1,2,BA,69,148,2,3,0,0,1,4
alta,2021,adulto,1,2,CE,78,169,2,3,0,0,1,5
alta,2021,adulto,1,2,MG,334,752,2,3,0,0,1,10
alta,2021,adulto,1,2,PE,117,228,2,3,0,0,1,15
alta,2021,adulto,1,2,PR,442,1070,2,3,0,0,1,17
alta,2021,adulto,1,2,RJ,327,690,2,3,0,0,1,18
alta,2021,adulto,1,2,RS,312,684,2,3,0,0,1,22
alta,2021,adulto,1,2,SC,264,584,2,3,0,0,1,23
alta,2021,adulto,1,2,SP,1267,3149,2,3,0,0,1,25
alta,2021,adulto,2,1,BA,230,335,2,3,0,1,0,4
alta,2021,adulto,2,1,GO,61,120,2,3,0,1,0,8
alta,2021,adulto,2,1,MA,82,112,2,3,0,1,0,9
alta,2021,adulto,2,1,MG,211,362,2,3,0,1,0,10
alta,2021,adulto,2,1,PA,42,59,2,3,0,1,0,13
alta,2021,adulto,2,1,PE,50,72,2,3,0,1,0,15
alta,2021,adulto,2,1,RJ,255,393,2,3,0,1,0,18
alta,2021,adulto,2,1,SP,382,726,2,3,0,1,0,25
alta,2021,adulto,2,2,BA,103,175,2,3,0,1,1,4
alta,2021,adulto,2,2,MG,131,255,2,3,0,1,1,10
alta,2021,adulto,2,2,SP,218,435,2,3,0,1,1,25
alta,2021,adulto,4,1,AL,268,317,2,3,0,3,0,1
alta,2021,adulto,4,1,AM,759,1041,2,3,0,3,0,2
alta,2021,adulto,4,1,BA,953,1279,2,3,0,3,0,4
alta,2021,adulto,4,1,CE,706,1034,2,3,0,3,0,5
alta,2021,adulto,4,1,ES,126,193,2,3,0,3,0,7
alta,2021,adulto,4,1,GO,609,960,2,3,0,3,0,8
alta,2021,adulto,4,1,MA,735,969,2,3,0,3,0,9
alta,2021,adulto,4,1,MG,845,1387,2,3,0,3,0,10
alta,2021,adulto,4,1,MS,208,365,2,3,0,3,0,11
alta,2021,adulto,4,1,MT,360,579,2,3,0,3,0,12
alta,2021,adulto,4,1,PA,581,783,2,3,0,3,0,13
alta,2021,adulto,4,1,PB,60,105,2,3,0,3,0,14
alta,2021,adulto,4,1,PE,579,818,2,3,0,3,0,15
alta,2021,adulto,4,1,PI,184,273,2,3,0,3,0,16
alta,2021,adulto,4,1,PR,532,833,2,3,0,3,0,17
alta,2021,adulto,4,1,RJ,624,983,2,3,0,3,0,18
alta,2021,adulto,4,1,RN,99,163,2,3,0,3,0,19
alta,2021,adulto,4,1,SE,187,290,2,3,0,3,0,24
alta,2021,adulto,4,1,SP,1614,2934,2,3,0,3,0,25
alta,2021,adulto,4,1,TO,156,218,2,3,0,3,0,26
alta,2021,adulto,4,2,AL,63,114,2,3,0,3,1,1
alta,2021,adulto,4,2,AM,237,428,2,3,0,3,1,2
alta,2021,adulto,4,2,BA,356,628,2,3,0,3,1,4
alta,2021,adulto,4,2,CE,282,473,2,3,0,3,1,5
alta,2021,adulto,4,2,GO,246,492,2,3,0,3,1,8
alta,2021,adulto,4,2,MA,256,397,2,3,0,3,1,9
alta,2021,adulto,4,2,MG,378,778,2,3,0,3,1,10
alta,2021,adulto,4,2,MT,147,286,2,3,0,3,1,12
alta,2021,adulto,4,2,PA,311,484,2,3,0,3,1,13
alta,2021,adulto,4,2,PE,249,434,2,3,0,3,1,15
alta,2021,adulto,4,2,PI,67,122,2,3,0,3,1,16
alta,2021,adulto,4,2,PR,150,340,2,3,0,3,1,17
alta,2021,adulto,4,2,RJ,366,675,2,3,0,3,1,18
alta,2021,adulto,4,2,SP,743,1577,2,3,0,3,1,25
alta,2021,idoso,1,1,AL,57,92,2,3,1,0,0,1
alta,2021,idoso,1,1,AM,101,260,2,3,1,0,0,2
alta,2021,idoso,1,1,BA,251,542,2,3,1,0,0,4
alta,2021,idoso,1,1,CE,197,487,2,3,1,0,0,5
alta,2021,idoso,1,1,DF,137,333,2,3,1,0,0,6
alta,2021,idoso,1,1,ES,159,345,2,3,1,0,0,7
alta,2021,idoso,1,1,GO,393,895,2,3,1,0,0,8
alta,2021,idoso,1,1,MA,127,256,2,3,1,0,0,9
alta,2021,idoso,1,1,MG,1390,3103,2,3,1,0,0,10
alta,2021,idoso,1,1,MS,245,550,2,3,1,0,0,11
alta,2021,idoso,1,1,MT,166,416,2,3,1,0,0,12
alta,2021,idoso,1,1,PA,132,301,2,3,1,0,0,13
alta,2021,idoso,1,1,PB,29,81,2,3,1,0,0,14
alta,2021,idoso,1,1,PE,409,768,2,3,1,0,0,15
alta,2021,idoso,1,1,PI,38,87,2,3,1,0,0,16
alta,2021,idoso,1,1,PR,1453,3336,2,3,1,0,0,17
alta,2021,idoso,1,1,RJ,1745,3518,2,3,1,0,0,18
alta,2021,idoso,1,1,RN,80,177,2,3,1,0,0,19
alta,2021,idoso,1,1,RO,63,135,2,3,1,0,0,20
alta,2021,idoso,1,1,RS,1649,3235,2,3,1,0,0,22
alta,2021,idoso,1,1,SC,1131,2295,2,3,1,0,0,23
alta,2021,idoso,1,1,SE,75,168,2,3,1,0,0,24
alta,2021,idoso,1,1,SP,5846,12482,2,3,1,0,0,25
alta,2021,idoso,1,1,TO,38,76,2,3,1,0,0,26
alta,2021,idoso,1,2,AL,42,63,2,3,1,0,1,1
alta,2021,idoso,1,2,AM,71,212,2,3,1,0,1,2
alta,2021,idoso,1,2,BA,208,430,2,3,1,0,1,4
alta,2021,idoso,1,2,CE,176,442,2,3,1,0,1,5
alta,2021,idoso,1,2,DF,122,298,2,3,1,0,1,6
alta,2021,idoso,1,2,ES,110,224,2,3,1,0,1,7
alta,2021,idoso,1,2,GO,288,661,2,3,1,0,1,8
alta,2021,idoso,1,2,MA,112,223,2,3,1,0,1,9
alta,2021,idoso,1,2,MG,834,2013,2,3,1,0,1,10
alta,2021,idoso,1,2,MS,161,381,2,3,1,0,1,11
alta,2021,idoso,1,2,MT,100,263,2,3,1,0,1,12
alta,2021,idoso,1,2,PA,115,279,2,3,1,0,1,13
alta,2021,idoso,1,2,PB,54,92,2,3,1,0,1,14
alta,2021,idoso,1,2,PE,379,699,2,3,1,0,1,15
alta,2021,idoso,1,2,PI,44,86,2,3,1,0,1,16
alta,2021,idoso,1,2,PR,895,2131,2,3,1,0,1,17
alta,2021,idoso,1,2,RJ,1451,2938,2,3,1,0,1,18
alta,2021,idoso,1,2,RN,87,183,2,3,1,0,1,19
alta,2021,idoso,1,2,RO,37,79,2,3,1,0,1,20
alta,2021,idoso,1,2,RS,1165,2334,2,3,1,0,1,22
alta,2021,idoso,1,2,SC,604,1259,2,3,1,0,1,23
alta,2021,idoso,1,2,SE,37,113,2,3,1,0,1,24
alta,2021,idoso,1,2,SP,3655,8069,2,3,1,0,1,25
alta,2021,idoso,1,2,TO,24,68,2,3,1,0,1,26
alta,2021,idoso,2,1,AM,22,42,2,3,1,1,0,2
alta,2021,idoso,2,1,BA,211,397,2,3,1,1,0,4
alta,2021,idoso,2,1,CE,27,49,2,3,1,1,0,5
alta,2021,idoso,2,1,DF,22,52,2,3,1,1,0,6
alta,2021,idoso,2,1,ES,27,64,2,3,1,1,0,7
alta,2021,idoso,2,1,GO,48,107,2,3,1,1,0,8
alta,2021,idoso,2,1,MA,52,98,2,3,1,1,0,9
alta,2021,idoso,2,1,MG,194,453,2,3,1,1,0,10
alta,2021,idoso,2,1,MS,18,41,2,3,1,1,0,11
alta,2021,idoso,2,1,MT,34,68,2,3,1,1,0,12
alta,2021,idoso,2,1,PA,32,59,2,3,1,1,0,13
alta,2021,idoso,2,1,PE,73,124,2,3,1,1,0,15
alta,2021,idoso,2,1,PI,14,28,2,3,1,1,0,16
alta,2021,idoso,2,1,PR,78,167,2,3,1,1,0,17
alta,2021,idoso,2,1,RJ,460,841,2,3,1,1,0,18
alta,2021,idoso,2,1,RO,9,23,2,3,1,1,0,20
alta,2021,idoso,2,1,RS,120,211,2,3,1,1,0,22
alta,2021,idoso,2,1,SE,22,45,2,3,1,1,0,24
alta,2021,idoso,2,1,SP,580,1221,2,3,1,1,0,25
alta,2021,idoso,2,1,TO,4,20,2,3,1,1,0,26
alta,2021,idoso,2,2,BA,130,241,2,3,1,1,1,4
alta,2021,idoso,2,2,CE,11,20,2,3,1,1,1,5
alta,2021,idoso,2,2,DF,17,32,2,3,1,1,1,6
alta,2021,idoso,2,2,ES,24,51,2,3,1,1,1,7
alta,2021,idoso,2,2,GO,31,61,2,3,1,1,1,8
alta,2021,idoso,2,2,MA,42,66,2,3,1,1,1,9
alta,2021,idoso,2,2,MG,128,258,2,3,1,1,1,10
alta,2021,idoso,2,2,MS,14,34,2,3,1,1,1,11
alta,2021,idoso,2,2,MT,19,46,2,3,1,1,1,12
alta,2021,idoso,2,2,PA,20,38,2,3,1,1,1,13
alta,2021,idoso,2,2,PE,34,72,2,3,1,1,1,15
alta,2021,idoso,2,2,PR,32,75,2,3,1,1,1,17
alta,2021,idoso,2,2,RJ,385,714,2,3,1,1,1,18
alta,2021,idoso,2,2,RS,88,181,2,3,1,1,1,22
alta,2021,idoso,2,2,SE,13,24,2,3,1,1,1,24
alta,2021,idoso,2,2,SP,365,790,2,3,1,1,1,25
alta,2021,idoso,4,1,AC,14,28,2,3,1,3,0,0
alta,2021,idoso,4,1,AL,106,189,2,3,1,3,0,1
alta,2021,idoso,4,1,AM,368,896,2,3,1,3,0,2
alta,2021,idoso,4,1,AP,16,39,2,3,1,3,0,3
alta,2021,idoso,4,1,BA,637,1190,2,3,1,3,0,4
alta,2021,idoso,4,1,CE,414,969,2,3,1,3,0,5
alta,2021,idoso,4,1,DF,112,262,2,3,1,3,0,6
alta,2021,idoso,4,1,ES,130,268,2,3,1,3,0,7
alta,2021,idoso,4,1,GO,418,847,2,3,1,3,0,8
alta,2021,idoso,4,1,MA,338,598,2,3,1,3,0,9
alta,2021,idoso,4,1,MG,758,1614,2,3,1,3,0,10
alta,2021,idoso,4,1,MS,221,465,2,3,1,3,0,11
alta,2021,idoso,4,1,MT,162,417,2,3,1,3,0,12
alta,2021,idoso,4,1,PA,376,813,2,3,1,3,0,13
alta,2021,idoso,4,1,PB,60,128,2,3,1,3,0,14
alta,2021,idoso,4,1,PE,509,937,2,3,1,3,0,15
alta,2021,idoso,4,1,PI,101,176,2,3,1,3,0,16
alta,2021,idoso,4,1,PR,242,562,2,3,1,3,0,17
alta,2021,idoso,4,1,RJ,956,1795,2,3,1,3,0,18
alta,2021,idoso,4,1,RN,105,182,2,3,1,3,0,19
alta,2021,idoso,4,1,RO,86,179,2,3,1,3,0,20
alta,2021,idoso,4,1,RR,41,92,2,3,1,3,0,21
alta,2021,idoso,4,1,RS,102,202,2,3,1,3,0,22
alta,2021,idoso,4,1,SC,54,90,2,3,1,3,0,23
alta,2021,idoso,4,1,SE,150,303,2,3,1,3,0,24
alta,2021,idoso,4,1,SP,1640,3200,2,3,1,3,0,25
alta,2021,idoso,4,1,TO,47,114,2,3,1,3,0,26
alta,2021,idoso,4,2,AC,6,22,2,3,1,3,1,0
alta,2021,idoso,4,2,AL,40,93,2,3,1,3,1,1
alta,2021,idoso,4,2,AM,195,573,2,3,1,3,1,2
alta,2021,idoso,4,2,AP,13,43,2,3,1,3,1,3
alta,2021,idoso,4,2,BA,424,829,2,3,1,3,1,4
alta,2021,idoso,4,2,CE,288,706,2,3,1,3,1,5
alta,2021,idoso,4,2,DF,75,201,2,3,1,3,1,6
alta,2021,idoso,4,2,ES,71,148,2,3,1,3,1,7
alta,2021,idoso,4,2,GO,201,453,2,3,1,3,1,8
alta,2021,idoso,4,2,MA,207,406,2,3,1,3,1,9
alta,2021,idoso,4,2,MG,399,950,2,3,1,3,1,10
alta,2021,idoso,4,2,MS,107,282,2,3,1,3,1,11
alta,2021,idoso,4,2,MT,115,285,2,3,1,3,1,12
alta,2021,idoso,4,2,PA,279,577,2,3,1,3,1,13
alta,2021,idoso,4,2,PB,60,116,2,3,1,3,1,14
alta,2021,idoso,4,2,PE,368,679,2,3,1,3,1,15
alta,2021,idoso,4,2,PI,65,151,2,3,1,3,1,16
alta,2021,idoso,4,2,PR,121,281,2,3,1,3,1,17
alta,2021,idoso,4,2,RJ,733,1425,2,3,1,3,1,18
alta,2021,idoso,4,2,RN,80,140,2,3,1,3,1,19
alta,2021,idoso,4,2,RO,66,136,2,3,1,3,1,20
alta,2021,idoso,4,2,RR,27,73,2,3,1,3,1,21
alta,2021,idoso,4,2,RS,61,118,2,3,1,3,1,22
alta,2021,idoso,4,2,SC,31,60,2,3,1,3,1,23
alta,2021,idoso,4,2,SE,69,168,2,3,1,3,1,24
alta,2021,idoso,4,2,SP,890,1892,2,3,1,3,1,25
alta,2021,idoso,4,2,TO,26,61,2,3,1,3,1,26
alta,2021,jovem,1,1,MG,233,292,2,3,2,0,0,10
alta,2021,jovem,1,1,PR,538,622,2,3,2,0,0,17
alta,2021,jovem,1,1,RJ,158,194,2,3,2,0,0,18
alta,2021,jovem,1,1,RS,195,230,2,3,2,0,0,22
alta,2021,jovem,1,1,SP,686,862,2,3,2,0,0,25
alta,2021,jovem,1,2,MG,87,128,2,3,2,0,1,10
alta,2021,jovem,1,2,PR,142,214,2,3,2,0,1,17
alta,2021,jovem,1,2,RS,62,103,2,3,2,0,1,22
alta,2021,jovem,1,2,SP,246,429,2,3,2,0,1,25
alta,2021,jovem,4,1,AM,494,520,2,3,2,3,0,2
alta,2021,jovem,4,1,BA,538,569,2,3,2,3,0,4
alta,2021,jovem,4,1,CE,302,350,2,3,2,3,0,5
alta,2021,jovem,4,1,MA,419,450,2,3,2,3,0,9
alta,2021,jovem,4,1,MG,357,416,2,3,2,3,0,10
alta,2021,jovem,4,1,PA,309,333,2,3,2,3,0,13
alta,2021,jovem,4,1,PE,328,349,2,3,2,3,0,15
alta,2021,jovem,4,1,RJ,314,351,2,3,2,3,0,18
alta,2021,jovem,4,1,SP,558,657,2,3,2,3,0,25
alta,2021,jovem,4,2,BA,90,129,2,3,2,3,1,4
alta,2021,jovem,4,2,SP,150,241,2,3,2,3,1,25
alta,2021,meia-idade,1,1,AL,26,48,2,3,3,0,0,1
alta,2021,meia-idade,1,1,BA,132,321,2,3,3,0,0,4
alta,2021,meia-idade,1,1,CE,125,308,2,3,3,0,0,5
alta,2021,meia-idade,1,1,DF,96,222,2,3,3,0,0,6
alta,2021,meia-idade,1,1,ES,109,211,2,3,3,0,0,7
alta,2021,meia-idade,1,1,GO,278,743,2,3,3,0,0,8
alta,2021,meia-idade,1,1,MA,99,217,2,3,3,0,0,9
alta,2021,meia-idade,1,1,MG,875,2209,2,3,3,0,0,10
alta,2021,meia-idade,1,1,MS,171,481,2,3,3,0,0,11
alta,2021,meia-idade,1,1,MT,150,372,2,3,3,0,0,12
alta,2021,meia-idade,1,1,PA,72,173,2,3,3,0,0,13
alta,2021,meia-idade,1,1,PB,27,57,2,3,3,0,0,14
alta,2021,meia-idade,1,1,PE,205,482,2,3,3,0,0,15
alta,2021,meia-idade,1,1,PI,29,57,2,3,3,0,0,16
alta,2021,meia-idade,1,1,PR,1140,3229,2,3,3,0,0,17
alta,2021,meia-idade,1,1,RJ,718,1645,2,3,3,0,0,18
alta,2021,meia-idade,1,1,RN,58,121,2,3,3,0,0,19
alta,2021,meia-idade,1,1,RS,887,1966,2,3,3,0,0,22
alta,2021,meia-idade,1,1,SC,819,1832,2,3,3,0,0,23
alta,2021,meia-idade,1,1,SE,45,101,2,3,3,0,0,24
alta,2021,meia-idade,1,1,SP,3712,9510,2,3,3,0,0,25
alta,2021,meia-idade,1,2,AL,26,48,2,3,3,0,1,1
alta,2021,meia-idade,1,2,BA,110,250,2,3,3,0,1,4
alta,2021,meia-idade,1,2,CE,101,266,2,3,3,0,1,5
alta,2021,meia-idade,1,2,ES,65,131,2,3,3,0,1,7
alta,2021,meia-idade,1,2,GO,187,528,2,3,3,0,1,8
alta,2021,meia-idade,1,2,MA,72,151,2,3,3,0,1,9
alta,2021,meia-idade,1,2,MG,527,1410,2,3,3,0,1,10
alta,2021,meia-idade,1,2,MS,100,300,2,3,3,0,1,11
alta,2021,meia-idade,1,2,MT,58,200,2,3,3,0,1,12
alta,2021,meia-idade,1,2,PA,72,156,2,3,3,0,1,13
alta,2021,meia-idade,1,2,PB,25,53,2,3,3,0,1,14
alta,2021,meia-idade,1,2,PE,181,415,2,3,3,0,1,15
alta,2021,meia-idade,1,2,PI,20,53,2,3,3,0,1,16
alta,2021,meia-idade,1,2,PR,615,1854,2,3,3,0,1,17
alta,2021,meia-idade,1,2,RJ,644,1506,2,3,3,0,1,18
alta,2021,meia-idade,1,2,RN,40,105,2,3,3,0,1,19
alta,2021,meia-idade,1,2,RS,488,1307,2,3,3,0,1,22
alta,2021,meia-idade,1,2,SC,476,1055,2,3,3,0,1,23
alta,2021,meia-idade,1,2,SE,21,76,2,3,3,0,1,24
alta,2021,meia-idade,1,2,SP,2217,5945,2,3,3,0,1,25
alta,2021,meia-idade,2,1,BA,152,321,2,3,3,1,0,4
alta,2021,meia-idade,2,1,CE,25,52,2,3,3,1,0,5
alta,2021,meia-idade,2,1,ES,35,71,2,3,3,1,0,7
alta,2021,meia-idade,2,1,GO,62,149,2,3,3,1,0,8
alta,2021,meia-idade,2,1,MA,49,86,2,3,3,1,0,9
alta,2021,meia-idade,2,1,MG,169,431,2,3,3,1,0,10
alta,2021,meia-idade,2,1,MT,38,78,2,3,3,1,0,12
alta,2021,meia-idade,2,1,PA,21,45,2,3,3,1,0,13
alta,2021,meia-idade,2,1,PE,61,108,2,3,3,1,0,15
alta,2021,meia-idade,2,1,PR,69,186,2,3,3,1,0,17
alta,2021,meia-idade,2,1,RJ,324,614,2,3,3,1,0,18
alta,2021,meia-idade,2,1,RS,89,146,2,3,3,1,0,22
alta,2021,meia-idade,2,1,SE,27,46,2,3,3,1,0,24
alta,2021,meia-idade,2,1,SP,543,1189,2,3,3,1,0,25
alta,2021,meia-idade,2,2,BA,119,235,2,3,3,1,1,4
alta,2021,meia-idade,2,2,GO,37,81,2,3,3,1,1,8
alta,2021,meia-idade,2,2,MA,30,44,2,3,3,1,1,9
alta,2021,meia-idade,2,2,MG,122,284,2,3,3,1,1,10
alta,2021,meia-idade,2,2,MT,21,47,2,3,3,1,1,12
alta,2021,meia-idade,2,2,PA,16,25,2,3,3,1,1,13
alta,2021,meia-idade,2,2,PE,45,81,2,3,3,1,1,15
alta,2021,meia-idade,2,2,PR,38,90,2,3,3,1,1,17
alta,2021,meia-idade,2,2,RJ,282,519,2,3,3,1,1,18
alta,2021,meia-idade,2,2,RS,64,108,2,3,3,1,1,22
alta,2021,meia-idade,2,2,SP,315,685,2,3,3,1,1,25
alta,2021,meia-idade,4,1,AC,19,33,2,3,3,3,0,0
alta,2021,meia-idade,4,1,AL,123,228,2,3,3,3,0,1
alta,2021,meia-idade,4,1,AM,332,811,2,3,3,3,0,2
alta,2021,meia-idade,4,1,AP,41,79,2,3,3,3,0,3
alta,2021,meia-idade,4,1,BA,565,1061,2,3,3,3,0,4
alta,2021,meia-idade,4,1,CE,452,930,2,3,3,3,0,5
alta,2021,meia-idade,4,1,DF,133,308,2,3,3,3,0,6
alta,2021,meia-idade,4,1,ES,156,287,2,3,3,3,0,7
alta,2021,meia-idade,4,1,GO,420,945,2,3,3,3,0,8
alta,2021,meia-idade,4,1,MA,360,616,2,3,3,3,0,9
alta,2021,meia-idade,4,1,MG,700,1573,2,3,3,3,0,10
alta,2021,meia-idade,4,1,MS,213,504,2,3,3,3,0,11
alta,2021,meia-idade,4,1,MT,215,518,2,3,3,3,0,12
alta,2021,meia-idade,4,1,PA,364,740,2,3,3,3,0,13
alta,2021,meia-idade,4,1,PB,66,124,2,3,3,3,0,14
alta,2021,meia-idade,4,1,PE,445,852,2,3,3,3,0,15
alta,2021,meia-idade,4,1,PI,99,198,2,3,3,3,0,16
alta,2021,meia-idade,4,1,PR,331,827,2,3,3,3,0,17
alta,2021,meia-idade,4,1,RJ,584,1200,2,3,3,3,0,18
alta,2021,meia-idade,4,1,RN,104,195,2,3,3,3,0,19
alta,2021,meia-idade,4,1,RO,91,205,2,3,3,3,0,20
alta,2021,meia-idade,4,1,RS,81,147,2,3,3,3,0,22
alta,2021,meia-idade,4,1,SC,58,114,2,3,3,3,0,23
alta,2021,meia-idade,4,1,SE,155,302,2,3,3,3,0,24
alta,2021,meia-idade,4,1,SP,1608,3495,2,3,3,3,0,25
alta,2021,meia-idade,4,1,TO,56,137,2,3,3,3,0,26
alta,2021,meia-idade,4,2,AC,12,33,2,3,3,3,1,0
alta,2021,meia-idade,4,2,AL,62,123,2,3,3,3,1,1
alta,2021,meia-idade,4,2,AM,220,605,2,3,3,3,1,2
alta,2021,meia-idade,4,2,AP,25,46,2,3,3,3,1,3
alta,2021,meia-idade,4,2,BA,381,737,2,3,3,3,1,4
alta,2021,meia-idade,4,2,CE,244,570,2,3,3,3,1,5
alta,2021,meia-idade,4,2,DF,72,168,2,3,3,3,1,6
alta,2021,meia-idade,4,2,ES,88,176,2,3,3,3,1,7
alta,2021,meia-idade,4,2,GO,224,570,2,3,3,3,1,8
alta,2021,meia-idade,4,2,MA,187,368,2,3,3,3,1,9
alta,2021,meia-idade,4,2,MG,428,982,2,3,3,3,1,10
alta,2021,meia-idade,4,2,MS,96,304,2,3,3,3,1,11
alta,2021,meia-idade,4,2,MT,115,343,2,3,3,3,1,12
alta,2021,meia-idade,4,2,PA,257,508,2,3,3,3,1,13
alta,2021,meia-idade,4,2,PB,59,125,2,3,3,3,1,14
alta,2021,meia-idade,4,2,PE,308,625,2,3,3,3,1,15
alta,2021,meia-idade,4,2,PI,47,106,2,3,3,3,1,16
alta,2021,meia-idade,4,2,PR,131,400,2,3,3,3,1,17
alta,2021,meia-idade,4,2,RJ,495,1013,2,3,3,3,1,18
alta,2021,meia-idade,4,2,RN,62,123,2,3,3,3,1,19
alta,2021,meia-idade,4,2,RO,69,130,2,3,3,3,1,20
alta,2021,meia-idade,4,2,RS,49,100,2,3,3,3,1,22
alta,2021,meia-idade,4,2,SC,26,54,2,3,3,3,1,23
alta,2021,meia-idade,4,2,SE,77,184,2,3,3,3,1,24
alta,2021,meia-idade,4,2,SP,926,2174,2,3,3,3,1,25
alta,2021,meia-idade,4,2,TO,56,108,2,3,3,3,1,26
alta,2022,adulto,1,1,BA,103,130,2,4,0,0,0,4
alta,2022,adulto,1,1,CE,139,182,2,4,0,0,0,5
alta,2022,adulto,1,1,GO,233,280,2,4,0,0,0,8
alta,2022,adulto,1,1,MA,105,130,2,4,0,0,0,9
alta,2022,adulto,1,1,MG,597,754,2,4,0,0,0,10
alta,2022,adulto,1,1,MS,143,177,2,4,0,0,0,11
alta,2022,adulto,1,1,PE,207,257,2,4,0,0,0,15
alta,2022,adulto,1,1,PR,1224,1429,2,4,0,0,0,17
alta,2022,adulto,1,1,RJ,424,529,2,4,0,0,0,18
alta,2022,adulto,1,1,RS,631,762,2,4,0,0,0,22
alta,2022,adulto,1,1,SC,577,681,2,4,0,0,0,23
alta,2022,adulto,1,1,SP,2421,3132,2,4,0,0,0,25
alta,2022,adulto,1,2,BA,85,114,2,4,0,0,1,4
alta,2022,adulto,1,2,CE,79,116,2,4,0,0,1,5
alta,2022,adulto,1,2,MG,316,448,2,4,0,0,1,10
alta,2022,adulto,1,2,PE,87,116,2,4,0,0,1,15
alta,2022,adulto,1,2,PR,417,587,2,4,0,0,1,17
alta,2022,adulto,1,2,RJ,311,428,2,4,0,0,1,18
alta,2022,adulto,1,2,RS,307,422,2,4,0,0,1,22
alta,2022,adulto,1,2,SC,295,388,2,4,0,0,1,23
alta,2022,adulto,1,2,SP,1227,1800,2,4,0,0,1,25
alta,2022,adulto,2,1,BA,190,230,2,4,0,1,0,4
alta,2022,adulto,2,1,MA,73,91,2,4,0,1,0,9
alta,2022,adulto,2,1,MG,252,294,2,4,0,1,0,10
alta,2022,adulto,2,1,PE,46,58,2,4,0,1,0,15
alta,2022,adulto,2,1,RJ,233,279,2,4,0,1,0,18
alta,2022,adulto,2,1,SP,425,553,2,4,0,1,0,25
alta,2022,adulto,2,2,BA,89,132,2,4,0,1,1,4
alta,2022,adulto,4,1,AL,232,245,2,4,0,3,0,1
alta,2022,adulto,4,1,AM,617,686,2,4,0,3,0,2
alta,2022,adulto,4,1,BA,834,961,2,4,0,3,0,4
alta,2022,adulto,4,1,CE,739,874,2,4,0,3,0,5
alta,2022,adulto,4,1,ES,146,169,2,4,0,3,0,7
alta,2022,adulto,4,1,GO,691,792,2,4,0,3,0,8
alta,2022,adulto,4,1,MA,671,777,2,4,0,3,0,9
alta,2022,adulto,4,1,MG,824,981,2,4,0,3,0,10
alta,2022,adulto,4,1,MS,220,249,2,4,0,3,0,11
alta,2022,adulto,4,1,PA,572,648,2,4,0,3,0,13
alta,2022,adulto,4,1,PB,65,86,2,4,0,3,0,14
alta,2022,adulto,4,1,PE,593,681,2,4,0,3,0,15
alta,2022,adulto,4,1,PI,215,246,2,4,0,3,0,16
alta,2022,adulto,4,1,PR,568,650,2,4,0,3,0,17
alta,2022,adulto,4,1,RJ,631,725,2,4,0,3,0,18
alta,2022,adulto,4,1,RN,66,86,2,4,0,3,0,19
alta,2022,adulto,4,1,SE,215,241,2,4,0,3,0,24
alta,2022,adulto,4,1,SP,1639,2076,2,4,0,3,0,25
alta,2022,adulto,4,1,TO,155,173,2,4,0,3,0,26
alta,2022,adulto,4,2,AL,75,96,2,4,0,3,1,1
alta,2022,adulto,4,2,AM,207,282,2,4,0,3,1,2
alta,2022,adulto,4,2,BA,381,515,2,4,0,3,1,4
alta,2022,adulto,4,2,CE,270,382,2,4,0,3,1,5
alta,2022,adulto,4,2,MA,244,326,2,4,0,3,1,9
alta,2022,adulto,4,2,MG,331,477,2,4,0,3,1,10
alta,2022,adulto,4,2,PA,291,390,2,4,0,3,1,13
alta,2022,adulto,4,2,PB,31,52,2,4,0,3,1,14
alta,2022,adulto,4,2,PE,224,315,2,4,0,3,1,15
alta,2022,adulto,4,2,PI,78,112,2,4,0,3,1,16
alta,2022,adulto,4,2,RJ,311,416,2,4,0,3,1,18
alta,2022,adulto,4,2,SP,733,1097,2,4,0,3,1,25
alta,2022,idoso,1,1,AL,49,76,2,4,1,0,0,1
alta,2022,idoso,1,1,AM,92,132,2,4,1,0,0,2
alta,2022,idoso,1,1,BA,237,375,2,4,1,0,0,4
alta,2022,idoso,1,1,CE,219,328,2,4,1,0,0,5
alta,2022,idoso,1,1,DF,101,148,2,4,1,0,0,6
alta,2022,idoso,1,1,ES,191,256,2,4,1,0,0,7
alta,2022,idoso,1,1,GO,461,693,2,4,1,0,0,8
alta,2022,idoso,1,1,MA,136,187,2,4,1,0,0,9
alta,2022,idoso,1,1,MG,1362,2077,2,4,1,0,0,10
alta,2022,idoso,1,1,MS,266,366,2,4,1,0,0,11
alta,2022,idoso,1,1,MT,162,223,2,4,1,0,0,12
alta,2022,idoso,1,1,PA,127,211,2,4,1,0,0,13
alta,2022,idoso,1,1,PB,56,81,2,4,1,0,0,14
alta,2022,idoso,1,1,PE,320,504,2,4,1,0,0,15
alta,2022,idoso,1,1,PI,52,69,2,4,1,0,0,16
alta,2022,idoso,1,1,PR,1591,2353,2,4,1,0,0,17
alta,2022,idoso,1,1,RJ,1741,2495,2,4,1,0,0,18
alta,2022,idoso,1,1,RN,95,136,2,4,1,0,0,19
alta,2022,idoso,1,1,RO,81,108,2,4,1,0,0,20
alta,2022,idoso,1,1,RS,1819,2593,2,4,1,0,0,22
alta,2022,idoso,1,1,SC,1085,1553,2,4,1,0,0,23
alta,2022,idoso,1,1,SE,82,121,2,4,1,0,0,24
alta,2022,idoso,1,1,SP,6266,9521,2,4,1,0,0,25
alta,2022,idoso,1,1,TO,30,43,2,4,1,0,0,26
alta,2022,idoso,1,2,AL,45,63,2,4,1,0,1,1
alta,2022,idoso,1,2,AM,58,81,2,4,1,0,1,2
alta,2022,idoso,1,2,BA,176,297,2,4,1,0,1,4
alta,2022,idoso,1,2,CE,211,322,2,4,1,0,1,5
alta,2022,idoso,1,2,DF,110,175,2,4,1,0,1,6
alta,2022,idoso,1,2,ES,131,184,2,4,1,0,1,7
alta,2022,idoso,1,2,GO,316,501,2,4,1,0,1,8
alta,2022,idoso,1,2,MA,95,127,2,4,1,0,1,9
alta,2022,idoso,1,2,MG,898,1454,2,4,1,0,1,10
alta,2022,idoso,1,2,MS,130,215,2,4,1,0,1,11
alta,2022,idoso,1,2,MT,99,143,2,4,1,0,1,12
alta,2022,idoso,1,2,PA,115,179,2,4,1,0,1,13
alta,2022,idoso,1,2,PB,45,67,2,4,1,0,1,14
alta,2022,idoso,1,2,PE,328,503,2,4,1,0,1,15
alta,2022,idoso,1,2,PI,30,49,2,4,1,0,1,16
alta,2022,idoso,1,2,PR,930,1422,2,4,1,0,1,17
alta,2022,idoso,1,2,RJ,1380,2062,2,4,1,0,1,18
alta,2022,idoso,1,2,RN,83,116,2,4,1,0,1,19
alta,2022,idoso,1,2,RO,29,51,2,4,1,0,1,20
alta,2022,idoso,1,2,RS,1205,1784,2,4,1,0,1,22
alta,2022,idoso,1,2,SC,627,940,2,4,1,0,1,23
alta,2022,idoso,1,2,SE,42,60,2,4,1,0,1,24
alta,2022,idoso,1,2,SP,3984,6171,2,4,1,0,1,25
alta,2022,idoso,1,2,TO,21,34,2,4,1,0,1,26
alta,2022,idoso,2,1,BA,167,241,2,4,1,1,0,4
alta,2022,idoso,2,1,CE,21,34,2,4,1,1,0,5
alta,2022,idoso,2,1,DF,23,35,2,4,1,1,0,6
alta,2022,idoso,2,1,ES,42,56,2,4,1,1,0,7
alta,2022,idoso,2,1,GO,57,79,2,4,1,1,0,8
alta,2022,idoso,2,1,MA,57,74,2,4,1,1,0,9
alta,2022,idoso,2,1,MG,211,305,2,4,1,1,0,10
alta,2022,idoso,2,1,MS,15,27,2,4,1,1,0,11
alta,2022,idoso,2,1,MT,28,42,2,4,1,1,0,12
alta,2022,idoso,2,1,PA,32,46,2,4,1,1,0,13
alta,2022,idoso,2,1,PE,69,99,2,4,1,1,0,15
alta,2022,idoso,2,1,PR,70,114,2,4,1,1,0,17
alta,2022,idoso,2,1,RJ,463,653,2,4,1,1,0,18
alta,2022,idoso,2,1,RS,118,172,2,4,1,1,0,22
alta,2022,idoso,2,1,SE,38,52,2,4,1,1,0,24
alta,2022,idoso,2,1,SP,596,913,2,4,1,1,0,25
alta,2022,idoso,2,2,BA,121,176,2,4,1,1,1,4
alta,2022,idoso,2,2,ES,22,26,2,4,1,1,1,7
alta,2022,idoso,2,2,GO,52,66,2,4,1,1,1,8
alta,2022,idoso,2,2,MA,25,39,2,4,1,1,1,9
alta,2022,idoso,2,2,MG,130,206,2,4,1,1,1,10
alta,2022,idoso,2,2,MS,17,21,2,4,1,1,1,11
alta,2022,idoso,2,2,MT,12,24,2,4,1,1,1,12
alta,2022,idoso,2,2,PA,25,33,2,4,1,1,1,13
alta,2022,idoso,2,2,PE,37,58,2,4,1,1,1,15
alta,2022,idoso,2,2,PR,36,58,2,4,1,1,1,17
alta,2022,idoso,2,2,RJ,368,525,2,4,1,1,1,18
alta,2022,idoso,2,2,RS,84,118,2,4,1,1,1,22
alta,2022,idoso,2,2,SC,27,38,2,4,1,1,1,23
alta,2022,idoso,2,2,SP,415,616,2,4,1,1,1,25
alta,2022,idoso,4,1,AL,164,219,2,4,1,3,0,1
alta,2022,idoso,4,1,AM,326,452,2,4,1,3,0,2
alta,2022,idoso,4,1,AP,31,43,2,4,1,3,0,3
alta,2022,idoso,4,1,BA,567,833,2,4,1,3,0,4
alta,2022,idoso,4,1,CE,545,775,2,4,1,3,0,5
alta,2022,idoso,4,1,DF,116,168,2,4,1,3,0,6
alta,2022,idoso,4,1,ES,176,231,2,4,1,3,0,7
alta,2022,idoso,4,1,GO,430,593,2,4,1,3,0,8
alta,2022,idoso,4,1,MA,348,436,2,4,1,3,0,9
alta,2022,idoso,4,1,MG,737,1065,2,4,1,3,0,10
alta,2022,idoso,4,1,MS,210,305,2,4,1,3,0,11
alta,2022,idoso,4,1,MT,209,288,2,4,1,3,0,12
alta,2022,idoso,4,1,PA,395,570,2,4,1,3,0,13
alta,2022,idoso,4,1,PB,62,99,2,4,1,3,0,14
alta,2022,idoso,4,1,PE,518,771,2,4,1,3,0,15
alta,2022,idoso,4,1,PI,118,154,2,4,1,3,0,16
alta,2022,idoso,4,1,PR,292,411,2,4,1,3,0,17
alta,2022,idoso,4,1,RJ,974,1372,2,4,1,3,0,18
alta,2022,idoso,4,1,RN,92,135,2,4,1,3,0,19
alta,2022,idoso,4,1,RO,93,135,2,4,1,3,0,20
alta,2022,idoso,4,1,RR,70,84,2,4,1,3,0,21
alta,2022,idoso,4,1,RS,103,141,2,4,1,3,0,22
alta,2022,idoso,4,1,SC,44,75,2,4,1,3,0,23
alta,2022,idoso,4,1,SE,158,223,2,4,1,3,0,24
alta,2022,idoso,4,1,SP,1754,2505,2,4,1,3,0,25
alta,2022,idoso,4,1,TO,78,89,2,4,1,3,0,26
alta,2022,idoso,4,2,AL,91,122,2,4,1,3,1,1
alta,2022,idoso,4,2,AM,235,315,2,4,1,3,1,2
alta,2022,idoso,4,2,AP,22,26,2,4,1,3,1,3
alta,2022,idoso,4,2,BA,401,632,2,4,1,3,1,4
alta,2022,idoso,4,2,CE,319,501,2,4,1,3,1,5
alta,2022,idoso,4,2,DF,64,110,2,4,1,3,1,6
alta,2022,idoso,4,2,ES,78,107,2,4,1,3,1,7
alta,2022,idoso,4,2,GO,252,372,2,4,1,3,1,8
alta,2022,idoso,4,2,MA,238,318,2,4,1,3,1,9
alta,2022,idoso,4,2,MG,404,621,2,4,1,3,1,10
alta,2022,idoso,4,2,MS,120,180,2,4,1,3,1,11
alta,2022,idoso,4,2,MT,116,161,2,4,1,3,1,12
alta,2022,idoso,4,2,PA,273,410,2,4,1,3,1,13
alta,2022,idoso,4,2,PB,48,79,2,4,1,3,1,14
alta,2022,idoso,4,2,PE,329,495,2,4,1,3,1,15
alta,2022,idoso,4,2,PI,62,100,2,4,1,3,1,16
alta,2022,idoso,4,2,PR,162,236,2,4,1,3,1,17
alta,2022,idoso,4,2,RJ,721,1005,2,4,1,3,1,18
alta,2022,idoso,4,2,RN,81,106,2,4,1,3,1,19
alta,2022,idoso,4,2,RO,46,72,2,4,1,3,1,20
alta,2022,idoso,4,2,RR,34,44,2,4,1,3,1,21
alta,2022,idoso,4,2,RS,64,81,2,4,1,3,1,22
alta,2022,idoso,4,2,SC,30,47,2,4,1,3,1,23
alta,2022,idoso,4,2,SE,86,123,2,4,1,3,1,24
alta,2022,idoso,4,2,SP,1046,1578,2,4,1,3,1,25
alta,2022,idoso,4,2,TO,45,63,2,4,1,3,1,26
alta,2022,jovem,1,1,MG,184,222,2,4,2,0,0,10
alta,2022,jovem,1,1,PE,96,110,2,4,2,0,0,15
alta,2022,jovem,1,1,PR,508,561,2,4,2,0,0,17
alta,2022,jovem,1,1,RJ,160,183,2,4,2,0,0,18
alta,2022,jovem,1,1,RS,170,196,2,4,2,0,0,22
alta,2022,jovem,1,1,SP,665,813,2,4,2,0,0,25
alta,2022,jovem,1,2,MG,67,100,2,4,2,0,1,10
alta,2022,jovem,1,2,PR,134,178,2,4,2,0,1,17
alta,2022,jovem,1,2,RS,47,69,2,4,2,0,1,22
alta,2022,jovem,1,2,SP,240,339,2,4,2,0,1,25
alta,2022,jovem,4,1,AM,374,389,2,4,2,3,0,2
alta,2022,jovem,4,1,BA,468,494,2,4,2,3,0,4
alta,2022,jovem,4,1,CE,308,344,2,4,2,3,0,5
alta,2022,jovem,4,1,MA,320,347,2,4,2,3,0,9
alta,2022,jovem,4,1,MG,331,371,2,4,2,3,0,10
alta,2022,jovem,4,1,PA,338,371,2,4,2,3,0,13
alta,2022,jovem,4,1,PE,309,331,2,4,2,3,0,15
alta,2022,jovem,4,1,SP,558,630,2,4,2,3,0,25
alta,2022,jovem,4,2,BA,118,142,2,4,2,3,1,4
alta,2022,jovem,4,2,CE,77,101,2,4,2,3,1,5
alta,2022,jovem,4,2,MA,73,105,2,4,2,3,1,9
alta,2022,jovem,4,2,SP,159,229,2,4,2,3,1,25
alta,2022,meia-idade,1,1,AL,31,38,2,4,3,0,0,1
alta,2022,meia-idade,1,1,BA,144,189,2,4,3,0,0,4
alta,2022,meia-idade,1,1,CE,129,182,2,4,3,0,0,5
alta,2022,meia-idade,1,1,ES,99,131,2,4,3,0,0,7
alta,2022,meia-idade,1,1,GO,294,404,2,4,3,0,0,8
alta,2022,meia-idade,1,1,MA,101,124,2,4,3,0,0,9
alta,2022,meia-idade,1,1,MG,741,1108,2,4,3,0,0,10
alta,2022,meia-idade,1,1,MS,168,230,2,4,3,0,0,11
alta,2022,meia-idade,1,1,MT,125,170,2,4,3,0,0,12
alta,2022,meia-idade,1,1,PA,66,96,2,4,3,0,0,13
alta,2022,meia-idade,1,1,PB,24,37,2,4,3,0,0,14
alta,2022,meia-idade,1,1,PE,207,284,2,4,3,0,0,15
alta,2022,meia-idade,1,1,PI,26,35,2,4,3,0,0,16
alta,2022,meia-idade,1,1,PR,1232,1711,2,4,3,0,0,17
alta,2022,meia-idade,1,1,RJ,662,919,2,4,3,0,0,18
alta,2022,meia-idade,1,1,RN,49,75,2,4,3,0,0,19
alta,2022,meia-idade,1,1,RS,951,1295,2,4,3,0,0,22
alta,2022,meia-idade,1,1,SC,753,1067,2,4,3,0,0,23
alta,2022,meia-idade,1,1,SE,45,62,2,4,3,0,0,24
alta,2022,meia-idade,1,1,SP,3853,5603,2,4,3,0,0,25
alta,2022,meia-idade,1,2,AL,26,38,2,4,3,0,1,1
alta,2022,meia-idade,1,2,BA,90,147,2,4,3,0,1,4
alta,2022,meia-idade,1,2,CE,88,151,2,4,3,0,1,5
alta,2022,meia-idade,1,2,ES,49,73,2,4,3,0,1,7
alta,2022,meia-idade,1,2,GO,210,300,2,4,3,0,1,8
alta,2022,meia-idade,1,2,MA,63,99,2,4,3,0,1,9
alta,2022,meia-idade,1,2,MG,497,791,2,4,3,0,1,10
alta,2022,meia-idade,1,2,MS,102,144,2,4,3,0,1,11
alta,2022,meia-idade,1,2,PA,58,85,2,4,3,0,1,13
alta,2022,meia-idade,1,2,PB,20,30,2,4,3,0,1,14
alta,2022,meia-idade,1,2,PE,166,243,2,4,3,0,1,15
alta,2022,meia-idade,1,2,PI,24,38,2,4,3,0,1,16
alta,2022,meia-idade,1,2,PR,629,934,2,4,3,0,1,17
alta,2022,meia-idade,1,2,RJ,598,884,2,4,3,0,1,18
alta,2022,meia-idade,1,2,RN,63,82,2,4,3,0,1,19
alta,2022,meia-idade,1,2,RS,594,846,2,4,3,0,1,22
alta,2022,meia-idade,1,2,SC,432,647,2,4,3,0,1,23
alta,2022,meia-idade,1,2,SE,39,54,2,4,3,0,1,24
alta,2022,meia-idade,1,2,SP,2248,3397,2,4,3,0,1,25
alta,2022,meia-idade,2,1,BA,130,181,2,4,3,1,0,4
alta,2022,meia-idade,2,1,CE,26,33,2,4,3,1,0,5
alta,2022,meia-idade,2,1,ES,29,40,2,4,3,1,0,7
alta,2022,meia-idade,2,1,GO,57,83,2,4,3,1,0,8
alta,2022,meia-idade,2,1,MA,43,51,2,4,3,1,0,9
alta,2022,meia-idade,2,1,MG,202,272,2,4,3,1,0,10
alta,2022,meia-idade,2,1,MT,38,50,2,4,3,1,0,12
alta,2022,meia-idade,2,1,PA,31,39,2,4,3,1,0,13
alta,2022,meia-idade,2,1,PE,55,75,2,4,3,1,0,15
alta,2022,meia-idade,2,1,PR,85,109,2,4,3,1,0,17
alta,2022,meia-idade,2,1,RJ,274,379,2,4,3,1,0,18
alta,2022,meia-idade,2,1,RS,92,117,2,4,3,1,0,22
alta,2022,meia-idade,2,1,SE,18,27,2,4,3,1,0,24
alta,2022,meia-idade,2,1,SP,510,727,2,4,3,1,0,25
alta,2022,meia-idade,2,2,BA,106,153,2,4,3,1,1,4
alta,2022,meia-idade,2,2,GO,31,46,2,4,3,1,1,8
alta,2022,meia-idade,2,2,MA,28,38,2,4,3,1,1,9
alta,2022,meia-idade,2,2,MG,120,183,2,4,3,1,1,10
alta,2022,meia-idade,2,2,PA,25,36,2,4,3,1,1,13
alta,2022,meia-idade,2,2,PE,29,44,2,4,3,1,1,15
alta,2022,meia-idade,2,2,RJ,270,370,2,4,3,1,1,18
alta,2022,meia-idade,2,2,RS,52,73,2,4,3,1,1,22
alta,2022,meia-idade,2,2,SP,314,474,2,4,3,1,1,25
alta,2022,meia-idade,4,1,AL,139,169,2,4,3,3,0,1
alta,2022,meia-idade,4,1,AM,326,423,2,4,3,3,0,2
alta,2022,meia-idade,4,1,AP,31,46,2,4,3,3,0,3
alta,2022,meia-idade,4,1,BA,512,688,2,4,3,3,0,4
alta,2022,meia-idade,4,1,CE,512,673,2,4,3,3,0,5
alta,2022,meia-idade,4,1,DF,111,156,2,4,3,3,0,6
alta,2022,meia-idade,4,1,ES,136,178,2,4,3,3,0,7
alta,2022,meia-idade,4,1,GO,462,615,2,4,3,3,0,8
alta,2022,meia-idade,4,1,MA,391,472,2,4,3,3,0,9
alta,2022,meia-idade,4,1,MG,675,923,2,4,3,3,0,10
alta,2022,meia-idade,4,1,MS,214,292,2,4,3,3,0,11
alta,2022,meia-idade,4,1,MT,251,340,2,4,3,3,0,12
alta,2022,meia-idade,4,1,PA,359,483,2,4,3,3,0,13
alta,2022,meia-idade,4,1,PB,69,83,2,4,3,3,0,14
alta,2022,meia-idade,4,1,PE,450,598,2,4,3,3,0,15
alta,2022,meia-idade,4,1,PI,112,142,2,4,3,3,0,16
alta,2022,meia-idade,4,1,PR,351,458,2,4,3,3,0,17
alta,2022,meia-idade,4,1,RJ,527,688,2,4,3,3,0,18
alta,2022,meia-idade,4,1,RN,86,115,2,4,3,3,0,19
alta,2022,meia-idade,4,1,RO,99,127,2,4,3,3,0,20
alta,2022,meia-idade,4,1,RS,94,123,2,4,3,3,0,22
alta,2022,meia-idade,4,1,SC,56,70,2,4,3,3,0,23
alta,2022,meia-idade,4,1,SE,152,193,2,4,3,3,0,24
alta,2022,meia-idade,4,1,SP,1605,2254,2,4,3,3,0,25
alta,2022,meia-idade,4,1,TO,67,86,2,4,3,3,0,26
alta,2022,meia-idade,4,2,AL,60,100,2,4,3,3,1,1
alta,2022,meia-idade,4,2,AM,202,284,2,4,3,3,1,2
alta,2022,meia-idade,4,2,BA,376,527,2,4,3,3,1,4
alta,2022,meia-idade,4,2,CE,308,433,2,4,3,3,1,5
alta,2022,meia-idade,4,2,ES,76,112,2,4,3,3,1,7
alta,2022,meia-idade,4,2,GO,284,404,2,4,3,3,1,8
alta,2022,meia-idade,4,2,MA,227,314,2,4,3,3,1,9
alta,2022,meia-idade,4,2,MG,357,522,2,4,3,3,1,10
alta,2022,meia-idade,4,2,MS,113,144,2,4,3,3,1,11
alta,2022,meia-idade,4,2,MT,123,176,2,4,3,3,1,12
alta,2022,meia-idade,4,2,PA,294,419,2,4,3,3,1,13
alta,2022,meia-idade,4,2,PB,45,72,2,4,3,3,1,14
alta,2022,meia-idade,4,2,PE,305,463,2,4,3,3,1,15
alta,2022,meia-idade,4,2,PI,57,93,2,4,3,3,1,16
alta,2022,meia-idade,4,2,PR,159,237,2,4,3,3,1,17
alta,2022,meia-idade,4,2,RJ,484,706,2,4,3,3,1,18
alta,2022,meia-idade,4,2,RN,59,86,2,4,3,3,1,19
alta,2022,meia-idade,4,2,RO,58,79,2,4,3,3,1,20
alta,2022,meia-idade,4,2,SE,81,125,2,4,3,3,1,24
alta,2022,meia-idade,4,2,SP,959,1444,2,4,3,3,1,25
alta,2022,meia-idade,4,2,TO,39,50,2,4,3,3,1,26
