ano,idade_grupo,raca_cor,sexo,sigla_uf,escolaridade_grupo,n
2012,adulto,1,1,AC,alta,3
2012,adulto,1,1,AC,baixa,2
2012,adulto,1,1,AC,media,3
2012,adulto,1,1,AL,alta,8
2012,adulto,1,1,AL,baixa,32
2012,adulto,1,1,AL,media,38
2012,adulto,1,1,AM,alta,46
2012,adulto,1,1,AM,baixa,9
2012,adulto,1,1,AM,media,76
2012,adulto,1,1,AP,alta,5
2012,adulto,1,1,AP,baixa,1
2012,adulto,1,1,AP,media,2
2012,adulto,1,1,BA,alta,63
2012,adulto,1,1,BA,baixa,47
2012,adulto,1,1,BA,media,183
2012,adulto,1,1,CE,alta,71
2012,adulto,1,1,CE,baixa,44
2012,adulto,1,1,CE,media,243
2012,adulto,1,1,DF,alta,50
2012,adulto,1,1,DF,baixa,8
2012,adulto,1,1,DF,media,104
2012,adulto,1,1,ES,alta,51
2012,adulto,1,1,ES,baixa,46
2012,adulto,1,1,ES,media,128
2012,adulto,1,1,GO,alta,149
2012,adulto,1,1,GO,baixa,38
2012,adulto,1,1,GO,media,312
2012,adulto,1,1,MA,alta,98
2012,adulto,1,1,MA,baixa,29
2012,adulto,1,1,MA,media,185
2012,adulto,1,1,MG,alta,449
2012,adulto,1,1,MG,baixa,152
2012,adulto,1,1,MG,media,966
2012,adulto,1,1,MS,alta,122
2012,adulto,1,1,MS,baixa,19
2012,adulto,1,1,MS,media,163
2012,adulto,1,1,MT,alta,104
2012,adulto,1,1,MT,baixa,15
2012,adulto,1,1,MT,media,244
2012,adulto,1,1,PA,alta,70
2012,adulto,1,1,PA,baixa,19
2012,adulto,1,1,PA,media,167
2012,adulto,1,1,PB,alta,18
2012,adulto,1,1,PB,baixa,21
2012,adulto,1,1,PB,media,58
2012,adulto,1,1,PE,alta,102
2012,adulto,1,1,PE,baixa,82
2012,adulto,1,1,PE,media,302
2012,adulto,1,1,PI,alta,40
2012,adulto,1,1,PI,baixa,21
2012,adulto,1,1,PI,media,91
2012,adulto,1,1,PR,alta,1140
2012,adulto,1,1,PR,baixa,134
2012,adulto,1,1,PR,media,2336
2012,adulto,1,1,RJ,alta,468
2012,adulto,1,1,RJ,baixa,104
2012,adulto,1,1,RJ,media,982
2012,adulto,1,1,RN,alta,29
2012,adulto,1,1,RN,baixa,45
2012,adulto,1,1,RN,media,88
2012,adulto,1,1,RO,alta,22
2012,adulto,1,1,RO,baixa,4
2012,adulto,1,1,RO,media,51
2012,adulto,1,1,RR,alta,7
2012,adulto,1,1,RR,baixa,1
2012,adulto,1,1,RR,media,11
2012,adulto,1,1,RS,alta,526
2012,adulto,1,1,RS,baixa,170
2012,adulto,1,1,RS,media,1306
2012,adulto,1,1,SC,alta,580
2012,adulto,1,1,SC,baixa,52
2012,adulto,1,1,SC,media,917
2012,adulto,1,1,SE,alta,42
2012,adulto,1,1,SE,baixa,13
2012,adulto,1,1,SE,media,68
2012,adulto,1,1,SP,alta,2109
2012,adulto,1,1,SP,baixa,711
2012,adulto,1,1,SP,media,3442
2012,adulto,1,1,TO,alta,30
2012,adulto,1,1,TO,baixa,7
2012,adulto,1,1,TO,media,35
2012,adulto,1,2,AC,media,11
2012,adulto,1,2,AL,alta,5
2012,adulto,1,2,AL,baixa,11
2012,adulto,1,2,AL,media,19
2012,adulto,1,2,AM,alta,51
2012,adulto,1,2,AM,baixa,5
2012,adulto,1,2,AM,media,43
2012,adulto,1,2,AP,alta,4
2012,adulto,1,2,AP,media,10
2012,adulto,1,2,BA,alta,51
2012,adulto,1,2,BA,baixa,32
2012,adulto,1,2,BA,media,119
2012,adulto,1,2,CE,alta,64
2012,adulto,1,2,CE,baixa,16
2012,adulto,1,2,CE,media,126
2012,adulto,1,2,DF,alta,40
2012,adulto,1,2,DF,baixa,6
2012,adulto,1,2,DF,media,81
2012,adulto,1,2,ES,alta,39
2012,adulto,1,2,ES,baixa,11
2012,adulto,1,2,ES,media,60
2012,adulto,1,2,GO,alta,86
2012,adulto,1,2,GO,baixa,27
2012,adulto,1,2,GO,media,160
2012,adulto,1,2,MA,alta,61
2012,adulto,1,2,MA,baixa,10
2012,adulto,1,2,MA,media,84
2012,adulto,1,2,MG,alta,233
2012,adulto,1,2,MG,baixa,75
2012,adulto,1,2,MG,media,474
2012,adulto,1,2,MS,alta,71
2012,adulto,1,2,MS,baixa,18
2012,adulto,1,2,MS,media,103
2012,adulto,1,2,MT,alta,50
2012,adulto,1,2,MT,baixa,9
2012,adulto,1,2,MT,media,106
2012,adulto,1,2,PA,alta,55
2012,adulto,1,2,PA,baixa,9
2012,adulto,1,2,PA,media,114
2012,adulto,1,2,PB,alta,14
2012,adulto,1,2,PB,baixa,5
2012,adulto,1,2,PB,media,44
2012,adulto,1,2,PE,alta,88
2012,adulto,1,2,PE,baixa,39
2012,adulto,1,2,PE,media,194
2012,adulto,1,2,PI,alta,24
2012,adulto,1,2,PI,baixa,7
2012,adulto,1,2,PI,media,56
2012,adulto,1,2,PR,alta,424
2012,adulto,1,2,PR,baixa,73
2012,adulto,1,2,PR,media,863
2012,adulto,1,2,RJ,alta,330
2012,adulto,1,2,RJ,baixa,52
2012,adulto,1,2,RJ,media,713
2012,adulto,1,2,RN,alta,29
2012,adulto,1,2,RN,baixa,16
2012,adulto,1,2,RN,media,54
2012,adulto,1,2,RO,alta,12
2012,adulto,1,2,RO,baixa,2
2012,adulto,1,2,RO,media,35
2012,adulto,1,2,RR,alta,3
2012,adulto,1,2,RR,media,8
2012,adulto,1,2,RS,alta,277
2012,adulto,1,2,RS,baixa,83
2012,adulto,1,2,RS,media,624
2012,adulto,1,2,SC,alta,293
2012,adulto,1,2,SC,baixa,34
2012,adulto,1,2,SC,media,483
2012,adulto,1,2,SE,alta,19
2012,adulto,1,2,SE,baixa,5
2012,adulto,1,2,SE,media,43
2012,adulto,1,2,SP,alta,1092
2012,adulto,1,2,SP,baixa,209
2012,adulto,1,2,SP,media,1732
2012,adulto,1,2,TO,alta,14
2012,adulto,1,2,TO,baixa,3
2012,adulto,1,2,TO,media,25
2012,adulto,2,1,AC,baixa,3
2012,adulto,2,1,AC,media,3
2012,adulto,2,1,AL,alta,1
2012,adulto,2,1,AL,baixa,14
2012,adulto,2,1,AL,media,13
2012,adulto,2,1,AM,alta,10
2012,adulto,2,1,AM,baixa,3
2012,adulto,2,1,AM,media,16
2012,adulto,2,1,AP,media,4
2012,adulto,2,1,BA,alta,43
2012,adulto,2,1,BA,baixa,105
2012,adulto,2,1,BA,media,274
2012,adulto,2,1,CE,alta,9
2012,adulto,2,1,CE,baixa,17
2012,adulto,2,1,CE,media,58
2012,adulto,2,1,DF,alta,11
2012,adulto,2,1,DF,baixa,4
2012,adulto,2,1,DF,media,42
2012,adulto,2,1,ES,alta,12
2012,adulto,2,1,ES,baixa,13
2012,adulto,2,1,ES,media,60
2012,adulto,2,1,GO,alta,25
2012,adulto,2,1,GO,baixa,27
2012,adulto,2,1,GO,media,101
2012,adulto,2,1,MA,alta,59
2012,adulto,2,1,MA,baixa,45
2012,adulto,2,1,MA,media,190
2012,adulto,2,1,MG,alta,108
2012,adulto,2,1,MG,baixa,81
2012,adulto,2,1,MG,media,440
2012,adulto,2,1,MS,alta,12
2012,adulto,2,1,MS,baixa,9
2012,adulto,2,1,MS,media,26
2012,adulto,2,1,MT,alta,26
2012,adulto,2,1,MT,baixa,16
2012,adulto,2,1,MT,media,86
2012,adulto,2,1,PA,alta,42
2012,adulto,2,1,PA,baixa,20
2012,adulto,2,1,PA,media,110
2012,adulto,2,1,PB,baixa,7
2012,adulto,2,1,PB,media,20
2012,adulto,2,1,PE,alta,22
2012,adulto,2,1,PE,baixa,44
2012,adulto,2,1,PE,media,106
2012,adulto,2,1,PI,alta,16
2012,adulto,2,1,PI,baixa,20
2012,adulto,2,1,PI,media,80
2012,adulto,2,1,PR,alta,48
2012,adulto,2,1,PR,baixa,8
2012,adulto,2,1,PR,media,112
2012,adulto,2,1,RJ,alta,179
2012,adulto,2,1,RJ,baixa,61
2012,adulto,2,1,RJ,media,610
2012,adulto,2,1,RN,alta,4
2012,adulto,2,1,RN,baixa,15
2012,adulto,2,1,RN,media,24
2012,adulto,2,1,RO,alta,8
2012,adulto,2,1,RO,baixa,2
2012,adulto,2,1,RO,media,19
2012,adulto,2,1,RR,alta,2
2012,adulto,2,1,RR,media,9
2012,adulto,2,1,RS,alta,45
2012,adulto,2,1,RS,baixa,23
2012,adulto,2,1,RS,media,192
2012,adulto,2,1,SC,alta,26
2012,adulto,2,1,SC,baixa,4
2012,adulto,2,1,SC,media,50
2012,adulto,2,1,SE,alta,8
2012,adulto,2,1,SE,baixa,18
2012,adulto,2,1,SE,media,57
2012,adulto,2,1,SP,alta,228
2012,adulto,2,1,SP,baixa,73
2012,adulto,2,1,SP,media,551
2012,adulto,2,1,TO,alta,2
2012,adulto,2,1,TO,baixa,15
2012,adulto,2,1,TO,media,32
2012,adulto,2,2,AC,baixa,2
2012,adulto,2,2,AL,alta,1
2012,adulto,2,2,AL,baixa,3
2012,adulto,2,2,AL,media,15
2012,adulto,2,2,AM,alta,2
2012,adulto,2,2,AM,baixa,4
2012,adulto,2,2,AM,media,8
2012,adulto,2,2,AP,baixa,1
2012,adulto,2,2,AP,media,4
2012,adulto,2,2,BA,alta,29
2012,adulto,2,2,BA,baixa,30
2012,adulto,2,2,BA,media,133
2012,adulto,2,2,CE,alta,3
2012,adulto,2,2,CE,baixa,7
2012,adulto,2,2,CE,media,32
2012,adulto,2,2,DF,alta,5
2012,adulto,2,2,DF,media,13
2012,adulto,2,2,ES,alta,9
2012,adulto,2,2,ES,baixa,4
2012,adulto,2,2,ES,media,31
2012,adulto,2,2,GO,alta,9
2012,adulto,2,2,GO,baixa,8
2012,adulto,2,2,GO,media,41
2012,adulto,2,2,MA,alta,24
2012,adulto,2,2,MA,baixa,10
2012,adulto,2,2,MA,media,36
2012,adulto,2,2,MG,alta,53
2012,adulto,2,2,MG,baixa,34
2012,adulto,2,2,MG,media,186
2012,adulto,2,2,MS,alta,7
2012,adulto,2,2,MS,baixa,3
2012,adulto,2,2,MS,media,12
2012,adulto,2,2,MT,alta,9
2012,adulto,2,2,MT,baixa,4
2012,adulto,2,2,MT,media,24
2012,adulto,2,2,PA,alta,22
2012,adulto,2,2,PA,baixa,7
2012,adulto,2,2,PA,media,54
2012,adulto,2,2,PB,alta,3
2012,adulto,2,2,PB,media,6
2012,adulto,2,2,PE,alta,13
2012,adulto,2,2,PE,baixa,12
2012,adulto,2,2,PE,media,47
2012,adulto,2,2,PI,alta,3
2012,adulto,2,2,PI,baixa,6
2012,adulto,2,2,PI,media,17
2012,adulto,2,2,PR,alta,20
2012,adulto,2,2,PR,baixa,10
2012,adulto,2,2,PR,media,48
2012,adulto,2,2,RJ,alta,124
2012,adulto,2,2,RJ,baixa,41
2012,adulto,2,2,RJ,media,387
2012,adulto,2,2,RN,alta,3
2012,adulto,2,2,RN,baixa,4
2012,adulto,2,2,RN,media,14
2012,adulto,2,2,RO,alta,4
2012,adulto,2,2,RO,media,2
2012,adulto,2,2,RR,alta,1
2012,adulto,2,2,RR,media,5
2012,adulto,2,2,RS,alta,24
2012,adulto,2,2,RS,baixa,17
2012,adulto,2,2,RS,media,92
2012,adulto,2,2,SC,alta,8
2012,adulto,2,2,SC,baixa,1
2012,adulto,2,2,SC,media,26
2012,adulto,2,2,SE,alta,6
2012,adulto,2,2,SE,baixa,7
2012,adulto,2,2,SE,media,19
2012,adulto,2,2,SP,alta,97
2012,adulto,2,2,SP,baixa,31
2012,adulto,2,2,SP,media,238
2012,adulto,2,2,TO,alta,5
2012,adulto,2,2,TO,baixa,7
2012,adulto,2,2,TO,media,13
2012,adulto,3,1,AC,alta,1
2012,adulto,3,1,AL,baixa,2
2012,adulto,3,1,AM,media,1
2012,adulto,3,1,BA,baixa,1
2012,adulto,3,1,CE,media,1
2012,adulto,3,1,DF,alta,1
2012,adulto,3,1,DF,media,1
2012,adulto,3,1,GO,media,2
2012,adulto,3,1,MA,alta,1
2012,adulto,3,1,MA,media,3
2012,adulto,3,1,MG,alta,1
2012,adulto,3,1,MG,baixa,1
2012,adulto,3,1,MG,media,7
2012,adulto,3,1,MS,baixa,1
2012,adulto,3,1,MS,media,4
2012,adulto,3,1,MT,alta,1
2012,adulto,3,1,MT,baixa,1
2012,adulto,3,1,MT,media,1
2012,adulto,3,1,PA,alta,2
2012,adulto,3,1,PA,media,2
2012,adulto,3,1,PB,media,4
2012,adulto,3,1,PE,media,3
2012,adulto,3,1,PI,media,5
2012,adulto,3,1,PR,alta,5
2012,adulto,3,1,PR,media,5
2012,adulto,3,1,RJ,alta,1
2012,adulto,3,1,RJ,media,2
2012,adulto,3,1,RN,baixa,2
2012,adulto,3,1,RN,media,1
2012,adulto,3,1,RO,baixa,1
2012,adulto,3,1,RR,media,1
2012,adulto,3,1,SP,alta,19
2012,adulto,3,1,SP,baixa,6
2012,adulto,3,1,SP,media,28
2012,adulto,3,2,AC,media,1
2012,adulto,3,2,AM,baixa,1
2012,adulto,3,2,BA,baixa,1
2012,adulto,3,2,BA,media,2
2012,adulto,3,2,CE,media,1
2012,adulto,3,2,GO,media,1
2012,adulto,3,2,MA,media,3
2012,adulto,3,2,MG,baixa,2
2012,adulto,3,2,MG,media,1
2012,adulto,3,2,MS,alta,1
2012,adulto,3,2,MS,media,1
2012,adulto,3,2,MT,alta,1
2012,adulto,3,2,MT,media,2
2012,adulto,3,2,PA,alta,1
2012,adulto,3,2,PA,media,3
2012,adulto,3,2,PB,media,2
2012,adulto,3,2,PE,alta,2
2012,adulto,3,2,PE,media,1
2012,adulto,3,2,PI,media,2
2012,adulto,3,2,PR,alta,5
2012,adulto,3,2,RJ,media,1
2012,adulto,3,2,RS,alta,1
2012,adulto,3,2,RS,media,2
2012,adulto,3,2,SP,alta,9
2012,adulto,3,2,SP,baixa,2
2012,adulto,3,2,SP,media,21
2012,adulto,4,1,AC,alta,6
2012,adulto,4,1,AC,baixa,11
2012,adulto,4,1,AC,media,20
2012,adulto,4,1,AL,alta,96
2012,adulto,4,1,AL,baixa,482
2012,adulto,4,1,AL,media,167
2012,adulto,4,1,AM,alta,327
2012,adulto,4,1,AM,baixa,84
2012,adulto,4,1,AM,media,798
2012,adulto,4,1,AP,alta,27
2012,adulto,4,1,AP,baixa,5
2012,adulto,4,1,AP,media,42
2012,adulto,4,1,BA,alta,266
2012,adulto,4,1,BA,baixa,394
2012,adulto,4,1,BA,media,1272
2012,adulto,4,1,CE,alta,243
2012,adulto,4,1,CE,baixa,296
2012,adulto,4,1,CE,media,1218
2012,adulto,4,1,DF,alta,131
2012,adulto,4,1,DF,baixa,36
2012,adulto,4,1,DF,media,475
2012,adulto,4,1,ES,alta,132
2012,adulto,4,1,ES,baixa,77
2012,adulto,4,1,ES,media,374
2012,adulto,4,1,GO,alta,315
2012,adulto,4,1,GO,baixa,119
2012,adulto,4,1,GO,media,979
2012,adulto,4,1,MA,alta,348
2012,adulto,4,1,MA,baixa,267
2012,adulto,4,1,MA,media,931
2012,adulto,4,1,MG,alta,521
2012,adulto,4,1,MG,baixa,222
2012,adulto,4,1,MG,media,1593
2012,adulto,4,1,MS,alta,128
2012,adulto,4,1,MS,baixa,33
2012,adulto,4,1,MS,media,296
2012,adulto,4,1,MT,alta,254
2012,adulto,4,1,MT,baixa,54
2012,adulto,4,1,MT,media,599
2012,adulto,4,1,PA,alta,520
2012,adulto,4,1,PA,baixa,163
2012,adulto,4,1,PA,media,1391
2012,adulto,4,1,PB,alta,52
2012,adulto,4,1,PB,baixa,150
2012,adulto,4,1,PB,media,243
2012,adulto,4,1,PE,alta,464
2012,adulto,4,1,PE,baixa,348
2012,adulto,4,1,PE,media,1711
2012,adulto,4,1,PI,alta,125
2012,adulto,4,1,PI,baixa,152
2012,adulto,4,1,PI,media,564
2012,adulto,4,1,PR,alta,198
2012,adulto,4,1,PR,baixa,41
2012,adulto,4,1,PR,media,567
2012,adulto,4,1,RJ,alta,455
2012,adulto,4,1,RJ,baixa,107
2012,adulto,4,1,RJ,media,1298
2012,adulto,4,1,RN,alta,39
2012,adulto,4,1,RN,baixa,196
2012,adulto,4,1,RN,media,215
2012,adulto,4,1,RO,alta,30
2012,adulto,4,1,RO,baixa,16
2012,adulto,4,1,RO,media,91
2012,adulto,4,1,RR,alta,29
2012,adulto,4,1,RR,baixa,5
2012,adulto,4,1,RR,media,83
2012,adulto,4,1,RS,alta,32
2012,adulto,4,1,RS,baixa,19
2012,adulto,4,1,RS,media,152
2012,adulto,4,1,SC,alta,31
2012,adulto,4,1,SC,baixa,4
2012,adulto,4,1,SC,media,107
2012,adulto,4,1,SE,alta,165
2012,adulto,4,1,SE,baixa,99
2012,adulto,4,1,SE,media,486
2012,adulto,4,1,SP,alta,923
2012,adulto,4,1,SP,baixa,309
2012,adulto,4,1,SP,media,2070
2012,adulto,4,1,TO,alta,69
2012,adulto,4,1,TO,baixa,41
2012,adulto,4,1,TO,media,181
2012,adulto,4,2,AC,alta,5
2012,adulto,4,2,AC,baixa,5
2012,adulto,4,2,AC,media,9
2012,adulto,4,2,AL,alta,34
2012,adulto,4,2,AL,baixa,55
2012,adulto,4,2,AL,media,115
2012,adulto,4,2,AM,alta,143
2012,adulto,4,2,AM,baixa,28
2012,adulto,4,2,AM,media,213
2012,adulto,4,2,AP,alta,11
2012,adulto,4,2,AP,baixa,6
2012,adulto,4,2,AP,media,14
2012,adulto,4,2,BA,alta,172
2012,adulto,4,2,BA,baixa,113
2012,adulto,4,2,BA,media,554
2012,adulto,4,2,CE,alta,148
2012,adulto,4,2,CE,baixa,73
2012,adulto,4,2,CE,media,366
2012,adulto,4,2,DF,alta,59
2012,adulto,4,2,DF,baixa,13
2012,adulto,4,2,DF,media,130
2012,adulto,4,2,ES,alta,47
2012,adulto,4,2,ES,baixa,19
2012,adulto,4,2,ES,media,129
2012,adulto,4,2,GO,alta,92
2012,adulto,4,2,GO,baixa,44
2012,adulto,4,2,GO,media,248
2012,adulto,4,2,MA,alta,145
2012,adulto,4,2,MA,baixa,82
2012,adulto,4,2,MA,media,385
2012,adulto,4,2,MG,alta,245
2012,adulto,4,2,MG,baixa,93
2012,adulto,4,2,MG,media,632
2012,adulto,4,2,MS,alta,69
2012,adulto,4,2,MS,baixa,15
2012,adulto,4,2,MS,media,116
2012,adulto,4,2,MT,alta,111
2012,adulto,4,2,MT,baixa,16
2012,adulto,4,2,MT,media,198
2012,adulto,4,2,PA,alta,270
2012,adulto,4,2,PA,baixa,67
2012,adulto,4,2,PA,media,475
2012,adulto,4,2,PB,alta,28
2012,adulto,4,2,PB,baixa,32
2012,adulto,4,2,PB,media,106
2012,adulto,4,2,PE,alta,195
2012,adulto,4,2,PE,baixa,125
2012,adulto,4,2,PE,media,521
2012,adulto,4,2,PI,alta,62
2012,adulto,4,2,PI,baixa,38
2012,adulto,4,2,PI,media,182
2012,adulto,4,2,PR,alta,75
2012,adulto,4,2,PR,baixa,33
2012,adulto,4,2,PR,media,168
2012,adulto,4,2,RJ,alta,255
2012,adulto,4,2,RJ,baixa,63
2012,adulto,4,2,RJ,media,710
2012,adulto,4,2,RN,alta,26
2012,adulto,4,2,RN,baixa,29
2012,adulto,4,2,RN,media,75
2012,adulto,4,2,RO,alta,21
2012,adulto,4,2,RO,baixa,7
2012,adulto,4,2,RO,media,46
2012,adulto,4,2,RR,alta,18
2012,adulto,4,2,RR,baixa,3
2012,adulto,4,2,RR,media,25
2012,adulto,4,2,RS,alta,13
2012,adulto,4,2,RS,baixa,7
2012,adulto,4,2,RS,media,69
2012,adulto,4,2,SC,alta,12
2012,adulto,4,2,SC,baixa,2
2012,adulto,4,2,SC,media,33
2012,adulto,4,2,SE,alta,70
2012,adulto,4,2,SE,baixa,29
2012,adulto,4,2,SE,media,110
2012,adulto,4,2,SP,alta,430
2012,adulto,4,2,SP,baixa,96
2012,adulto,4,2,SP,media,793
2012,adulto,4,2,TO,alta,43
2012,adulto,4,2,TO,baixa,10
2012,adulto,4,2,TO,media,70
2012,adulto,5,1,AC,baixa,2
2012,adulto,5,1,AC,media,2
2012,adulto,5,1,AL,media,2
2012,adulto,5,1,AM,alta,8
2012,adulto,5,1,AM,baixa,7
2012,adulto,5,1,AM,media,29
2012,adulto,5,1,AP,media,2
2012,adulto,5,1,BA,alta,2
2012,adulto,5,1,BA,baixa,2
2012,adulto,5,1,BA,media,4
2012,adulto,5,1,CE,alta,1
2012,adulto,5,1,CE,baixa,1
2012,adulto,5,1,CE,media,2
2012,adulto,5,1,ES,media,1
2012,adulto,5,1,GO,alta,1
2012,adulto,5,1,GO,baixa,1
2012,adulto,5,1,MA,alta,3
2012,adulto,5,1,MA,media,7
2012,adulto,5,1,MG,baixa,1
2012,adulto,5,1,MG,media,3
2012,adulto,5,1,MS,alta,2
2012,adulto,5,1,MS,baixa,7
2012,adulto,5,1,MS,media,27
2012,adulto,5,1,MT,alta,3
2012,adulto,5,1,MT,media,4
2012,adulto,5,1,PA,alta,1
2012,adulto,5,1,PA,media,4
2012,adulto,5,1,PB,baixa,3
2012,adulto,5,1,PE,alta,2
2012,adulto,5,1,PE,baixa,1
2012,adulto,5,1,PE,media,3
2012,adulto,5,1,PI,media,1
2012,adulto,5,1,PR,alta,2
2012,adulto,5,1,PR,baixa,1
2012,adulto,5,1,PR,media,13
2012,adulto,5,1,RJ,alta,1
2012,adulto,5,1,RJ,baixa,1
2012,adulto,5,1,RJ,media,1
2012,adulto,5,1,RO,baixa,1
2012,adulto,5,1,RO,media,1
2012,adulto,5,1,RR,alta,4
2012,adulto,5,1,RR,baixa,1
2012,adulto,5,1,RR,media,3
2012,adulto,5,1,RS,baixa,2
2012,adulto,5,1,RS,media,2
2012,adulto,5,1,SC,media,2
2012,adulto,5,1,SP,alta,1
2012,adulto,5,1,SP,baixa,1
2012,adulto,5,1,SP,media,2
2012,adulto,5,1,TO,alta,1
2012,adulto,5,1,TO,media,2
2012,adulto,5,2,AM,alta,5
2012,adulto,5,2,AM,baixa,9
2012,adulto,5,2,AM,media,15
2012,adulto,5,2,BA,baixa,1
2012,adulto,5,2,BA,media,2
2012,adulto,5,2,ES,media,1
2012,adulto,5,2,MA,baixa,1
2012,adulto,5,2,MA,media,3
2012,adulto,5,2,MG,alta,1
2012,adulto,5,2,MG,media,3
2012,adulto,5,2,MS,alta,1
2012,adulto,5,2,MS,baixa,4
2012,adulto,5,2,MS,media,15
2012,adulto,5,2,MT,alta,2
2012,adulto,5,2,MT,baixa,2
2012,adulto,5,2,MT,media,1
2012,adulto,5,2,PA,baixa,1
2012,adulto,5,2,PA,media,1
2012,adulto,5,2,PB,media,1
2012,adulto,5,2,PE,baixa,1
2012,adulto,5,2,PE,media,2
2012,adulto,5,2,PR,alta,1
2012,adulto,5,2,PR,baixa,1
2012,adulto,5,2,PR,media,1
2012,adulto,5,2,RR,alta,1
2012,adulto,5,2,RR,media,2
2012,adulto,5,2,RS,baixa,3
2012,adulto,5,2,RS,media,2
2012,adulto,5,2,SC,alta,1
2012,adulto,5,2,SC,media,1
2012,adulto,5,2,SP,media,4
2012,idoso,1,0,RJ,media,1
2012,idoso,1,1,AC,alta,2
2012,idoso,1,1,AC,baixa,5
2012,idoso,1,1,AC,media,15
2012,idoso,1,1,AL,alta,28
2012,idoso,1,1,AL,baixa,82
2012,idoso,1,1,AL,media,141
2012,idoso,1,1,AM,alta,72
2012,idoso,1,1,AM,baixa,45
2012,idoso,1,1,AM,media,177
2012,idoso,1,1,AP,alta,4
2012,idoso,1,1,AP,baixa,7
2012,idoso,1,1,AP,media,14
2012,idoso,1,1,BA,alta,91
2012,idoso,1,1,BA,baixa,274
2012,idoso,1,1,BA,media,505
2012,idoso,1,1,CE,alta,145
2012,idoso,1,1,CE,baixa,246
2012,idoso,1,1,CE,media,521
2012,idoso,1,1,DF,alta,138
2012,idoso,1,1,DF,baixa,53
2012,idoso,1,1,DF,media,416
2012,idoso,1,1,ES,alta,104
2012,idoso,1,1,ES,baixa,166
2012,idoso,1,1,ES,media,465
2012,idoso,1,1,GO,alta,145
2012,idoso,1,1,GO,baixa,273
2012,idoso,1,1,GO,media,714
2012,idoso,1,1,MA,alta,73
2012,idoso,1,1,MA,baixa,178
2012,idoso,1,1,MA,media,323
2012,idoso,1,1,MG,alta,673
2012,idoso,1,1,MG,baixa,826
2012,idoso,1,1,MG,media,3600
2012,idoso,1,1,MS,alta,206
2012,idoso,1,1,MS,baixa,145
2012,idoso,1,1,MS,media,681
2012,idoso,1,1,MT,alta,92
2012,idoso,1,1,MT,baixa,127
2012,idoso,1,1,MT,media,541
2012,idoso,1,1,PA,alta,149
2012,idoso,1,1,PA,baixa,122
2012,idoso,1,1,PA,media,373
2012,idoso,1,1,PB,alta,40
2012,idoso,1,1,PB,baixa,99
2012,idoso,1,1,PB,media,178
2012,idoso,1,1,PE,alta,253
2012,idoso,1,1,PE,baixa,446
2012,idoso,1,1,PE,media,1064
2012,idoso,1,1,PI,alta,24
2012,idoso,1,1,PI,baixa,112
2012,idoso,1,1,PI,media,156
2012,idoso,1,1,PR,alta,975
2012,idoso,1,1,PR,baixa,958
2012,idoso,1,1,PR,media,5719
2012,idoso,1,1,RJ,alta,1576
2012,idoso,1,1,RJ,baixa,940
2012,idoso,1,1,RJ,media,5172
2012,idoso,1,1,RN,alta,30
2012,idoso,1,1,RN,baixa,171
2012,idoso,1,1,RN,media,244
2012,idoso,1,1,RO,alta,12
2012,idoso,1,1,RO,baixa,52
2012,idoso,1,1,RO,media,119
2012,idoso,1,1,RR,alta,8
2012,idoso,1,1,RR,baixa,13
2012,idoso,1,1,RR,media,30
2012,idoso,1,1,RS,alta,1019
2012,idoso,1,1,RS,baixa,987
2012,idoso,1,1,RS,media,5628
2012,idoso,1,1,SC,alta,651
2012,idoso,1,1,SC,baixa,293
2012,idoso,1,1,SC,media,3396
2012,idoso,1,1,SE,alta,50
2012,idoso,1,1,SE,baixa,67
2012,idoso,1,1,SE,media,151
2012,idoso,1,1,SP,alta,3495
2012,idoso,1,1,SP,baixa,3332
2012,idoso,1,1,SP,media,14449
2012,idoso,1,1,TO,alta,14
2012,idoso,1,1,TO,baixa,42
2012,idoso,1,1,TO,media,100
2012,idoso,1,2,AC,alta,2
2012,idoso,1,2,AC,baixa,9
2012,idoso,1,2,AC,media,5
2012,idoso,1,2,AL,alta,35
2012,idoso,1,2,AL,baixa,118
2012,idoso,1,2,AL,media,102
2012,idoso,1,2,AM,alta,40
2012,idoso,1,2,AM,baixa,27
2012,idoso,1,2,AM,media,163
2012,idoso,1,2,AP,alta,12
2012,idoso,1,2,AP,baixa,8
2012,idoso,1,2,AP,media,17
2012,idoso,1,2,BA,alta,82
2012,idoso,1,2,BA,baixa,336
2012,idoso,1,2,BA,media,392
2012,idoso,1,2,CE,alta,121
2012,idoso,1,2,CE,baixa,301
2012,idoso,1,2,CE,media,522
2012,idoso,1,2,DF,alta,101
2012,idoso,1,2,DF,baixa,68
2012,idoso,1,2,DF,media,355
2012,idoso,1,2,ES,alta,57
2012,idoso,1,2,ES,baixa,166
2012,idoso,1,2,ES,media,298
2012,idoso,1,2,GO,alta,95
2012,idoso,1,2,GO,baixa,322
2012,idoso,1,2,GO,media,575
2012,idoso,1,2,MA,alta,71
2012,idoso,1,2,MA,baixa,212
2012,idoso,1,2,MA,media,247
2012,idoso,1,2,MG,alta,434
2012,idoso,1,2,MG,baixa,967
2012,idoso,1,2,MG,media,2738
2012,idoso,1,2,MS,alta,110
2012,idoso,1,2,MS,baixa,148
2012,idoso,1,2,MS,media,446
2012,idoso,1,2,MT,alta,63
2012,idoso,1,2,MT,baixa,122
2012,idoso,1,2,MT,media,315
2012,idoso,1,2,PA,alta,109
2012,idoso,1,2,PA,baixa,107
2012,idoso,1,2,PA,media,314
2012,idoso,1,2,PB,alta,39
2012,idoso,1,2,PB,baixa,117
2012,idoso,1,2,PB,media,177
2012,idoso,1,2,PE,alta,204
2012,idoso,1,2,PE,baixa,589
2012,idoso,1,2,PE,media,986
2012,idoso,1,2,PI,alta,35
2012,idoso,1,2,PI,baixa,118
2012,idoso,1,2,PI,media,120
2012,idoso,1,2,PR,alta,505
2012,idoso,1,2,PR,baixa,1319
2012,idoso,1,2,PR,media,3812
2012,idoso,1,2,RJ,alta,1198
2012,idoso,1,2,RJ,baixa,1075
2012,idoso,1,2,RJ,media,4477
2012,idoso,1,2,RN,alta,43
2012,idoso,1,2,RN,baixa,147
2012,idoso,1,2,RN,media,272
2012,idoso,1,2,RO,alta,9
2012,idoso,1,2,RO,baixa,43
2012,idoso,1,2,RO,media,67
2012,idoso,1,2,RR,alta,4
2012,idoso,1,2,RR,baixa,8
2012,idoso,1,2,RR,media,22
2012,idoso,1,2,RS,alta,627
2012,idoso,1,2,RS,baixa,907
2012,idoso,1,2,RS,media,3820
2012,idoso,1,2,SC,alta,350
2012,idoso,1,2,SC,baixa,342
2012,idoso,1,2,SC,media,2200
2012,idoso,1,2,SE,alta,35
2012,idoso,1,2,SE,baixa,94
2012,idoso,1,2,SE,media,140
2012,idoso,1,2,SP,alta,1898
2012,idoso,1,2,SP,baixa,3530
2012,idoso,1,2,SP,media,10407
2012,idoso,1,2,TO,alta,13
2012,idoso,1,2,TO,baixa,37
2012,idoso,1,2,TO,media,69
2012,idoso,2,0,AL,baixa,1
2012,idoso,2,1,AC,baixa,2
2012,idoso,2,1,AC,media,1
2012,idoso,2,1,AL,alta,6
2012,idoso,2,1,AL,baixa,47
2012,idoso,2,1,AL,media,37
2012,idoso,2,1,AM,alta,9
2012,idoso,2,1,AM,baixa,18
2012,idoso,2,1,AM,media,23
2012,idoso,2,1,AP,baixa,2
2012,idoso,2,1,AP,media,2
2012,idoso,2,1,BA,alta,26
2012,idoso,2,1,BA,baixa,338
2012,idoso,2,1,BA,media,340
2012,idoso,2,1,CE,alta,10
2012,idoso,2,1,CE,baixa,88
2012,idoso,2,1,CE,media,65
2012,idoso,2,1,DF,alta,10
2012,idoso,2,1,DF,baixa,18
2012,idoso,2,1,DF,media,43
2012,idoso,2,1,ES,alta,8
2012,idoso,2,1,ES,baixa,76
2012,idoso,2,1,ES,media,98
2012,idoso,2,1,GO,alta,11
2012,idoso,2,1,GO,baixa,91
2012,idoso,2,1,GO,media,113
2012,idoso,2,1,MA,alta,23
2012,idoso,2,1,MA,baixa,216
2012,idoso,2,1,MA,media,154
2012,idoso,2,1,MG,alta,67
2012,idoso,2,1,MG,baixa,342
2012,idoso,2,1,MG,media,680
2012,idoso,2,1,MS,alta,13
2012,idoso,2,1,MS,baixa,39
2012,idoso,2,1,MS,media,72
2012,idoso,2,1,MT,alta,7
2012,idoso,2,1,MT,baixa,60
2012,idoso,2,1,MT,media,98
2012,idoso,2,1,PA,alta,24
2012,idoso,2,1,PA,baixa,114
2012,idoso,2,1,PA,media,172
2012,idoso,2,1,PB,baixa,22
2012,idoso,2,1,PB,media,16
2012,idoso,2,1,PE,alta,25
2012,idoso,2,1,PE,baixa,160
2012,idoso,2,1,PE,media,223
2012,idoso,2,1,PI,alta,7
2012,idoso,2,1,PI,baixa,128
2012,idoso,2,1,PI,media,75
2012,idoso,2,1,PR,alta,31
2012,idoso,2,1,PR,baixa,106
2012,idoso,2,1,PR,media,260
2012,idoso,2,1,RJ,alta,242
2012,idoso,2,1,RJ,baixa,346
2012,idoso,2,1,RJ,media,1297
2012,idoso,2,1,RN,alta,5
2012,idoso,2,1,RN,baixa,36
2012,idoso,2,1,RN,media,28
2012,idoso,2,1,RO,alta,2
2012,idoso,2,1,RO,baixa,16
2012,idoso,2,1,RO,media,19
2012,idoso,2,1,RR,alta,1
2012,idoso,2,1,RR,baixa,2
2012,idoso,2,1,RR,media,4
2012,idoso,2,1,RS,alta,53
2012,idoso,2,1,RS,baixa,110
2012,idoso,2,1,RS,media,262
2012,idoso,2,1,SC,alta,28
2012,idoso,2,1,SC,baixa,19
2012,idoso,2,1,SC,media,92
2012,idoso,2,1,SE,alta,13
2012,idoso,2,1,SE,baixa,48
2012,idoso,2,1,SE,media,62
2012,idoso,2,1,SP,alta,199
2012,idoso,2,1,SP,baixa,355
2012,idoso,2,1,SP,media,1218
2012,idoso,2,1,TO,alta,1
2012,idoso,2,1,TO,baixa,55
2012,idoso,2,1,TO,media,29
2012,idoso,2,2,AC,baixa,2
2012,idoso,2,2,AC,media,3
2012,idoso,2,2,AL,alta,1
2012,idoso,2,2,AL,baixa,35
2012,idoso,2,2,AL,media,25
2012,idoso,2,2,AM,alta,4
2012,idoso,2,2,AM,baixa,10
2012,idoso,2,2,AM,media,15
2012,idoso,2,2,AP,alta,1
2012,idoso,2,2,AP,baixa,5
2012,idoso,2,2,AP,media,3
2012,idoso,2,2,BA,alta,19
2012,idoso,2,2,BA,baixa,306
2012,idoso,2,2,BA,media,187
2012,idoso,2,2,CE,alta,5
2012,idoso,2,2,CE,baixa,58
2012,idoso,2,2,CE,media,43
2012,idoso,2,2,DF,alta,9
2012,idoso,2,2,DF,baixa,18
2012,idoso,2,2,DF,media,48
2012,idoso,2,2,ES,alta,7
2012,idoso,2,2,ES,baixa,56
2012,idoso,2,2,ES,media,39
2012,idoso,2,2,GO,alta,4
2012,idoso,2,2,GO,baixa,86
2012,idoso,2,2,GO,media,77
2012,idoso,2,2,MA,alta,8
2012,idoso,2,2,MA,baixa,148
2012,idoso,2,2,MA,media,104
2012,idoso,2,2,MG,alta,33
2012,idoso,2,2,MG,baixa,357
2012,idoso,2,2,MG,media,453
2012,idoso,2,2,MS,alta,6
2012,idoso,2,2,MS,baixa,24
2012,idoso,2,2,MS,media,41
2012,idoso,2,2,MT,alta,9
2012,idoso,2,2,MT,baixa,36
2012,idoso,2,2,MT,media,46
2012,idoso,2,2,PA,alta,17
2012,idoso,2,2,PA,baixa,66
2012,idoso,2,2,PA,media,95
2012,idoso,2,2,PB,alta,4
2012,idoso,2,2,PB,baixa,27
2012,idoso,2,2,PB,media,17
2012,idoso,2,2,PE,alta,17
2012,idoso,2,2,PE,baixa,159
2012,idoso,2,2,PE,media,117
2012,idoso,2,2,PI,alta,3
2012,idoso,2,2,PI,baixa,55
2012,idoso,2,2,PI,media,30
2012,idoso,2,2,PR,alta,19
2012,idoso,2,2,PR,baixa,127
2012,idoso,2,2,PR,media,167
2012,idoso,2,2,RJ,alta,159
2012,idoso,2,2,RJ,baixa,583
2012,idoso,2,2,RJ,media,1330
2012,idoso,2,2,RN,baixa,33
2012,idoso,2,2,RN,media,20
2012,idoso,2,2,RO,alta,1
2012,idoso,2,2,RO,baixa,11
2012,idoso,2,2,RO,media,6
2012,idoso,2,2,RR,baixa,2
2012,idoso,2,2,RR,media,4
2012,idoso,2,2,RS,alta,33
2012,idoso,2,2,RS,baixa,103
2012,idoso,2,2,RS,media,217
2012,idoso,2,2,SC,alta,4
2012,idoso,2,2,SC,baixa,19
2012,idoso,2,2,SC,media,90
2012,idoso,2,2,SE,alta,7
2012,idoso,2,2,SE,baixa,40
2012,idoso,2,2,SE,media,43
2012,idoso,2,2,SP,alta,108
2012,idoso,2,2,SP,baixa,427
2012,idoso,2,2,SP,media,892
2012,idoso,2,2,TO,baixa,28
2012,idoso,2,2,TO,media,22
2012,idoso,3,1,AL,alta,1
2012,idoso,3,1,AM,alta,1
2012,idoso,3,1,AM,baixa,1
2012,idoso,3,1,AM,media,1
2012,idoso,3,1,AP,alta,1
2012,idoso,3,1,BA,baixa,4
2012,idoso,3,1,BA,media,5
2012,idoso,3,1,CE,alta,1
2012,idoso,3,1,CE,baixa,3
2012,idoso,3,1,CE,media,3
2012,idoso,3,1,DF,alta,3
2012,idoso,3,1,DF,baixa,2
2012,idoso,3,1,DF,media,7
2012,idoso,3,1,ES,baixa,3
2012,idoso,3,1,ES,media,4
2012,idoso,3,1,GO,alta,1
2012,idoso,3,1,GO,baixa,4
2012,idoso,3,1,GO,media,7
2012,idoso,3,1,MA,baixa,6
2012,idoso,3,1,MA,media,2
2012,idoso,3,1,MG,alta,4
2012,idoso,3,1,MG,baixa,7
2012,idoso,3,1,MG,media,12
2012,idoso,3,1,MS,alta,8
2012,idoso,3,1,MS,media,12
2012,idoso,3,1,MT,alta,2
2012,idoso,3,1,MT,baixa,2
2012,idoso,3,1,MT,media,7
2012,idoso,3,1,PA,alta,4
2012,idoso,3,1,PA,baixa,4
2012,idoso,3,1,PA,media,11
2012,idoso,3,1,PB,alta,1
2012,idoso,3,1,PB,baixa,1
2012,idoso,3,1,PB,media,1
2012,idoso,3,1,PE,baixa,4
2012,idoso,3,1,PE,media,5
2012,idoso,3,1,PI,baixa,3
2012,idoso,3,1,PI,media,3
2012,idoso,3,1,PR,alta,23
2012,idoso,3,1,PR,baixa,5
2012,idoso,3,1,PR,media,61
2012,idoso,3,1,RJ,alta,4
2012,idoso,3,1,RJ,baixa,2
2012,idoso,3,1,RJ,media,16
2012,idoso,3,1,RN,baixa,1
2012,idoso,3,1,RO,media,2
2012,idoso,3,1,RS,alta,2
2012,idoso,3,1,RS,baixa,2
2012,idoso,3,1,RS,media,2
2012,idoso,3,1,SC,alta,3
2012,idoso,3,1,SC,baixa,1
2012,idoso,3,1,SC,media,7
2012,idoso,3,1,SP,alta,140
2012,idoso,3,1,SP,baixa,41
2012,idoso,3,1,SP,media,262
2012,idoso,3,1,TO,baixa,2
2012,idoso,3,1,TO,media,1
2012,idoso,3,2,AC,baixa,1
2012,idoso,3,2,AM,alta,1
2012,idoso,3,2,BA,baixa,6
2012,idoso,3,2,BA,media,5
2012,idoso,3,2,CE,baixa,2
2012,idoso,3,2,CE,media,3
2012,idoso,3,2,DF,media,3
2012,idoso,3,2,ES,alta,1
2012,idoso,3,2,ES,baixa,2
2012,idoso,3,2,GO,alta,2
2012,idoso,3,2,GO,baixa,4
2012,idoso,3,2,GO,media,7
2012,idoso,3,2,MA,baixa,1
2012,idoso,3,2,MG,alta,3
2012,idoso,3,2,MG,baixa,13
2012,idoso,3,2,MG,media,8
2012,idoso,3,2,MS,alta,4
2012,idoso,3,2,MS,baixa,2
2012,idoso,3,2,MS,media,4
2012,idoso,3,2,MT,media,2
2012,idoso,3,2,PA,alta,3
2012,idoso,3,2,PA,baixa,1
2012,idoso,3,2,PA,media,6
2012,idoso,3,2,PB,media,2
2012,idoso,3,2,PE,alta,1
2012,idoso,3,2,PE,baixa,5
2012,idoso,3,2,PE,media,7
2012,idoso,3,2,PI,baixa,4
2012,idoso,3,2,PI,media,2
2012,idoso,3,2,PR,alta,12
2012,idoso,3,2,PR,baixa,7
2012,idoso,3,2,PR,media,35
2012,idoso,3,2,RJ,alta,4
2012,idoso,3,2,RJ,baixa,7
2012,idoso,3,2,RJ,media,12
2012,idoso,3,2,RN,baixa,2
2012,idoso,3,2,RN,media,4
2012,idoso,3,2,RO,baixa,1
2012,idoso,3,2,RO,media,2
2012,idoso,3,2,RS,alta,1
2012,idoso,3,2,RS,baixa,1
2012,idoso,3,2,RS,media,1
2012,idoso,3,2,SC,baixa,1
2012,idoso,3,2,SC,media,5
2012,idoso,3,2,SE,media,1
2012,idoso,3,2,SP,alta,53
2012,idoso,3,2,SP,baixa,31
2012,idoso,3,2,SP,media,212
2012,idoso,4,0,PE,alta,1
2012,idoso,4,0,PE,baixa,2
2012,idoso,4,1,AC,alta,6
2012,idoso,4,1,AC,baixa,46
2012,idoso,4,1,AC,media,46
2012,idoso,4,1,AL,alta,32
2012,idoso,4,1,AL,baixa,454
2012,idoso,4,1,AL,media,296
2012,idoso,4,1,AM,alta,145
2012,idoso,4,1,AM,baixa,348
2012,idoso,4,1,AM,media,672
2012,idoso,4,1,AP,alta,6
2012,idoso,4,1,AP,baixa,19
2012,idoso,4,1,AP,media,33
2012,idoso,4,1,BA,alta,151
2012,idoso,4,1,BA,baixa,1116
2012,idoso,4,1,BA,media,1361
2012,idoso,4,1,CE,alta,232
2012,idoso,4,1,CE,baixa,1083
2012,idoso,4,1,CE,media,1360
2012,idoso,4,1,DF,alta,80
2012,idoso,4,1,DF,baixa,128
2012,idoso,4,1,DF,media,400
2012,idoso,4,1,ES,alta,70
2012,idoso,4,1,ES,baixa,160
2012,idoso,4,1,ES,media,382
2012,idoso,4,1,GO,alta,107
2012,idoso,4,1,GO,baixa,388
2012,idoso,4,1,GO,media,852
2012,idoso,4,1,MA,alta,118
2012,idoso,4,1,MA,baixa,885
2012,idoso,4,1,MA,media,928
2012,idoso,4,1,MG,alta,253
2012,idoso,4,1,MG,baixa,1025
2012,idoso,4,1,MG,media,2547
2012,idoso,4,1,MS,alta,128
2012,idoso,4,1,MS,baixa,221
2012,idoso,4,1,MS,media,587
2012,idoso,4,1,MT,alta,87
2012,idoso,4,1,MT,baixa,302
2012,idoso,4,1,MT,media,669
2012,idoso,4,1,PA,alta,355
2012,idoso,4,1,PA,baixa,635
2012,idoso,4,1,PA,media,1385
2012,idoso,4,1,PB,alta,55
2012,idoso,4,1,PB,baixa,364
2012,idoso,4,1,PB,media,341
2012,idoso,4,1,PE,alta,291
2012,idoso,4,1,PE,baixa,1175
2012,idoso,4,1,PE,media,1874
2012,idoso,4,1,PI,alta,71
2012,idoso,4,1,PI,baixa,606
2012,idoso,4,1,PI,media,629
2012,idoso,4,1,PR,alta,74
2012,idoso,4,1,PR,baixa,323
2012,idoso,4,1,PR,media,813
2012,idoso,4,1,RJ,alta,511
2012,idoso,4,1,RJ,baixa,579
2012,idoso,4,1,RJ,media,2667
2012,idoso,4,1,RN,alta,34
2012,idoso,4,1,RN,baixa,285
2012,idoso,4,1,RN,media,273
2012,idoso,4,1,RO,alta,9
2012,idoso,4,1,RO,baixa,45
2012,idoso,4,1,RO,media,106
2012,idoso,4,1,RR,alta,6
2012,idoso,4,1,RR,baixa,26
2012,idoso,4,1,RR,media,57
2012,idoso,4,1,RS,alta,31
2012,idoso,4,1,RS,baixa,80
2012,idoso,4,1,RS,media,258
2012,idoso,4,1,SC,alta,13
2012,idoso,4,1,SC,baixa,27
2012,idoso,4,1,SC,media,94
2012,idoso,4,1,SE,alta,77
2012,idoso,4,1,SE,baixa,261
2012,idoso,4,1,SE,media,340
2012,idoso,4,1,SP,alta,448
2012,idoso,4,1,SP,baixa,948
2012,idoso,4,1,SP,media,3405
2012,idoso,4,1,TO,alta,19
2012,idoso,4,1,TO,baixa,175
2012,idoso,4,1,TO,media,197
2012,idoso,4,2,AC,alta,1
2012,idoso,4,2,AC,baixa,34
2012,idoso,4,2,AC,media,17
2012,idoso,4,2,AL,alta,30
2012,idoso,4,2,AL,baixa,373
2012,idoso,4,2,AL,media,179
2012,idoso,4,2,AM,alta,95
2012,idoso,4,2,AM,baixa,265
2012,idoso,4,2,AM,media,441
2012,idoso,4,2,AP,alta,5
2012,idoso,4,2,AP,baixa,33
2012,idoso,4,2,AP,media,30
2012,idoso,4,2,BA,alta,89
2012,idoso,4,2,BA,baixa,1157
2012,idoso,4,2,BA,media,907
2012,idoso,4,2,CE,alta,128
2012,idoso,4,2,CE,baixa,841
2012,idoso,4,2,CE,media,972
2012,idoso,4,2,DF,alta,48
2012,idoso,4,2,DF,baixa,130
2012,idoso,4,2,DF,media,273
2012,idoso,4,2,ES,alta,24
2012,idoso,4,2,ES,baixa,191
2012,idoso,4,2,ES,media,188
2012,idoso,4,2,GO,alta,42
2012,idoso,4,2,GO,baixa,388
2012,idoso,4,2,GO,media,521
2012,idoso,4,2,MA,alta,81
2012,idoso,4,2,MA,baixa,770
2012,idoso,4,2,MA,media,579
2012,idoso,4,2,MG,alta,121
2012,idoso,4,2,MG,baixa,1052
2012,idoso,4,2,MG,media,1551
2012,idoso,4,2,MS,alta,68
2012,idoso,4,2,MS,baixa,197
2012,idoso,4,2,MS,media,336
2012,idoso,4,2,MT,alta,52
2012,idoso,4,2,MT,baixa,268
2012,idoso,4,2,MT,media,390
2012,idoso,4,2,PA,alta,245
2012,idoso,4,2,PA,baixa,482
2012,idoso,4,2,PA,media,948
2012,idoso,4,2,PB,alta,27
2012,idoso,4,2,PB,baixa,292
2012,idoso,4,2,PB,media,273
2012,idoso,4,2,PE,alta,145
2012,idoso,4,2,PE,baixa,1242
2012,idoso,4,2,PE,media,1265
2012,idoso,4,2,PI,alta,46
2012,idoso,4,2,PI,baixa,542
2012,idoso,4,2,PI,media,376
2012,idoso,4,2,PR,alta,30
2012,idoso,4,2,PR,baixa,364
2012,idoso,4,2,PR,media,477
2012,idoso,4,2,RJ,alta,305
2012,idoso,4,2,RJ,baixa,806
2012,idoso,4,2,RJ,media,2360
2012,idoso,4,2,RN,alta,26
2012,idoso,4,2,RN,baixa,231
2012,idoso,4,2,RN,media,210
2012,idoso,4,2,RO,alta,4
2012,idoso,4,2,RO,baixa,53
2012,idoso,4,2,RO,media,55
2012,idoso,4,2,RR,alta,6
2012,idoso,4,2,RR,baixa,24
2012,idoso,4,2,RR,media,30
2012,idoso,4,2,RS,alta,15
2012,idoso,4,2,RS,baixa,81
2012,idoso,4,2,RS,media,169
2012,idoso,4,2,SC,alta,9
2012,idoso,4,2,SC,baixa,25
2012,idoso,4,2,SC,media,54
2012,idoso,4,2,SE,alta,59
2012,idoso,4,2,SE,baixa,231
2012,idoso,4,2,SE,media,236
2012,idoso,4,2,SP,alta,224
2012,idoso,4,2,SP,baixa,1142
2012,idoso,4,2,SP,media,2213
2012,idoso,4,2,TO,alta,10
2012,idoso,4,2,TO,baixa,146
2012,idoso,4,2,TO,media,136
2012,idoso,5,1,AC,media,1
2012,idoso,5,1,AL,baixa,1
2012,idoso,5,1,AL,media,2
2012,idoso,5,1,AM,baixa,32
2012,idoso,5,1,AM,media,15
2012,idoso,5,1,AP,baixa,1
2012,idoso,5,1,BA,baixa,3
2012,idoso,5,1,BA,media,1
2012,idoso,5,1,CE,baixa,1
2012,idoso,5,1,CE,media,2
2012,idoso,5,1,ES,alta,2
2012,idoso,5,1,ES,media,1
2012,idoso,5,1,GO,baixa,1
2012,idoso,5,1,GO,media,1
2012,idoso,5,1,MA,baixa,4
2012,idoso,5,1,MG,baixa,2
2012,idoso,5,1,MG,media,2
2012,idoso,5,1,MS,baixa,17
2012,idoso,5,1,MS,media,20
2012,idoso,5,1,MT,baixa,1
2012,idoso,5,1,MT,media,2
2012,idoso,5,1,PA,alta,1
2012,idoso,5,1,PA,baixa,4
2012,idoso,5,1,PA,media,5
2012,idoso,5,1,PB,media,2
2012,idoso,5,1,PE,alta,1
2012,idoso,5,1,PE,baixa,10
2012,idoso,5,1,PE,media,7
2012,idoso,5,1,PI,media,1
2012,idoso,5,1,PR,baixa,3
2012,idoso,5,1,PR,media,4
2012,idoso,5,1,RJ,alta,2
2012,idoso,5,1,RJ,baixa,1
2012,idoso,5,1,RJ,media,6
2012,idoso,5,1,RO,baixa,1
2012,idoso,5,1,RR,baixa,5
2012,idoso,5,1,RR,media,5
2012,idoso,5,1,RS,alta,1
2012,idoso,5,1,RS,baixa,3
2012,idoso,5,1,RS,media,6
2012,idoso,5,1,SC,alta,1
2012,idoso,5,1,SC,baixa,4
2012,idoso,5,1,SC,media,2
2012,idoso,5,1,SP,alta,2
2012,idoso,5,1,SP,baixa,2
2012,idoso,5,1,SP,media,5
2012,idoso,5,1,TO,baixa,2
2012,idoso,5,2,AC,baixa,2
2012,idoso,5,2,AL,baixa,2
2012,idoso,5,2,AL,media,1
2012,idoso,5,2,AM,baixa,27
2012,idoso,5,2,AM,media,4
2012,idoso,5,2,AP,baixa,2
2012,idoso,5,2,AP,media,2
2012,idoso,5,2,BA,baixa,2
2012,idoso,5,2,BA,media,2
2012,idoso,5,2,CE,baixa,1
2012,idoso,5,2,CE,media,2
2012,idoso,5,2,ES,baixa,1
2012,idoso,5,2,GO,baixa,1
2012,idoso,5,2,MA,baixa,4
2012,idoso,5,2,MA,media,1
2012,idoso,5,2,MG,baixa,4
2012,idoso,5,2,MG,media,3
2012,idoso,5,2,MS,baixa,17
2012,idoso,5,2,MS,media,6
2012,idoso,5,2,MT,alta,1
2012,idoso,5,2,MT,baixa,3
2012,idoso,5,2,MT,media,2
2012,idoso,5,2,PA,baixa,4
2012,idoso,5,2,PA,media,2
2012,idoso,5,2,PB,baixa,2
2012,idoso,5,2,PB,media,1
2012,idoso,5,2,PE,baixa,11
2012,idoso,5,2,PE,media,4
2012,idoso,5,2,PR,baixa,5
2012,idoso,5,2,PR,media,1
2012,idoso,5,2,RJ,baixa,2
2012,idoso,5,2,RJ,media,5
2012,idoso,5,2,RO,baixa,1
2012,idoso,5,2,RR,baixa,5
2012,idoso,5,2,RR,media,3
2012,idoso,5,2,RS,baixa,5
2012,idoso,5,2,RS,media,1
2012,idoso,5,2,SC,alta,1
2012,idoso,5,2,SC,baixa,1
2012,idoso,5,2,SC,media,1
2012,idoso,5,2,SE,baixa,1
2012,idoso,5,2,SE,media,1
2012,idoso,5,2,SP,baixa,6
2012,idoso,5,2,SP,media,5
2012,idoso,5,2,TO,alta,1
2012,idoso,5,2,TO,media,1
2012,jovem,1,1,AL,alta,8
2012,jovem,1,1,AL,baixa,16
2012,jovem,1,1,AL,media,9
2012,jovem,1,1,AM,alta,29
2012,jovem,1,1,AM,baixa,6
2012,jovem,1,1,AM,media,49
2012,jovem,1,1,AP,alta,13
2012,jovem,1,1,AP,baixa,1
2012,jovem,1,1,AP,media,4
2012,jovem,1,1,BA,alta,32
2012,jovem,1,1,BA,baixa,14
2012,jovem,1,1,BA,media,112
2012,jovem,1,1,CE,alta,34
2012,jovem,1,1,CE,baixa,13
2012,jovem,1,1,CE,media,102
2012,jovem,1,1,DF,alta,21
2012,jovem,1,1,DF,baixa,3
2012,jovem,1,1,DF,media,39
2012,jovem,1,1,ES,alta,21
2012,jovem,1,1,ES,baixa,13
2012,jovem,1,1,ES,media,47
2012,jovem,1,1,GO,alta,84
2012,jovem,1,1,GO,baixa,23
2012,jovem,1,1,GO,media,170
2012,jovem,1,1,MA,alta,41
2012,jovem,1,1,MA,baixa,9
2012,jovem,1,1,MA,media,78
2012,jovem,1,1,MG,alta,215
2012,jovem,1,1,MG,baixa,52
2012,jovem,1,1,MG,media,324
2012,jovem,1,1,MS,alta,50
2012,jovem,1,1,MS,baixa,14
2012,jovem,1,1,MS,media,63
2012,jovem,1,1,MT,alta,65
2012,jovem,1,1,MT,baixa,8
2012,jovem,1,1,MT,media,106
2012,jovem,1,1,PA,alta,36
2012,jovem,1,1,PA,baixa,14
2012,jovem,1,1,PA,media,85
2012,jovem,1,1,PB,alta,12
2012,jovem,1,1,PB,baixa,3
2012,jovem,1,1,PB,media,23
2012,jovem,1,1,PE,alta,40
2012,jovem,1,1,PE,baixa,26
2012,jovem,1,1,PE,media,85
2012,jovem,1,1,PI,alta,22
2012,jovem,1,1,PI,baixa,7
2012,jovem,1,1,PI,media,46
2012,jovem,1,1,PR,alta,667
2012,jovem,1,1,PR,baixa,40
2012,jovem,1,1,PR,media,1067
2012,jovem,1,1,RJ,alta,198
2012,jovem,1,1,RJ,baixa,24
2012,jovem,1,1,RJ,media,439
2012,jovem,1,1,RN,alta,18
2012,jovem,1,1,RN,baixa,22
2012,jovem,1,1,RN,media,34
2012,jovem,1,1,RO,alta,9
2012,jovem,1,1,RO,baixa,2
2012,jovem,1,1,RO,media,20
2012,jovem,1,1,RR,alta,2
2012,jovem,1,1,RR,media,8
2012,jovem,1,1,RS,alta,218
2012,jovem,1,1,RS,baixa,50
2012,jovem,1,1,RS,media,459
2012,jovem,1,1,SC,alta,313
2012,jovem,1,1,SC,baixa,20
2012,jovem,1,1,SC,media,320
2012,jovem,1,1,SE,alta,15
2012,jovem,1,1,SE,baixa,6
2012,jovem,1,1,SE,media,43
2012,jovem,1,1,SP,alta,799
2012,jovem,1,1,SP,baixa,238
2012,jovem,1,1,SP,media,1058
2012,jovem,1,1,TO,alta,8
2012,jovem,1,1,TO,baixa,4
2012,jovem,1,1,TO,media,19
2012,jovem,1,2,AC,alta,1
2012,jovem,1,2,AC,media,2
2012,jovem,1,2,AL,alta,4
2012,jovem,1,2,AL,baixa,6
2012,jovem,1,2,AL,media,16
2012,jovem,1,2,AM,alta,10
2012,jovem,1,2,AM,baixa,4
2012,jovem,1,2,AM,media,22
2012,jovem,1,2,AP,alta,1
2012,jovem,1,2,AP,media,2
2012,jovem,1,2,BA,alta,17
2012,jovem,1,2,BA,baixa,10
2012,jovem,1,2,BA,media,39
2012,jovem,1,2,CE,alta,16
2012,jovem,1,2,CE,baixa,9
2012,jovem,1,2,CE,media,54
2012,jovem,1,2,DF,alta,9
2012,jovem,1,2,DF,baixa,2
2012,jovem,1,2,DF,media,24
2012,jovem,1,2,ES,alta,9
2012,jovem,1,2,ES,baixa,2
2012,jovem,1,2,ES,media,13
2012,jovem,1,2,GO,alta,38
2012,jovem,1,2,GO,baixa,7
2012,jovem,1,2,GO,media,48
2012,jovem,1,2,MA,alta,23
2012,jovem,1,2,MA,baixa,8
2012,jovem,1,2,MA,media,30
2012,jovem,1,2,MG,alta,73
2012,jovem,1,2,MG,baixa,21
2012,jovem,1,2,MG,media,120
2012,jovem,1,2,MS,alta,17
2012,jovem,1,2,MS,baixa,15
2012,jovem,1,2,MS,media,19
2012,jovem,1,2,MT,alta,31
2012,jovem,1,2,MT,baixa,7
2012,jovem,1,2,MT,media,42
2012,jovem,1,2,PA,alta,35
2012,jovem,1,2,PA,baixa,9
2012,jovem,1,2,PA,media,48
2012,jovem,1,2,PB,alta,4
2012,jovem,1,2,PB,media,14
2012,jovem,1,2,PE,alta,22
2012,jovem,1,2,PE,baixa,12
2012,jovem,1,2,PE,media,67
2012,jovem,1,2,PI,alta,14
2012,jovem,1,2,PI,baixa,2
2012,jovem,1,2,PI,media,18
2012,jovem,1,2,PR,alta,190
2012,jovem,1,2,PR,baixa,26
2012,jovem,1,2,PR,media,251
2012,jovem,1,2,RJ,alta,92
2012,jovem,1,2,RJ,baixa,22
2012,jovem,1,2,RJ,media,172
2012,jovem,1,2,RN,alta,6
2012,jovem,1,2,RN,baixa,7
2012,jovem,1,2,RN,media,20
2012,jovem,1,2,RO,alta,9
2012,jovem,1,2,RO,baixa,1
2012,jovem,1,2,RO,media,12
2012,jovem,1,2,RR,alta,4
2012,jovem,1,2,RR,media,3
2012,jovem,1,2,RS,alta,73
2012,jovem,1,2,RS,baixa,27
2012,jovem,1,2,RS,media,121
2012,jovem,1,2,SC,alta,109
2012,jovem,1,2,SC,baixa,7
2012,jovem,1,2,SC,media,102
2012,jovem,1,2,SE,alta,6
2012,jovem,1,2,SE,media,16
2012,jovem,1,2,SP,alta,309
2012,jovem,1,2,SP,baixa,71
2012,jovem,1,2,SP,media,380
2012,jovem,1,2,TO,alta,8
2012,jovem,1,2,TO,media,10
2012,jovem,2,1,AC,alta,1
2012,jovem,2,1,AL,alta,2
2012,jovem,2,1,AL,baixa,7
2012,jovem,2,1,AL,media,4
2012,jovem,2,1,AM,alta,1
2012,jovem,2,1,AM,baixa,1
2012,jovem,2,1,AM,media,6
2012,jovem,2,1,AP,media,3
2012,jovem,2,1,BA,alta,25
2012,jovem,2,1,BA,baixa,25
2012,jovem,2,1,BA,media,150
2012,jovem,2,1,CE,alta,4
2012,jovem,2,1,CE,baixa,3
2012,jovem,2,1,CE,media,24
2012,jovem,2,1,DF,alta,4
2012,jovem,2,1,DF,media,14
2012,jovem,2,1,ES,alta,4
2012,jovem,2,1,ES,baixa,7
2012,jovem,2,1,ES,media,25
2012,jovem,2,1,GO,alta,11
2012,jovem,2,1,GO,baixa,1
2012,jovem,2,1,GO,media,39
2012,jovem,2,1,MA,alta,35
2012,jovem,2,1,MA,baixa,9
2012,jovem,2,1,MA,media,61
2012,jovem,2,1,MG,alta,72
2012,jovem,2,1,MG,baixa,15
2012,jovem,2,1,MG,media,128
2012,jovem,2,1,MS,alta,3
2012,jovem,2,1,MS,baixa,2
2012,jovem,2,1,MS,media,9
2012,jovem,2,1,MT,alta,13
2012,jovem,2,1,MT,media,40
2012,jovem,2,1,PA,alta,17
2012,jovem,2,1,PA,baixa,8
2012,jovem,2,1,PA,media,55
2012,jovem,2,1,PB,alta,1
2012,jovem,2,1,PB,baixa,1
2012,jovem,2,1,PB,media,5
2012,jovem,2,1,PE,alta,3
2012,jovem,2,1,PE,baixa,3
2012,jovem,2,1,PE,media,22
2012,jovem,2,1,PI,alta,10
2012,jovem,2,1,PI,baixa,4
2012,jovem,2,1,PI,media,23
2012,jovem,2,1,PR,alta,22
2012,jovem,2,1,PR,baixa,1
2012,jovem,2,1,PR,media,46
2012,jovem,2,1,RJ,alta,74
2012,jovem,2,1,RJ,baixa,12
2012,jovem,2,1,RJ,media,269
2012,jovem,2,1,RN,baixa,3
2012,jovem,2,1,RN,media,5
2012,jovem,2,1,RO,alta,1
2012,jovem,2,1,RO,baixa,1
2012,jovem,2,1,RO,media,11
2012,jovem,2,1,RR,media,3
2012,jovem,2,1,RS,alta,19
2012,jovem,2,1,RS,baixa,5
2012,jovem,2,1,RS,media,68
2012,jovem,2,1,SC,alta,11
2012,jovem,2,1,SC,media,24
2012,jovem,2,1,SE,alta,6
2012,jovem,2,1,SE,baixa,1
2012,jovem,2,1,SE,media,21
2012,jovem,2,1,SP,alta,91
2012,jovem,2,1,SP,baixa,17
2012,jovem,2,1,SP,media,123
2012,jovem,2,1,TO,alta,5
2012,jovem,2,1,TO,baixa,1
2012,jovem,2,1,TO,media,12
2012,jovem,2,2,AL,baixa,1
2012,jovem,2,2,AL,media,2
2012,jovem,2,2,AM,alta,2
2012,jovem,2,2,AM,media,2
2012,jovem,2,2,AP,alta,1
2012,jovem,2,2,AP,media,3
2012,jovem,2,2,BA,alta,11
2012,jovem,2,2,BA,baixa,3
2012,jovem,2,2,BA,media,39
2012,jovem,2,2,CE,alta,1
2012,jovem,2,2,CE,baixa,1
2012,jovem,2,2,CE,media,5
2012,jovem,2,2,DF,alta,1
2012,jovem,2,2,DF,baixa,1
2012,jovem,2,2,DF,media,2
2012,jovem,2,2,ES,alta,1
2012,jovem,2,2,ES,media,9
2012,jovem,2,2,GO,alta,3
2012,jovem,2,2,GO,media,13
2012,jovem,2,2,MA,alta,16
2012,jovem,2,2,MA,baixa,2
2012,jovem,2,2,MA,media,21
2012,jovem,2,2,MG,alta,14
2012,jovem,2,2,MG,baixa,3
2012,jovem,2,2,MG,media,39
2012,jovem,2,2,MS,alta,3
2012,jovem,2,2,MS,media,3
2012,jovem,2,2,MT,alta,2
2012,jovem,2,2,MT,media,3
2012,jovem,2,2,PA,alta,6
2012,jovem,2,2,PA,baixa,3
2012,jovem,2,2,PA,media,22
2012,jovem,2,2,PB,alta,1
2012,jovem,2,2,PB,media,3
2012,jovem,2,2,PE,alta,2
2012,jovem,2,2,PE,baixa,2
2012,jovem,2,2,PE,media,10
2012,jovem,2,2,PI,alta,3
2012,jovem,2,2,PI,media,5
2012,jovem,2,2,PR,alta,7
2012,jovem,2,2,PR,baixa,2
2012,jovem,2,2,PR,media,6
2012,jovem,2,2,RJ,alta,22
2012,jovem,2,2,RJ,baixa,2
2012,jovem,2,2,RJ,media,82
2012,jovem,2,2,RO,media,3
2012,jovem,2,2,RS,alta,7
2012,jovem,2,2,RS,baixa,1
2012,jovem,2,2,RS,media,18
2012,jovem,2,2,SC,alta,4
2012,jovem,2,2,SC,media,6
2012,jovem,2,2,SE,media,5
2012,jovem,2,2,SP,alta,27
2012,jovem,2,2,SP,baixa,6
2012,jovem,2,2,SP,media,40
2012,jovem,2,2,TO,alta,2
2012,jovem,3,1,AP,media,1
2012,jovem,3,1,ES,baixa,1
2012,jovem,3,1,GO,media,1
2012,jovem,3,1,MA,alta,1
2012,jovem,3,1,MA,media,1
2012,jovem,3,1,MG,alta,4
2012,jovem,3,1,MS,alta,2
2012,jovem,3,1,MS,media,1
2012,jovem,3,1,MT,alta,1
2012,jovem,3,1,PA,alta,2
2012,jovem,3,1,PA,media,1
2012,jovem,3,1,PE,media,1
2012,jovem,3,1,PR,alta,1
2012,jovem,3,1,PR,baixa,1
2012,jovem,3,1,PR,media,5
2012,jovem,3,1,RJ,alta,1
2012,jovem,3,1,RJ,media,3
2012,jovem,3,1,SP,alta,4
2012,jovem,3,1,SP,media,3
2012,jovem,3,2,DF,media,1
2012,jovem,3,2,GO,alta,1
2012,jovem,3,2,MG,alta,1
2012,jovem,3,2,MG,media,1
2012,jovem,3,2,MT,media,1
2012,jovem,3,2,PI,media,1
2012,jovem,3,2,RJ,media,3
2012,jovem,3,2,SP,alta,1
2012,jovem,3,2,SP,media,3
2012,jovem,4,0,AL,baixa,1
2012,jovem,4,1,AC,alta,6
2012,jovem,4,1,AC,baixa,7
2012,jovem,4,1,AC,media,18
2012,jovem,4,1,AL,alta,62
2012,jovem,4,1,AL,baixa,330
2012,jovem,4,1,AL,media,84
2012,jovem,4,1,AM,alta,148
2012,jovem,4,1,AM,baixa,17
2012,jovem,4,1,AM,media,532
2012,jovem,4,1,AP,alta,36
2012,jovem,4,1,AP,baixa,4
2012,jovem,4,1,AP,media,33
2012,jovem,4,1,BA,alta,167
2012,jovem,4,1,BA,baixa,109
2012,jovem,4,1,BA,media,894
2012,jovem,4,1,CE,alta,151
2012,jovem,4,1,CE,baixa,78
2012,jovem,4,1,CE,media,677
2012,jovem,4,1,DF,alta,83
2012,jovem,4,1,DF,baixa,7
2012,jovem,4,1,DF,media,237
2012,jovem,4,1,ES,alta,84
2012,jovem,4,1,ES,baixa,30
2012,jovem,4,1,ES,media,235
2012,jovem,4,1,GO,alta,228
2012,jovem,4,1,GO,baixa,41
2012,jovem,4,1,GO,media,464
2012,jovem,4,1,MA,alta,266
2012,jovem,4,1,MA,baixa,68
2012,jovem,4,1,MA,media,516
2012,jovem,4,1,MG,alta,344
2012,jovem,4,1,MG,baixa,77
2012,jovem,4,1,MG,media,623
2012,jovem,4,1,MS,alta,84
2012,jovem,4,1,MS,baixa,9
2012,jovem,4,1,MS,media,110
2012,jovem,4,1,MT,alta,143
2012,jovem,4,1,MT,baixa,15
2012,jovem,4,1,MT,media,278
2012,jovem,4,1,PA,alta,353
2012,jovem,4,1,PA,baixa,66
2012,jovem,4,1,PA,media,897
2012,jovem,4,1,PB,alta,37
2012,jovem,4,1,PB,baixa,48
2012,jovem,4,1,PB,media,146
2012,jovem,4,1,PE,alta,227
2012,jovem,4,1,PE,baixa,60
2012,jovem,4,1,PE,media,977
2012,jovem,4,1,PI,alta,87
2012,jovem,4,1,PI,baixa,25
2012,jovem,4,1,PI,media,232
2012,jovem,4,1,PR,alta,150
2012,jovem,4,1,PR,baixa,13
2012,jovem,4,1,PR,media,256
2012,jovem,4,1,RJ,alta,246
2012,jovem,4,1,RJ,baixa,29
2012,jovem,4,1,RJ,media,795
2012,jovem,4,1,RN,alta,19
2012,jovem,4,1,RN,baixa,113
2012,jovem,4,1,RN,media,124
2012,jovem,4,1,RO,alta,22
2012,jovem,4,1,RO,baixa,3
2012,jovem,4,1,RO,media,51
2012,jovem,4,1,RR,alta,21
2012,jovem,4,1,RR,baixa,3
2012,jovem,4,1,RR,media,48
2012,jovem,4,1,RS,alta,11
2012,jovem,4,1,RS,baixa,3
2012,jovem,4,1,RS,media,67
2012,jovem,4,1,SC,alta,27
2012,jovem,4,1,SC,baixa,4
2012,jovem,4,1,SC,media,42
2012,jovem,4,1,SE,alta,86
2012,jovem,4,1,SE,baixa,18
2012,jovem,4,1,SE,media,320
2012,jovem,4,1,SP,alta,505
2012,jovem,4,1,SP,baixa,83
2012,jovem,4,1,SP,media,826
2012,jovem,4,1,TO,alta,55
2012,jovem,4,1,TO,baixa,15
2012,jovem,4,1,TO,media,90
2012,jovem,4,2,AC,alta,4
2012,jovem,4,2,AC,baixa,2
2012,jovem,4,2,AC,media,6
2012,jovem,4,2,AL,alta,19
2012,jovem,4,2,AL,baixa,25
2012,jovem,4,2,AL,media,37
2012,jovem,4,2,AM,alta,38
2012,jovem,4,2,AM,baixa,6
2012,jovem,4,2,AM,media,116
2012,jovem,4,2,AP,alta,6
2012,jovem,4,2,AP,baixa,1
2012,jovem,4,2,AP,media,18
2012,jovem,4,2,BA,alta,69
2012,jovem,4,2,BA,baixa,28
2012,jovem,4,2,BA,media,228
2012,jovem,4,2,CE,alta,57
2012,jovem,4,2,CE,baixa,10
2012,jovem,4,2,CE,media,116
2012,jovem,4,2,DF,alta,24
2012,jovem,4,2,DF,baixa,4
2012,jovem,4,2,DF,media,45
2012,jovem,4,2,ES,alta,31
2012,jovem,4,2,ES,baixa,4
2012,jovem,4,2,ES,media,55
2012,jovem,4,2,GO,alta,48
2012,jovem,4,2,GO,baixa,8
2012,jovem,4,2,GO,media,69
2012,jovem,4,2,MA,alta,65
2012,jovem,4,2,MA,baixa,18
2012,jovem,4,2,MA,media,136
2012,jovem,4,2,MG,alta,77
2012,jovem,4,2,MG,baixa,15
2012,jovem,4,2,MG,media,151
2012,jovem,4,2,MS,alta,29
2012,jovem,4,2,MS,baixa,7
2012,jovem,4,2,MS,media,28
2012,jovem,4,2,MT,alta,43
2012,jovem,4,2,MT,baixa,5
2012,jovem,4,2,MT,media,69
2012,jovem,4,2,PA,alta,116
2012,jovem,4,2,PA,baixa,23
2012,jovem,4,2,PA,media,256
2012,jovem,4,2,PB,alta,8
2012,jovem,4,2,PB,baixa,5
2012,jovem,4,2,PB,media,51
2012,jovem,4,2,PE,alta,77
2012,jovem,4,2,PE,baixa,31
2012,jovem,4,2,PE,media,187
2012,jovem,4,2,PI,alta,31
2012,jovem,4,2,PI,baixa,6
2012,jovem,4,2,PI,media,64
2012,jovem,4,2,PR,alta,22
2012,jovem,4,2,PR,baixa,3
2012,jovem,4,2,PR,media,43
2012,jovem,4,2,RJ,alta,84
2012,jovem,4,2,RJ,baixa,13
2012,jovem,4,2,RJ,media,175
2012,jovem,4,2,RN,alta,13
2012,jovem,4,2,RN,baixa,9
2012,jovem,4,2,RN,media,26
2012,jovem,4,2,RO,alta,10
2012,jovem,4,2,RO,media,20
2012,jovem,4,2,RR,alta,8
2012,jovem,4,2,RR,baixa,2
2012,jovem,4,2,RR,media,11
2012,jovem,4,2,RS,alta,4
2012,jovem,4,2,RS,baixa,1
2012,jovem,4,2,RS,media,27
2012,jovem,4,2,SC,alta,4
2012,jovem,4,2,SC,baixa,1
2012,jovem,4,2,SC,media,14
2012,jovem,4,2,SE,alta,20
2012,jovem,4,2,SE,baixa,8
2012,jovem,4,2,SE,media,50
2012,jovem,4,2,SP,alta,136
2012,jovem,4,2,SP,baixa,27
2012,jovem,4,2,SP,media,194
2012,jovem,4,2,TO,alta,13
2012,jovem,4,2,TO,baixa,1
2012,jovem,4,2,TO,media,23
2012,jovem,5,1,AC,baixa,2
2012,jovem,5,1,AC,media,1
2012,jovem,5,1,AM,alta,10
2012,jovem,5,1,AM,baixa,5
2012,jovem,5,1,AM,media,20
2012,jovem,5,1,AP,media,1
2012,jovem,5,1,BA,media,1
2012,jovem,5,1,CE,alta,1
2012,jovem,5,1,CE,media,1
2012,jovem,5,1,GO,baixa,1
2012,jovem,5,1,MA,alta,1
2012,jovem,5,1,MA,baixa,1
2012,jovem,5,1,MA,media,5
2012,jovem,5,1,MS,alta,7
2012,jovem,5,1,MS,media,23
2012,jovem,5,1,MT,baixa,1
2012,jovem,5,1,MT,media,6
2012,jovem,5,1,PA,alta,2
2012,jovem,5,1,PA,media,3
2012,jovem,5,1,PE,alta,2
2012,jovem,5,1,PR,baixa,1
2012,jovem,5,1,PR,media,1
2012,jovem,5,1,RJ,media,1
2012,jovem,5,1,RN,baixa,1
2012,jovem,5,1,RO,baixa,1
2012,jovem,5,1,RR,alta,2
2012,jovem,5,1,RR,media,4
2012,jovem,5,1,RS,media,1
2012,jovem,5,1,SE,alta,1
2012,jovem,5,1,SE,media,1
2012,jovem,5,1,SP,alta,1
2012,jovem,5,1,SP,media,2
2012,jovem,5,1,TO,media,2
2012,jovem,5,2,AC,media,2
2012,jovem,5,2,AL,media,1
2012,jovem,5,2,AM,alta,5
2012,jovem,5,2,AM,baixa,4
2012,jovem,5,2,AM,media,17
2012,jovem,5,2,MA,alta,1
2012,jovem,5,2,MA,media,5
2012,jovem,5,2,MS,alta,3
2012,jovem,5,2,MS,baixa,2
2012,jovem,5,2,MS,media,11
2012,jovem,5,2,MT,baixa,2
2012,jovem,5,2,MT,media,2
2012,jovem,5,2,PA,alta,1
2012,jovem,5,2,PA,baixa,1
2012,jovem,5,2,PA,media,1
2012,jovem,5,2,PR,alta,1
2012,jovem,5,2,PR,media,1
2012,jovem,5,2,RJ,media,1
2012,jovem,5,2,RR,alta,2
2012,jovem,5,2,RR,baixa,1
2012,jovem,5,2,RR,media,3
2012,jovem,5,2,RS,alta,1
2012,jovem,5,2,RS,media,3
2012,jovem,5,2,SP,alta,1
2012,jovem,5,2,SP,media,1
2012,jovem,5,2,TO,media,1
2012,meia-idade,1,1,AC,alta,4
2012,meia-idade,1,1,AC,baixa,2
2012,meia-idade,1,1,AC,media,4
2012,meia-idade,1,1,AL,alta,24
2012,meia-idade,1,1,AL,baixa,32
2012,meia-idade,1,1,AL,media,73
2012,meia-idade,1,1,AM,alta,65
2012,meia-idade,1,1,AM,baixa,18
2012,meia-idade,1,1,AM,media,108
2012,meia-idade,1,1,AP,alta,2
2012,meia-idade,1,1,AP,media,10
2012,meia-idade,1,1,BA,alta,68
2012,meia-idade,1,1,BA,baixa,96
2012,meia-idade,1,1,BA,media,266
2012,meia-idade,1,1,CE,alta,102
2012,meia-idade,1,1,CE,baixa,77
2012,meia-idade,1,1,CE,media,292
2012,meia-idade,1,1,DF,alta,92
2012,meia-idade,1,1,DF,baixa,20
2012,meia-idade,1,1,DF,media,246
2012,meia-idade,1,1,ES,alta,95
2012,meia-idade,1,1,ES,baixa,65
2012,meia-idade,1,1,ES,media,294
2012,meia-idade,1,1,GO,alta,152
2012,meia-idade,1,1,GO,baixa,95
2012,meia-idade,1,1,GO,media,378
2012,meia-idade,1,1,MA,alta,73
2012,meia-idade,1,1,MA,baixa,58
2012,meia-idade,1,1,MA,media,178
2012,meia-idade,1,1,MG,alta,641
2012,meia-idade,1,1,MG,baixa,304
2012,meia-idade,1,1,MG,media,1971
2012,meia-idade,1,1,MS,alta,181
2012,meia-idade,1,1,MS,baixa,42
2012,meia-idade,1,1,MS,media,398
2012,meia-idade,1,1,MT,alta,137
2012,meia-idade,1,1,MT,baixa,40
2012,meia-idade,1,1,MT,media,377
2012,meia-idade,1,1,PA,alta,83
2012,meia-idade,1,1,PA,baixa,39
2012,meia-idade,1,1,PA,media,206
2012,meia-idade,1,1,PB,alta,18
2012,meia-idade,1,1,PB,baixa,48
2012,meia-idade,1,1,PB,media,90
2012,meia-idade,1,1,PE,alta,165
2012,meia-idade,1,1,PE,baixa,131
2012,meia-idade,1,1,PE,media,513
2012,meia-idade,1,1,PI,alta,25
2012,meia-idade,1,1,PI,baixa,32
2012,meia-idade,1,1,PI,media,80
2012,meia-idade,1,1,PR,alta,1175
2012,meia-idade,1,1,PR,baixa,276
2012,meia-idade,1,1,PR,media,3442
2012,meia-idade,1,1,RJ,alta,961
2012,meia-idade,1,1,RJ,baixa,333
2012,meia-idade,1,1,RJ,media,2384
2012,meia-idade,1,1,RN,alta,31
2012,meia-idade,1,1,RN,baixa,55
2012,meia-idade,1,1,RN,media,124
2012,meia-idade,1,1,RO,alta,11
2012,meia-idade,1,1,RO,baixa,7
2012,meia-idade,1,1,RO,media,84
2012,meia-idade,1,1,RR,alta,8
2012,meia-idade,1,1,RR,media,23
2012,meia-idade,1,1,RS,alta,806
2012,meia-idade,1,1,RS,baixa,377
2012,meia-idade,1,1,RS,media,3055
2012,meia-idade,1,1,SC,alta,782
2012,meia-idade,1,1,SC,baixa,146
2012,meia-idade,1,1,SC,media,1976
2012,meia-idade,1,1,SE,alta,52
2012,meia-idade,1,1,SE,baixa,21
2012,meia-idade,1,1,SE,media,75
2012,meia-idade,1,1,SP,alta,3250
2012,meia-idade,1,1,SP,baixa,1548
2012,meia-idade,1,1,SP,media,7931
2012,meia-idade,1,1,TO,alta,18
2012,meia-idade,1,1,TO,baixa,14
2012,meia-idade,1,1,TO,media,52
2012,meia-idade,1,2,AC,alta,1
2012,meia-idade,1,2,AC,media,5
2012,meia-idade,1,2,AL,alta,23
2012,meia-idade,1,2,AL,baixa,40
2012,meia-idade,1,2,AL,media,71
2012,meia-idade,1,2,AM,alta,47
2012,meia-idade,1,2,AM,baixa,10
2012,meia-idade,1,2,AM,media,77
2012,meia-idade,1,2,AP,alta,6
2012,meia-idade,1,2,AP,baixa,2
2012,meia-idade,1,2,AP,media,8
2012,meia-idade,1,2,BA,alta,70
2012,meia-idade,1,2,BA,baixa,92
2012,meia-idade,1,2,BA,media,198
2012,meia-idade,1,2,CE,alta,76
2012,meia-idade,1,2,CE,baixa,45
2012,meia-idade,1,2,CE,media,225
2012,meia-idade,1,2,DF,alta,86
2012,meia-idade,1,2,DF,baixa,14
2012,meia-idade,1,2,DF,media,167
2012,meia-idade,1,2,ES,alta,53
2012,meia-idade,1,2,ES,baixa,43
2012,meia-idade,1,2,ES,media,180
2012,meia-idade,1,2,GO,alta,101
2012,meia-idade,1,2,GO,baixa,76
2012,meia-idade,1,2,GO,media,286
2012,meia-idade,1,2,MA,alta,57
2012,meia-idade,1,2,MA,baixa,63
2012,meia-idade,1,2,MA,media,127
2012,meia-idade,1,2,MG,alta,364
2012,meia-idade,1,2,MG,baixa,249
2012,meia-idade,1,2,MG,media,1260
2012,meia-idade,1,2,MS,alta,120
2012,meia-idade,1,2,MS,baixa,47
2012,meia-idade,1,2,MS,media,224
2012,meia-idade,1,2,MT,alta,66
2012,meia-idade,1,2,MT,baixa,36
2012,meia-idade,1,2,MT,media,195
2012,meia-idade,1,2,PA,alta,79
2012,meia-idade,1,2,PA,baixa,29
2012,meia-idade,1,2,PA,media,168
2012,meia-idade,1,2,PB,alta,17
2012,meia-idade,1,2,PB,baixa,21
2012,meia-idade,1,2,PB,media,72
2012,meia-idade,1,2,PE,alta,146
2012,meia-idade,1,2,PE,baixa,151
2012,meia-idade,1,2,PE,media,425
2012,meia-idade,1,2,PI,alta,15
2012,meia-idade,1,2,PI,baixa,23
2012,meia-idade,1,2,PI,media,57
2012,meia-idade,1,2,PR,alta,597
2012,meia-idade,1,2,PR,baixa,302
2012,meia-idade,1,2,PR,media,1903
2012,meia-idade,1,2,RJ,alta,830
2012,meia-idade,1,2,RJ,baixa,264
2012,meia-idade,1,2,RJ,media,2070
2012,meia-idade,1,2,RN,alta,32
2012,meia-idade,1,2,RN,baixa,50
2012,meia-idade,1,2,RN,media,100
2012,meia-idade,1,2,RO,alta,19
2012,meia-idade,1,2,RO,baixa,10
2012,meia-idade,1,2,RO,media,41
2012,meia-idade,1,2,RR,alta,1
2012,meia-idade,1,2,RR,baixa,1
2012,meia-idade,1,2,RR,media,12
2012,meia-idade,1,2,RS,alta,512
2012,meia-idade,1,2,RS,baixa,283
2012,meia-idade,1,2,RS,media,1796
2012,meia-idade,1,2,SC,alta,435
2012,meia-idade,1,2,SC,baixa,86
2012,meia-idade,1,2,SC,media,1118
2012,meia-idade,1,2,SE,alta,30
2012,meia-idade,1,2,SE,baixa,23
2012,meia-idade,1,2,SE,media,70
2012,meia-idade,1,2,SP,alta,1811
2012,meia-idade,1,2,SP,baixa,1073
2012,meia-idade,1,2,SP,media,4981
2012,meia-idade,1,2,TO,alta,12
2012,meia-idade,1,2,TO,baixa,12
2012,meia-idade,1,2,TO,media,28
2012,meia-idade,2,1,AC,baixa,1
2012,meia-idade,2,1,AC,media,3
2012,meia-idade,2,1,AL,alta,4
2012,meia-idade,2,1,AL,baixa,23
2012,meia-idade,2,1,AL,media,28
2012,meia-idade,2,1,AM,alta,9
2012,meia-idade,2,1,AM,baixa,8
2012,meia-idade,2,1,AM,media,14
2012,meia-idade,2,1,AP,baixa,1
2012,meia-idade,2,1,AP,media,5
2012,meia-idade,2,1,BA,alta,42
2012,meia-idade,2,1,BA,baixa,155
2012,meia-idade,2,1,BA,media,265
2012,meia-idade,2,1,CE,alta,10
2012,meia-idade,2,1,CE,baixa,52
2012,meia-idade,2,1,CE,media,81
2012,meia-idade,2,1,DF,alta,22
2012,meia-idade,2,1,DF,baixa,7
2012,meia-idade,2,1,DF,media,47
2012,meia-idade,2,1,ES,alta,20
2012,meia-idade,2,1,ES,baixa,34
2012,meia-idade,2,1,ES,media,96
2012,meia-idade,2,1,GO,alta,23
2012,meia-idade,2,1,GO,baixa,45
2012,meia-idade,2,1,GO,media,102
2012,meia-idade,2,1,MA,alta,33
2012,meia-idade,2,1,MA,baixa,86
2012,meia-idade,2,1,MA,media,133
2012,meia-idade,2,1,MG,alta,87
2012,meia-idade,2,1,MG,baixa,146
2012,meia-idade,2,1,MG,media,614
2012,meia-idade,2,1,MS,alta,19
2012,meia-idade,2,1,MS,baixa,12
2012,meia-idade,2,1,MS,media,46
2012,meia-idade,2,1,MT,alta,16
2012,meia-idade,2,1,MT,baixa,27
2012,meia-idade,2,1,MT,media,103
2012,meia-idade,2,1,PA,alta,32
2012,meia-idade,2,1,PA,baixa,41
2012,meia-idade,2,1,PA,media,146
2012,meia-idade,2,1,PB,alta,2
2012,meia-idade,2,1,PB,baixa,20
2012,meia-idade,2,1,PB,media,16
2012,meia-idade,2,1,PE,alta,32
2012,meia-idade,2,1,PE,baixa,65
2012,meia-idade,2,1,PE,media,146
2012,meia-idade,2,1,PI,alta,8
2012,meia-idade,2,1,PI,baixa,58
2012,meia-idade,2,1,PI,media,63
2012,meia-idade,2,1,PR,alta,28
2012,meia-idade,2,1,PR,baixa,43
2012,meia-idade,2,1,PR,media,175
2012,meia-idade,2,1,RJ,alta,243
2012,meia-idade,2,1,RJ,baixa,188
2012,meia-idade,2,1,RJ,media,1068
2012,meia-idade,2,1,RN,alta,3
2012,meia-idade,2,1,RN,baixa,20
2012,meia-idade,2,1,RN,media,29
2012,meia-idade,2,1,RO,alta,2
2012,meia-idade,2,1,RO,baixa,4
2012,meia-idade,2,1,RO,media,10
2012,meia-idade,2,1,RR,alta,2
2012,meia-idade,2,1,RR,baixa,1
2012,meia-idade,2,1,RR,media,4
2012,meia-idade,2,1,RS,alta,45
2012,meia-idade,2,1,RS,baixa,46
2012,meia-idade,2,1,RS,media,222
2012,meia-idade,2,1,SC,alta,34
2012,meia-idade,2,1,SC,baixa,9
2012,meia-idade,2,1,SC,media,75
2012,meia-idade,2,1,SE,alta,22
2012,meia-idade,2,1,SE,baixa,36
2012,meia-idade,2,1,SE,media,57
2012,meia-idade,2,1,SP,alta,239
2012,meia-idade,2,1,SP,baixa,202
2012,meia-idade,2,1,SP,media,1013
2012,meia-idade,2,1,TO,alta,2
2012,meia-idade,2,1,TO,baixa,15
2012,meia-idade,2,1,TO,media,30
2012,meia-idade,2,2,AC,alta,2
2012,meia-idade,2,2,AC,media,1
2012,meia-idade,2,2,AL,alta,1
2012,meia-idade,2,2,AL,baixa,21
2012,meia-idade,2,2,AL,media,19
2012,meia-idade,2,2,AM,alta,6
2012,meia-idade,2,2,AM,baixa,2
2012,meia-idade,2,2,AM,media,8
2012,meia-idade,2,2,AP,baixa,2
2012,meia-idade,2,2,AP,media,6
2012,meia-idade,2,2,BA,alta,26
2012,meia-idade,2,2,BA,baixa,99
2012,meia-idade,2,2,BA,media,168
2012,meia-idade,2,2,CE,alta,9
2012,meia-idade,2,2,CE,baixa,17
2012,meia-idade,2,2,CE,media,29
2012,meia-idade,2,2,DF,alta,8
2012,meia-idade,2,2,DF,baixa,12
2012,meia-idade,2,2,DF,media,37
2012,meia-idade,2,2,ES,alta,8
2012,meia-idade,2,2,ES,baixa,22
2012,meia-idade,2,2,ES,media,64
2012,meia-idade,2,2,GO,alta,16
2012,meia-idade,2,2,GO,baixa,21
2012,meia-idade,2,2,GO,media,92
2012,meia-idade,2,2,MA,alta,23
2012,meia-idade,2,2,MA,baixa,73
2012,meia-idade,2,2,MA,media,95
2012,meia-idade,2,2,MG,alta,65
2012,meia-idade,2,2,MG,baixa,115
2012,meia-idade,2,2,MG,media,385
2012,meia-idade,2,2,MS,alta,10
2012,meia-idade,2,2,MS,baixa,9
2012,meia-idade,2,2,MS,media,32
2012,meia-idade,2,2,MT,alta,7
2012,meia-idade,2,2,MT,baixa,20
2012,meia-idade,2,2,MT,media,50
2012,meia-idade,2,2,PA,alta,24
2012,meia-idade,2,2,PA,baixa,28
2012,meia-idade,2,2,PA,media,63
2012,meia-idade,2,2,PB,alta,1
2012,meia-idade,2,2,PB,baixa,11
2012,meia-idade,2,2,PB,media,9
2012,meia-idade,2,2,PE,alta,31
2012,meia-idade,2,2,PE,baixa,66
2012,meia-idade,2,2,PE,media,108
2012,meia-idade,2,2,PI,alta,6
2012,meia-idade,2,2,PI,baixa,19
2012,meia-idade,2,2,PI,media,24
2012,meia-idade,2,2,PR,alta,20
2012,meia-idade,2,2,PR,baixa,40
2012,meia-idade,2,2,PR,media,100
2012,meia-idade,2,2,RJ,alta,238
2012,meia-idade,2,2,RJ,baixa,207
2012,meia-idade,2,2,RJ,media,958
2012,meia-idade,2,2,RN,alta,5
2012,meia-idade,2,2,RN,baixa,15
2012,meia-idade,2,2,RN,media,15
2012,meia-idade,2,2,RO,baixa,4
2012,meia-idade,2,2,RO,media,6
2012,meia-idade,2,2,RR,baixa,1
2012,meia-idade,2,2,RR,media,4
2012,meia-idade,2,2,RS,alta,34
2012,meia-idade,2,2,RS,baixa,38
2012,meia-idade,2,2,RS,media,154
2012,meia-idade,2,2,SC,alta,19
2012,meia-idade,2,2,SC,baixa,5
2012,meia-idade,2,2,SC,media,54
2012,meia-idade,2,2,SE,alta,7
2012,meia-idade,2,2,SE,baixa,27
2012,meia-idade,2,2,SE,media,25
2012,meia-idade,2,2,SP,alta,151
2012,meia-idade,2,2,SP,baixa,133
2012,meia-idade,2,2,SP,media,612
2012,meia-idade,2,2,TO,alta,4
2012,meia-idade,2,2,TO,baixa,13
2012,meia-idade,2,2,TO,media,15
2012,meia-idade,3,1,AM,alta,1
2012,meia-idade,3,1,BA,media,1
2012,meia-idade,3,1,CE,baixa,1
2012,meia-idade,3,1,CE,media,2
2012,meia-idade,3,1,DF,baixa,1
2012,meia-idade,3,1,DF,media,1
2012,meia-idade,3,1,GO,alta,2
2012,meia-idade,3,1,GO,media,4
2012,meia-idade,3,1,MA,baixa,1
2012,meia-idade,3,1,MA,media,3
2012,meia-idade,3,1,MG,alta,2
2012,meia-idade,3,1,MG,baixa,1
2012,meia-idade,3,1,MG,media,12
2012,meia-idade,3,1,MS,alta,4
2012,meia-idade,3,1,MS,baixa,1
2012,meia-idade,3,1,MS,media,11
2012,meia-idade,3,1,MT,alta,1
2012,meia-idade,3,1,MT,media,2
2012,meia-idade,3,1,PA,alta,2
2012,meia-idade,3,1,PA,baixa,1
2012,meia-idade,3,1,PA,media,2
2012,meia-idade,3,1,PE,baixa,2
2012,meia-idade,3,1,PE,media,4
2012,meia-idade,3,1,PI,media,2
2012,meia-idade,3,1,PR,alta,11
2012,meia-idade,3,1,PR,baixa,3
2012,meia-idade,3,1,PR,media,19
2012,meia-idade,3,1,RJ,alta,2
2012,meia-idade,3,1,RJ,media,7
2012,meia-idade,3,1,RO,media,1
2012,meia-idade,3,1,RR,alta,1
2012,meia-idade,3,1,RS,alta,1
2012,meia-idade,3,1,RS,baixa,2
2012,meia-idade,3,1,SC,alta,2
2012,meia-idade,3,1,SC,media,3
2012,meia-idade,3,1,SP,alta,47
2012,meia-idade,3,1,SP,baixa,11
2012,meia-idade,3,1,SP,media,80
2012,meia-idade,3,1,TO,alta,1
2012,meia-idade,3,2,AL,media,1
2012,meia-idade,3,2,AM,media,1
2012,meia-idade,3,2,BA,baixa,2
2012,meia-idade,3,2,BA,media,1
2012,meia-idade,3,2,CE,alta,1
2012,meia-idade,3,2,CE,baixa,1
2012,meia-idade,3,2,CE,media,5
2012,meia-idade,3,2,DF,alta,1
2012,meia-idade,3,2,DF,baixa,1
2012,meia-idade,3,2,DF,media,3
2012,meia-idade,3,2,ES,media,2
2012,meia-idade,3,2,GO,media,2
2012,meia-idade,3,2,MA,alta,2
2012,meia-idade,3,2,MG,alta,2
2012,meia-idade,3,2,MG,baixa,3
2012,meia-idade,3,2,MG,media,10
2012,meia-idade,3,2,MS,alta,1
2012,meia-idade,3,2,MS,media,4
2012,meia-idade,3,2,MT,baixa,1
2012,meia-idade,3,2,MT,media,3
2012,meia-idade,3,2,PA,alta,1
2012,meia-idade,3,2,PA,baixa,2
2012,meia-idade,3,2,PA,media,2
2012,meia-idade,3,2,PE,alta,3
2012,meia-idade,3,2,PE,media,4
2012,meia-idade,3,2,PI,baixa,1
2012,meia-idade,3,2,PR,alta,7
2012,meia-idade,3,2,PR,baixa,1
2012,meia-idade,3,2,PR,media,5
2012,meia-idade,3,2,RJ,alta,2
2012,meia-idade,3,2,RJ,baixa,3
2012,meia-idade,3,2,RJ,media,6
2012,meia-idade,3,2,RN,media,3
2012,meia-idade,3,2,RO,media,1
2012,meia-idade,3,2,RR,alta,1
2012,meia-idade,3,2,RS,media,3
2012,meia-idade,3,2,SC,media,3
2012,meia-idade,3,2,SE,alta,1
2012,meia-idade,3,2,SP,alta,31
2012,meia-idade,3,2,SP,baixa,8
2012,meia-idade,3,2,SP,media,35
2012,meia-idade,3,2,TO,media,1
2012,meia-idade,4,0,MA,media,1
2012,meia-idade,4,0,RJ,media,1
2012,meia-idade,4,1,AC,alta,3
2012,meia-idade,4,1,AC,baixa,14
2012,meia-idade,4,1,AC,media,17
2012,meia-idade,4,1,AL,alta,83
2012,meia-idade,4,1,AL,baixa,294
2012,meia-idade,4,1,AL,media,242
2012,meia-idade,4,1,AM,alta,242
2012,meia-idade,4,1,AM,baixa,135
2012,meia-idade,4,1,AM,media,590
2012,meia-idade,4,1,AP,alta,13
2012,meia-idade,4,1,AP,baixa,9
2012,meia-idade,4,1,AP,media,23
2012,meia-idade,4,1,BA,alta,167
2012,meia-idade,4,1,BA,baixa,537
2012,meia-idade,4,1,BA,media,1130
2012,meia-idade,4,1,CE,alta,271
2012,meia-idade,4,1,CE,baixa,470
2012,meia-idade,4,1,CE,media,1202
2012,meia-idade,4,1,DF,alta,147
2012,meia-idade,4,1,DF,baixa,54
2012,meia-idade,4,1,DF,media,394
2012,meia-idade,4,1,ES,alta,86
2012,meia-idade,4,1,ES,baixa,88
2012,meia-idade,4,1,ES,media,391
2012,meia-idade,4,1,GO,alta,184
2012,meia-idade,4,1,GO,baixa,142
2012,meia-idade,4,1,GO,media,752
2012,meia-idade,4,1,MA,alta,184
2012,meia-idade,4,1,MA,baixa,370
2012,meia-idade,4,1,MA,media,757
2012,meia-idade,4,1,MG,alta,368
2012,meia-idade,4,1,MG,baixa,435
2012,meia-idade,4,1,MG,media,2182
2012,meia-idade,4,1,MS,alta,125
2012,meia-idade,4,1,MS,baixa,99
2012,meia-idade,4,1,MS,media,459
2012,meia-idade,4,1,MT,alta,143
2012,meia-idade,4,1,MT,baixa,120
2012,meia-idade,4,1,MT,media,659
2012,meia-idade,4,1,PA,alta,340
2012,meia-idade,4,1,PA,baixa,278
2012,meia-idade,4,1,PA,media,1095
2012,meia-idade,4,1,PB,alta,76
2012,meia-idade,4,1,PB,baixa,201
2012,meia-idade,4,1,PB,media,298
2012,meia-idade,4,1,PE,alta,382
2012,meia-idade,4,1,PE,baixa,552
2012,meia-idade,4,1,PE,media,1561
2012,meia-idade,4,1,PI,alta,97
2012,meia-idade,4,1,PI,baixa,235
2012,meia-idade,4,1,PI,media,557
2012,meia-idade,4,1,PR,alta,131
2012,meia-idade,4,1,PR,baixa,114
2012,meia-idade,4,1,PR,media,643
2012,meia-idade,4,1,RJ,alta,533
2012,meia-idade,4,1,RJ,baixa,288
2012,meia-idade,4,1,RJ,media,2169
2012,meia-idade,4,1,RN,alta,31
2012,meia-idade,4,1,RN,baixa,162
2012,meia-idade,4,1,RN,media,191
2012,meia-idade,4,1,RO,alta,19
2012,meia-idade,4,1,RO,baixa,27
2012,meia-idade,4,1,RO,media,99
2012,meia-idade,4,1,RR,alta,12
2012,meia-idade,4,1,RR,baixa,12
2012,meia-idade,4,1,RR,media,56
2012,meia-idade,4,1,RS,alta,40
2012,meia-idade,4,1,RS,baixa,28
2012,meia-idade,4,1,RS,media,221
2012,meia-idade,4,1,SC,alta,25
2012,meia-idade,4,1,SC,baixa,19
2012,meia-idade,4,1,SC,media,89
2012,meia-idade,4,1,SE,alta,114
2012,meia-idade,4,1,SE,baixa,120
2012,meia-idade,4,1,SE,media,307
2012,meia-idade,4,1,SP,alta,790
2012,meia-idade,4,1,SP,baixa,483
2012,meia-idade,4,1,SP,media,3145
2012,meia-idade,4,1,TO,alta,40
2012,meia-idade,4,1,TO,baixa,81
2012,meia-idade,4,1,TO,media,160
2012,meia-idade,4,2,AC,alta,2
2012,meia-idade,4,2,AC,baixa,18
2012,meia-idade,4,2,AC,media,14
2012,meia-idade,4,2,AL,alta,28
2012,meia-idade,4,2,AL,baixa,137
2012,meia-idade,4,2,AL,media,145
2012,meia-idade,4,2,AM,alta,117
2012,meia-idade,4,2,AM,baixa,82
2012,meia-idade,4,2,AM,media,345
2012,meia-idade,4,2,AP,alta,6
2012,meia-idade,4,2,AP,baixa,17
2012,meia-idade,4,2,AP,media,23
2012,meia-idade,4,2,BA,alta,156
2012,meia-idade,4,2,BA,baixa,395
2012,meia-idade,4,2,BA,media,739
2012,meia-idade,4,2,CE,alta,149
2012,meia-idade,4,2,CE,baixa,251
2012,meia-idade,4,2,CE,media,665
2012,meia-idade,4,2,DF,alta,77
2012,meia-idade,4,2,DF,baixa,45
2012,meia-idade,4,2,DF,media,186
2012,meia-idade,4,2,ES,alta,50
2012,meia-idade,4,2,ES,baixa,71
2012,meia-idade,4,2,ES,media,195
2012,meia-idade,4,2,GO,alta,110
2012,meia-idade,4,2,GO,baixa,136
2012,meia-idade,4,2,GO,media,426
2012,meia-idade,4,2,MA,alta,113
2012,meia-idade,4,2,MA,baixa,294
2012,meia-idade,4,2,MA,media,421
2012,meia-idade,4,2,MG,alta,231
2012,meia-idade,4,2,MG,baixa,330
2012,meia-idade,4,2,MG,media,1265
2012,meia-idade,4,2,MS,alta,89
2012,meia-idade,4,2,MS,baixa,74
2012,meia-idade,4,2,MS,media,249
2012,meia-idade,4,2,MT,alta,70
2012,meia-idade,4,2,MT,baixa,108
2012,meia-idade,4,2,MT,media,297
2012,meia-idade,4,2,PA,alta,245
2012,meia-idade,4,2,PA,baixa,156
2012,meia-idade,4,2,PA,media,685
2012,meia-idade,4,2,PB,alta,44
2012,meia-idade,4,2,PB,baixa,92
2012,meia-idade,4,2,PB,media,158
2012,meia-idade,4,2,PE,alta,190
2012,meia-idade,4,2,PE,baixa,419
2012,meia-idade,4,2,PE,media,875
2012,meia-idade,4,2,PI,alta,54
2012,meia-idade,4,2,PI,baixa,150
2012,meia-idade,4,2,PI,media,284
2012,meia-idade,4,2,PR,alta,72
2012,meia-idade,4,2,PR,baixa,116
2012,meia-idade,4,2,PR,media,340
2012,meia-idade,4,2,RJ,alta,443
2012,meia-idade,4,2,RJ,baixa,263
2012,meia-idade,4,2,RJ,media,1646
2012,meia-idade,4,2,RN,alta,32
2012,meia-idade,4,2,RN,baixa,92
2012,meia-idade,4,2,RN,media,144
2012,meia-idade,4,2,RO,alta,9
2012,meia-idade,4,2,RO,baixa,21
2012,meia-idade,4,2,RO,media,62
2012,meia-idade,4,2,RR,alta,11
2012,meia-idade,4,2,RR,baixa,9
2012,meia-idade,4,2,RR,media,30
2012,meia-idade,4,2,RS,alta,22
2012,meia-idade,4,2,RS,baixa,26
2012,meia-idade,4,2,RS,media,109
2012,meia-idade,4,2,SC,alta,7
2012,meia-idade,4,2,SC,baixa,9
2012,meia-idade,4,2,SC,media,55
2012,meia-idade,4,2,SE,alta,65
2012,meia-idade,4,2,SE,baixa,86
2012,meia-idade,4,2,SE,media,194
2012,meia-idade,4,2,SP,alta,442
2012,meia-idade,4,2,SP,baixa,374
2012,meia-idade,4,2,SP,media,1778
2012,meia-idade,4,2,TO,alta,23
2012,meia-idade,4,2,TO,baixa,35
2012,meia-idade,4,2,TO,media,93
2012,meia-idade,5,1,AC,baixa,1
2012,meia-idade,5,1,AC,media,1
2012,meia-idade,5,1,AL,alta,1
2012,meia-idade,5,1,AL,media,2
2012,meia-idade,5,1,AM,alta,8
2012,meia-idade,5,1,AM,baixa,14
2012,meia-idade,5,1,AM,media,19
2012,meia-idade,5,1,AP,alta,1
2012,meia-idade,5,1,BA,baixa,2
2012,meia-idade,5,1,BA,media,4
2012,meia-idade,5,1,CE,baixa,1
2012,meia-idade,5,1,CE,media,1
2012,meia-idade,5,1,ES,media,1
2012,meia-idade,5,1,MA,alta,1
2012,meia-idade,5,1,MA,baixa,3
2012,meia-idade,5,1,MA,media,1
2012,meia-idade,5,1,MG,baixa,1
2012,meia-idade,5,1,MG,media,5
2012,meia-idade,5,1,MS,alta,3
2012,meia-idade,5,1,MS,baixa,7
2012,meia-idade,5,1,MS,media,11
2012,meia-idade,5,1,MT,media,2
2012,meia-idade,5,1,PA,baixa,1
2012,meia-idade,5,1,PA,media,2
2012,meia-idade,5,1,PB,media,2
2012,meia-idade,5,1,PE,baixa,3
2012,meia-idade,5,1,PE,media,3
2012,meia-idade,5,1,PR,baixa,3
2012,meia-idade,5,1,PR,media,6
2012,meia-idade,5,1,RJ,baixa,1
2012,meia-idade,5,1,RJ,media,2
2012,meia-idade,5,1,RN,media,1
2012,meia-idade,5,1,RO,baixa,1
2012,meia-idade,5,1,RO,media,1
2012,meia-idade,5,1,RR,baixa,3
2012,meia-idade,5,1,RR,media,9
2012,meia-idade,5,1,RS,alta,2
2012,meia-idade,5,1,RS,baixa,1
2012,meia-idade,5,1,RS,media,5
2012,meia-idade,5,1,SC,baixa,1
2012,meia-idade,5,1,SC,media,2
2012,meia-idade,5,1,SE,baixa,1
2012,meia-idade,5,1,SP,alta,4
2012,meia-idade,5,1,SP,media,4
2012,meia-idade,5,1,TO,alta,1
2012,meia-idade,5,2,AC,baixa,1
2012,meia-idade,5,2,AM,baixa,7
2012,meia-idade,5,2,AM,media,10
2012,meia-idade,5,2,AP,media,1
2012,meia-idade,5,2,CE,alta,1
2012,meia-idade,5,2,CE,media,1
2012,meia-idade,5,2,ES,alta,1
2012,meia-idade,5,2,MA,baixa,2
2012,meia-idade,5,2,MA,media,1
2012,meia-idade,5,2,MG,baixa,1
2012,meia-idade,5,2,MG,media,4
2012,meia-idade,5,2,MS,alta,1
2012,meia-idade,5,2,MS,baixa,11
2012,meia-idade,5,2,MS,media,12
2012,meia-idade,5,2,MT,baixa,3
2012,meia-idade,5,2,MT,media,1
2012,meia-idade,5,2,PA,alta,1
2012,meia-idade,5,2,PA,baixa,2
2012,meia-idade,5,2,PB,baixa,1
2012,meia-idade,5,2,PE,baixa,3
2012,meia-idade,5,2,PE,media,4
2012,meia-idade,5,2,PR,baixa,2
2012,meia-idade,5,2,PR,media,5
2012,meia-idade,5,2,RJ,media,3
2012,meia-idade,5,2,RR,baixa,2
2012,meia-idade,5,2,RR,media,3
2012,meia-idade,5,2,RS,media,2
2012,meia-idade,5,2,SC,alta,1
2012,meia-idade,5,2,SC,media,1
2012,meia-idade,5,2,SE,baixa,1
2012,meia-idade,5,2,SP,alta,2
2012,meia-idade,5,2,SP,media,6
2019,adulto,1,1,AC,alta,5
2019,adulto,1,1,AC,baixa,8
2019,adulto,1,1,AC,media,9
2019,adulto,1,1,AL,alta,16
2019,adulto,1,1,AL,baixa,8
2019,adulto,1,1,AL,media,43
2019,adulto,1,1,AM,alta,63
2019,adulto,1,1,AM,baixa,9
2019,adulto,1,1,AM,media,91
2019,adulto,1,1,AP,alta,7
2019,adulto,1,1,AP,baixa,2
2019,adulto,1,1,AP,media,9
2019,adulto,1,1,BA,alta,115
2019,adulto,1,1,BA,baixa,34
2019,adulto,1,1,BA,media,262
2019,adulto,1,1,CE,alta,120
2019,adulto,1,1,CE,baixa,33
2019,adulto,1,1,CE,media,213
2019,adulto,1,1,DF,alta,71
2019,adulto,1,1,DF,baixa,5
2019,adulto,1,1,DF,media,118
2019,adulto,1,1,ES,alta,41
2019,adulto,1,1,ES,baixa,11
2019,adulto,1,1,ES,media,83
2019,adulto,1,1,GO,alta,235
2019,adulto,1,1,GO,baixa,24
2019,adulto,1,1,GO,media,342
2019,adulto,1,1,MA,alta,95
2019,adulto,1,1,MA,baixa,19
2019,adulto,1,1,MA,media,151
2019,adulto,1,1,MG,alta,806
2019,adulto,1,1,MG,baixa,99
2019,adulto,1,1,MG,media,994
2019,adulto,1,1,MS,alta,136
2019,adulto,1,1,MS,baixa,13
2019,adulto,1,1,MS,media,148
2019,adulto,1,1,MT,alta,153
2019,adulto,1,1,MT,baixa,10
2019,adulto,1,1,MT,media,167
2019,adulto,1,1,PA,alta,73
2019,adulto,1,1,PA,baixa,24
2019,adulto,1,1,PA,media,147
2019,adulto,1,1,PB,alta,24
2019,adulto,1,1,PB,baixa,9
2019,adulto,1,1,PB,media,34
2019,adulto,1,1,PE,alta,170
2019,adulto,1,1,PE,baixa,63
2019,adulto,1,1,PE,media,506
2019,adulto,1,1,PI,alta,38
2019,adulto,1,1,PI,baixa,11
2019,adulto,1,1,PI,media,84
2019,adulto,1,1,PR,alta,1388
2019,adulto,1,1,PR,baixa,103
2019,adulto,1,1,PR,media,1302
2019,adulto,1,1,RJ,alta,522
2019,adulto,1,1,RJ,baixa,67
2019,adulto,1,1,RJ,media,835
2019,adulto,1,1,RN,alta,40
2019,adulto,1,1,RN,baixa,18
2019,adulto,1,1,RN,media,90
2019,adulto,1,1,RO,alta,53
2019,adulto,1,1,RO,baixa,5
2019,adulto,1,1,RO,media,68
2019,adulto,1,1,RR,alta,8
2019,adulto,1,1,RR,media,18
2019,adulto,1,1,RS,alta,654
2019,adulto,1,1,RS,baixa,63
2019,adulto,1,1,RS,media,888
2019,adulto,1,1,SC,alta,723
2019,adulto,1,1,SC,baixa,32
2019,adulto,1,1,SC,media,775
2019,adulto,1,1,SE,alta,38
2019,adulto,1,1,SE,baixa,4
2019,adulto,1,1,SE,media,51
2019,adulto,1,1,SP,alta,2772
2019,adulto,1,1,SP,baixa,219
2019,adulto,1,1,SP,media,2506
2019,adulto,1,1,TO,alta,32
2019,adulto,1,1,TO,baixa,1
2019,adulto,1,1,TO,media,51
2019,adulto,1,2,AC,alta,6
2019,adulto,1,2,AC,baixa,1
2019,adulto,1,2,AC,media,13
2019,adulto,1,2,AL,alta,14
2019,adulto,1,2,AL,baixa,7
2019,adulto,1,2,AL,media,27
2019,adulto,1,2,AM,alta,43
2019,adulto,1,2,AM,baixa,2
2019,adulto,1,2,AM,media,42
2019,adulto,1,2,AP,alta,11
2019,adulto,1,2,AP,baixa,1
2019,adulto,1,2,AP,media,8
2019,adulto,1,2,BA,alta,101
2019,adulto,1,2,BA,baixa,20
2019,adulto,1,2,BA,media,139
2019,adulto,1,2,CE,alta,97
2019,adulto,1,2,CE,baixa,19
2019,adulto,1,2,CE,media,130
2019,adulto,1,2,DF,alta,42
2019,adulto,1,2,DF,baixa,4
2019,adulto,1,2,DF,media,89
2019,adulto,1,2,ES,alta,25
2019,adulto,1,2,ES,baixa,6
2019,adulto,1,2,ES,media,46
2019,adulto,1,2,GO,alta,143
2019,adulto,1,2,GO,baixa,12
2019,adulto,1,2,GO,media,195
2019,adulto,1,2,MA,alta,71
2019,adulto,1,2,MA,baixa,17
2019,adulto,1,2,MA,media,76
2019,adulto,1,2,MG,alta,438
2019,adulto,1,2,MG,baixa,56
2019,adulto,1,2,MG,media,529
2019,adulto,1,2,MS,alta,76
2019,adulto,1,2,MS,baixa,9
2019,adulto,1,2,MS,media,102
2019,adulto,1,2,MT,alta,63
2019,adulto,1,2,MT,baixa,10
2019,adulto,1,2,MT,media,91
2019,adulto,1,2,PA,alta,79
2019,adulto,1,2,PA,baixa,10
2019,adulto,1,2,PA,media,92
2019,adulto,1,2,PB,alta,16
2019,adulto,1,2,PB,baixa,6
2019,adulto,1,2,PB,media,32
2019,adulto,1,2,PE,alta,140
2019,adulto,1,2,PE,baixa,40
2019,adulto,1,2,PE,media,214
2019,adulto,1,2,PI,alta,23
2019,adulto,1,2,PI,baixa,3
2019,adulto,1,2,PI,media,45
2019,adulto,1,2,PR,alta,537
2019,adulto,1,2,PR,baixa,55
2019,adulto,1,2,PR,media,577
2019,adulto,1,2,RJ,alta,445
2019,adulto,1,2,RJ,baixa,46
2019,adulto,1,2,RJ,media,577
2019,adulto,1,2,RN,alta,22
2019,adulto,1,2,RN,baixa,6
2019,adulto,1,2,RN,media,60
2019,adulto,1,2,RO,alta,29
2019,adulto,1,2,RO,baixa,2
2019,adulto,1,2,RO,media,34
2019,adulto,1,2,RR,alta,10
2019,adulto,1,2,RR,media,11
2019,adulto,1,2,RS,alta,419
2019,adulto,1,2,RS,baixa,41
2019,adulto,1,2,RS,media,491
2019,adulto,1,2,SC,alta,342
2019,adulto,1,2,SC,baixa,17
2019,adulto,1,2,SC,media,388
2019,adulto,1,2,SE,alta,26
2019,adulto,1,2,SE,baixa,8
2019,adulto,1,2,SE,media,34
2019,adulto,1,2,SP,alta,1622
2019,adulto,1,2,SP,baixa,123
2019,adulto,1,2,SP,media,1585
2019,adulto,1,2,TO,alta,15
2019,adulto,1,2,TO,baixa,2
2019,adulto,1,2,TO,media,28
2019,adulto,2,0,MA,alta,1
2019,adulto,2,1,AC,alta,1
2019,adulto,2,1,AC,baixa,6
2019,adulto,2,1,AC,media,3
2019,adulto,2,1,AL,alta,4
2019,adulto,2,1,AL,baixa,10
2019,adulto,2,1,AL,media,16
2019,adulto,2,1,AM,alta,12
2019,adulto,2,1,AM,baixa,4
2019,adulto,2,1,AM,media,14
2019,adulto,2,1,AP,alta,6
2019,adulto,2,1,AP,baixa,2
2019,adulto,2,1,AP,media,13
2019,adulto,2,1,BA,alta,189
2019,adulto,2,1,BA,baixa,93
2019,adulto,2,1,BA,media,526
2019,adulto,2,1,CE,alta,7
2019,adulto,2,1,CE,baixa,22
2019,adulto,2,1,CE,media,43
2019,adulto,2,1,DF,alta,20
2019,adulto,2,1,DF,baixa,1
2019,adulto,2,1,DF,media,46
2019,adulto,2,1,ES,alta,9
2019,adulto,2,1,ES,baixa,8
2019,adulto,2,1,ES,media,44
2019,adulto,2,1,GO,alta,53
2019,adulto,2,1,GO,baixa,16
2019,adulto,2,1,GO,media,115
2019,adulto,2,1,MA,alta,75
2019,adulto,2,1,MA,baixa,45
2019,adulto,2,1,MA,media,139
2019,adulto,2,1,MG,alta,289
2019,adulto,2,1,MG,baixa,53
2019,adulto,2,1,MG,media,498
2019,adulto,2,1,MS,alta,16
2019,adulto,2,1,MS,baixa,4
2019,adulto,2,1,MS,media,22
2019,adulto,2,1,MT,alta,42
2019,adulto,2,1,MT,baixa,7
2019,adulto,2,1,MT,media,69
2019,adulto,2,1,PA,alta,25
2019,adulto,2,1,PA,baixa,21
2019,adulto,2,1,PA,media,145
2019,adulto,2,1,PB,alta,5
2019,adulto,2,1,PB,baixa,11
2019,adulto,2,1,PB,media,7
2019,adulto,2,1,PE,alta,47
2019,adulto,2,1,PE,baixa,20
2019,adulto,2,1,PE,media,151
2019,adulto,2,1,PI,alta,25
2019,adulto,2,1,PI,baixa,18
2019,adulto,2,1,PI,media,71
2019,adulto,2,1,PR,alta,83
2019,adulto,2,1,PR,baixa,9
2019,adulto,2,1,PR,media,75
2019,adulto,2,1,RJ,alta,231
2019,adulto,2,1,RJ,baixa,41
2019,adulto,2,1,RJ,media,624
2019,adulto,2,1,RN,alta,7
2019,adulto,2,1,RN,baixa,5
2019,adulto,2,1,RN,media,16
2019,adulto,2,1,RO,alta,12
2019,adulto,2,1,RO,baixa,2
2019,adulto,2,1,RO,media,15
2019,adulto,2,1,RR,alta,3
2019,adulto,2,1,RR,baixa,1
2019,adulto,2,1,RR,media,5
2019,adulto,2,1,RS,alta,66
2019,adulto,2,1,RS,baixa,13
2019,adulto,2,1,RS,media,132
2019,adulto,2,1,SC,alta,38
2019,adulto,2,1,SC,baixa,2
2019,adulto,2,1,SC,media,54
2019,adulto,2,1,SE,alta,16
2019,adulto,2,1,SE,baixa,11
2019,adulto,2,1,SE,media,38
2019,adulto,2,1,SP,alta,384
2019,adulto,2,1,SP,baixa,36
2019,adulto,2,1,SP,media,429
2019,adulto,2,1,TO,alta,12
2019,adulto,2,1,TO,baixa,3
2019,adulto,2,1,TO,media,40
2019,adulto,2,2,AC,alta,4
2019,adulto,2,2,AC,baixa,1
2019,adulto,2,2,AC,media,3
2019,adulto,2,2,AL,alta,1
2019,adulto,2,2,AL,baixa,4
2019,adulto,2,2,AL,media,9
2019,adulto,2,2,AM,alta,9
2019,adulto,2,2,AM,media,11
2019,adulto,2,2,AP,alta,3
2019,adulto,2,2,AP,media,2
2019,adulto,2,2,BA,alta,117
2019,adulto,2,2,BA,baixa,32
2019,adulto,2,2,BA,media,192
2019,adulto,2,2,CE,alta,8
2019,adulto,2,2,CE,baixa,3
2019,adulto,2,2,CE,media,19
2019,adulto,2,2,DF,alta,10
2019,adulto,2,2,DF,baixa,1
2019,adulto,2,2,DF,media,12
2019,adulto,2,2,ES,alta,13
2019,adulto,2,2,ES,baixa,1
2019,adulto,2,2,ES,media,25
2019,adulto,2,2,GO,alta,21
2019,adulto,2,2,GO,baixa,1
2019,adulto,2,2,GO,media,39
2019,adulto,2,2,MA,alta,42
2019,adulto,2,2,MA,baixa,13
2019,adulto,2,2,MA,media,49
2019,adulto,2,2,MG,alta,146
2019,adulto,2,2,MG,baixa,18
2019,adulto,2,2,MG,media,182
2019,adulto,2,2,MS,alta,13
2019,adulto,2,2,MS,baixa,1
2019,adulto,2,2,MS,media,9
2019,adulto,2,2,MT,alta,25
2019,adulto,2,2,MT,baixa,1
2019,adulto,2,2,MT,media,25
2019,adulto,2,2,PA,alta,20
2019,adulto,2,2,PA,baixa,5
2019,adulto,2,2,PA,media,45
2019,adulto,2,2,PB,alta,4
2019,adulto,2,2,PB,media,5
2019,adulto,2,2,PE,alta,27
2019,adulto,2,2,PE,baixa,10
2019,adulto,2,2,PE,media,44
2019,adulto,2,2,PI,alta,7
2019,adulto,2,2,PI,baixa,3
2019,adulto,2,2,PI,media,15
2019,adulto,2,2,PR,alta,40
2019,adulto,2,2,PR,baixa,3
2019,adulto,2,2,PR,media,39
2019,adulto,2,2,RJ,alta,173
2019,adulto,2,2,RJ,baixa,24
2019,adulto,2,2,RJ,media,371
2019,adulto,2,2,RN,alta,7
2019,adulto,2,2,RN,media,12
2019,adulto,2,2,RO,alta,5
2019,adulto,2,2,RO,baixa,1
2019,adulto,2,2,RO,media,8
2019,adulto,2,2,RR,alta,2
2019,adulto,2,2,RS,alta,43
2019,adulto,2,2,RS,baixa,6
2019,adulto,2,2,RS,media,56
2019,adulto,2,2,SC,alta,18
2019,adulto,2,2,SC,baixa,2
2019,adulto,2,2,SC,media,27
2019,adulto,2,2,SE,alta,9
2019,adulto,2,2,SE,baixa,1
2019,adulto,2,2,SE,media,11
2019,adulto,2,2,SP,alta,224
2019,adulto,2,2,SP,baixa,14
2019,adulto,2,2,SP,media,244
2019,adulto,2,2,TO,alta,7
2019,adulto,2,2,TO,baixa,2
2019,adulto,2,2,TO,media,18
2019,adulto,3,1,AC,media,1
2019,adulto,3,1,AM,alta,1
2019,adulto,3,1,AM,media,3
2019,adulto,3,1,BA,alta,4
2019,adulto,3,1,BA,media,3
2019,adulto,3,1,CE,baixa,1
2019,adulto,3,1,CE,media,1
2019,adulto,3,1,DF,baixa,1
2019,adulto,3,1,ES,media,1
2019,adulto,3,1,GO,alta,2
2019,adulto,3,1,GO,media,1
2019,adulto,3,1,MA,media,2
2019,adulto,3,1,MG,alta,5
2019,adulto,3,1,MG,baixa,2
2019,adulto,3,1,MG,media,6
2019,adulto,3,1,MS,alta,2
2019,adulto,3,1,MS,media,1
2019,adulto,3,1,MT,alta,2
2019,adulto,3,1,MT,media,3
2019,adulto,3,1,PA,alta,3
2019,adulto,3,1,PA,baixa,1
2019,adulto,3,1,PA,media,2
2019,adulto,3,1,PE,alta,3
2019,adulto,3,1,PE,media,4
2019,adulto,3,1,PI,media,1
2019,adulto,3,1,PR,alta,5
2019,adulto,3,1,PR,media,2
2019,adulto,3,1,RJ,alta,1
2019,adulto,3,1,RJ,baixa,1
2019,adulto,3,1,RJ,media,2
2019,adulto,3,1,RN,baixa,1
2019,adulto,3,1,RO,media,1
2019,adulto,3,1,RS,media,1
2019,adulto,3,1,SP,alta,14
2019,adulto,3,1,SP,baixa,2
2019,adulto,3,1,SP,media,13
2019,adulto,3,1,TO,media,2
2019,adulto,3,2,AM,baixa,1
2019,adulto,3,2,AP,media,1
2019,adulto,3,2,BA,media,1
2019,adulto,3,2,CE,alta,1
2019,adulto,3,2,CE,media,2
2019,adulto,3,2,DF,media,1
2019,adulto,3,2,ES,media,2
2019,adulto,3,2,GO,media,4
2019,adulto,3,2,MA,media,2
2019,adulto,3,2,MG,alta,4
2019,adulto,3,2,MG,media,4
2019,adulto,3,2,MS,media,1
2019,adulto,3,2,MT,alta,1
2019,adulto,3,2,MT,baixa,1
2019,adulto,3,2,PB,alta,2
2019,adulto,3,2,PE,alta,1
2019,adulto,3,2,PE,media,2
2019,adulto,3,2,PI,alta,1
2019,adulto,3,2,PR,alta,1
2019,adulto,3,2,PR,media,2
2019,adulto,3,2,RJ,media,2
2019,adulto,3,2,RS,alta,1
2019,adulto,3,2,RS,media,1
2019,adulto,3,2,SC,alta,2
2019,adulto,3,2,SC,media,2
2019,adulto,3,2,SP,alta,11
2019,adulto,3,2,SP,baixa,1
2019,adulto,3,2,SP,media,18
2019,adulto,4,0,PA,alta,1
2019,adulto,4,0,PI,alta,1
2019,adulto,4,1,AC,alta,26
2019,adulto,4,1,AC,baixa,30
2019,adulto,4,1,AC,media,45
2019,adulto,4,1,AL,alta,85
2019,adulto,4,1,AL,baixa,85
2019,adulto,4,1,AL,media,372
2019,adulto,4,1,AM,alta,561
2019,adulto,4,1,AM,baixa,86
2019,adulto,4,1,AM,media,801
2019,adulto,4,1,AP,alta,62
2019,adulto,4,1,AP,baixa,10
2019,adulto,4,1,AP,media,111
2019,adulto,4,1,BA,alta,790
2019,adulto,4,1,BA,baixa,268
2019,adulto,4,1,BA,media,2188
2019,adulto,4,1,CE,alta,666
2019,adulto,4,1,CE,baixa,289
2019,adulto,4,1,CE,media,1706
2019,adulto,4,1,DF,alta,161
2019,adulto,4,1,DF,baixa,12
2019,adulto,4,1,DF,media,305
2019,adulto,4,1,ES,alta,118
2019,adulto,4,1,ES,baixa,21
2019,adulto,4,1,ES,media,226
2019,adulto,4,1,GO,alta,578
2019,adulto,4,1,GO,baixa,63
2019,adulto,4,1,GO,media,966
2019,adulto,4,1,MA,alta,606
2019,adulto,4,1,MA,baixa,233
2019,adulto,4,1,MA,media,1009
2019,adulto,4,1,MG,alta,1074
2019,adulto,4,1,MG,baixa,170
2019,adulto,4,1,MG,media,1751
2019,adulto,4,1,MS,alta,203
2019,adulto,4,1,MS,baixa,23
2019,adulto,4,1,MS,media,295
2019,adulto,4,1,MT,alta,361
2019,adulto,4,1,MT,baixa,43
2019,adulto,4,1,MT,media,445
2019,adulto,4,1,PA,alta,620
2019,adulto,4,1,PA,baixa,146
2019,adulto,4,1,PA,media,1410
2019,adulto,4,1,PB,alta,50
2019,adulto,4,1,PB,baixa,57
2019,adulto,4,1,PB,media,196
2019,adulto,4,1,PE,alta,567
2019,adulto,4,1,PE,baixa,315
2019,adulto,4,1,PE,media,2045
2019,adulto,4,1,PI,alta,176
2019,adulto,4,1,PI,baixa,112
2019,adulto,4,1,PI,media,473
2019,adulto,4,1,PR,alta,388
2019,adulto,4,1,PR,baixa,33
2019,adulto,4,1,PR,media,472
2019,adulto,4,1,RJ,alta,646
2019,adulto,4,1,RJ,baixa,73
2019,adulto,4,1,RJ,media,1387
2019,adulto,4,1,RN,alta,114
2019,adulto,4,1,RN,baixa,58
2019,adulto,4,1,RN,media,372
2019,adulto,4,1,RO,alta,118
2019,adulto,4,1,RO,baixa,18
2019,adulto,4,1,RO,media,177
2019,adulto,4,1,RR,alta,88
2019,adulto,4,1,RR,baixa,6
2019,adulto,4,1,RR,media,110
2019,adulto,4,1,RS,alta,85
2019,adulto,4,1,RS,baixa,11
2019,adulto,4,1,RS,media,136
2019,adulto,4,1,SC,alta,78
2019,adulto,4,1,SC,baixa,1
2019,adulto,4,1,SC,media,148
2019,adulto,4,1,SE,alta,202
2019,adulto,4,1,SE,baixa,75
2019,adulto,4,1,SE,media,566
2019,adulto,4,1,SP,alta,1734
2019,adulto,4,1,SP,baixa,121
2019,adulto,4,1,SP,media,1926
2019,adulto,4,1,TO,alta,95
2019,adulto,4,1,TO,baixa,23
2019,adulto,4,1,TO,media,202
2019,adulto,4,2,AC,alta,11
2019,adulto,4,2,AC,baixa,12
2019,adulto,4,2,AC,media,26
2019,adulto,4,2,AL,alta,41
2019,adulto,4,2,AL,baixa,32
2019,adulto,4,2,AL,media,89
2019,adulto,4,2,AM,alta,226
2019,adulto,4,2,AM,baixa,31
2019,adulto,4,2,AM,media,235
2019,adulto,4,2,AP,alta,19
2019,adulto,4,2,AP,baixa,5
2019,adulto,4,2,AP,media,46
2019,adulto,4,2,BA,alta,436
2019,adulto,4,2,BA,baixa,93
2019,adulto,4,2,BA,media,747
2019,adulto,4,2,CE,alta,298
2019,adulto,4,2,CE,baixa,86
2019,adulto,4,2,CE,media,570
2019,adulto,4,2,DF,alta,47
2019,adulto,4,2,DF,baixa,5
2019,adulto,4,2,DF,media,116
2019,adulto,4,2,ES,alta,75
2019,adulto,4,2,ES,baixa,9
2019,adulto,4,2,ES,media,100
2019,adulto,4,2,GO,alta,219
2019,adulto,4,2,GO,baixa,22
2019,adulto,4,2,GO,media,295
2019,adulto,4,2,MA,alta,279
2019,adulto,4,2,MA,baixa,82
2019,adulto,4,2,MA,media,350
2019,adulto,4,2,MG,alta,520
2019,adulto,4,2,MG,baixa,69
2019,adulto,4,2,MG,media,679
2019,adulto,4,2,MS,alta,108
2019,adulto,4,2,MS,baixa,14
2019,adulto,4,2,MS,media,119
2019,adulto,4,2,MT,alta,161
2019,adulto,4,2,MT,baixa,18
2019,adulto,4,2,MT,media,164
2019,adulto,4,2,PA,alta,324
2019,adulto,4,2,PA,baixa,58
2019,adulto,4,2,PA,media,502
2019,adulto,4,2,PB,alta,45
2019,adulto,4,2,PB,baixa,21
2019,adulto,4,2,PB,media,91
2019,adulto,4,2,PE,alta,312
2019,adulto,4,2,PE,baixa,82
2019,adulto,4,2,PE,media,604
2019,adulto,4,2,PI,alta,79
2019,adulto,4,2,PI,baixa,36
2019,adulto,4,2,PI,media,170
2019,adulto,4,2,PR,alta,146
2019,adulto,4,2,PR,baixa,19
2019,adulto,4,2,PR,media,168
2019,adulto,4,2,RJ,alta,412
2019,adulto,4,2,RJ,baixa,43
2019,adulto,4,2,RJ,media,676
2019,adulto,4,2,RN,alta,56
2019,adulto,4,2,RN,baixa,18
2019,adulto,4,2,RN,media,114
2019,adulto,4,2,RO,alta,48
2019,adulto,4,2,RO,baixa,5
2019,adulto,4,2,RO,media,73
2019,adulto,4,2,RR,alta,36
2019,adulto,4,2,RR,baixa,1
2019,adulto,4,2,RR,media,38
2019,adulto,4,2,RS,alta,43
2019,adulto,4,2,RS,baixa,4
2019,adulto,4,2,RS,media,49
2019,adulto,4,2,SC,alta,22
2019,adulto,4,2,SC,baixa,2
2019,adulto,4,2,SC,media,42
2019,adulto,4,2,SE,alta,71
2019,adulto,4,2,SE,baixa,22
2019,adulto,4,2,SE,media,143
2019,adulto,4,2,SP,alta,818
2019,adulto,4,2,SP,baixa,54
2019,adulto,4,2,SP,media,778
2019,adulto,4,2,TO,alta,50
2019,adulto,4,2,TO,baixa,8
2019,adulto,4,2,TO,media,76
2019,adulto,5,1,AC,alta,2
2019,adulto,5,1,AC,baixa,2
2019,adulto,5,1,AC,media,4
2019,adulto,5,1,AL,media,1
2019,adulto,5,1,AM,alta,20
2019,adulto,5,1,AM,baixa,16
2019,adulto,5,1,AM,media,30
2019,adulto,5,1,AP,media,3
2019,adulto,5,1,BA,alta,1
2019,adulto,5,1,BA,media,4
2019,adulto,5,1,CE,alta,2
2019,adulto,5,1,CE,media,3
2019,adulto,5,1,DF,media,1
2019,adulto,5,1,MA,alta,6
2019,adulto,5,1,MA,baixa,4
2019,adulto,5,1,MA,media,12
2019,adulto,5,1,MG,baixa,4
2019,adulto,5,1,MG,media,2
2019,adulto,5,1,MS,alta,12
2019,adulto,5,1,MS,baixa,3
2019,adulto,5,1,MS,media,35
2019,adulto,5,1,MT,alta,2
2019,adulto,5,1,MT,baixa,4
2019,adulto,5,1,MT,media,5
2019,adulto,5,1,PA,alta,1
2019,adulto,5,1,PA,baixa,1
2019,adulto,5,1,PA,media,3
2019,adulto,5,1,PB,media,1
2019,adulto,5,1,PE,alta,3
2019,adulto,5,1,PE,baixa,1
2019,adulto,5,1,PE,media,3
2019,adulto,5,1,PR,alta,2
2019,adulto,5,1,PR,baixa,1
2019,adulto,5,1,PR,media,7
2019,adulto,5,1,RJ,alta,1
2019,adulto,5,1,RJ,media,1
2019,adulto,5,1,RN,alta,1
2019,adulto,5,1,RO,baixa,1
2019,adulto,5,1,RO,media,2
2019,adulto,5,1,RR,alta,11
2019,adulto,5,1,RR,baixa,7
2019,adulto,5,1,RR,media,12
2019,adulto,5,1,RS,alta,1
2019,adulto,5,1,RS,baixa,1
2019,adulto,5,1,RS,media,5
2019,adulto,5,1,SC,alta,2
2019,adulto,5,1,SC,media,1
2019,adulto,5,1,SP,alta,3
2019,adulto,5,1,SP,media,1
2019,adulto,5,1,TO,alta,1
2019,adulto,5,1,TO,media,2
2019,adulto,5,2,AC,alta,3
2019,adulto,5,2,AC,baixa,1
2019,adulto,5,2,AM,alta,1
2019,adulto,5,2,AM,baixa,5
2019,adulto,5,2,AM,media,23
2019,adulto,5,2,BA,alta,1
2019,adulto,5,2,CE,alta,1
2019,adulto,5,2,CE,media,1
2019,adulto,5,2,GO,media,1
2019,adulto,5,2,MA,baixa,3
2019,adulto,5,2,MA,media,5
2019,adulto,5,2,MG,media,1
2019,adulto,5,2,MS,alta,14
2019,adulto,5,2,MS,baixa,8
2019,adulto,5,2,MS,media,21
2019,adulto,5,2,MT,alta,5
2019,adulto,5,2,MT,baixa,2
2019,adulto,5,2,MT,media,6
2019,adulto,5,2,PA,alta,2
2019,adulto,5,2,PA,baixa,1
2019,adulto,5,2,PA,media,1
2019,adulto,5,2,PB,alta,1
2019,adulto,5,2,PB,media,1
2019,adulto,5,2,PE,alta,3
2019,adulto,5,2,PE,baixa,1
2019,adulto,5,2,PE,media,3
2019,adulto,5,2,PR,alta,1
2019,adulto,5,2,PR,baixa,2
2019,adulto,5,2,PR,media,4
2019,adulto,5,2,RN,media,2
2019,adulto,5,2,RO,baixa,1
2019,adulto,5,2,RO,media,1
2019,adulto,5,2,RR,alta,2
2019,adulto,5,2,RR,media,5
2019,adulto,5,2,RS,alta,1
2019,adulto,5,2,RS,baixa,1
2019,adulto,5,2,RS,media,5
2019,adulto,5,2,SC,alta,2
2019,adulto,5,2,SP,alta,2
2019,adulto,5,2,SP,media,3
2019,adulto,5,2,TO,alta,2
2019,adulto,5,2,TO,media,2
2019,idoso,1,0,RJ,media,1
2019,idoso,1,0,SC,media,1
2019,idoso,1,0,SP,alta,1
2019,idoso,1,0,SP,baixa,1
2019,idoso,1,1,AC,alta,10
2019,idoso,1,1,AC,baixa,12
2019,idoso,1,1,AC,media,40
2019,idoso,1,1,AL,alta,51
2019,idoso,1,1,AL,baixa,100
2019,idoso,1,1,AL,media,173
2019,idoso,1,1,AM,alta,102
2019,idoso,1,1,AM,baixa,48
2019,idoso,1,1,AM,media,192
2019,idoso,1,1,AP,alta,17
2019,idoso,1,1,AP,baixa,16
2019,idoso,1,1,AP,media,46
2019,idoso,1,1,BA,alta,331
2019,idoso,1,1,BA,baixa,291
2019,idoso,1,1,BA,media,944
2019,idoso,1,1,CE,alta,252
2019,idoso,1,1,CE,baixa,322
2019,idoso,1,1,CE,media,793
2019,idoso,1,1,DF,alta,176
2019,idoso,1,1,DF,baixa,52
2019,idoso,1,1,DF,media,434
2019,idoso,1,1,ES,alta,149
2019,idoso,1,1,ES,baixa,91
2019,idoso,1,1,ES,media,536
2019,idoso,1,1,GO,alta,398
2019,idoso,1,1,GO,baixa,284
2019,idoso,1,1,GO,media,1324
2019,idoso,1,1,MA,alta,165
2019,idoso,1,1,MA,baixa,192
2019,idoso,1,1,MA,media,346
2019,idoso,1,1,MG,alta,1989
2019,idoso,1,1,MG,baixa,726
2019,idoso,1,1,MG,media,5502
2019,idoso,1,1,MS,alta,307
2019,idoso,1,1,MS,baixa,115
2019,idoso,1,1,MS,media,763
2019,idoso,1,1,MT,alta,249
2019,idoso,1,1,MT,baixa,103
2019,idoso,1,1,MT,media,661
2019,idoso,1,1,PA,alta,160
2019,idoso,1,1,PA,baixa,120
2019,idoso,1,1,PA,media,436
2019,idoso,1,1,PB,alta,44
2019,idoso,1,1,PB,baixa,109
2019,idoso,1,1,PB,media,204
2019,idoso,1,1,PE,alta,488
2019,idoso,1,1,PE,baixa,420
2019,idoso,1,1,PE,media,1245
2019,idoso,1,1,PI,alta,50
2019,idoso,1,1,PI,baixa,106
2019,idoso,1,1,PI,media,205
2019,idoso,1,1,PR,alta,2031
2019,idoso,1,1,PR,baixa,763
2019,idoso,1,1,PR,media,5941
2019,idoso,1,1,RJ,alta,2343
2019,idoso,1,1,RJ,baixa,455
2019,idoso,1,1,RJ,media,5754
2019,idoso,1,1,RN,alta,116
2019,idoso,1,1,RN,baixa,186
2019,idoso,1,1,RN,media,387
2019,idoso,1,1,RO,alta,51
2019,idoso,1,1,RO,baixa,64
2019,idoso,1,1,RO,media,240
2019,idoso,1,1,RR,alta,18
2019,idoso,1,1,RR,baixa,13
2019,idoso,1,1,RR,media,41
2019,idoso,1,1,RS,alta,2074
2019,idoso,1,1,RS,baixa,624
2019,idoso,1,1,RS,media,6162
2019,idoso,1,1,SC,alta,1259
2019,idoso,1,1,SC,baixa,303
2019,idoso,1,1,SC,media,4292
2019,idoso,1,1,SE,alta,91
2019,idoso,1,1,SE,baixa,74
2019,idoso,1,1,SE,media,213
2019,idoso,1,1,SP,alta,7680
2019,idoso,1,1,SP,baixa,1365
2019,idoso,1,1,SP,media,18755
2019,idoso,1,1,TO,alta,45
2019,idoso,1,1,TO,baixa,36
2019,idoso,1,1,TO,media,128
2019,idoso,1,2,AC,alta,8
2019,idoso,1,2,AC,baixa,14
2019,idoso,1,2,AC,media,17
2019,idoso,1,2,AL,alta,34
2019,idoso,1,2,AL,baixa,113
2019,idoso,1,2,AL,media,175
2019,idoso,1,2,AM,alta,100
2019,idoso,1,2,AM,baixa,33
2019,idoso,1,2,AM,media,155
2019,idoso,1,2,AP,alta,10
2019,idoso,1,2,AP,baixa,16
2019,idoso,1,2,AP,media,27
2019,idoso,1,2,BA,alta,246
2019,idoso,1,2,BA,baixa,306
2019,idoso,1,2,BA,media,675
2019,idoso,1,2,CE,alta,226
2019,idoso,1,2,CE,baixa,293
2019,idoso,1,2,CE,media,799
2019,idoso,1,2,DF,alta,163
2019,idoso,1,2,DF,baixa,68
2019,idoso,1,2,DF,media,407
2019,idoso,1,2,ES,alta,84
2019,idoso,1,2,ES,baixa,89
2019,idoso,1,2,ES,media,308
2019,idoso,1,2,GO,alta,306
2019,idoso,1,2,GO,baixa,284
2019,idoso,1,2,GO,media,957
2019,idoso,1,2,MA,alta,127
2019,idoso,1,2,MA,baixa,179
2019,idoso,1,2,MA,media,282
2019,idoso,1,2,MG,alta,1288
2019,idoso,1,2,MG,baixa,787
2019,idoso,1,2,MG,media,4113
2019,idoso,1,2,MS,alta,206
2019,idoso,1,2,MS,baixa,159
2019,idoso,1,2,MS,media,553
2019,idoso,1,2,MT,alta,140
2019,idoso,1,2,MT,baixa,106
2019,idoso,1,2,MT,media,378
2019,idoso,1,2,PA,alta,129
2019,idoso,1,2,PA,baixa,115
2019,idoso,1,2,PA,media,342
2019,idoso,1,2,PB,alta,56
2019,idoso,1,2,PB,baixa,95
2019,idoso,1,2,PB,media,198
2019,idoso,1,2,PE,alta,376
2019,idoso,1,2,PE,baixa,521
2019,idoso,1,2,PE,media,1140
2019,idoso,1,2,PI,alta,38
2019,idoso,1,2,PI,baixa,104
2019,idoso,1,2,PI,media,138
2019,idoso,1,2,PR,alta,1160
2019,idoso,1,2,PR,baixa,1021
2019,idoso,1,2,PR,media,4012
2019,idoso,1,2,RJ,alta,1836
2019,idoso,1,2,RJ,baixa,638
2019,idoso,1,2,RJ,media,5138
2019,idoso,1,2,RN,alta,87
2019,idoso,1,2,RN,baixa,161
2019,idoso,1,2,RN,media,345
2019,idoso,1,2,RO,alta,42
2019,idoso,1,2,RO,baixa,84
2019,idoso,1,2,RO,media,146
2019,idoso,1,2,RR,alta,11
2019,idoso,1,2,RR,baixa,10
2019,idoso,1,2,RR,media,26
2019,idoso,1,2,RS,alta,1395
2019,idoso,1,2,RS,baixa,572
2019,idoso,1,2,RS,media,4215
2019,idoso,1,2,SC,alta,715
2019,idoso,1,2,SC,baixa,318
2019,idoso,1,2,SC,media,2798
2019,idoso,1,2,SE,alta,52
2019,idoso,1,2,SE,baixa,92
2019,idoso,1,2,SE,media,162
2019,idoso,1,2,SP,alta,4646
2019,idoso,1,2,SP,baixa,1927
2019,idoso,1,2,SP,media,14074
2019,idoso,1,2,TO,alta,29
2019,idoso,1,2,TO,baixa,32
2019,idoso,1,2,TO,media,87
2019,idoso,2,1,AC,alta,2
2019,idoso,2,1,AC,baixa,5
2019,idoso,2,1,AC,media,6
2019,idoso,2,1,AL,alta,12
2019,idoso,2,1,AL,baixa,44
2019,idoso,2,1,AL,media,36
2019,idoso,2,1,AM,alta,12
2019,idoso,2,1,AM,baixa,16
2019,idoso,2,1,AM,media,35
2019,idoso,2,1,AP,alta,4
2019,idoso,2,1,AP,baixa,7
2019,idoso,2,1,AP,media,14
2019,idoso,2,1,BA,alta,191
2019,idoso,2,1,BA,baixa,496
2019,idoso,2,1,BA,media,768
2019,idoso,2,1,CE,alta,20
2019,idoso,2,1,CE,baixa,103
2019,idoso,2,1,CE,media,117
2019,idoso,2,1,DF,alta,29
2019,idoso,2,1,DF,baixa,18
2019,idoso,2,1,DF,media,92
2019,idoso,2,1,ES,alta,18
2019,idoso,2,1,ES,baixa,48
2019,idoso,2,1,ES,media,98
2019,idoso,2,1,GO,alta,41
2019,idoso,2,1,GO,baixa,121
2019,idoso,2,1,GO,media,218
2019,idoso,2,1,MA,alta,47
2019,idoso,2,1,MA,baixa,216
2019,idoso,2,1,MA,media,216
2019,idoso,2,1,MG,alta,258
2019,idoso,2,1,MG,baixa,388
2019,idoso,2,1,MG,media,1335
2019,idoso,2,1,MS,alta,18
2019,idoso,2,1,MS,baixa,31
2019,idoso,2,1,MS,media,75
2019,idoso,2,1,MT,alta,35
2019,idoso,2,1,MT,baixa,73
2019,idoso,2,1,MT,media,108
2019,idoso,2,1,PA,alta,25
2019,idoso,2,1,PA,baixa,111
2019,idoso,2,1,PA,media,154
2019,idoso,2,1,PB,alta,6
2019,idoso,2,1,PB,baixa,32
2019,idoso,2,1,PB,media,36
2019,idoso,2,1,PE,alta,81
2019,idoso,2,1,PE,baixa,161
2019,idoso,2,1,PE,media,309
2019,idoso,2,1,PI,alta,13
2019,idoso,2,1,PI,baixa,109
2019,idoso,2,1,PI,media,75
2019,idoso,2,1,PR,alta,74
2019,idoso,2,1,PR,baixa,98
2019,idoso,2,1,PR,media,291
2019,idoso,2,1,RJ,alta,547
2019,idoso,2,1,RJ,baixa,271
2019,idoso,2,1,RJ,media,1807
2019,idoso,2,1,RN,alta,11
2019,idoso,2,1,RN,baixa,46
2019,idoso,2,1,RN,media,47
2019,idoso,2,1,RO,alta,12
2019,idoso,2,1,RO,baixa,29
2019,idoso,2,1,RO,media,37
2019,idoso,2,1,RR,alta,2
2019,idoso,2,1,RR,baixa,9
2019,idoso,2,1,RR,media,15
2019,idoso,2,1,RS,alta,113
2019,idoso,2,1,RS,baixa,81
2019,idoso,2,1,RS,media,369
2019,idoso,2,1,SC,alta,42
2019,idoso,2,1,SC,baixa,24
2019,idoso,2,1,SC,media,137
2019,idoso,2,1,SE,alta,28
2019,idoso,2,1,SE,baixa,71
2019,idoso,2,1,SE,media,81
2019,idoso,2,1,SP,alta,604
2019,idoso,2,1,SP,baixa,277
2019,idoso,2,1,SP,media,1897
2019,idoso,2,1,TO,alta,5
2019,idoso,2,1,TO,baixa,45
2019,idoso,2,1,TO,media,58
2019,idoso,2,2,AC,alta,2
2019,idoso,2,2,AC,baixa,8
2019,idoso,2,2,AC,media,7
2019,idoso,2,2,AL,alta,7
2019,idoso,2,2,AL,baixa,42
2019,idoso,2,2,AL,media,25
2019,idoso,2,2,AM,alta,8
2019,idoso,2,2,AM,baixa,9
2019,idoso,2,2,AM,media,23
2019,idoso,2,2,AP,alta,1
2019,idoso,2,2,AP,baixa,6
2019,idoso,2,2,AP,media,12
2019,idoso,2,2,BA,alta,142
2019,idoso,2,2,BA,baixa,432
2019,idoso,2,2,BA,media,555
2019,idoso,2,2,CE,alta,10
2019,idoso,2,2,CE,baixa,64
2019,idoso,2,2,CE,media,50
2019,idoso,2,2,DF,alta,17
2019,idoso,2,2,DF,baixa,22
2019,idoso,2,2,DF,media,74
2019,idoso,2,2,ES,alta,17
2019,idoso,2,2,ES,baixa,40
2019,idoso,2,2,ES,media,66
2019,idoso,2,2,GO,alta,16
2019,idoso,2,2,GO,baixa,107
2019,idoso,2,2,GO,media,165
2019,idoso,2,2,MA,alta,31
2019,idoso,2,2,MA,baixa,148
2019,idoso,2,2,MA,media,152
2019,idoso,2,2,MG,alta,151
2019,idoso,2,2,MG,baixa,366
2019,idoso,2,2,MG,media,834
2019,idoso,2,2,MS,alta,6
2019,idoso,2,2,MS,baixa,30
2019,idoso,2,2,MS,media,47
2019,idoso,2,2,MT,alta,15
2019,idoso,2,2,MT,baixa,44
2019,idoso,2,2,MT,media,56
2019,idoso,2,2,PA,alta,24
2019,idoso,2,2,PA,baixa,62
2019,idoso,2,2,PA,media,107
2019,idoso,2,2,PB,alta,3
2019,idoso,2,2,PB,baixa,27
2019,idoso,2,2,PB,media,23
2019,idoso,2,2,PE,alta,52
2019,idoso,2,2,PE,baixa,160
2019,idoso,2,2,PE,media,208
2019,idoso,2,2,PI,alta,7
2019,idoso,2,2,PI,baixa,90
2019,idoso,2,2,PI,media,56
2019,idoso,2,2,PR,alta,31
2019,idoso,2,2,PR,baixa,109
2019,idoso,2,2,PR,media,168
2019,idoso,2,2,RJ,alta,393
2019,idoso,2,2,RJ,baixa,401
2019,idoso,2,2,RJ,media,1813
2019,idoso,2,2,RN,alta,8
2019,idoso,2,2,RN,baixa,23
2019,idoso,2,2,RN,media,40
2019,idoso,2,2,RO,alta,3
2019,idoso,2,2,RO,baixa,26
2019,idoso,2,2,RO,media,19
2019,idoso,2,2,RR,baixa,3
2019,idoso,2,2,RR,media,4
2019,idoso,2,2,RS,alta,83
2019,idoso,2,2,RS,baixa,80
2019,idoso,2,2,RS,media,288
2019,idoso,2,2,SC,alta,16
2019,idoso,2,2,SC,baixa,24
2019,idoso,2,2,SC,media,103
2019,idoso,2,2,SE,alta,12
2019,idoso,2,2,SE,baixa,53
2019,idoso,2,2,SE,media,51
2019,idoso,2,2,SP,alta,405
2019,idoso,2,2,SP,baixa,330
2019,idoso,2,2,SP,media,1429
2019,idoso,2,2,TO,alta,3
2019,idoso,2,2,TO,baixa,40
2019,idoso,2,2,TO,media,28
2019,idoso,3,1,AL,baixa,2
2019,idoso,3,1,AL,media,2
2019,idoso,3,1,AM,alta,2
2019,idoso,3,1,AM,baixa,3
2019,idoso,3,1,AM,media,2
2019,idoso,3,1,AP,baixa,1
2019,idoso,3,1,AP,media,1
2019,idoso,3,1,BA,alta,4
2019,idoso,3,1,BA,baixa,4
2019,idoso,3,1,BA,media,10
2019,idoso,3,1,CE,baixa,5
2019,idoso,3,1,CE,media,5
2019,idoso,3,1,DF,alta,2
2019,idoso,3,1,DF,baixa,1
2019,idoso,3,1,DF,media,4
2019,idoso,3,1,ES,alta,2
2019,idoso,3,1,ES,media,3
2019,idoso,3,1,GO,alta,1
2019,idoso,3,1,GO,baixa,6
2019,idoso,3,1,GO,media,11
2019,idoso,3,1,MA,alta,2
2019,idoso,3,1,MA,baixa,5
2019,idoso,3,1,MA,media,5
2019,idoso,3,1,MG,alta,15
2019,idoso,3,1,MG,baixa,9
2019,idoso,3,1,MG,media,30
2019,idoso,3,1,MS,alta,14
2019,idoso,3,1,MS,baixa,3
2019,idoso,3,1,MS,media,14
2019,idoso,3,1,MT,alta,4
2019,idoso,3,1,MT,media,5
2019,idoso,3,1,PA,alta,6
2019,idoso,3,1,PA,baixa,2
2019,idoso,3,1,PA,media,12
2019,idoso,3,1,PB,alta,1
2019,idoso,3,1,PB,media,5
2019,idoso,3,1,PE,alta,2
2019,idoso,3,1,PE,baixa,1
2019,idoso,3,1,PE,media,7
2019,idoso,3,1,PI,alta,1
2019,idoso,3,1,PI,baixa,2
2019,idoso,3,1,PI,media,7
2019,idoso,3,1,PR,alta,41
2019,idoso,3,1,PR,baixa,2
2019,idoso,3,1,PR,media,50
2019,idoso,3,1,RJ,alta,5
2019,idoso,3,1,RJ,baixa,1
2019,idoso,3,1,RJ,media,14
2019,idoso,3,1,RO,baixa,1
2019,idoso,3,1,RO,media,1
2019,idoso,3,1,RS,media,5
2019,idoso,3,1,SC,alta,3
2019,idoso,3,1,SC,media,6
2019,idoso,3,1,SP,alta,165
2019,idoso,3,1,SP,baixa,3
2019,idoso,3,1,SP,media,294
2019,idoso,3,1,TO,baixa,2
2019,idoso,3,1,TO,media,1
2019,idoso,3,2,AL,alta,1
2019,idoso,3,2,AL,baixa,2
2019,idoso,3,2,AL,media,1
2019,idoso,3,2,AM,alta,1
2019,idoso,3,2,AM,media,3
2019,idoso,3,2,AP,media,1
2019,idoso,3,2,BA,alta,2
2019,idoso,3,2,BA,baixa,4
2019,idoso,3,2,BA,media,9
2019,idoso,3,2,CE,alta,2
2019,idoso,3,2,CE,baixa,2
2019,idoso,3,2,CE,media,4
2019,idoso,3,2,DF,alta,5
2019,idoso,3,2,DF,media,3
2019,idoso,3,2,ES,alta,1
2019,idoso,3,2,GO,alta,2
2019,idoso,3,2,GO,baixa,5
2019,idoso,3,2,GO,media,11
2019,idoso,3,2,MA,alta,1
2019,idoso,3,2,MA,baixa,7
2019,idoso,3,2,MA,media,9
2019,idoso,3,2,MG,alta,13
2019,idoso,3,2,MG,baixa,8
2019,idoso,3,2,MG,media,26
2019,idoso,3,2,MS,alta,1
2019,idoso,3,2,MS,baixa,1
2019,idoso,3,2,MS,media,7
2019,idoso,3,2,MT,alta,5
2019,idoso,3,2,MT,baixa,1
2019,idoso,3,2,MT,media,9
2019,idoso,3,2,PA,alta,5
2019,idoso,3,2,PA,baixa,3
2019,idoso,3,2,PA,media,5
2019,idoso,3,2,PB,baixa,1
2019,idoso,3,2,PB,media,5
2019,idoso,3,2,PE,baixa,2
2019,idoso,3,2,PE,media,5
2019,idoso,3,2,PI,baixa,1
2019,idoso,3,2,PI,media,2
2019,idoso,3,2,PR,alta,16
2019,idoso,3,2,PR,baixa,3
2019,idoso,3,2,PR,media,32
2019,idoso,3,2,RJ,alta,3
2019,idoso,3,2,RJ,baixa,5
2019,idoso,3,2,RJ,media,14
2019,idoso,3,2,RN,alta,1
2019,idoso,3,2,RN,baixa,1
2019,idoso,3,2,RN,media,1
2019,idoso,3,2,RS,alta,1
2019,idoso,3,2,RS,baixa,1
2019,idoso,3,2,RS,media,5
2019,idoso,3,2,SC,alta,2
2019,idoso,3,2,SC,baixa,2
2019,idoso,3,2,SC,media,7
2019,idoso,3,2,SE,baixa,1
2019,idoso,3,2,SP,alta,88
2019,idoso,3,2,SP,baixa,3
2019,idoso,3,2,SP,media,201
2019,idoso,3,2,TO,alta,1
2019,idoso,3,2,TO,baixa,1
2019,idoso,3,2,TO,media,1
2019,idoso,4,0,PI,baixa,1
2019,idoso,4,0,TO,alta,1
2019,idoso,4,1,AC,alta,21
2019,idoso,4,1,AC,baixa,112
2019,idoso,4,1,AC,media,108
2019,idoso,4,1,AL,alta,78
2019,idoso,4,1,AL,baixa,351
2019,idoso,4,1,AL,media,396
2019,idoso,4,1,AM,alta,374
2019,idoso,4,1,AM,baixa,421
2019,idoso,4,1,AM,media,966
2019,idoso,4,1,AP,alta,36
2019,idoso,4,1,AP,baixa,59
2019,idoso,4,1,AP,media,132
2019,idoso,4,1,BA,alta,750
2019,idoso,4,1,BA,baixa,1451
2019,idoso,4,1,BA,media,3118
2019,idoso,4,1,CE,alta,520
2019,idoso,4,1,CE,baixa,1608
2019,idoso,4,1,CE,media,2561
2019,idoso,4,1,DF,alta,154
2019,idoso,4,1,DF,baixa,93
2019,idoso,4,1,DF,media,441
2019,idoso,4,1,ES,alta,143
2019,idoso,4,1,ES,baixa,135
2019,idoso,4,1,ES,media,464
2019,idoso,4,1,GO,alta,321
2019,idoso,4,1,GO,baixa,504
2019,idoso,4,1,GO,media,1511
2019,idoso,4,1,MA,alta,348
2019,idoso,4,1,MA,baixa,1114
2019,idoso,4,1,MA,media,1327
2019,idoso,4,1,MG,alta,1053
2019,idoso,4,1,MG,baixa,1172
2019,idoso,4,1,MG,media,4501
2019,idoso,4,1,MS,alta,219
2019,idoso,4,1,MS,baixa,203
2019,idoso,4,1,MS,media,755
2019,idoso,4,1,MT,alta,267
2019,idoso,4,1,MT,baixa,303
2019,idoso,4,1,MT,media,839
2019,idoso,4,1,PA,alta,491
2019,idoso,4,1,PA,baixa,792
2019,idoso,4,1,PA,media,1916
2019,idoso,4,1,PB,alta,93
2019,idoso,4,1,PB,baixa,380
2019,idoso,4,1,PB,media,528
2019,idoso,4,1,PE,alta,619
2019,idoso,4,1,PE,baixa,1290
2019,idoso,4,1,PE,media,2722
2019,idoso,4,1,PI,alta,128
2019,idoso,4,1,PI,baixa,521
2019,idoso,4,1,PI,media,663
2019,idoso,4,1,PR,alta,272
2019,idoso,4,1,PR,baixa,299
2019,idoso,4,1,PR,media,1201
2019,idoso,4,1,RJ,alta,1147
2019,idoso,4,1,RJ,baixa,505
2019,idoso,4,1,RJ,media,3947
2019,idoso,4,1,RN,alta,109
2019,idoso,4,1,RN,baixa,408
2019,idoso,4,1,RN,media,526
2019,idoso,4,1,RO,alta,67
2019,idoso,4,1,RO,baixa,123
2019,idoso,4,1,RO,media,326
2019,idoso,4,1,RR,alta,36
2019,idoso,4,1,RR,baixa,59
2019,idoso,4,1,RR,media,125
2019,idoso,4,1,RS,alta,105
2019,idoso,4,1,RS,baixa,87
2019,idoso,4,1,RS,media,383
2019,idoso,4,1,SC,alta,55
2019,idoso,4,1,SC,baixa,35
2019,idoso,4,1,SC,media,229
2019,idoso,4,1,SE,alta,165
2019,idoso,4,1,SE,baixa,303
2019,idoso,4,1,SE,media,511
2019,idoso,4,1,SP,alta,1649
2019,idoso,4,1,SP,baixa,803
2019,idoso,4,1,SP,media,5895
2019,idoso,4,1,TO,alta,38
2019,idoso,4,1,TO,baixa,182
2019,idoso,4,1,TO,media,317
2019,idoso,4,2,AC,alta,15
2019,idoso,4,2,AC,baixa,82
2019,idoso,4,2,AC,media,85
2019,idoso,4,2,AL,alta,43
2019,idoso,4,2,AL,baixa,326
2019,idoso,4,2,AL,media,250
2019,idoso,4,2,AM,alta,196
2019,idoso,4,2,AM,baixa,264
2019,idoso,4,2,AM,media,657
2019,idoso,4,2,AP,alta,21
2019,idoso,4,2,AP,baixa,52
2019,idoso,4,2,AP,media,82
2019,idoso,4,2,BA,alta,497
2019,idoso,4,2,BA,baixa,1213
2019,idoso,4,2,BA,media,2022
2019,idoso,4,2,CE,alta,375
2019,idoso,4,2,CE,baixa,1282
2019,idoso,4,2,CE,media,1923
2019,idoso,4,2,DF,alta,109
2019,idoso,4,2,DF,baixa,84
2019,idoso,4,2,DF,media,334
2019,idoso,4,2,ES,alta,67
2019,idoso,4,2,ES,baixa,159
2019,idoso,4,2,ES,media,269
2019,idoso,4,2,GO,alta,198
2019,idoso,4,2,GO,baixa,440
2019,idoso,4,2,GO,media,927
2019,idoso,4,2,MA,alta,257
2019,idoso,4,2,MA,baixa,881
2019,idoso,4,2,MA,media,946
2019,idoso,4,2,MG,alta,621
2019,idoso,4,2,MG,baixa,1127
2019,idoso,4,2,MG,media,2895
2019,idoso,4,2,MS,alta,118
2019,idoso,4,2,MS,baixa,221
2019,idoso,4,2,MS,media,453
2019,idoso,4,2,MT,alta,163
2019,idoso,4,2,MT,baixa,252
2019,idoso,4,2,MT,media,484
2019,idoso,4,2,PA,alta,328
2019,idoso,4,2,PA,baixa,655
2019,idoso,4,2,PA,media,1281
2019,idoso,4,2,PB,alta,63
2019,idoso,4,2,PB,baixa,275
2019,idoso,4,2,PB,media,395
2019,idoso,4,2,PE,alta,448
2019,idoso,4,2,PE,baixa,1324
2019,idoso,4,2,PE,media,1814
2019,idoso,4,2,PI,alta,70
2019,idoso,4,2,PI,baixa,492
2019,idoso,4,2,PI,media,454
2019,idoso,4,2,PR,alta,124
2019,idoso,4,2,PR,baixa,392
2019,idoso,4,2,PR,media,694
2019,idoso,4,2,RJ,alta,785
2019,idoso,4,2,RJ,baixa,660
2019,idoso,4,2,RJ,media,3503
2019,idoso,4,2,RN,alta,88
2019,idoso,4,2,RN,baixa,264
2019,idoso,4,2,RN,media,427
2019,idoso,4,2,RO,alta,39
2019,idoso,4,2,RO,baixa,103
2019,idoso,4,2,RO,media,191
2019,idoso,4,2,RR,alta,23
2019,idoso,4,2,RR,baixa,34
2019,idoso,4,2,RR,media,59
2019,idoso,4,2,RS,alta,73
2019,idoso,4,2,RS,baixa,84
2019,idoso,4,2,RS,media,277
2019,idoso,4,2,SC,alta,31
2019,idoso,4,2,SC,baixa,49
2019,idoso,4,2,SC,media,141
2019,idoso,4,2,SE,alta,94
2019,idoso,4,2,SE,baixa,299
2019,idoso,4,2,SE,media,369
2019,idoso,4,2,SP,alta,957
2019,idoso,4,2,SP,baixa,981
2019,idoso,4,2,SP,media,4045
2019,idoso,4,2,TO,alta,21
2019,idoso,4,2,TO,baixa,129
2019,idoso,4,2,TO,media,205
2019,idoso,5,1,AC,baixa,2
2019,idoso,5,1,AC,media,3
2019,idoso,5,1,AL,baixa,2
2019,idoso,5,1,AL,media,4
2019,idoso,5,1,AM,alta,2
2019,idoso,5,1,AM,baixa,26
2019,idoso,5,1,AM,media,19
2019,idoso,5,1,AP,baixa,2
2019,idoso,5,1,AP,media,2
2019,idoso,5,1,BA,baixa,6
2019,idoso,5,1,BA,media,8
2019,idoso,5,1,CE,baixa,3
2019,idoso,5,1,CE,media,3
2019,idoso,5,1,DF,alta,1
2019,idoso,5,1,DF,media,1
2019,idoso,5,1,ES,media,2
2019,idoso,5,1,GO,alta,1
2019,idoso,5,1,GO,media,1
2019,idoso,5,1,MA,baixa,9
2019,idoso,5,1,MA,media,2
2019,idoso,5,1,MG,alta,1
2019,idoso,5,1,MG,baixa,5
2019,idoso,5,1,MG,media,7
2019,idoso,5,1,MS,alta,2
2019,idoso,5,1,MS,baixa,15
2019,idoso,5,1,MS,media,23
2019,idoso,5,1,MT,baixa,6
2019,idoso,5,1,MT,media,3
2019,idoso,5,1,PA,alta,1
2019,idoso,5,1,PA,baixa,7
2019,idoso,5,1,PA,media,2
2019,idoso,5,1,PB,alta,1
2019,idoso,5,1,PB,baixa,1
2019,idoso,5,1,PB,media,1
2019,idoso,5,1,PE,alta,1
2019,idoso,5,1,PE,baixa,9
2019,idoso,5,1,PE,media,14
2019,idoso,5,1,PI,baixa,1
2019,idoso,5,1,PR,alta,2
2019,idoso,5,1,PR,baixa,4
2019,idoso,5,1,PR,media,5
2019,idoso,5,1,RJ,alta,3
2019,idoso,5,1,RJ,baixa,2
2019,idoso,5,1,RJ,media,8
2019,idoso,5,1,RN,alta,1
2019,idoso,5,1,RN,media,1
2019,idoso,5,1,RO,baixa,4
2019,idoso,5,1,RO,media,1
2019,idoso,5,1,RR,alta,2
2019,idoso,5,1,RR,baixa,14
2019,idoso,5,1,RR,media,5
2019,idoso,5,1,RS,alta,3
2019,idoso,5,1,RS,baixa,1
2019,idoso,5,1,RS,media,9
2019,idoso,5,1,SC,baixa,3
2019,idoso,5,1,SC,media,5
2019,idoso,5,1,SE,media,1
2019,idoso,5,1,SP,alta,4
2019,idoso,5,1,SP,baixa,2
2019,idoso,5,1,SP,media,9
2019,idoso,5,1,TO,baixa,3
2019,idoso,5,2,AC,baixa,1
2019,idoso,5,2,AL,alta,1
2019,idoso,5,2,AL,baixa,1
2019,idoso,5,2,AM,alta,1
2019,idoso,5,2,AM,baixa,26
2019,idoso,5,2,AM,media,7
2019,idoso,5,2,BA,alta,2
2019,idoso,5,2,BA,baixa,5
2019,idoso,5,2,BA,media,7
2019,idoso,5,2,CE,alta,1
2019,idoso,5,2,CE,baixa,2
2019,idoso,5,2,CE,media,5
2019,idoso,5,2,DF,baixa,2
2019,idoso,5,2,DF,media,1
2019,idoso,5,2,GO,alta,1
2019,idoso,5,2,GO,media,3
2019,idoso,5,2,MA,alta,1
2019,idoso,5,2,MA,baixa,2
2019,idoso,5,2,MA,media,3
2019,idoso,5,2,MG,baixa,2
2019,idoso,5,2,MG,media,7
2019,idoso,5,2,MS,baixa,14
2019,idoso,5,2,MS,media,11
2019,idoso,5,2,MT,alta,1
2019,idoso,5,2,MT,baixa,6
2019,idoso,5,2,MT,media,1
2019,idoso,5,2,PA,baixa,2
2019,idoso,5,2,PA,media,3
2019,idoso,5,2,PB,baixa,1
2019,idoso,5,2,PB,media,1
2019,idoso,5,2,PE,alta,2
2019,idoso,5,2,PE,baixa,9
2019,idoso,5,2,PE,media,6
2019,idoso,5,2,PI,baixa,1
2019,idoso,5,2,PR,baixa,1
2019,idoso,5,2,PR,media,1
2019,idoso,5,2,RJ,alta,1
2019,idoso,5,2,RJ,media,3
2019,idoso,5,2,RN,baixa,4
2019,idoso,5,2,RN,media,1
2019,idoso,5,2,RO,baixa,3
2019,idoso,5,2,RR,alta,1
2019,idoso,5,2,RR,baixa,12
2019,idoso,5,2,RR,media,8
2019,idoso,5,2,RS,alta,1
2019,idoso,5,2,RS,baixa,2
2019,idoso,5,2,RS,media,1
2019,idoso,5,2,SC,baixa,3
2019,idoso,5,2,SC,media,3
2019,idoso,5,2,SE,alta,1
2019,idoso,5,2,SE,baixa,1
2019,idoso,5,2,SE,media,1
2019,idoso,5,2,SP,alta,1
2019,idoso,5,2,SP,baixa,2
2019,idoso,5,2,SP,media,9
2019,idoso,5,2,TO,baixa,1
2019,idoso,5,2,TO,media,1
2019,jovem,1,0,SP,media,1
2019,jovem,1,1,AC,alta,8
2019,jovem,1,1,AC,media,5
2019,jovem,1,1,AL,alta,2
2019,jovem,1,1,AL,baixa,3
2019,jovem,1,1,AL,media,9
2019,jovem,1,1,AM,alta,42
2019,jovem,1,1,AM,baixa,3
2019,jovem,1,1,AM,media,48
2019,jovem,1,1,AP,alta,1
2019,jovem,1,1,AP,baixa,1
2019,jovem,1,1,AP,media,3
2019,jovem,1,1,BA,alta,44
2019,jovem,1,1,BA,baixa,16
2019,jovem,1,1,BA,media,124
2019,jovem,1,1,CE,alta,54
2019,jovem,1,1,CE,baixa,18
2019,jovem,1,1,CE,media,72
2019,jovem,1,1,DF,alta,28
2019,jovem,1,1,DF,baixa,4
2019,jovem,1,1,DF,media,36
2019,jovem,1,1,ES,alta,18
2019,jovem,1,1,ES,baixa,1
2019,jovem,1,1,ES,media,16
2019,jovem,1,1,GO,alta,116
2019,jovem,1,1,GO,baixa,11
2019,jovem,1,1,GO,media,142
2019,jovem,1,1,MA,alta,44
2019,jovem,1,1,MA,baixa,11
2019,jovem,1,1,MA,media,65
2019,jovem,1,1,MG,alta,331
2019,jovem,1,1,MG,baixa,44
2019,jovem,1,1,MG,media,251
2019,jovem,1,1,MS,alta,55
2019,jovem,1,1,MS,baixa,5
2019,jovem,1,1,MS,media,53
2019,jovem,1,1,MT,alta,72
2019,jovem,1,1,MT,baixa,3
2019,jovem,1,1,MT,media,48
2019,jovem,1,1,PA,alta,44
2019,jovem,1,1,PA,baixa,13
2019,jovem,1,1,PA,media,70
2019,jovem,1,1,PB,alta,8
2019,jovem,1,1,PB,baixa,6
2019,jovem,1,1,PB,media,12
2019,jovem,1,1,PE,alta,97
2019,jovem,1,1,PE,baixa,23
2019,jovem,1,1,PE,media,255
2019,jovem,1,1,PI,alta,18
2019,jovem,1,1,PI,baixa,5
2019,jovem,1,1,PI,media,26
2019,jovem,1,1,PR,alta,699
2019,jovem,1,1,PR,baixa,52
2019,jovem,1,1,PR,media,392
2019,jovem,1,1,RJ,alta,181
2019,jovem,1,1,RJ,baixa,15
2019,jovem,1,1,RJ,media,358
2019,jovem,1,1,RN,alta,15
2019,jovem,1,1,RN,baixa,7
2019,jovem,1,1,RN,media,33
2019,jovem,1,1,RO,alta,20
2019,jovem,1,1,RO,baixa,3
2019,jovem,1,1,RO,media,22
2019,jovem,1,1,RR,alta,5
2019,jovem,1,1,RR,baixa,1
2019,jovem,1,1,RR,media,9
2019,jovem,1,1,RS,alta,244
2019,jovem,1,1,RS,baixa,32
2019,jovem,1,1,RS,media,278
2019,jovem,1,1,SC,alta,293
2019,jovem,1,1,SC,baixa,19
2019,jovem,1,1,SC,media,237
2019,jovem,1,1,SE,alta,15
2019,jovem,1,1,SE,baixa,4
2019,jovem,1,1,SE,media,30
2019,jovem,1,1,SP,alta,812
2019,jovem,1,1,SP,baixa,121
2019,jovem,1,1,SP,media,628
2019,jovem,1,1,TO,alta,14
2019,jovem,1,1,TO,baixa,1
2019,jovem,1,1,TO,media,20
2019,jovem,1,2,AC,alta,1
2019,jovem,1,2,AC,baixa,1
2019,jovem,1,2,AC,media,4
2019,jovem,1,2,AL,alta,5
2019,jovem,1,2,AL,baixa,4
2019,jovem,1,2,AL,media,7
2019,jovem,1,2,AM,alta,20
2019,jovem,1,2,AM,baixa,1
2019,jovem,1,2,AM,media,14
2019,jovem,1,2,AP,alta,2
2019,jovem,1,2,AP,baixa,4
2019,jovem,1,2,AP,media,3
2019,jovem,1,2,BA,alta,28
2019,jovem,1,2,BA,baixa,16
2019,jovem,1,2,BA,media,38
2019,jovem,1,2,CE,alta,30
2019,jovem,1,2,CE,baixa,14
2019,jovem,1,2,CE,media,31
2019,jovem,1,2,DF,alta,7
2019,jovem,1,2,DF,baixa,4
2019,jovem,1,2,DF,media,13
2019,jovem,1,2,ES,alta,13
2019,jovem,1,2,ES,baixa,1
2019,jovem,1,2,ES,media,15
2019,jovem,1,2,GO,alta,37
2019,jovem,1,2,GO,baixa,5
2019,jovem,1,2,GO,media,44
2019,jovem,1,2,MA,alta,13
2019,jovem,1,2,MA,baixa,6
2019,jovem,1,2,MA,media,29
2019,jovem,1,2,MG,alta,126
2019,jovem,1,2,MG,baixa,33
2019,jovem,1,2,MG,media,113
2019,jovem,1,2,MS,alta,19
2019,jovem,1,2,MS,baixa,7
2019,jovem,1,2,MS,media,22
2019,jovem,1,2,MT,alta,24
2019,jovem,1,2,MT,baixa,9
2019,jovem,1,2,MT,media,26
2019,jovem,1,2,PA,alta,27
2019,jovem,1,2,PA,baixa,12
2019,jovem,1,2,PA,media,28
2019,jovem,1,2,PB,alta,4
2019,jovem,1,2,PB,baixa,2
2019,jovem,1,2,PB,media,8
2019,jovem,1,2,PE,alta,33
2019,jovem,1,2,PE,baixa,12
2019,jovem,1,2,PE,media,62
2019,jovem,1,2,PI,alta,6
2019,jovem,1,2,PI,baixa,4
2019,jovem,1,2,PI,media,11
2019,jovem,1,2,PR,alta,178
2019,jovem,1,2,PR,baixa,35
2019,jovem,1,2,PR,media,139
2019,jovem,1,2,RJ,alta,68
2019,jovem,1,2,RJ,baixa,15
2019,jovem,1,2,RJ,media,138
2019,jovem,1,2,RN,alta,9
2019,jovem,1,2,RN,baixa,2
2019,jovem,1,2,RN,media,20
2019,jovem,1,2,RO,alta,6
2019,jovem,1,2,RO,baixa,2
2019,jovem,1,2,RO,media,9
2019,jovem,1,2,RR,alta,6
2019,jovem,1,2,RR,baixa,1
2019,jovem,1,2,RR,media,2
2019,jovem,1,2,RS,alta,68
2019,jovem,1,2,RS,baixa,17
2019,jovem,1,2,RS,media,104
2019,jovem,1,2,SC,alta,94
2019,jovem,1,2,SC,baixa,23
2019,jovem,1,2,SC,media,79
2019,jovem,1,2,SE,alta,11
2019,jovem,1,2,SE,baixa,5
2019,jovem,1,2,SE,media,4
2019,jovem,1,2,SP,alta,365
2019,jovem,1,2,SP,baixa,84
2019,jovem,1,2,SP,media,277
2019,jovem,1,2,TO,alta,2
2019,jovem,1,2,TO,baixa,1
2019,jovem,1,2,TO,media,5
2019,jovem,2,1,AC,alta,4
2019,jovem,2,1,AC,media,1
2019,jovem,2,1,AL,alta,1
2019,jovem,2,1,AL,baixa,1
2019,jovem,2,1,AL,media,5
2019,jovem,2,1,AM,alta,3
2019,jovem,2,1,AM,baixa,1
2019,jovem,2,1,AM,media,3
2019,jovem,2,1,AP,alta,2
2019,jovem,2,1,AP,media,4
2019,jovem,2,1,BA,alta,83
2019,jovem,2,1,BA,baixa,14
2019,jovem,2,1,BA,media,278
2019,jovem,2,1,CE,alta,4
2019,jovem,2,1,CE,baixa,2
2019,jovem,2,1,CE,media,7
2019,jovem,2,1,DF,alta,7
2019,jovem,2,1,DF,media,21
2019,jovem,2,1,ES,alta,5
2019,jovem,2,1,ES,media,10
2019,jovem,2,1,GO,alta,27
2019,jovem,2,1,GO,media,33
2019,jovem,2,1,MA,alta,32
2019,jovem,2,1,MA,baixa,3
2019,jovem,2,1,MA,media,45
2019,jovem,2,1,MG,alta,103
2019,jovem,2,1,MG,baixa,11
2019,jovem,2,1,MG,media,102
2019,jovem,2,1,MS,alta,8
2019,jovem,2,1,MS,baixa,1
2019,jovem,2,1,MS,media,4
2019,jovem,2,1,MT,alta,16
2019,jovem,2,1,MT,media,20
2019,jovem,2,1,PA,alta,25
2019,jovem,2,1,PA,baixa,3
2019,jovem,2,1,PA,media,49
2019,jovem,2,1,PB,media,1
2019,jovem,2,1,PE,alta,13
2019,jovem,2,1,PE,media,48
2019,jovem,2,1,PI,alta,11
2019,jovem,2,1,PI,baixa,2
2019,jovem,2,1,PI,media,13
2019,jovem,2,1,PR,alta,19
2019,jovem,2,1,PR,baixa,1
2019,jovem,2,1,PR,media,14
2019,jovem,2,1,RJ,alta,94
2019,jovem,2,1,RJ,baixa,5
2019,jovem,2,1,RJ,media,352
2019,jovem,2,1,RN,alta,2
2019,jovem,2,1,RN,media,4
2019,jovem,2,1,RO,alta,1
2019,jovem,2,1,RO,baixa,1
2019,jovem,2,1,RO,media,6
2019,jovem,2,1,RR,alta,1
2019,jovem,2,1,RR,media,2
2019,jovem,2,1,RS,alta,17
2019,jovem,2,1,RS,media,56
2019,jovem,2,1,SC,alta,11
2019,jovem,2,1,SC,baixa,1
2019,jovem,2,1,SC,media,24
2019,jovem,2,1,SE,alta,5
2019,jovem,2,1,SE,baixa,1
2019,jovem,2,1,SE,media,17
2019,jovem,2,1,SP,alta,120
2019,jovem,2,1,SP,baixa,3
2019,jovem,2,1,SP,media,104
2019,jovem,2,1,TO,alta,8
2019,jovem,2,1,TO,media,17
2019,jovem,2,2,AC,alta,1
2019,jovem,2,2,AL,alta,2
2019,jovem,2,2,AL,media,1
2019,jovem,2,2,AM,alta,3
2019,jovem,2,2,AM,media,1
2019,jovem,2,2,AP,alta,3
2019,jovem,2,2,AP,media,1
2019,jovem,2,2,BA,alta,16
2019,jovem,2,2,BA,baixa,8
2019,jovem,2,2,BA,media,45
2019,jovem,2,2,CE,alta,2
2019,jovem,2,2,DF,alta,3
2019,jovem,2,2,DF,media,1
2019,jovem,2,2,ES,alta,3
2019,jovem,2,2,ES,media,5
2019,jovem,2,2,GO,alta,11
2019,jovem,2,2,GO,baixa,1
2019,jovem,2,2,GO,media,9
2019,jovem,2,2,MA,alta,12
2019,jovem,2,2,MA,baixa,1
2019,jovem,2,2,MA,media,11
2019,jovem,2,2,MG,alta,32
2019,jovem,2,2,MG,baixa,3
2019,jovem,2,2,MG,media,27
2019,jovem,2,2,MS,alta,1
2019,jovem,2,2,MS,baixa,1
2019,jovem,2,2,MS,media,2
2019,jovem,2,2,MT,alta,2
2019,jovem,2,2,MT,baixa,1
2019,jovem,2,2,MT,media,5
2019,jovem,2,2,PA,alta,7
2019,jovem,2,2,PA,media,9
2019,jovem,2,2,PE,alta,5
2019,jovem,2,2,PE,media,10
2019,jovem,2,2,PI,alta,1
2019,jovem,2,2,PI,media,7
2019,jovem,2,2,PR,alta,9
2019,jovem,2,2,PR,baixa,4
2019,jovem,2,2,PR,media,6
2019,jovem,2,2,RJ,alta,34
2019,jovem,2,2,RJ,baixa,2
2019,jovem,2,2,RJ,media,79
2019,jovem,2,2,RN,media,1
2019,jovem,2,2,RO,alta,1
2019,jovem,2,2,RS,alta,7
2019,jovem,2,2,RS,baixa,1
2019,jovem,2,2,RS,media,13
2019,jovem,2,2,SC,alta,4
2019,jovem,2,2,SC,media,6
2019,jovem,2,2,SE,alta,2
2019,jovem,2,2,SE,media,3
2019,jovem,2,2,SP,alta,49
2019,jovem,2,2,SP,baixa,6
2019,jovem,2,2,SP,media,33
2019,jovem,2,2,TO,alta,1
2019,jovem,3,1,AM,alta,5
2019,jovem,3,1,AM,media,4
2019,jovem,3,1,AP,media,3
2019,jovem,3,1,BA,alta,1
2019,jovem,3,1,BA,media,1
2019,jovem,3,1,CE,baixa,1
2019,jovem,3,1,CE,media,2
2019,jovem,3,1,GO,media,3
2019,jovem,3,1,MA,baixa,1
2019,jovem,3,1,MA,media,3
2019,jovem,3,1,MG,media,2
2019,jovem,3,1,MS,baixa,1
2019,jovem,3,1,MT,alta,1
2019,jovem,3,1,PA,alta,1
2019,jovem,3,1,PA,media,2
2019,jovem,3,1,PE,media,1
2019,jovem,3,1,RJ,media,1
2019,jovem,3,1,RR,media,1
2019,jovem,3,1,SC,alta,1
2019,jovem,3,1,SP,alta,6
2019,jovem,3,1,SP,baixa,1
2019,jovem,3,1,SP,media,4
2019,jovem,3,2,AC,baixa,1
2019,jovem,3,2,AC,media,1
2019,jovem,3,2,CE,alta,1
2019,jovem,3,2,CE,media,1
2019,jovem,3,2,DF,alta,1
2019,jovem,3,2,GO,media,1
2019,jovem,3,2,MG,media,1
2019,jovem,3,2,MS,media,1
2019,jovem,3,2,MT,alta,2
2019,jovem,3,2,PR,alta,1
2019,jovem,3,2,SC,alta,1
2019,jovem,3,2,SP,alta,2
2019,jovem,4,0,MG,alta,1
2019,jovem,4,1,AC,alta,25
2019,jovem,4,1,AC,baixa,11
2019,jovem,4,1,AC,media,26
2019,jovem,4,1,AL,alta,81
2019,jovem,4,1,AL,baixa,7
2019,jovem,4,1,AL,media,190
2019,jovem,4,1,AM,alta,336
2019,jovem,4,1,AM,baixa,33
2019,jovem,4,1,AM,media,475
2019,jovem,4,1,AP,alta,55
2019,jovem,4,1,AP,baixa,8
2019,jovem,4,1,AP,media,143
2019,jovem,4,1,BA,alta,381
2019,jovem,4,1,BA,baixa,49
2019,jovem,4,1,BA,media,1327
2019,jovem,4,1,CE,alta,299
2019,jovem,4,1,CE,baixa,54
2019,jovem,4,1,CE,media,701
2019,jovem,4,1,DF,alta,54
2019,jovem,4,1,DF,baixa,2
2019,jovem,4,1,DF,media,108
2019,jovem,4,1,ES,alta,68
2019,jovem,4,1,ES,baixa,5
2019,jovem,4,1,ES,media,131
2019,jovem,4,1,GO,alta,266
2019,jovem,4,1,GO,baixa,7
2019,jovem,4,1,GO,media,374
2019,jovem,4,1,MA,alta,319
2019,jovem,4,1,MA,baixa,42
2019,jovem,4,1,MA,media,377
2019,jovem,4,1,MG,alta,470
2019,jovem,4,1,MG,baixa,31
2019,jovem,4,1,MG,media,514
2019,jovem,4,1,MS,alta,90
2019,jovem,4,1,MS,baixa,3
2019,jovem,4,1,MS,media,92
2019,jovem,4,1,MT,alta,204
2019,jovem,4,1,MT,baixa,11
2019,jovem,4,1,MT,media,144
2019,jovem,4,1,PA,alta,331
2019,jovem,4,1,PA,baixa,42
2019,jovem,4,1,PA,media,779
2019,jovem,4,1,PB,alta,21
2019,jovem,4,1,PB,baixa,6
2019,jovem,4,1,PB,media,75
2019,jovem,4,1,PE,alta,269
2019,jovem,4,1,PE,baixa,48
2019,jovem,4,1,PE,media,1041
2019,jovem,4,1,PI,alta,89
2019,jovem,4,1,PI,baixa,12
2019,jovem,4,1,PI,media,169
2019,jovem,4,1,PR,alta,174
2019,jovem,4,1,PR,baixa,8
2019,jovem,4,1,PR,media,184
2019,jovem,4,1,RJ,alta,315
2019,jovem,4,1,RJ,baixa,19
2019,jovem,4,1,RJ,media,909
2019,jovem,4,1,RN,alta,28
2019,jovem,4,1,RN,baixa,10
2019,jovem,4,1,RN,media,133
2019,jovem,4,1,RO,alta,61
2019,jovem,4,1,RO,baixa,5
2019,jovem,4,1,RO,media,81
2019,jovem,4,1,RR,alta,42
2019,jovem,4,1,RR,baixa,2
2019,jovem,4,1,RR,media,55
2019,jovem,4,1,RS,alta,36
2019,jovem,4,1,RS,baixa,2
2019,jovem,4,1,RS,media,66
2019,jovem,4,1,SC,alta,40
2019,jovem,4,1,SC,baixa,1
2019,jovem,4,1,SC,media,57
2019,jovem,4,1,SE,alta,97
2019,jovem,4,1,SE,baixa,19
2019,jovem,4,1,SE,media,336
2019,jovem,4,1,SP,alta,662
2019,jovem,4,1,SP,baixa,29
2019,jovem,4,1,SP,media,677
2019,jovem,4,1,TO,alta,59
2019,jovem,4,1,TO,baixa,8
2019,jovem,4,1,TO,media,78
2019,jovem,4,2,AC,alta,12
2019,jovem,4,2,AC,baixa,3
2019,jovem,4,2,AC,media,13
2019,jovem,4,2,AL,alta,16
2019,jovem,4,2,AL,baixa,4
2019,jovem,4,2,AL,media,37
2019,jovem,4,2,AM,alta,80
2019,jovem,4,2,AM,baixa,6
2019,jovem,4,2,AM,media,84
2019,jovem,4,2,AP,alta,11
2019,jovem,4,2,AP,baixa,3
2019,jovem,4,2,AP,media,21
2019,jovem,4,2,BA,alta,110
2019,jovem,4,2,BA,baixa,18
2019,jovem,4,2,BA,media,188
2019,jovem,4,2,CE,alta,97
2019,jovem,4,2,CE,baixa,23
2019,jovem,4,2,CE,media,168
2019,jovem,4,2,DF,alta,12
2019,jovem,4,2,DF,baixa,2
2019,jovem,4,2,DF,media,30
2019,jovem,4,2,ES,alta,22
2019,jovem,4,2,ES,baixa,2
2019,jovem,4,2,ES,media,22
2019,jovem,4,2,GO,alta,71
2019,jovem,4,2,GO,baixa,4
2019,jovem,4,2,GO,media,79
2019,jovem,4,2,MA,alta,129
2019,jovem,4,2,MA,baixa,22
2019,jovem,4,2,MA,media,99
2019,jovem,4,2,MG,alta,156
2019,jovem,4,2,MG,baixa,25
2019,jovem,4,2,MG,media,136
2019,jovem,4,2,MS,alta,31
2019,jovem,4,2,MS,baixa,6
2019,jovem,4,2,MS,media,26
2019,jovem,4,2,MT,alta,54
2019,jovem,4,2,MT,baixa,7
2019,jovem,4,2,MT,media,47
2019,jovem,4,2,PA,alta,102
2019,jovem,4,2,PA,baixa,20
2019,jovem,4,2,PA,media,191
2019,jovem,4,2,PB,alta,14
2019,jovem,4,2,PB,baixa,3
2019,jovem,4,2,PB,media,28
2019,jovem,4,2,PE,alta,93
2019,jovem,4,2,PE,baixa,14
2019,jovem,4,2,PE,media,156
2019,jovem,4,2,PI,alta,34
2019,jovem,4,2,PI,baixa,4
2019,jovem,4,2,PI,media,38
2019,jovem,4,2,PR,alta,36
2019,jovem,4,2,PR,baixa,8
2019,jovem,4,2,PR,media,41
2019,jovem,4,2,RJ,alta,83
2019,jovem,4,2,RJ,baixa,10
2019,jovem,4,2,RJ,media,205
2019,jovem,4,2,RN,alta,12
2019,jovem,4,2,RN,media,25
2019,jovem,4,2,RO,alta,19
2019,jovem,4,2,RO,baixa,1
2019,jovem,4,2,RO,media,12
2019,jovem,4,2,RR,alta,24
2019,jovem,4,2,RR,media,16
2019,jovem,4,2,RS,alta,10
2019,jovem,4,2,RS,media,13
2019,jovem,4,2,SC,alta,6
2019,jovem,4,2,SC,baixa,1
2019,jovem,4,2,SC,media,16
2019,jovem,4,2,SE,alta,25
2019,jovem,4,2,SE,baixa,7
2019,jovem,4,2,SE,media,45
2019,jovem,4,2,SP,alta,248
2019,jovem,4,2,SP,baixa,25
2019,jovem,4,2,SP,media,207
2019,jovem,4,2,TO,alta,18
2019,jovem,4,2,TO,media,24
2019,jovem,5,1,AC,media,3
2019,jovem,5,1,AM,alta,23
2019,jovem,5,1,AM,baixa,14
2019,jovem,5,1,AM,media,27
2019,jovem,5,1,BA,media,1
2019,jovem,5,1,CE,media,2
2019,jovem,5,1,MA,alta,3
2019,jovem,5,1,MA,baixa,1
2019,jovem,5,1,MA,media,7
2019,jovem,5,1,MS,alta,11
2019,jovem,5,1,MS,baixa,2
2019,jovem,5,1,MS,media,37
2019,jovem,5,1,MT,alta,6
2019,jovem,5,1,MT,media,1
2019,jovem,5,1,PA,alta,2
2019,jovem,5,1,PA,media,5
2019,jovem,5,1,PE,alta,2
2019,jovem,5,1,PE,baixa,1
2019,jovem,5,1,PE,media,2
2019,jovem,5,1,PR,alta,2
2019,jovem,5,1,PR,baixa,1
2019,jovem,5,1,PR,media,6
2019,jovem,5,1,RO,alta,1
2019,jovem,5,1,RO,media,2
2019,jovem,5,1,RR,alta,7
2019,jovem,5,1,RR,baixa,8
2019,jovem,5,1,RR,media,7
2019,jovem,5,1,RS,baixa,1
2019,jovem,5,1,RS,media,2
2019,jovem,5,1,SC,alta,2
2019,jovem,5,1,SC,media,2
2019,jovem,5,1,SP,media,2
2019,jovem,5,1,TO,media,2
2019,jovem,5,2,AC,alta,1
2019,jovem,5,2,AC,media,1
2019,jovem,5,2,AM,alta,11
2019,jovem,5,2,AM,baixa,4
2019,jovem,5,2,AM,media,11
2019,jovem,5,2,MA,alta,2
2019,jovem,5,2,MA,baixa,3
2019,jovem,5,2,MA,media,1
2019,jovem,5,2,MG,media,2
2019,jovem,5,2,MS,alta,9
2019,jovem,5,2,MS,baixa,1
2019,jovem,5,2,MS,media,8
2019,jovem,5,2,MT,alta,1
2019,jovem,5,2,MT,baixa,2
2019,jovem,5,2,MT,media,4
2019,jovem,5,2,PA,media,4
2019,jovem,5,2,PE,media,1
2019,jovem,5,2,PR,alta,4
2019,jovem,5,2,PR,media,2
2019,jovem,5,2,RO,media,1
2019,jovem,5,2,RR,alta,5
2019,jovem,5,2,RR,baixa,6
2019,jovem,5,2,RR,media,4
2019,jovem,5,2,RS,alta,1
2019,jovem,5,2,RS,media,1
2019,jovem,5,2,TO,media,2
2019,meia-idade,1,0,PR,alta,1
2019,meia-idade,1,1,AC,alta,2
2019,meia-idade,1,1,AC,baixa,1
2019,meia-idade,1,1,AC,media,16
2019,meia-idade,1,1,AL,alta,37
2019,meia-idade,1,1,AL,baixa,28
2019,meia-idade,1,1,AL,media,88
2019,meia-idade,1,1,AM,alta,62
2019,meia-idade,1,1,AM,baixa,12
2019,meia-idade,1,1,AM,media,105
2019,meia-idade,1,1,AP,alta,10
2019,meia-idade,1,1,AP,baixa,4
2019,meia-idade,1,1,AP,media,19
2019,meia-idade,1,1,BA,alta,174
2019,meia-idade,1,1,BA,baixa,79
2019,meia-idade,1,1,BA,media,424
2019,meia-idade,1,1,CE,alta,155
2019,meia-idade,1,1,CE,baixa,102
2019,meia-idade,1,1,CE,media,336
2019,meia-idade,1,1,DF,alta,128
2019,meia-idade,1,1,DF,baixa,10
2019,meia-idade,1,1,DF,media,240
2019,meia-idade,1,1,ES,alta,79
2019,meia-idade,1,1,ES,baixa,25
2019,meia-idade,1,1,ES,media,208
2019,meia-idade,1,1,GO,alta,268
2019,meia-idade,1,1,GO,baixa,66
2019,meia-idade,1,1,GO,media,570
2019,meia-idade,1,1,MA,alta,102
2019,meia-idade,1,1,MA,baixa,44
2019,meia-idade,1,1,MA,media,159
2019,meia-idade,1,1,MG,alta,1315
2019,meia-idade,1,1,MG,baixa,233
2019,meia-idade,1,1,MG,media,2516
2019,meia-idade,1,1,MS,alta,220
2019,meia-idade,1,1,MS,baixa,33
2019,meia-idade,1,1,MS,media,333
2019,meia-idade,1,1,MT,alta,214
2019,meia-idade,1,1,MT,baixa,26
2019,meia-idade,1,1,MT,media,324
2019,meia-idade,1,1,PA,alta,93
2019,meia-idade,1,1,PA,baixa,40
2019,meia-idade,1,1,PA,media,163
2019,meia-idade,1,1,PB,alta,27
2019,meia-idade,1,1,PB,baixa,33
2019,meia-idade,1,1,PB,media,92
2019,meia-idade,1,1,PE,alta,293
2019,meia-idade,1,1,PE,baixa,160
2019,meia-idade,1,1,PE,media,610
2019,meia-idade,1,1,PI,alta,43
2019,meia-idade,1,1,PI,baixa,32
2019,meia-idade,1,1,PI,media,92
2019,meia-idade,1,1,PR,alta,1636
2019,meia-idade,1,1,PR,baixa,224
2019,meia-idade,1,1,PR,media,2729
2019,meia-idade,1,1,RJ,alta,944
2019,meia-idade,1,1,RJ,baixa,134
2019,meia-idade,1,1,RJ,media,2019
2019,meia-idade,1,1,RN,alta,65
2019,meia-idade,1,1,RN,baixa,51
2019,meia-idade,1,1,RN,media,187
2019,meia-idade,1,1,RO,alta,52
2019,meia-idade,1,1,RO,baixa,18
2019,meia-idade,1,1,RO,media,123
2019,meia-idade,1,1,RR,alta,12
2019,meia-idade,1,1,RR,baixa,4
2019,meia-idade,1,1,RR,media,24
2019,meia-idade,1,1,RS,alta,1212
2019,meia-idade,1,1,RS,baixa,145
2019,meia-idade,1,1,RS,media,2352
2019,meia-idade,1,1,SC,alta,1102
2019,meia-idade,1,1,SC,baixa,90
2019,meia-idade,1,1,SC,media,1874
2019,meia-idade,1,1,SE,alta,45
2019,meia-idade,1,1,SE,baixa,23
2019,meia-idade,1,1,SE,media,95
2019,meia-idade,1,1,SP,alta,5089
2019,meia-idade,1,1,SP,baixa,445
2019,meia-idade,1,1,SP,media,7435
2019,meia-idade,1,1,TO,alta,32
2019,meia-idade,1,1,TO,baixa,10
2019,meia-idade,1,1,TO,media,54
2019,meia-idade,1,2,AC,alta,4
2019,meia-idade,1,2,AC,baixa,5
2019,meia-idade,1,2,AC,media,10
2019,meia-idade,1,2,AL,alta,19
2019,meia-idade,1,2,AL,baixa,25
2019,meia-idade,1,2,AL,media,60
2019,meia-idade,1,2,AM,alta,48
2019,meia-idade,1,2,AM,baixa,9
2019,meia-idade,1,2,AM,media,88
2019,meia-idade,1,2,AP,alta,8
2019,meia-idade,1,2,AP,baixa,6
2019,meia-idade,1,2,AP,media,7
2019,meia-idade,1,2,BA,alta,151
2019,meia-idade,1,2,BA,baixa,70
2019,meia-idade,1,2,BA,media,291
2019,meia-idade,1,2,CE,alta,136
2019,meia-idade,1,2,CE,baixa,66
2019,meia-idade,1,2,CE,media,282
2019,meia-idade,1,2,DF,alta,100
2019,meia-idade,1,2,DF,baixa,20
2019,meia-idade,1,2,DF,media,181
2019,meia-idade,1,2,ES,alta,48
2019,meia-idade,1,2,ES,baixa,18
2019,meia-idade,1,2,ES,media,142
2019,meia-idade,1,2,GO,alta,194
2019,meia-idade,1,2,GO,baixa,55
2019,meia-idade,1,2,GO,media,442
2019,meia-idade,1,2,MA,alta,83
2019,meia-idade,1,2,MA,baixa,59
2019,meia-idade,1,2,MA,media,148
2019,meia-idade,1,2,MG,alta,860
2019,meia-idade,1,2,MG,baixa,181
2019,meia-idade,1,2,MG,media,1639
2019,meia-idade,1,2,MS,alta,149
2019,meia-idade,1,2,MS,baixa,25
2019,meia-idade,1,2,MS,media,218
2019,meia-idade,1,2,MT,alta,106
2019,meia-idade,1,2,MT,baixa,25
2019,meia-idade,1,2,MT,media,164
2019,meia-idade,1,2,PA,alta,69
2019,meia-idade,1,2,PA,baixa,34
2019,meia-idade,1,2,PA,media,143
2019,meia-idade,1,2,PB,alta,22
2019,meia-idade,1,2,PB,baixa,31
2019,meia-idade,1,2,PB,media,78
2019,meia-idade,1,2,PE,alta,242
2019,meia-idade,1,2,PE,baixa,110
2019,meia-idade,1,2,PE,media,523
2019,meia-idade,1,2,PI,alta,29
2019,meia-idade,1,2,PI,baixa,23
2019,meia-idade,1,2,PI,media,87
2019,meia-idade,1,2,PR,alta,914
2019,meia-idade,1,2,PR,baixa,211
2019,meia-idade,1,2,PR,media,1645
2019,meia-idade,1,2,RJ,alta,931
2019,meia-idade,1,2,RJ,baixa,129
2019,meia-idade,1,2,RJ,media,1690
2019,meia-idade,1,2,RN,alta,50
2019,meia-idade,1,2,RN,baixa,43
2019,meia-idade,1,2,RN,media,153
2019,meia-idade,1,2,RO,alta,37
2019,meia-idade,1,2,RO,baixa,12
2019,meia-idade,1,2,RO,media,78
2019,meia-idade,1,2,RR,alta,8
2019,meia-idade,1,2,RR,baixa,1
2019,meia-idade,1,2,RR,media,8
2019,meia-idade,1,2,RS,alta,819
2019,meia-idade,1,2,RS,baixa,134
2019,meia-idade,1,2,RS,media,1454
2019,meia-idade,1,2,SC,alta,610
2019,meia-idade,1,2,SC,baixa,67
2019,meia-idade,1,2,SC,media,1223
2019,meia-idade,1,2,SE,alta,26
2019,meia-idade,1,2,SE,baixa,21
2019,meia-idade,1,2,SE,media,79
2019,meia-idade,1,2,SP,alta,3058
2019,meia-idade,1,2,SP,baixa,372
2019,meia-idade,1,2,SP,media,4778
2019,meia-idade,1,2,TO,alta,15
2019,meia-idade,1,2,TO,baixa,8
2019,meia-idade,1,2,TO,media,54
2019,meia-idade,2,1,AC,alta,5
2019,meia-idade,2,1,AC,baixa,6
2019,meia-idade,2,1,AC,media,3
2019,meia-idade,2,1,AL,alta,7
2019,meia-idade,2,1,AL,baixa,17
2019,meia-idade,2,1,AL,media,29
2019,meia-idade,2,1,AM,alta,20
2019,meia-idade,2,1,AM,baixa,4
2019,meia-idade,2,1,AM,media,18
2019,meia-idade,2,1,AP,alta,5
2019,meia-idade,2,1,AP,baixa,6
2019,meia-idade,2,1,AP,media,11
2019,meia-idade,2,1,BA,alta,186
2019,meia-idade,2,1,BA,baixa,205
2019,meia-idade,2,1,BA,media,578
2019,meia-idade,2,1,CE,alta,20
2019,meia-idade,2,1,CE,baixa,66
2019,meia-idade,2,1,CE,media,93
2019,meia-idade,2,1,DF,alta,32
2019,meia-idade,2,1,DF,baixa,8
2019,meia-idade,2,1,DF,media,65
2019,meia-idade,2,1,ES,alta,15
2019,meia-idade,2,1,ES,baixa,18
2019,meia-idade,2,1,ES,media,74
2019,meia-idade,2,1,GO,alta,50
2019,meia-idade,2,1,GO,baixa,71
2019,meia-idade,2,1,GO,media,217
2019,meia-idade,2,1,MA,alta,45
2019,meia-idade,2,1,MA,baixa,94
2019,meia-idade,2,1,MA,media,166
2019,meia-idade,2,1,MG,alta,302
2019,meia-idade,2,1,MG,baixa,173
2019,meia-idade,2,1,MG,media,934
2019,meia-idade,2,1,MS,alta,19
2019,meia-idade,2,1,MS,baixa,12
2019,meia-idade,2,1,MS,media,50
2019,meia-idade,2,1,MT,alta,54
2019,meia-idade,2,1,MT,baixa,25
2019,meia-idade,2,1,MT,media,95
2019,meia-idade,2,1,PA,alta,27
2019,meia-idade,2,1,PA,baixa,49
2019,meia-idade,2,1,PA,media,104
2019,meia-idade,2,1,PB,alta,2
2019,meia-idade,2,1,PB,baixa,15
2019,meia-idade,2,1,PB,media,24
2019,meia-idade,2,1,PE,alta,66
2019,meia-idade,2,1,PE,baixa,78
2019,meia-idade,2,1,PE,media,238
2019,meia-idade,2,1,PI,alta,9
2019,meia-idade,2,1,PI,baixa,47
2019,meia-idade,2,1,PI,media,66
2019,meia-idade,2,1,PR,alta,68
2019,meia-idade,2,1,PR,baixa,28
2019,meia-idade,2,1,PR,media,202
2019,meia-idade,2,1,RJ,alta,362
2019,meia-idade,2,1,RJ,baixa,113
2019,meia-idade,2,1,RJ,media,1049
2019,meia-idade,2,1,RN,alta,6
2019,meia-idade,2,1,RN,baixa,14
2019,meia-idade,2,1,RN,media,41
2019,meia-idade,2,1,RO,alta,6
2019,meia-idade,2,1,RO,baixa,11
2019,meia-idade,2,1,RO,media,39
2019,meia-idade,2,1,RR,alta,4
2019,meia-idade,2,1,RR,baixa,1
2019,meia-idade,2,1,RR,media,12
2019,meia-idade,2,1,RS,alta,78
2019,meia-idade,2,1,RS,baixa,42
2019,meia-idade,2,1,RS,media,233
2019,meia-idade,2,1,SC,alta,53
2019,meia-idade,2,1,SC,baixa,12
2019,meia-idade,2,1,SC,media,70
2019,meia-idade,2,1,SE,alta,31
2019,meia-idade,2,1,SE,baixa,35
2019,meia-idade,2,1,SE,media,75
2019,meia-idade,2,1,SP,alta,599
2019,meia-idade,2,1,SP,baixa,90
2019,meia-idade,2,1,SP,media,1066
2019,meia-idade,2,1,TO,alta,3
2019,meia-idade,2,1,TO,baixa,20
2019,meia-idade,2,1,TO,media,42
2019,meia-idade,2,2,AC,baixa,3
2019,meia-idade,2,2,AC,media,5
2019,meia-idade,2,2,AL,alta,4
2019,meia-idade,2,2,AL,baixa,14
2019,meia-idade,2,2,AL,media,18
2019,meia-idade,2,2,AM,alta,6
2019,meia-idade,2,2,AM,baixa,7
2019,meia-idade,2,2,AM,media,11
2019,meia-idade,2,2,AP,alta,3
2019,meia-idade,2,2,AP,baixa,1
2019,meia-idade,2,2,AP,media,10
2019,meia-idade,2,2,BA,alta,143
2019,meia-idade,2,2,BA,baixa,131
2019,meia-idade,2,2,BA,media,386
2019,meia-idade,2,2,CE,alta,13
2019,meia-idade,2,2,CE,baixa,16
2019,meia-idade,2,2,CE,media,52
2019,meia-idade,2,2,DF,alta,20
2019,meia-idade,2,2,DF,baixa,9
2019,meia-idade,2,2,DF,media,43
2019,meia-idade,2,2,ES,alta,17
2019,meia-idade,2,2,ES,baixa,16
2019,meia-idade,2,2,ES,media,59
2019,meia-idade,2,2,GO,alta,28
2019,meia-idade,2,2,GO,baixa,37
2019,meia-idade,2,2,GO,media,87
2019,meia-idade,2,2,MA,alta,30
2019,meia-idade,2,2,MA,baixa,49
2019,meia-idade,2,2,MA,media,82
2019,meia-idade,2,2,MG,alta,152
2019,meia-idade,2,2,MG,baixa,87
2019,meia-idade,2,2,MG,media,484
2019,meia-idade,2,2,MS,alta,11
2019,meia-idade,2,2,MS,baixa,6
2019,meia-idade,2,2,MS,media,28
2019,meia-idade,2,2,MT,alta,12
2019,meia-idade,2,2,MT,baixa,26
2019,meia-idade,2,2,MT,media,42
2019,meia-idade,2,2,PA,alta,25
2019,meia-idade,2,2,PA,baixa,32
2019,meia-idade,2,2,PA,media,67
2019,meia-idade,2,2,PB,alta,2
2019,meia-idade,2,2,PB,baixa,9
2019,meia-idade,2,2,PB,media,9
2019,meia-idade,2,2,PE,alta,40
2019,meia-idade,2,2,PE,baixa,57
2019,meia-idade,2,2,PE,media,129
2019,meia-idade,2,2,PI,alta,11
2019,meia-idade,2,2,PI,baixa,19
2019,meia-idade,2,2,PI,media,40
2019,meia-idade,2,2,PR,alta,58
2019,meia-idade,2,2,PR,baixa,35
2019,meia-idade,2,2,PR,media,94
2019,meia-idade,2,2,RJ,alta,354
2019,meia-idade,2,2,RJ,baixa,85
2019,meia-idade,2,2,RJ,media,934
2019,meia-idade,2,2,RN,alta,1
2019,meia-idade,2,2,RN,baixa,10
2019,meia-idade,2,2,RN,media,24
2019,meia-idade,2,2,RO,alta,8
2019,meia-idade,2,2,RO,baixa,5
2019,meia-idade,2,2,RO,media,21
2019,meia-idade,2,2,RR,alta,6
2019,meia-idade,2,2,RR,baixa,2
2019,meia-idade,2,2,RR,media,4
2019,meia-idade,2,2,RS,alta,42
2019,meia-idade,2,2,RS,baixa,16
2019,meia-idade,2,2,RS,media,161
2019,meia-idade,2,2,SC,alta,23
2019,meia-idade,2,2,SC,baixa,8
2019,meia-idade,2,2,SC,media,61
2019,meia-idade,2,2,SE,alta,13
2019,meia-idade,2,2,SE,baixa,20
2019,meia-idade,2,2,SE,media,42
2019,meia-idade,2,2,SP,alta,345
2019,meia-idade,2,2,SP,baixa,86
2019,meia-idade,2,2,SP,media,666
2019,meia-idade,2,2,TO,alta,6
2019,meia-idade,2,2,TO,baixa,10
2019,meia-idade,2,2,TO,media,20
2019,meia-idade,3,1,AL,media,3
2019,meia-idade,3,1,AM,alta,2
2019,meia-idade,3,1,AM,baixa,1
2019,meia-idade,3,1,AM,media,1
2019,meia-idade,3,1,BA,alta,3
2019,meia-idade,3,1,BA,baixa,2
2019,meia-idade,3,1,BA,media,7
2019,meia-idade,3,1,CE,alta,1
2019,meia-idade,3,1,CE,baixa,1
2019,meia-idade,3,1,CE,media,3
2019,meia-idade,3,1,DF,media,4
2019,meia-idade,3,1,ES,media,1
2019,meia-idade,3,1,GO,alta,2
2019,meia-idade,3,1,GO,baixa,1
2019,meia-idade,3,1,GO,media,19
2019,meia-idade,3,1,MA,alta,4
2019,meia-idade,3,1,MA,baixa,3
2019,meia-idade,3,1,MA,media,5
2019,meia-idade,3,1,MG,alta,11
2019,meia-idade,3,1,MG,baixa,2
2019,meia-idade,3,1,MG,media,12
2019,meia-idade,3,1,MS,alta,4
2019,meia-idade,3,1,MS,baixa,1
2019,meia-idade,3,1,MS,media,4
2019,meia-idade,3,1,MT,alta,6
2019,meia-idade,3,1,MT,baixa,1
2019,meia-idade,3,1,MT,media,3
2019,meia-idade,3,1,PA,alta,3
2019,meia-idade,3,1,PA,baixa,1
2019,meia-idade,3,1,PA,media,5
2019,meia-idade,3,1,PB,baixa,1
2019,meia-idade,3,1,PB,media,2
2019,meia-idade,3,1,PE,alta,1
2019,meia-idade,3,1,PE,baixa,2
2019,meia-idade,3,1,PE,media,8
2019,meia-idade,3,1,PI,media,2
2019,meia-idade,3,1,PR,alta,11
2019,meia-idade,3,1,PR,baixa,2
2019,meia-idade,3,1,PR,media,15
2019,meia-idade,3,1,RJ,alta,2
2019,meia-idade,3,1,RJ,media,8
2019,meia-idade,3,1,RN,alta,1
2019,meia-idade,3,1,RN,media,2
2019,meia-idade,3,1,RO,alta,2
2019,meia-idade,3,1,RO,baixa,1
2019,meia-idade,3,1,RS,baixa,1
2019,meia-idade,3,1,RS,media,4
2019,meia-idade,3,1,SC,media,2
2019,meia-idade,3,1,SP,alta,43
2019,meia-idade,3,1,SP,baixa,3
2019,meia-idade,3,1,SP,media,66
2019,meia-idade,3,1,TO,alta,1
2019,meia-idade,3,1,TO,media,1
2019,meia-idade,3,2,AC,baixa,1
2019,meia-idade,3,2,BA,baixa,3
2019,meia-idade,3,2,BA,media,8
2019,meia-idade,3,2,CE,alta,2
2019,meia-idade,3,2,CE,baixa,1
2019,meia-idade,3,2,DF,alta,1
2019,meia-idade,3,2,DF,media,1
2019,meia-idade,3,2,GO,alta,2
2019,meia-idade,3,2,GO,baixa,1
2019,meia-idade,3,2,GO,media,6
2019,meia-idade,3,2,MA,alta,1
2019,meia-idade,3,2,MA,baixa,1
2019,meia-idade,3,2,MA,media,3
2019,meia-idade,3,2,MG,alta,6
2019,meia-idade,3,2,MG,baixa,3
2019,meia-idade,3,2,MG,media,12
2019,meia-idade,3,2,MS,alta,6
2019,meia-idade,3,2,MS,media,2
2019,meia-idade,3,2,MT,alta,1
2019,meia-idade,3,2,MT,media,3
2019,meia-idade,3,2,PA,alta,2
2019,meia-idade,3,2,PA,media,3
2019,meia-idade,3,2,PB,alta,1
2019,meia-idade,3,2,PB,media,3
2019,meia-idade,3,2,PE,alta,2
2019,meia-idade,3,2,PE,baixa,2
2019,meia-idade,3,2,PE,media,2
2019,meia-idade,3,2,PI,media,1
2019,meia-idade,3,2,PR,alta,2
2019,meia-idade,3,2,PR,baixa,1
2019,meia-idade,3,2,PR,media,10
2019,meia-idade,3,2,RJ,alta,3
2019,meia-idade,3,2,RJ,baixa,1
2019,meia-idade,3,2,RJ,media,5
2019,meia-idade,3,2,RO,baixa,1
2019,meia-idade,3,2,RS,alta,2
2019,meia-idade,3,2,RS,media,2
2019,meia-idade,3,2,SC,alta,1
2019,meia-idade,3,2,SC,media,2
2019,meia-idade,3,2,SE,alta,1
2019,meia-idade,3,2,SE,media,2
2019,meia-idade,3,2,SP,alta,30
2019,meia-idade,3,2,SP,baixa,2
2019,meia-idade,3,2,SP,media,53
2019,meia-idade,4,0,AL,media,1
2019,meia-idade,4,0,SP,alta,1
2019,meia-idade,4,1,AC,alta,19
2019,meia-idade,4,1,AC,baixa,42
2019,meia-idade,4,1,AC,media,69
2019,meia-idade,4,1,AL,alta,82
2019,meia-idade,4,1,AL,baixa,188
2019,meia-idade,4,1,AL,media,374
2019,meia-idade,4,1,AM,alta,348
2019,meia-idade,4,1,AM,baixa,159
2019,meia-idade,4,1,AM,media,642
2019,meia-idade,4,1,AP,alta,45
2019,meia-idade,4,1,AP,baixa,18
2019,meia-idade,4,1,AP,media,92
2019,meia-idade,4,1,BA,alta,615
2019,meia-idade,4,1,BA,baixa,658
2019,meia-idade,4,1,BA,media,2294
2019,meia-idade,4,1,CE,alta,529
2019,meia-idade,4,1,CE,baixa,742
2019,meia-idade,4,1,CE,media,2119
2019,meia-idade,4,1,DF,alta,161
2019,meia-idade,4,1,DF,baixa,30
2019,meia-idade,4,1,DF,media,362
2019,meia-idade,4,1,ES,alta,111
2019,meia-idade,4,1,ES,baixa,59
2019,meia-idade,4,1,ES,media,354
2019,meia-idade,4,1,GO,alta,370
2019,meia-idade,4,1,GO,baixa,193
2019,meia-idade,4,1,GO,media,1229
2019,meia-idade,4,1,MA,alta,352
2019,meia-idade,4,1,MA,baixa,439
2019,meia-idade,4,1,MA,media,925
2019,meia-idade,4,1,MG,alta,971
2019,meia-idade,4,1,MG,baixa,519
2019,meia-idade,4,1,MG,media,3133
2019,meia-idade,4,1,MS,alta,207
2019,meia-idade,4,1,MS,baixa,82
2019,meia-idade,4,1,MS,media,509
2019,meia-idade,4,1,MT,alta,293
2019,meia-idade,4,1,MT,baixa,120
2019,meia-idade,4,1,MT,media,603
2019,meia-idade,4,1,PA,alta,413
2019,meia-idade,4,1,PA,baixa,306
2019,meia-idade,4,1,PA,media,1231
2019,meia-idade,4,1,PB,alta,109
2019,meia-idade,4,1,PB,baixa,148
2019,meia-idade,4,1,PB,media,349
2019,meia-idade,4,1,PE,alta,506
2019,meia-idade,4,1,PE,baixa,659
2019,meia-idade,4,1,PE,media,2139
2019,meia-idade,4,1,PI,alta,105
2019,meia-idade,4,1,PI,baixa,228
2019,meia-idade,4,1,PI,media,517
2019,meia-idade,4,1,PR,alta,330
2019,meia-idade,4,1,PR,baixa,106
2019,meia-idade,4,1,PR,media,826
2019,meia-idade,4,1,RJ,alta,714
2019,meia-idade,4,1,RJ,baixa,205
2019,meia-idade,4,1,RJ,media,2206
2019,meia-idade,4,1,RN,alta,121
2019,meia-idade,4,1,RN,baixa,184
2019,meia-idade,4,1,RN,media,428
2019,meia-idade,4,1,RO,alta,75
2019,meia-idade,4,1,RO,baixa,48
2019,meia-idade,4,1,RO,media,247
2019,meia-idade,4,1,RR,alta,48
2019,meia-idade,4,1,RR,baixa,25
2019,meia-idade,4,1,RR,media,88
2019,meia-idade,4,1,RS,alta,89
2019,meia-idade,4,1,RS,baixa,27
2019,meia-idade,4,1,RS,media,226
2019,meia-idade,4,1,SC,alta,63
2019,meia-idade,4,1,SC,baixa,13
2019,meia-idade,4,1,SC,media,149
2019,meia-idade,4,1,SE,alta,153
2019,meia-idade,4,1,SE,baixa,143
2019,meia-idade,4,1,SE,media,416
2019,meia-idade,4,1,SP,alta,1834
2019,meia-idade,4,1,SP,baixa,293
2019,meia-idade,4,1,SP,media,3884
2019,meia-idade,4,1,TO,alta,70
2019,meia-idade,4,1,TO,baixa,75
2019,meia-idade,4,1,TO,media,220
2019,meia-idade,4,2,AC,alta,8
2019,meia-idade,4,2,AC,baixa,28
2019,meia-idade,4,2,AC,media,63
2019,meia-idade,4,2,AL,alta,45
2019,meia-idade,4,2,AL,baixa,122
2019,meia-idade,4,2,AL,media,163
2019,meia-idade,4,2,AM,alta,196
2019,meia-idade,4,2,AM,baixa,89
2019,meia-idade,4,2,AM,media,393
2019,meia-idade,4,2,AP,alta,31
2019,meia-idade,4,2,AP,baixa,25
2019,meia-idade,4,2,AP,media,62
2019,meia-idade,4,2,BA,alta,434
2019,meia-idade,4,2,BA,baixa,374
2019,meia-idade,4,2,BA,media,1258
2019,meia-idade,4,2,CE,alta,319
2019,meia-idade,4,2,CE,baixa,344
2019,meia-idade,4,2,CE,media,1157
2019,meia-idade,4,2,DF,alta,95
2019,meia-idade,4,2,DF,baixa,12
2019,meia-idade,4,2,DF,media,218
2019,meia-idade,4,2,ES,alta,62
2019,meia-idade,4,2,ES,baixa,29
2019,meia-idade,4,2,ES,media,186
2019,meia-idade,4,2,GO,alta,243
2019,meia-idade,4,2,GO,baixa,115
2019,meia-idade,4,2,GO,media,610
2019,meia-idade,4,2,MA,alta,219
2019,meia-idade,4,2,MA,baixa,254
2019,meia-idade,4,2,MA,media,583
2019,meia-idade,4,2,MG,alta,626
2019,meia-idade,4,2,MG,baixa,291
2019,meia-idade,4,2,MG,media,1823
2019,meia-idade,4,2,MS,alta,128
2019,meia-idade,4,2,MS,baixa,60
2019,meia-idade,4,2,MS,media,288
2019,meia-idade,4,2,MT,alta,186
2019,meia-idade,4,2,MT,baixa,71
2019,meia-idade,4,2,MT,media,324
2019,meia-idade,4,2,PA,alta,314
2019,meia-idade,4,2,PA,baixa,163
2019,meia-idade,4,2,PA,media,780
2019,meia-idade,4,2,PB,alta,61
2019,meia-idade,4,2,PB,baixa,81
2019,meia-idade,4,2,PB,media,225
2019,meia-idade,4,2,PE,alta,392
2019,meia-idade,4,2,PE,baixa,363
2019,meia-idade,4,2,PE,media,1162
2019,meia-idade,4,2,PI,alta,76
2019,meia-idade,4,2,PI,baixa,123
2019,meia-idade,4,2,PI,media,281
2019,meia-idade,4,2,PR,alta,189
2019,meia-idade,4,2,PR,baixa,105
2019,meia-idade,4,2,PR,media,473
2019,meia-idade,4,2,RJ,alta,652
2019,meia-idade,4,2,RJ,baixa,148
2019,meia-idade,4,2,RJ,media,1788
2019,meia-idade,4,2,RN,alta,88
2019,meia-idade,4,2,RN,baixa,91
2019,meia-idade,4,2,RN,media,239
2019,meia-idade,4,2,RO,alta,46
2019,meia-idade,4,2,RO,baixa,40
2019,meia-idade,4,2,RO,media,111
2019,meia-idade,4,2,RR,alta,37
2019,meia-idade,4,2,RR,baixa,9
2019,meia-idade,4,2,RR,media,44
2019,meia-idade,4,2,RS,alta,57
2019,meia-idade,4,2,RS,baixa,18
2019,meia-idade,4,2,RS,media,131
2019,meia-idade,4,2,SC,alta,28
2019,meia-idade,4,2,SC,baixa,23
2019,meia-idade,4,2,SC,media,97
2019,meia-idade,4,2,SE,alta,81
2019,meia-idade,4,2,SE,baixa,85
2019,meia-idade,4,2,SE,media,276
2019,meia-idade,4,2,SP,alta,1106
2019,meia-idade,4,2,SP,baixa,250
2019,meia-idade,4,2,SP,media,2174
2019,meia-idade,4,2,TO,alta,38
2019,meia-idade,4,2,TO,baixa,45
2019,meia-idade,4,2,TO,media,108
2019,meia-idade,5,1,AC,alta,1
2019,meia-idade,5,1,AL,media,1
2019,meia-idade,5,1,AM,alta,5
2019,meia-idade,5,1,AM,baixa,11
2019,meia-idade,5,1,AM,media,19
2019,meia-idade,5,1,BA,alta,1
2019,meia-idade,5,1,BA,baixa,3
2019,meia-idade,5,1,BA,media,6
2019,meia-idade,5,1,CE,alta,1
2019,meia-idade,5,1,CE,media,2
2019,meia-idade,5,1,DF,media,3
2019,meia-idade,5,1,ES,baixa,1
2019,meia-idade,5,1,ES,media,1
2019,meia-idade,5,1,GO,alta,1
2019,meia-idade,5,1,GO,media,1
2019,meia-idade,5,1,MA,alta,1
2019,meia-idade,5,1,MA,baixa,4
2019,meia-idade,5,1,MA,media,6
2019,meia-idade,5,1,MG,alta,1
2019,meia-idade,5,1,MG,baixa,1
2019,meia-idade,5,1,MG,media,7
2019,meia-idade,5,1,MS,alta,6
2019,meia-idade,5,1,MS,baixa,14
2019,meia-idade,5,1,MS,media,21
2019,meia-idade,5,1,MT,baixa,3
2019,meia-idade,5,1,MT,media,5
2019,meia-idade,5,1,PA,baixa,1
2019,meia-idade,5,1,PA,media,6
2019,meia-idade,5,1,PB,baixa,1
2019,meia-idade,5,1,PE,baixa,4
2019,meia-idade,5,1,PE,media,8
2019,meia-idade,5,1,PR,alta,1
2019,meia-idade,5,1,PR,baixa,1
2019,meia-idade,5,1,PR,media,3
2019,meia-idade,5,1,RJ,media,1
2019,meia-idade,5,1,RN,baixa,1
2019,meia-idade,5,1,RN,media,1
2019,meia-idade,5,1,RO,alta,2
2019,meia-idade,5,1,RO,media,1
2019,meia-idade,5,1,RR,alta,1
2019,meia-idade,5,1,RR,baixa,5
2019,meia-idade,5,1,RR,media,5
2019,meia-idade,5,1,RS,alta,1
2019,meia-idade,5,1,RS,media,5
2019,meia-idade,5,1,SC,alta,1
2019,meia-idade,5,1,SC,media,5
2019,meia-idade,5,1,SE,media,1
2019,meia-idade,5,1,SP,alta,2
2019,meia-idade,5,1,SP,media,7
2019,meia-idade,5,1,TO,media,2
2019,meia-idade,5,2,AC,alta,1
2019,meia-idade,5,2,AC,media,1
2019,meia-idade,5,2,AM,alta,3
2019,meia-idade,5,2,AM,baixa,10
2019,meia-idade,5,2,AM,media,10
2019,meia-idade,5,2,BA,alta,1
2019,meia-idade,5,2,BA,baixa,2
2019,meia-idade,5,2,BA,media,2
2019,meia-idade,5,2,CE,baixa,2
2019,meia-idade,5,2,CE,media,2
2019,meia-idade,5,2,DF,alta,1
2019,meia-idade,5,2,DF,media,1
2019,meia-idade,5,2,GO,media,1
2019,meia-idade,5,2,MA,alta,1
2019,meia-idade,5,2,MA,baixa,3
2019,meia-idade,5,2,MA,media,2
2019,meia-idade,5,2,MG,alta,1
2019,meia-idade,5,2,MG,baixa,1
2019,meia-idade,5,2,MS,alta,4
2019,meia-idade,5,2,MS,baixa,17
2019,meia-idade,5,2,MS,media,18
2019,meia-idade,5,2,MT,baixa,2
2019,meia-idade,5,2,MT,media,2
2019,meia-idade,5,2,PA,baixa,2
2019,meia-idade,5,2,PA,media,3
2019,meia-idade,5,2,PB,baixa,2
2019,meia-idade,5,2,PB,media,2
2019,meia-idade,5,2,PE,baixa,1
2019,meia-idade,5,2,PE,media,4
2019,meia-idade,5,2,PI,media,2
2019,meia-idade,5,2,PR,baixa,2
2019,meia-idade,5,2,PR,media,7
2019,meia-idade,5,2,RJ,alta,3
2019,meia-idade,5,2,RN,alta,2
2019,meia-idade,5,2,RN,media,3
2019,meia-idade,5,2,RO,alta,2
2019,meia-idade,5,2,RO,baixa,2
2019,meia-idade,5,2,RO,media,1
2019,meia-idade,5,2,RR,alta,4
2019,meia-idade,5,2,RR,baixa,3
2019,meia-idade,5,2,RR,media,4
2019,meia-idade,5,2,RS,alta,1
2019,meia-idade,5,2,RS,baixa,1
2019,meia-idade,5,2,RS,media,6
2019,meia-idade,5,2,SC,baixa,1
2019,meia-idade,5,2,SC,media,4
2019,meia-idade,5,2,SP,alta,4
2019,meia-idade,5,2,SP,baixa,1
2019,meia-idade,5,2,SP,media,8
2020,adulto,1,0,PA,media,1
2020,adulto,1,0,SP,alta,1
2020,adulto,1,1,AC,alta,9
2020,adulto,1,1,AC,baixa,1
2020,adulto,1,1,AC,media,13
2020,adulto,1,1,AL,alta,24
2020,adulto,1,1,AL,baixa,11
2020,adulto,1,1,AL,media,28
2020,adulto,1,1,AM,alta,98
2020,adulto,1,1,AM,baixa,6
2020,adulto,1,1,AM,media,84
2020,adulto,1,1,AP,alta,11
2020,adulto,1,1,AP,baixa,2
2020,adulto,1,1,AP,media,17
2020,adulto,1,1,BA,alta,132
2020,adulto,1,1,BA,baixa,38
2020,adulto,1,1,BA,media,301
2020,adulto,1,1,CE,alta,165
2020,adulto,1,1,CE,baixa,39
2020,adulto,1,1,CE,media,251
2020,adulto,1,1,DF,alta,94
2020,adulto,1,1,DF,baixa,5
2020,adulto,1,1,DF,media,176
2020,adulto,1,1,ES,alta,56
2020,adulto,1,1,ES,baixa,3
2020,adulto,1,1,ES,media,61
2020,adulto,1,1,GO,alta,280
2020,adulto,1,1,GO,baixa,24
2020,adulto,1,1,GO,media,389
2020,adulto,1,1,MA,alta,132
2020,adulto,1,1,MA,baixa,30
2020,adulto,1,1,MA,media,153
2020,adulto,1,1,MG,alta,881
2020,adulto,1,1,MG,baixa,102
2020,adulto,1,1,MG,media,958
2020,adulto,1,1,MS,alta,154
2020,adulto,1,1,MS,baixa,11
2020,adulto,1,1,MS,media,148
2020,adulto,1,1,MT,alta,176
2020,adulto,1,1,MT,baixa,6
2020,adulto,1,1,MT,media,187
2020,adulto,1,1,PA,alta,110
2020,adulto,1,1,PA,baixa,10
2020,adulto,1,1,PA,media,181
2020,adulto,1,1,PB,alta,12
2020,adulto,1,1,PB,baixa,9
2020,adulto,1,1,PB,media,45
2020,adulto,1,1,PE,alta,237
2020,adulto,1,1,PE,baixa,69
2020,adulto,1,1,PE,media,520
2020,adulto,1,1,PI,alta,33
2020,adulto,1,1,PI,baixa,20
2020,adulto,1,1,PI,media,65
2020,adulto,1,1,PR,alta,1496
2020,adulto,1,1,PR,baixa,78
2020,adulto,1,1,PR,media,1350
2020,adulto,1,1,RJ,alta,676
2020,adulto,1,1,RJ,baixa,67
2020,adulto,1,1,RJ,media,929
2020,adulto,1,1,RN,alta,53
2020,adulto,1,1,RN,baixa,16
2020,adulto,1,1,RN,media,93
2020,adulto,1,1,RO,alta,88
2020,adulto,1,1,RO,baixa,8
2020,adulto,1,1,RO,media,77
2020,adulto,1,1,RR,alta,7
2020,adulto,1,1,RR,baixa,1
2020,adulto,1,1,RR,media,15
2020,adulto,1,1,RS,alta,716
2020,adulto,1,1,RS,baixa,59
2020,adulto,1,1,RS,media,869
2020,adulto,1,1,SC,alta,739
2020,adulto,1,1,SC,baixa,37
2020,adulto,1,1,SC,media,748
2020,adulto,1,1,SE,alta,51
2020,adulto,1,1,SE,baixa,11
2020,adulto,1,1,SE,media,77
2020,adulto,1,1,SP,alta,3275
2020,adulto,1,1,SP,baixa,187
2020,adulto,1,1,SP,media,2881
2020,adulto,1,1,TO,alta,37
2020,adulto,1,1,TO,baixa,3
2020,adulto,1,1,TO,media,52
2020,adulto,1,2,AC,alta,5
2020,adulto,1,2,AC,baixa,2
2020,adulto,1,2,AC,media,14
2020,adulto,1,2,AL,alta,17
2020,adulto,1,2,AL,baixa,4
2020,adulto,1,2,AL,media,22
2020,adulto,1,2,AM,alta,63
2020,adulto,1,2,AM,baixa,1
2020,adulto,1,2,AM,media,44
2020,adulto,1,2,AP,alta,8
2020,adulto,1,2,AP,media,16
2020,adulto,1,2,BA,alta,114
2020,adulto,1,2,BA,baixa,20
2020,adulto,1,2,BA,media,161
2020,adulto,1,2,CE,alta,84
2020,adulto,1,2,CE,baixa,25
2020,adulto,1,2,CE,media,171
2020,adulto,1,2,DF,alta,58
2020,adulto,1,2,DF,baixa,1
2020,adulto,1,2,DF,media,105
2020,adulto,1,2,ES,alta,40
2020,adulto,1,2,ES,baixa,9
2020,adulto,1,2,ES,media,48
2020,adulto,1,2,GO,alta,181
2020,adulto,1,2,GO,baixa,17
2020,adulto,1,2,GO,media,228
2020,adulto,1,2,MA,alta,78
2020,adulto,1,2,MA,baixa,16
2020,adulto,1,2,MA,media,95
2020,adulto,1,2,MG,alta,549
2020,adulto,1,2,MG,baixa,47
2020,adulto,1,2,MG,media,542
2020,adulto,1,2,MS,alta,94
2020,adulto,1,2,MS,baixa,9
2020,adulto,1,2,MS,media,98
2020,adulto,1,2,MT,alta,94
2020,adulto,1,2,MT,baixa,8
2020,adulto,1,2,MT,media,89
2020,adulto,1,2,PA,alta,91
2020,adulto,1,2,PA,baixa,13
2020,adulto,1,2,PA,media,128
2020,adulto,1,2,PB,alta,27
2020,adulto,1,2,PB,baixa,12
2020,adulto,1,2,PB,media,28
2020,adulto,1,2,PE,alta,174
2020,adulto,1,2,PE,baixa,37
2020,adulto,1,2,PE,media,225
2020,adulto,1,2,PI,alta,30
2020,adulto,1,2,PI,baixa,3
2020,adulto,1,2,PI,media,36
2020,adulto,1,2,PR,alta,596
2020,adulto,1,2,PR,baixa,50
2020,adulto,1,2,PR,media,570
2020,adulto,1,2,RJ,alta,563
2020,adulto,1,2,RJ,baixa,43
2020,adulto,1,2,RJ,media,644
2020,adulto,1,2,RN,alta,38
2020,adulto,1,2,RN,baixa,7
2020,adulto,1,2,RN,media,66
2020,adulto,1,2,RO,alta,30
2020,adulto,1,2,RO,baixa,3
2020,adulto,1,2,RO,media,45
2020,adulto,1,2,RR,alta,9
2020,adulto,1,2,RR,media,10
2020,adulto,1,2,RS,alta,387
2020,adulto,1,2,RS,baixa,40
2020,adulto,1,2,RS,media,484
2020,adulto,1,2,SC,alta,408
2020,adulto,1,2,SC,baixa,22
2020,adulto,1,2,SC,media,398
2020,adulto,1,2,SE,alta,24
2020,adulto,1,2,SE,baixa,10
2020,adulto,1,2,SE,media,53
2020,adulto,1,2,SP,alta,1945
2020,adulto,1,2,SP,baixa,139
2020,adulto,1,2,SP,media,1660
2020,adulto,1,2,TO,alta,18
2020,adulto,1,2,TO,baixa,1
2020,adulto,1,2,TO,media,28
2020,adulto,2,1,AC,alta,1
2020,adulto,2,1,AC,baixa,1
2020,adulto,2,1,AC,media,5
2020,adulto,2,1,AL,alta,9
2020,adulto,2,1,AL,baixa,7
2020,adulto,2,1,AL,media,21
2020,adulto,2,1,AM,alta,19
2020,adulto,2,1,AM,baixa,3
2020,adulto,2,1,AM,media,22
2020,adulto,2,1,AP,alta,4
2020,adulto,2,1,AP,baixa,1
2020,adulto,2,1,AP,media,11
2020,adulto,2,1,BA,alta,230
2020,adulto,2,1,BA,baixa,84
2020,adulto,2,1,BA,media,597
2020,adulto,2,1,CE,alta,27
2020,adulto,2,1,CE,baixa,24
2020,adulto,2,1,CE,media,64
2020,adulto,2,1,DF,alta,25
2020,adulto,2,1,DF,baixa,5
2020,adulto,2,1,DF,media,54
2020,adulto,2,1,ES,alta,27
2020,adulto,2,1,ES,baixa,5
2020,adulto,2,1,ES,media,45
2020,adulto,2,1,GO,alta,77
2020,adulto,2,1,GO,baixa,10
2020,adulto,2,1,GO,media,116
2020,adulto,2,1,MA,alta,85
2020,adulto,2,1,MA,baixa,41
2020,adulto,2,1,MA,media,201
2020,adulto,2,1,MG,alta,287
2020,adulto,2,1,MG,baixa,50
2020,adulto,2,1,MG,media,509
2020,adulto,2,1,MS,alta,16
2020,adulto,2,1,MS,baixa,3
2020,adulto,2,1,MS,media,36
2020,adulto,2,1,MT,alta,64
2020,adulto,2,1,MT,baixa,9
2020,adulto,2,1,MT,media,57
2020,adulto,2,1,PA,alta,54
2020,adulto,2,1,PA,baixa,21
2020,adulto,2,1,PA,media,147
2020,adulto,2,1,PB,alta,2
2020,adulto,2,1,PB,baixa,5
2020,adulto,2,1,PB,media,9
2020,adulto,2,1,PE,alta,60
2020,adulto,2,1,PE,baixa,25
2020,adulto,2,1,PE,media,140
2020,adulto,2,1,PI,alta,19
2020,adulto,2,1,PI,baixa,22
2020,adulto,2,1,PI,media,55
2020,adulto,2,1,PR,alta,82
2020,adulto,2,1,PR,baixa,6
2020,adulto,2,1,PR,media,117
2020,adulto,2,1,RJ,alta,346
2020,adulto,2,1,RJ,baixa,49
2020,adulto,2,1,RJ,media,668
2020,adulto,2,1,RN,alta,8
2020,adulto,2,1,RN,baixa,5
2020,adulto,2,1,RN,media,21
2020,adulto,2,1,RO,alta,19
2020,adulto,2,1,RO,baixa,4
2020,adulto,2,1,RO,media,29
2020,adulto,2,1,RR,alta,7
2020,adulto,2,1,RR,media,4
2020,adulto,2,1,RS,alta,66
2020,adulto,2,1,RS,baixa,10
2020,adulto,2,1,RS,media,132
2020,adulto,2,1,SC,alta,31
2020,adulto,2,1,SC,baixa,3
2020,adulto,2,1,SC,media,46
2020,adulto,2,1,SE,alta,21
2020,adulto,2,1,SE,baixa,16
2020,adulto,2,1,SE,media,45
2020,adulto,2,1,SP,alta,566
2020,adulto,2,1,SP,baixa,45
2020,adulto,2,1,SP,media,508
2020,adulto,2,1,TO,alta,21
2020,adulto,2,1,TO,baixa,1
2020,adulto,2,1,TO,media,41
2020,adulto,2,2,AC,baixa,2
2020,adulto,2,2,AC,media,3
2020,adulto,2,2,AL,alta,4
2020,adulto,2,2,AL,baixa,2
2020,adulto,2,2,AL,media,13
2020,adulto,2,2,AM,alta,8
2020,adulto,2,2,AM,baixa,3
2020,adulto,2,2,AM,media,8
2020,adulto,2,2,AP,alta,7
2020,adulto,2,2,AP,baixa,2
2020,adulto,2,2,AP,media,6
2020,adulto,2,2,BA,alta,140
2020,adulto,2,2,BA,baixa,35
2020,adulto,2,2,BA,media,247
2020,adulto,2,2,CE,alta,12
2020,adulto,2,2,CE,baixa,3
2020,adulto,2,2,CE,media,29
2020,adulto,2,2,DF,alta,17
2020,adulto,2,2,DF,baixa,2
2020,adulto,2,2,DF,media,23
2020,adulto,2,2,ES,alta,13
2020,adulto,2,2,ES,baixa,2
2020,adulto,2,2,ES,media,32
2020,adulto,2,2,GO,alta,30
2020,adulto,2,2,GO,baixa,2
2020,adulto,2,2,GO,media,63
2020,adulto,2,2,MA,alta,36
2020,adulto,2,2,MA,baixa,13
2020,adulto,2,2,MA,media,58
2020,adulto,2,2,MG,alta,175
2020,adulto,2,2,MG,baixa,29
2020,adulto,2,2,MG,media,234
2020,adulto,2,2,MS,alta,8
2020,adulto,2,2,MS,baixa,2
2020,adulto,2,2,MS,media,9
2020,adulto,2,2,MT,alta,22
2020,adulto,2,2,MT,baixa,4
2020,adulto,2,2,MT,media,13
2020,adulto,2,2,PA,alta,24
2020,adulto,2,2,PA,baixa,6
2020,adulto,2,2,PA,media,54
2020,adulto,2,2,PB,alta,2
2020,adulto,2,2,PB,media,5
2020,adulto,2,2,PE,alta,35
2020,adulto,2,2,PE,baixa,6
2020,adulto,2,2,PE,media,64
2020,adulto,2,2,PI,alta,9
2020,adulto,2,2,PI,baixa,4
2020,adulto,2,2,PI,media,23
2020,adulto,2,2,PR,alta,39
2020,adulto,2,2,PR,baixa,7
2020,adulto,2,2,PR,media,49
2020,adulto,2,2,RJ,alta,239
2020,adulto,2,2,RJ,baixa,23
2020,adulto,2,2,RJ,media,448
2020,adulto,2,2,RN,alta,6
2020,adulto,2,2,RN,baixa,3
2020,adulto,2,2,RN,media,11
2020,adulto,2,2,RO,alta,10
2020,adulto,2,2,RO,baixa,1
2020,adulto,2,2,RO,media,14
2020,adulto,2,2,RR,alta,3
2020,adulto,2,2,RR,baixa,1
2020,adulto,2,2,RR,media,1
2020,adulto,2,2,RS,alta,45
2020,adulto,2,2,RS,baixa,7
2020,adulto,2,2,RS,media,73
2020,adulto,2,2,SC,alta,31
2020,adulto,2,2,SC,baixa,3
2020,adulto,2,2,SC,media,30
2020,adulto,2,2,SE,alta,17
2020,adulto,2,2,SE,baixa,6
2020,adulto,2,2,SE,media,18
2020,adulto,2,2,SP,alta,349
2020,adulto,2,2,SP,baixa,17
2020,adulto,2,2,SP,media,278
2020,adulto,2,2,TO,alta,11
2020,adulto,2,2,TO,baixa,2
2020,adulto,2,2,TO,media,18
2020,adulto,3,1,AL,alta,1
2020,adulto,3,1,AL,baixa,1
2020,adulto,3,1,AL,media,2
2020,adulto,3,1,AM,alta,7
2020,adulto,3,1,AM,media,5
2020,adulto,3,1,AP,alta,1
2020,adulto,3,1,AP,media,2
2020,adulto,3,1,BA,alta,2
2020,adulto,3,1,BA,media,4
2020,adulto,3,1,CE,alta,7
2020,adulto,3,1,CE,baixa,1
2020,adulto,3,1,CE,media,9
2020,adulto,3,1,DF,alta,2
2020,adulto,3,1,DF,media,6
2020,adulto,3,1,ES,alta,1
2020,adulto,3,1,ES,media,1
2020,adulto,3,1,GO,alta,3
2020,adulto,3,1,GO,media,3
2020,adulto,3,1,MA,alta,4
2020,adulto,3,1,MA,media,1
2020,adulto,3,1,MG,alta,11
2020,adulto,3,1,MG,baixa,1
2020,adulto,3,1,MG,media,5
2020,adulto,3,1,MS,media,1
2020,adulto,3,1,MT,alta,4
2020,adulto,3,1,MT,media,3
2020,adulto,3,1,PA,alta,3
2020,adulto,3,1,PA,baixa,2
2020,adulto,3,1,PA,media,4
2020,adulto,3,1,PB,media,1
2020,adulto,3,1,PE,alta,1
2020,adulto,3,1,PE,baixa,1
2020,adulto,3,1,PE,media,6
2020,adulto,3,1,PI,baixa,2
2020,adulto,3,1,PI,media,1
2020,adulto,3,1,PR,alta,5
2020,adulto,3,1,PR,baixa,1
2020,adulto,3,1,PR,media,3
2020,adulto,3,1,RJ,media,3
2020,adulto,3,1,RN,media,1
2020,adulto,3,1,RO,alta,1
2020,adulto,3,1,RR,baixa,1
2020,adulto,3,1,RR,media,1
2020,adulto,3,1,RS,alta,1
2020,adulto,3,1,RS,media,2
2020,adulto,3,1,SP,alta,14
2020,adulto,3,1,SP,baixa,2
2020,adulto,3,1,SP,media,26
2020,adulto,3,1,TO,alta,3
2020,adulto,3,1,TO,media,2
2020,adulto,3,2,AM,alta,2
2020,adulto,3,2,AM,media,1
2020,adulto,3,2,AP,media,3
2020,adulto,3,2,BA,baixa,1
2020,adulto,3,2,BA,media,2
2020,adulto,3,2,CE,alta,2
2020,adulto,3,2,CE,baixa,2
2020,adulto,3,2,CE,media,6
2020,adulto,3,2,DF,alta,1
2020,adulto,3,2,DF,media,2
2020,adulto,3,2,GO,baixa,1
2020,adulto,3,2,GO,media,3
2020,adulto,3,2,MA,alta,1
2020,adulto,3,2,MA,media,1
2020,adulto,3,2,MG,alta,7
2020,adulto,3,2,MG,baixa,1
2020,adulto,3,2,MG,media,6
2020,adulto,3,2,MS,media,3
2020,adulto,3,2,MT,alta,5
2020,adulto,3,2,MT,media,3
2020,adulto,3,2,PA,alta,2
2020,adulto,3,2,PB,media,1
2020,adulto,3,2,PE,alta,3
2020,adulto,3,2,PE,media,3
2020,adulto,3,2,PI,media,1
2020,adulto,3,2,PR,alta,1
2020,adulto,3,2,PR,media,1
2020,adulto,3,2,RJ,media,1
2020,adulto,3,2,RN,media,2
2020,adulto,3,2,RO,media,1
2020,adulto,3,2,RS,alta,1
2020,adulto,3,2,SC,media,3
2020,adulto,3,2,SE,media,1
2020,adulto,3,2,SP,alta,8
2020,adulto,3,2,SP,baixa,1
2020,adulto,3,2,SP,media,15
2020,adulto,4,0,CE,alta,1
2020,adulto,4,1,AC,alta,44
2020,adulto,4,1,AC,baixa,26
2020,adulto,4,1,AC,media,76
2020,adulto,4,1,AL,alta,224
2020,adulto,4,1,AL,baixa,104
2020,adulto,4,1,AL,media,469
2020,adulto,4,1,AM,alta,699
2020,adulto,4,1,AM,baixa,102
2020,adulto,4,1,AM,media,740
2020,adulto,4,1,AP,alta,87
2020,adulto,4,1,AP,baixa,6
2020,adulto,4,1,AP,media,110
2020,adulto,4,1,BA,alta,1042
2020,adulto,4,1,BA,baixa,298
2020,adulto,4,1,BA,media,2447
2020,adulto,4,1,CE,alta,906
2020,adulto,4,1,CE,baixa,284
2020,adulto,4,1,CE,media,2138
2020,adulto,4,1,DF,alta,170
2020,adulto,4,1,DF,baixa,12
2020,adulto,4,1,DF,media,324
2020,adulto,4,1,ES,alta,172
2020,adulto,4,1,ES,baixa,25
2020,adulto,4,1,ES,media,212
2020,adulto,4,1,GO,alta,629
2020,adulto,4,1,GO,baixa,62
2020,adulto,4,1,GO,media,1065
2020,adulto,4,1,MA,alta,757
2020,adulto,4,1,MA,baixa,239
2020,adulto,4,1,MA,media,1135
2020,adulto,4,1,MG,alta,1087
2020,adulto,4,1,MG,baixa,159
2020,adulto,4,1,MG,media,1724
2020,adulto,4,1,MS,alta,258
2020,adulto,4,1,MS,baixa,23
2020,adulto,4,1,MS,media,279
2020,adulto,4,1,MT,alta,505
2020,adulto,4,1,MT,baixa,32
2020,adulto,4,1,MT,media,447
2020,adulto,4,1,PA,alta,677
2020,adulto,4,1,PA,baixa,161
2020,adulto,4,1,PA,media,1341
2020,adulto,4,1,PB,alta,81
2020,adulto,4,1,PB,baixa,55
2020,adulto,4,1,PB,media,240
2020,adulto,4,1,PE,alta,751
2020,adulto,4,1,PE,baixa,354
2020,adulto,4,1,PE,media,2249
2020,adulto,4,1,PI,alta,173
2020,adulto,4,1,PI,baixa,103
2020,adulto,4,1,PI,media,536
2020,adulto,4,1,PR,alta,483
2020,adulto,4,1,PR,baixa,41
2020,adulto,4,1,PR,media,586
2020,adulto,4,1,RJ,alta,802
2020,adulto,4,1,RJ,baixa,77
2020,adulto,4,1,RJ,media,1477
2020,adulto,4,1,RN,alta,88
2020,adulto,4,1,RN,baixa,61
2020,adulto,4,1,RN,media,351
2020,adulto,4,1,RO,alta,160
2020,adulto,4,1,RO,baixa,30
2020,adulto,4,1,RO,media,192
2020,adulto,4,1,RR,alta,81
2020,adulto,4,1,RR,baixa,5
2020,adulto,4,1,RR,media,88
2020,adulto,4,1,RS,alta,72
2020,adulto,4,1,RS,baixa,14
2020,adulto,4,1,RS,media,139
2020,adulto,4,1,SC,alta,100
2020,adulto,4,1,SC,baixa,11
2020,adulto,4,1,SC,media,140
2020,adulto,4,1,SE,alta,274
2020,adulto,4,1,SE,baixa,72
2020,adulto,4,1,SE,media,605
2020,adulto,4,1,SP,alta,2297
2020,adulto,4,1,SP,baixa,140
2020,adulto,4,1,SP,media,2242
2020,adulto,4,1,TO,alta,150
2020,adulto,4,1,TO,baixa,20
2020,adulto,4,1,TO,media,231
2020,adulto,4,2,AC,alta,18
2020,adulto,4,2,AC,baixa,6
2020,adulto,4,2,AC,media,29
2020,adulto,4,2,AL,alta,59
2020,adulto,4,2,AL,baixa,22
2020,adulto,4,2,AL,media,117
2020,adulto,4,2,AM,alta,321
2020,adulto,4,2,AM,baixa,31
2020,adulto,4,2,AM,media,234
2020,adulto,4,2,AP,alta,41
2020,adulto,4,2,AP,baixa,7
2020,adulto,4,2,AP,media,53
2020,adulto,4,2,BA,alta,488
2020,adulto,4,2,BA,baixa,116
2020,adulto,4,2,BA,media,740
2020,adulto,4,2,CE,alta,410
2020,adulto,4,2,CE,baixa,88
2020,adulto,4,2,CE,media,655
2020,adulto,4,2,DF,alta,85
2020,adulto,4,2,DF,baixa,4
2020,adulto,4,2,DF,media,103
2020,adulto,4,2,ES,alta,99
2020,adulto,4,2,ES,baixa,9
2020,adulto,4,2,ES,media,87
2020,adulto,4,2,GO,alta,237
2020,adulto,4,2,GO,baixa,20
2020,adulto,4,2,GO,media,340
2020,adulto,4,2,MA,alta,317
2020,adulto,4,2,MA,baixa,83
2020,adulto,4,2,MA,media,439
2020,adulto,4,2,MG,alta,554
2020,adulto,4,2,MG,baixa,71
2020,adulto,4,2,MG,media,676
2020,adulto,4,2,MS,alta,131
2020,adulto,4,2,MS,baixa,15
2020,adulto,4,2,MS,media,112
2020,adulto,4,2,MT,alta,206
2020,adulto,4,2,MT,baixa,15
2020,adulto,4,2,MT,media,179
2020,adulto,4,2,PA,alta,382
2020,adulto,4,2,PA,baixa,61
2020,adulto,4,2,PA,media,571
2020,adulto,4,2,PB,alta,56
2020,adulto,4,2,PB,baixa,19
2020,adulto,4,2,PB,media,105
2020,adulto,4,2,PE,alta,387
2020,adulto,4,2,PE,baixa,104
2020,adulto,4,2,PE,media,638
2020,adulto,4,2,PI,alta,91
2020,adulto,4,2,PI,baixa,29
2020,adulto,4,2,PI,media,151
2020,adulto,4,2,PR,alta,209
2020,adulto,4,2,PR,baixa,20
2020,adulto,4,2,PR,media,189
2020,adulto,4,2,RJ,alta,541
2020,adulto,4,2,RJ,baixa,43
2020,adulto,4,2,RJ,media,741
2020,adulto,4,2,RN,alta,72
2020,adulto,4,2,RN,baixa,13
2020,adulto,4,2,RN,media,124
2020,adulto,4,2,RO,alta,59
2020,adulto,4,2,RO,baixa,12
2020,adulto,4,2,RO,media,72
2020,adulto,4,2,RR,alta,37
2020,adulto,4,2,RR,baixa,3
2020,adulto,4,2,RR,media,45
2020,adulto,4,2,RS,alta,50
2020,adulto,4,2,RS,baixa,6
2020,adulto,4,2,RS,media,61
2020,adulto,4,2,SC,alta,42
2020,adulto,4,2,SC,baixa,9
2020,adulto,4,2,SC,media,37
2020,adulto,4,2,SE,alta,88
2020,adulto,4,2,SE,baixa,27
2020,adulto,4,2,SE,media,146
2020,adulto,4,2,SP,alta,1081
2020,adulto,4,2,SP,baixa,63
2020,adulto,4,2,SP,media,825
2020,adulto,4,2,TO,alta,50
2020,adulto,4,2,TO,baixa,9
2020,adulto,4,2,TO,media,79
2020,adulto,5,1,AC,alta,1
2020,adulto,5,1,AC,media,1
2020,adulto,5,1,AL,baixa,3
2020,adulto,5,1,AL,media,4
2020,adulto,5,1,AM,alta,18
2020,adulto,5,1,AM,baixa,9
2020,adulto,5,1,AM,media,30
2020,adulto,5,1,AP,media,1
2020,adulto,5,1,BA,media,4
2020,adulto,5,1,CE,alta,1
2020,adulto,5,1,CE,media,2
2020,adulto,5,1,ES,media,1
2020,adulto,5,1,GO,alta,1
2020,adulto,5,1,GO,media,1
2020,adulto,5,1,MA,alta,1
2020,adulto,5,1,MA,baixa,4
2020,adulto,5,1,MA,media,9
2020,adulto,5,1,MG,alta,2
2020,adulto,5,1,MG,media,5
2020,adulto,5,1,MS,alta,9
2020,adulto,5,1,MS,baixa,6
2020,adulto,5,1,MS,media,24
2020,adulto,5,1,MT,alta,5
2020,adulto,5,1,MT,baixa,1
2020,adulto,5,1,MT,media,1
2020,adulto,5,1,PA,alta,5
2020,adulto,5,1,PA,media,6
2020,adulto,5,1,PB,media,2
2020,adulto,5,1,PE,alta,1
2020,adulto,5,1,PE,baixa,3
2020,adulto,5,1,PE,media,4
2020,adulto,5,1,PI,media,1
2020,adulto,5,1,PR,alta,3
2020,adulto,5,1,PR,baixa,3
2020,adulto,5,1,PR,media,3
2020,adulto,5,1,RJ,alta,1
2020,adulto,5,1,RN,media,1
2020,adulto,5,1,RO,alta,3
2020,adulto,5,1,RO,media,4
2020,adulto,5,1,RR,alta,6
2020,adulto,5,1,RR,baixa,11
2020,adulto,5,1,RR,media,16
2020,adulto,5,1,RS,alta,3
2020,adulto,5,1,RS,baixa,1
2020,adulto,5,1,RS,media,7
2020,adulto,5,1,SC,alta,2
2020,adulto,5,1,SC,media,3
2020,adulto,5,1,SE,alta,1
2020,adulto,5,1,SP,alta,5
2020,adulto,5,1,SP,media,3
2020,adulto,5,1,TO,alta,1
2020,adulto,5,1,TO,baixa,1
2020,adulto,5,2,AC,baixa,2
2020,adulto,5,2,AL,media,1
2020,adulto,5,2,AM,alta,13
2020,adulto,5,2,AM,baixa,8
2020,adulto,5,2,AM,media,17
2020,adulto,5,2,AP,alta,1
2020,adulto,5,2,BA,media,3
2020,adulto,5,2,CE,alta,1
2020,adulto,5,2,CE,media,1
2020,adulto,5,2,DF,alta,1
2020,adulto,5,2,ES,alta,1
2020,adulto,5,2,GO,baixa,2
2020,adulto,5,2,GO,media,1
2020,adulto,5,2,MA,baixa,4
2020,adulto,5,2,MA,media,6
2020,adulto,5,2,MG,alta,1
2020,adulto,5,2,MG,baixa,2
2020,adulto,5,2,MG,media,3
2020,adulto,5,2,MS,alta,7
2020,adulto,5,2,MS,baixa,9
2020,adulto,5,2,MS,media,19
2020,adulto,5,2,MT,alta,2
2020,adulto,5,2,MT,baixa,1
2020,adulto,5,2,MT,media,3
2020,adulto,5,2,PA,alta,1
2020,adulto,5,2,PA,media,3
2020,adulto,5,2,PB,alta,1
2020,adulto,5,2,PE,alta,2
2020,adulto,5,2,PE,baixa,1
2020,adulto,5,2,PE,media,5
2020,adulto,5,2,PR,media,3
2020,adulto,5,2,RJ,media,2
2020,adulto,5,2,RN,alta,2
2020,adulto,5,2,RO,alta,1
2020,adulto,5,2,RO,media,1
2020,adulto,5,2,RR,alta,2
2020,adulto,5,2,RR,baixa,6
2020,adulto,5,2,RR,media,8
2020,adulto,5,2,RS,alta,1
2020,adulto,5,2,RS,baixa,2
2020,adulto,5,2,RS,media,8
2020,adulto,5,2,SC,alta,1
2020,adulto,5,2,SC,media,2
2020,adulto,5,2,SP,alta,2
2020,adulto,5,2,SP,media,3
2020,adulto,5,2,TO,baixa,2
2020,adulto,5,2,TO,media,3
2020,idoso,1,0,MG,alta,1
2020,idoso,1,0,MT,media,1
2020,idoso,1,0,SP,media,1
2020,idoso,1,1,AC,alta,14
2020,idoso,1,1,AC,baixa,14
2020,idoso,1,1,AC,media,46
2020,idoso,1,1,AL,alta,61
2020,idoso,1,1,AL,baixa,101
2020,idoso,1,1,AL,media,183
2020,idoso,1,1,AM,alta,188
2020,idoso,1,1,AM,baixa,65
2020,idoso,1,1,AM,media,313
2020,idoso,1,1,AP,alta,17
2020,idoso,1,1,AP,baixa,10
2020,idoso,1,1,AP,media,53
2020,idoso,1,1,BA,alta,434
2020,idoso,1,1,BA,baixa,324
2020,idoso,1,1,BA,media,1072
2020,idoso,1,1,CE,alta,333
2020,idoso,1,1,CE,baixa,342
2020,idoso,1,1,CE,media,930
2020,idoso,1,1,DF,alta,287
2020,idoso,1,1,DF,baixa,57
2020,idoso,1,1,DF,media,690
2020,idoso,1,1,ES,alta,226
2020,idoso,1,1,ES,baixa,79
2020,idoso,1,1,ES,media,561
2020,idoso,1,1,GO,alta,582
2020,idoso,1,1,GO,baixa,318
2020,idoso,1,1,GO,media,1558
2020,idoso,1,1,MA,alta,205
2020,idoso,1,1,MA,baixa,197
2020,idoso,1,1,MA,media,489
2020,idoso,1,1,MG,alta,2327
2020,idoso,1,1,MG,baixa,737
2020,idoso,1,1,MG,media,6114
2020,idoso,1,1,MS,alta,387
2020,idoso,1,1,MS,baixa,120
2020,idoso,1,1,MS,media,830
2020,idoso,1,1,MT,alta,323
2020,idoso,1,1,MT,baixa,125
2020,idoso,1,1,MT,media,795
2020,idoso,1,1,PA,alta,296
2020,idoso,1,1,PA,baixa,153
2020,idoso,1,1,PA,media,681
2020,idoso,1,1,PB,alta,75
2020,idoso,1,1,PB,baixa,106
2020,idoso,1,1,PB,media,256
2020,idoso,1,1,PE,alta,653
2020,idoso,1,1,PE,baixa,454
2020,idoso,1,1,PE,media,1644
2020,idoso,1,1,PI,alta,62
2020,idoso,1,1,PI,baixa,118
2020,idoso,1,1,PI,media,229
2020,idoso,1,1,PR,alta,2458
2020,idoso,1,1,PR,baixa,794
2020,idoso,1,1,PR,media,6416
2020,idoso,1,1,RJ,alta,3232
2020,idoso,1,1,RJ,baixa,535
2020,idoso,1,1,RJ,media,7109
2020,idoso,1,1,RN,alta,150
2020,idoso,1,1,RN,baixa,190
2020,idoso,1,1,RN,media,436
2020,idoso,1,1,RO,alta,96
2020,idoso,1,1,RO,baixa,92
2020,idoso,1,1,RO,media,267
2020,idoso,1,1,RR,alta,16
2020,idoso,1,1,RR,baixa,11
2020,idoso,1,1,RR,media,47
2020,idoso,1,1,RS,alta,2289
2020,idoso,1,1,RS,baixa,562
2020,idoso,1,1,RS,media,6412
2020,idoso,1,1,SC,alta,1623
2020,idoso,1,1,SC,baixa,309
2020,idoso,1,1,SC,media,4812
2020,idoso,1,1,SE,alta,129
2020,idoso,1,1,SE,baixa,78
2020,idoso,1,1,SE,media,250
2020,idoso,1,1,SP,alta,9508
2020,idoso,1,1,SP,baixa,1418
2020,idoso,1,1,SP,media,21431
2020,idoso,1,1,TO,alta,59
2020,idoso,1,1,TO,baixa,38
2020,idoso,1,1,TO,media,162
2020,idoso,1,2,AC,alta,6
2020,idoso,1,2,AC,baixa,15
2020,idoso,1,2,AC,media,32
2020,idoso,1,2,AL,alta,46
2020,idoso,1,2,AL,baixa,106
2020,idoso,1,2,AL,media,149
2020,idoso,1,2,AM,alta,150
2020,idoso,1,2,AM,baixa,60
2020,idoso,1,2,AM,media,219
2020,idoso,1,2,AP,alta,20
2020,idoso,1,2,AP,baixa,11
2020,idoso,1,2,AP,media,27
2020,idoso,1,2,BA,alta,374
2020,idoso,1,2,BA,baixa,329
2020,idoso,1,2,BA,media,785
2020,idoso,1,2,CE,alta,305
2020,idoso,1,2,CE,baixa,355
2020,idoso,1,2,CE,media,933
2020,idoso,1,2,DF,alta,202
2020,idoso,1,2,DF,baixa,60
2020,idoso,1,2,DF,media,500
2020,idoso,1,2,ES,alta,127
2020,idoso,1,2,ES,baixa,101
2020,idoso,1,2,ES,media,379
2020,idoso,1,2,GO,alta,401
2020,idoso,1,2,GO,baixa,335
2020,idoso,1,2,GO,media,1180
2020,idoso,1,2,MA,alta,168
2020,idoso,1,2,MA,baixa,187
2020,idoso,1,2,MA,media,383
2020,idoso,1,2,MG,alta,1448
2020,idoso,1,2,MG,baixa,794
2020,idoso,1,2,MG,media,4503
2020,idoso,1,2,MS,alta,237
2020,idoso,1,2,MS,baixa,112
2020,idoso,1,2,MS,media,610
2020,idoso,1,2,MT,alta,199
2020,idoso,1,2,MT,baixa,124
2020,idoso,1,2,MT,media,472
2020,idoso,1,2,PA,alta,224
2020,idoso,1,2,PA,baixa,139
2020,idoso,1,2,PA,media,501
2020,idoso,1,2,PB,alta,49
2020,idoso,1,2,PB,baixa,115
2020,idoso,1,2,PB,media,254
2020,idoso,1,2,PE,alta,530
2020,idoso,1,2,PE,baixa,548
2020,idoso,1,2,PE,media,1410
2020,idoso,1,2,PI,alta,47
2020,idoso,1,2,PI,baixa,107
2020,idoso,1,2,PI,media,202
2020,idoso,1,2,PR,alta,1315
2020,idoso,1,2,PR,baixa,1048
2020,idoso,1,2,PR,media,4329
2020,idoso,1,2,RJ,alta,2505
2020,idoso,1,2,RJ,baixa,656
2020,idoso,1,2,RJ,media,6142
2020,idoso,1,2,RN,alta,139
2020,idoso,1,2,RN,baixa,189
2020,idoso,1,2,RN,media,428
2020,idoso,1,2,RO,alta,72
2020,idoso,1,2,RO,baixa,70
2020,idoso,1,2,RO,media,158
2020,idoso,1,2,RR,alta,18
2020,idoso,1,2,RR,baixa,10
2020,idoso,1,2,RR,media,31
2020,idoso,1,2,RS,alta,1422
2020,idoso,1,2,RS,baixa,541
2020,idoso,1,2,RS,media,4280
2020,idoso,1,2,SC,alta,819
2020,idoso,1,2,SC,baixa,318
2020,idoso,1,2,SC,media,3010
2020,idoso,1,2,SE,alta,77
2020,idoso,1,2,SE,baixa,104
2020,idoso,1,2,SE,media,224
2020,idoso,1,2,SP,alta,5950
2020,idoso,1,2,SP,baixa,1952
2020,idoso,1,2,SP,media,15742
2020,idoso,1,2,TO,alta,34
2020,idoso,1,2,TO,baixa,40
2020,idoso,1,2,TO,media,114
2020,idoso,2,1,AC,alta,1
2020,idoso,2,1,AC,baixa,6
2020,idoso,2,1,AC,media,10
2020,idoso,2,1,AL,alta,12
2020,idoso,2,1,AL,baixa,49
2020,idoso,2,1,AL,media,55
2020,idoso,2,1,AM,alta,28
2020,idoso,2,1,AM,baixa,28
2020,idoso,2,1,AM,media,72
2020,idoso,2,1,AP,alta,3
2020,idoso,2,1,AP,baixa,15
2020,idoso,2,1,AP,media,23
2020,idoso,2,1,BA,alta,309
2020,idoso,2,1,BA,baixa,581
2020,idoso,2,1,BA,media,1074
2020,idoso,2,1,CE,alta,26
2020,idoso,2,1,CE,baixa,131
2020,idoso,2,1,CE,media,127
2020,idoso,2,1,DF,alta,39
2020,idoso,2,1,DF,baixa,18
2020,idoso,2,1,DF,media,119
2020,idoso,2,1,ES,alta,39
2020,idoso,2,1,ES,baixa,53
2020,idoso,2,1,ES,media,136
2020,idoso,2,1,GO,alta,64
2020,idoso,2,1,GO,baixa,165
2020,idoso,2,1,GO,media,273
2020,idoso,2,1,MA,alta,67
2020,idoso,2,1,MA,baixa,253
2020,idoso,2,1,MA,media,308
2020,idoso,2,1,MG,alta,358
2020,idoso,2,1,MG,baixa,382
2020,idoso,2,1,MG,media,1554
2020,idoso,2,1,MS,alta,33
2020,idoso,2,1,MS,baixa,39
2020,idoso,2,1,MS,media,114
2020,idoso,2,1,MT,alta,52
2020,idoso,2,1,MT,baixa,88
2020,idoso,2,1,MT,media,164
2020,idoso,2,1,PA,alta,69
2020,idoso,2,1,PA,baixa,175
2020,idoso,2,1,PA,media,261
2020,idoso,2,1,PB,alta,7
2020,idoso,2,1,PB,baixa,34
2020,idoso,2,1,PB,media,39
2020,idoso,2,1,PE,alta,99
2020,idoso,2,1,PE,baixa,192
2020,idoso,2,1,PE,media,383
2020,idoso,2,1,PI,alta,21
2020,idoso,2,1,PI,baixa,145
2020,idoso,2,1,PI,media,114
2020,idoso,2,1,PR,alta,114
2020,idoso,2,1,PR,baixa,103
2020,idoso,2,1,PR,media,343
2020,idoso,2,1,RJ,alta,823
2020,idoso,2,1,RJ,baixa,302
2020,idoso,2,1,RJ,media,2290
2020,idoso,2,1,RN,alta,10
2020,idoso,2,1,RN,baixa,53
2020,idoso,2,1,RN,media,58
2020,idoso,2,1,RO,alta,10
2020,idoso,2,1,RO,baixa,41
2020,idoso,2,1,RO,media,48
2020,idoso,2,1,RR,alta,6
2020,idoso,2,1,RR,baixa,3
2020,idoso,2,1,RR,media,11
2020,idoso,2,1,RS,alta,150
2020,idoso,2,1,RS,baixa,73
2020,idoso,2,1,RS,media,419
2020,idoso,2,1,SC,alta,50
2020,idoso,2,1,SC,baixa,13
2020,idoso,2,1,SC,media,129
2020,idoso,2,1,SE,alta,46
2020,idoso,2,1,SE,baixa,74
2020,idoso,2,1,SE,media,112
2020,idoso,2,1,SP,alta,948
2020,idoso,2,1,SP,baixa,297
2020,idoso,2,1,SP,media,2493
2020,idoso,2,1,TO,alta,6
2020,idoso,2,1,TO,baixa,55
2020,idoso,2,1,TO,media,62
2020,idoso,2,2,AC,alta,3
2020,idoso,2,2,AC,baixa,6
2020,idoso,2,2,AC,media,8
2020,idoso,2,2,AL,alta,7
2020,idoso,2,2,AL,baixa,40
2020,idoso,2,2,AL,media,26
2020,idoso,2,2,AM,alta,13
2020,idoso,2,2,AM,baixa,14
2020,idoso,2,2,AM,media,34
2020,idoso,2,2,AP,alta,4
2020,idoso,2,2,AP,baixa,10
2020,idoso,2,2,AP,media,12
2020,idoso,2,2,BA,alta,202
2020,idoso,2,2,BA,baixa,458
2020,idoso,2,2,BA,media,657
2020,idoso,2,2,CE,alta,20
2020,idoso,2,2,CE,baixa,81
2020,idoso,2,2,CE,media,79
2020,idoso,2,2,DF,alta,42
2020,idoso,2,2,DF,baixa,31
2020,idoso,2,2,DF,media,86
2020,idoso,2,2,ES,alta,18
2020,idoso,2,2,ES,baixa,43
2020,idoso,2,2,ES,media,86
2020,idoso,2,2,GO,alta,42
2020,idoso,2,2,GO,baixa,134
2020,idoso,2,2,GO,media,169
2020,idoso,2,2,MA,alta,49
2020,idoso,2,2,MA,baixa,192
2020,idoso,2,2,MA,media,140
2020,idoso,2,2,MG,alta,211
2020,idoso,2,2,MG,baixa,419
2020,idoso,2,2,MG,media,986
2020,idoso,2,2,MS,alta,17
2020,idoso,2,2,MS,baixa,20
2020,idoso,2,2,MS,media,49
2020,idoso,2,2,MT,alta,38
2020,idoso,2,2,MT,baixa,64
2020,idoso,2,2,MT,media,68
2020,idoso,2,2,PA,alta,35
2020,idoso,2,2,PA,baixa,87
2020,idoso,2,2,PA,media,153
2020,idoso,2,2,PB,alta,3
2020,idoso,2,2,PB,baixa,28
2020,idoso,2,2,PB,media,22
2020,idoso,2,2,PE,alta,69
2020,idoso,2,2,PE,baixa,188
2020,idoso,2,2,PE,media,273
2020,idoso,2,2,PI,alta,6
2020,idoso,2,2,PI,baixa,87
2020,idoso,2,2,PI,media,42
2020,idoso,2,2,PR,alta,50
2020,idoso,2,2,PR,baixa,109
2020,idoso,2,2,PR,media,245
2020,idoso,2,2,RJ,alta,636
2020,idoso,2,2,RJ,baixa,432
2020,idoso,2,2,RJ,media,2319
2020,idoso,2,2,RN,alta,7
2020,idoso,2,2,RN,baixa,32
2020,idoso,2,2,RN,media,39
2020,idoso,2,2,RO,alta,5
2020,idoso,2,2,RO,baixa,22
2020,idoso,2,2,RO,media,35
2020,idoso,2,2,RR,alta,1
2020,idoso,2,2,RR,baixa,4
2020,idoso,2,2,RR,media,3
2020,idoso,2,2,RS,alta,111
2020,idoso,2,2,RS,baixa,68
2020,idoso,2,2,RS,media,340
2020,idoso,2,2,SC,alta,42
2020,idoso,2,2,SC,baixa,30
2020,idoso,2,2,SC,media,113
2020,idoso,2,2,SE,alta,21
2020,idoso,2,2,SE,baixa,61
2020,idoso,2,2,SE,media,79
2020,idoso,2,2,SP,alta,582
2020,idoso,2,2,SP,baixa,407
2020,idoso,2,2,SP,media,1827
2020,idoso,2,2,TO,alta,2
2020,idoso,2,2,TO,baixa,29
2020,idoso,2,2,TO,media,48
2020,idoso,3,1,AC,media,1
2020,idoso,3,1,AL,media,1
2020,idoso,3,1,AM,alta,1
2020,idoso,3,1,AM,baixa,4
2020,idoso,3,1,AM,media,8
2020,idoso,3,1,AP,alta,3
2020,idoso,3,1,AP,media,7
2020,idoso,3,1,BA,alta,8
2020,idoso,3,1,BA,baixa,5
2020,idoso,3,1,BA,media,11
2020,idoso,3,1,CE,alta,4
2020,idoso,3,1,CE,baixa,11
2020,idoso,3,1,CE,media,19
2020,idoso,3,1,DF,alta,7
2020,idoso,3,1,DF,baixa,2
2020,idoso,3,1,DF,media,16
2020,idoso,3,1,ES,alta,1
2020,idoso,3,1,ES,baixa,2
2020,idoso,3,1,ES,media,4
2020,idoso,3,1,GO,alta,4
2020,idoso,3,1,GO,baixa,6
2020,idoso,3,1,GO,media,24
2020,idoso,3,1,MA,alta,4
2020,idoso,3,1,MA,baixa,11
2020,idoso,3,1,MA,media,5
2020,idoso,3,1,MG,alta,26
2020,idoso,3,1,MG,baixa,11
2020,idoso,3,1,MG,media,40
2020,idoso,3,1,MS,alta,15
2020,idoso,3,1,MS,baixa,1
2020,idoso,3,1,MS,media,19
2020,idoso,3,1,MT,alta,20
2020,idoso,3,1,MT,baixa,5
2020,idoso,3,1,MT,media,28
2020,idoso,3,1,PA,alta,7
2020,idoso,3,1,PA,baixa,4
2020,idoso,3,1,PA,media,16
2020,idoso,3,1,PB,alta,1
2020,idoso,3,1,PB,baixa,2
2020,idoso,3,1,PB,media,4
2020,idoso,3,1,PE,alta,2
2020,idoso,3,1,PE,baixa,5
2020,idoso,3,1,PE,media,16
2020,idoso,3,1,PI,baixa,4
2020,idoso,3,1,PI,media,4
2020,idoso,3,1,PR,alta,31
2020,idoso,3,1,PR,baixa,4
2020,idoso,3,1,PR,media,64
2020,idoso,3,1,RJ,alta,6
2020,idoso,3,1,RJ,baixa,2
2020,idoso,3,1,RJ,media,28
2020,idoso,3,1,RN,alta,1
2020,idoso,3,1,RN,baixa,2
2020,idoso,3,1,RN,media,4
2020,idoso,3,1,RO,alta,3
2020,idoso,3,1,RO,media,8
2020,idoso,3,1,RR,baixa,1
2020,idoso,3,1,RR,media,4
2020,idoso,3,1,RS,alta,2
2020,idoso,3,1,RS,baixa,2
2020,idoso,3,1,RS,media,6
2020,idoso,3,1,SC,media,8
2020,idoso,3,1,SE,baixa,3
2020,idoso,3,1,SE,media,2
2020,idoso,3,1,SP,alta,225
2020,idoso,3,1,SP,baixa,9
2020,idoso,3,1,SP,media,395
2020,idoso,3,1,TO,baixa,1
2020,idoso,3,1,TO,media,1
2020,idoso,3,2,AC,baixa,2
2020,idoso,3,2,AL,baixa,1
2020,idoso,3,2,AL,media,1
2020,idoso,3,2,AM,alta,2
2020,idoso,3,2,AM,baixa,1
2020,idoso,3,2,AM,media,2
2020,idoso,3,2,AP,alta,2
2020,idoso,3,2,AP,baixa,2
2020,idoso,3,2,AP,media,2
2020,idoso,3,2,BA,alta,5
2020,idoso,3,2,BA,baixa,2
2020,idoso,3,2,BA,media,5
2020,idoso,3,2,CE,alta,4
2020,idoso,3,2,CE,baixa,11
2020,idoso,3,2,CE,media,20
2020,idoso,3,2,DF,alta,3
2020,idoso,3,2,DF,baixa,2
2020,idoso,3,2,DF,media,7
2020,idoso,3,2,ES,baixa,2
2020,idoso,3,2,ES,media,2
2020,idoso,3,2,GO,alta,3
2020,idoso,3,2,GO,baixa,5
2020,idoso,3,2,GO,media,17
2020,idoso,3,2,MA,alta,3
2020,idoso,3,2,MA,baixa,7
2020,idoso,3,2,MA,media,8
2020,idoso,3,2,MG,alta,11
2020,idoso,3,2,MG,baixa,9
2020,idoso,3,2,MG,media,24
2020,idoso,3,2,MS,alta,5
2020,idoso,3,2,MS,baixa,1
2020,idoso,3,2,MS,media,14
2020,idoso,3,2,MT,alta,7
2020,idoso,3,2,MT,baixa,9
2020,idoso,3,2,MT,media,17
2020,idoso,3,2,PA,alta,3
2020,idoso,3,2,PA,baixa,2
2020,idoso,3,2,PA,media,7
2020,idoso,3,2,PB,baixa,1
2020,idoso,3,2,PB,media,1
2020,idoso,3,2,PE,alta,1
2020,idoso,3,2,PE,baixa,3
2020,idoso,3,2,PE,media,9
2020,idoso,3,2,PI,baixa,4
2020,idoso,3,2,PI,media,3
2020,idoso,3,2,PR,alta,21
2020,idoso,3,2,PR,baixa,7
2020,idoso,3,2,PR,media,39
2020,idoso,3,2,RJ,alta,7
2020,idoso,3,2,RJ,baixa,4
2020,idoso,3,2,RJ,media,19
2020,idoso,3,2,RN,media,5
2020,idoso,3,2,RO,baixa,1
2020,idoso,3,2,RO,media,2
2020,idoso,3,2,RR,media,1
2020,idoso,3,2,RS,alta,1
2020,idoso,3,2,RS,media,4
2020,idoso,3,2,SC,alta,2
2020,idoso,3,2,SC,baixa,1
2020,idoso,3,2,SC,media,7
2020,idoso,3,2,SE,alta,1
2020,idoso,3,2,SE,media,1
2020,idoso,3,2,SP,alta,119
2020,idoso,3,2,SP,baixa,10
2020,idoso,3,2,SP,media,228
2020,idoso,3,2,TO,alta,1
2020,idoso,3,2,TO,baixa,1
2020,idoso,3,2,TO,media,1
2020,idoso,4,0,ES,baixa,1
2020,idoso,4,0,MG,media,2
2020,idoso,4,0,PA,media,1
2020,idoso,4,0,PI,baixa,1
2020,idoso,4,0,SP,alta,1
2020,idoso,4,0,SP,media,1
2020,idoso,4,1,AC,alta,50
2020,idoso,4,1,AC,baixa,120
2020,idoso,4,1,AC,media,182
2020,idoso,4,1,AL,alta,136
2020,idoso,4,1,AL,baixa,434
2020,idoso,4,1,AL,media,460
2020,idoso,4,1,AM,alta,759
2020,idoso,4,1,AM,baixa,555
2020,idoso,4,1,AM,media,1393
2020,idoso,4,1,AP,alta,37
2020,idoso,4,1,AP,baixa,82
2020,idoso,4,1,AP,media,157
2020,idoso,4,1,BA,alta,1049
2020,idoso,4,1,BA,baixa,1619
2020,idoso,4,1,BA,media,3588
2020,idoso,4,1,CE,alta,836
2020,idoso,4,1,CE,baixa,1871
2020,idoso,4,1,CE,media,3354
2020,idoso,4,1,DF,alta,232
2020,idoso,4,1,DF,baixa,107
2020,idoso,4,1,DF,media,609
2020,idoso,4,1,ES,alta,198
2020,idoso,4,1,ES,baixa,149
2020,idoso,4,1,ES,media,546
2020,idoso,4,1,GO,alta,507
2020,idoso,4,1,GO,baixa,563
2020,idoso,4,1,GO,media,1800
2020,idoso,4,1,MA,alta,500
2020,idoso,4,1,MA,baixa,1373
2020,idoso,4,1,MA,media,1807
2020,idoso,4,1,MG,alta,1224
2020,idoso,4,1,MG,baixa,1250
2020,idoso,4,1,MG,media,5212
2020,idoso,4,1,MS,alta,313
2020,idoso,4,1,MS,baixa,208
2020,idoso,4,1,MS,media,890
2020,idoso,4,1,MT,alta,381
2020,idoso,4,1,MT,baixa,356
2020,idoso,4,1,MT,media,931
2020,idoso,4,1,PA,alta,741
2020,idoso,4,1,PA,baixa,1053
2020,idoso,4,1,PA,media,2709
2020,idoso,4,1,PB,alta,109
2020,idoso,4,1,PB,baixa,408
2020,idoso,4,1,PB,media,569
2020,idoso,4,1,PE,alta,945
2020,idoso,4,1,PE,baixa,1485
2020,idoso,4,1,PE,media,3382
2020,idoso,4,1,PI,alta,142
2020,idoso,4,1,PI,baixa,616
2020,idoso,4,1,PI,media,793
2020,idoso,4,1,PR,alta,389
2020,idoso,4,1,PR,baixa,353
2020,idoso,4,1,PR,media,1424
2020,idoso,4,1,RJ,alta,1755
2020,idoso,4,1,RJ,baixa,542
2020,idoso,4,1,RJ,media,4816
2020,idoso,4,1,RN,alta,147
2020,idoso,4,1,RN,baixa,445
2020,idoso,4,1,RN,media,639
2020,idoso,4,1,RO,alta,134
2020,idoso,4,1,RO,baixa,183
2020,idoso,4,1,RO,media,406
2020,idoso,4,1,RR,alta,51
2020,idoso,4,1,RR,baixa,50
2020,idoso,4,1,RR,media,155
2020,idoso,4,1,RS,alta,130
2020,idoso,4,1,RS,baixa,93
2020,idoso,4,1,RS,media,453
2020,idoso,4,1,SC,alta,66
2020,idoso,4,1,SC,baixa,35
2020,idoso,4,1,SC,media,238
2020,idoso,4,1,SE,alta,257
2020,idoso,4,1,SE,baixa,354
2020,idoso,4,1,SE,media,695
2020,idoso,4,1,SP,alta,2531
2020,idoso,4,1,SP,baixa,973
2020,idoso,4,1,SP,media,7170
2020,idoso,4,1,TO,alta,73
2020,idoso,4,1,TO,baixa,241
2020,idoso,4,1,TO,media,415
2020,idoso,4,2,AC,alta,35
2020,idoso,4,2,AC,baixa,82
2020,idoso,4,2,AC,media,101
2020,idoso,4,2,AL,alta,74
2020,idoso,4,2,AL,baixa,357
2020,idoso,4,2,AL,media,318
2020,idoso,4,2,AM,alta,415
2020,idoso,4,2,AM,baixa,367
2020,idoso,4,2,AM,media,840
2020,idoso,4,2,AP,alta,34
2020,idoso,4,2,AP,baixa,47
2020,idoso,4,2,AP,media,76
2020,idoso,4,2,BA,alta,667
2020,idoso,4,2,BA,baixa,1438
2020,idoso,4,2,BA,media,2193
2020,idoso,4,2,CE,alta,547
2020,idoso,4,2,CE,baixa,1357
2020,idoso,4,2,CE,media,2491
2020,idoso,4,2,DF,alta,137
2020,idoso,4,2,DF,baixa,129
2020,idoso,4,2,DF,media,447
2020,idoso,4,2,ES,alta,103
2020,idoso,4,2,ES,baixa,160
2020,idoso,4,2,ES,media,401
2020,idoso,4,2,GO,alta,269
2020,idoso,4,2,GO,baixa,457
2020,idoso,4,2,GO,media,1143
2020,idoso,4,2,MA,alta,331
2020,idoso,4,2,MA,baixa,1008
2020,idoso,4,2,MA,media,1171
2020,idoso,4,2,MG,alta,686
2020,idoso,4,2,MG,baixa,1134
2020,idoso,4,2,MG,media,3141
2020,idoso,4,2,MS,alta,151
2020,idoso,4,2,MS,baixa,191
2020,idoso,4,2,MS,media,588
2020,idoso,4,2,MT,alta,213
2020,idoso,4,2,MT,baixa,261
2020,idoso,4,2,MT,media,581
2020,idoso,4,2,PA,alta,491
2020,idoso,4,2,PA,baixa,712
2020,idoso,4,2,PA,media,1640
2020,idoso,4,2,PB,alta,87
2020,idoso,4,2,PB,baixa,321
2020,idoso,4,2,PB,media,463
2020,idoso,4,2,PE,alta,577
2020,idoso,4,2,PE,baixa,1402
2020,idoso,4,2,PE,media,2371
2020,idoso,4,2,PI,alta,102
2020,idoso,4,2,PI,baixa,450
2020,idoso,4,2,PI,media,510
2020,idoso,4,2,PR,alta,182
2020,idoso,4,2,PR,baixa,433
2020,idoso,4,2,PR,media,822
2020,idoso,4,2,RJ,alta,1222
2020,idoso,4,2,RJ,baixa,781
2020,idoso,4,2,RJ,media,4288
2020,idoso,4,2,RN,alta,103
2020,idoso,4,2,RN,baixa,255
2020,idoso,4,2,RN,media,440
2020,idoso,4,2,RO,alta,71
2020,idoso,4,2,RO,baixa,124
2020,idoso,4,2,RO,media,228
2020,idoso,4,2,RR,alta,26
2020,idoso,4,2,RR,baixa,38
2020,idoso,4,2,RR,media,104
2020,idoso,4,2,RS,alta,91
2020,idoso,4,2,RS,baixa,78
2020,idoso,4,2,RS,media,301
2020,idoso,4,2,SC,alta,27
2020,idoso,4,2,SC,baixa,41
2020,idoso,4,2,SC,media,157
2020,idoso,4,2,SE,alta,144
2020,idoso,4,2,SE,baixa,282
2020,idoso,4,2,SE,media,459
2020,idoso,4,2,SP,alta,1361
2020,idoso,4,2,SP,baixa,1263
2020,idoso,4,2,SP,media,4999
2020,idoso,4,2,TO,alta,48
2020,idoso,4,2,TO,baixa,164
2020,idoso,4,2,TO,media,222
2020,idoso,5,1,AC,alta,3
2020,idoso,5,1,AC,baixa,2
2020,idoso,5,1,AC,media,1
2020,idoso,5,1,AL,alta,1
2020,idoso,5,1,AL,baixa,2
2020,idoso,5,1,AL,media,2
2020,idoso,5,1,AM,alta,5
2020,idoso,5,1,AM,baixa,45
2020,idoso,5,1,AM,media,45
2020,idoso,5,1,AP,baixa,1
2020,idoso,5,1,BA,alta,2
2020,idoso,5,1,BA,baixa,8
2020,idoso,5,1,BA,media,12
2020,idoso,5,1,CE,alta,1
2020,idoso,5,1,CE,baixa,7
2020,idoso,5,1,CE,media,4
2020,idoso,5,1,DF,media,1
2020,idoso,5,1,ES,baixa,1
2020,idoso,5,1,ES,media,3
2020,idoso,5,1,GO,baixa,1
2020,idoso,5,1,GO,media,1
2020,idoso,5,1,MA,alta,2
2020,idoso,5,1,MA,baixa,8
2020,idoso,5,1,MA,media,3
2020,idoso,5,1,MG,alta,1
2020,idoso,5,1,MG,baixa,4
2020,idoso,5,1,MG,media,8
2020,idoso,5,1,MS,alta,10
2020,idoso,5,1,MS,baixa,18
2020,idoso,5,1,MS,media,32
2020,idoso,5,1,MT,alta,3
2020,idoso,5,1,MT,baixa,8
2020,idoso,5,1,MT,media,10
2020,idoso,5,1,PA,baixa,9
2020,idoso,5,1,PA,media,14
2020,idoso,5,1,PB,baixa,3
2020,idoso,5,1,PB,media,1
2020,idoso,5,1,PE,alta,1
2020,idoso,5,1,PE,baixa,6
2020,idoso,5,1,PE,media,10
2020,idoso,5,1,PI,baixa,1
2020,idoso,5,1,PR,alta,1
2020,idoso,5,1,PR,baixa,2
2020,idoso,5,1,PR,media,4
2020,idoso,5,1,RJ,alta,3
2020,idoso,5,1,RJ,media,9
2020,idoso,5,1,RN,alta,2
2020,idoso,5,1,RN,baixa,5
2020,idoso,5,1,RN,media,2
2020,idoso,5,1,RO,alta,1
2020,idoso,5,1,RO,baixa,6
2020,idoso,5,1,RO,media,2
2020,idoso,5,1,RR,alta,4
2020,idoso,5,1,RR,baixa,14
2020,idoso,5,1,RR,media,17
2020,idoso,5,1,RS,alta,2
2020,idoso,5,1,RS,baixa,2
2020,idoso,5,1,RS,media,8
2020,idoso,5,1,SC,baixa,2
2020,idoso,5,1,SC,media,6
2020,idoso,5,1,SE,alta,1
2020,idoso,5,1,SE,baixa,1
2020,idoso,5,1,SP,alta,6
2020,idoso,5,1,SP,baixa,3
2020,idoso,5,1,SP,media,10
2020,idoso,5,1,TO,alta,1
2020,idoso,5,1,TO,media,1
2020,idoso,5,2,AC,baixa,1
2020,idoso,5,2,AL,baixa,2
2020,idoso,5,2,AL,media,3
2020,idoso,5,2,AM,alta,5
2020,idoso,5,2,AM,baixa,35
2020,idoso,5,2,AM,media,19
2020,idoso,5,2,AP,baixa,2
2020,idoso,5,2,BA,alta,4
2020,idoso,5,2,BA,baixa,11
2020,idoso,5,2,BA,media,3
2020,idoso,5,2,CE,baixa,4
2020,idoso,5,2,CE,media,3
2020,idoso,5,2,DF,baixa,1
2020,idoso,5,2,DF,media,2
2020,idoso,5,2,ES,baixa,1
2020,idoso,5,2,GO,baixa,1
2020,idoso,5,2,GO,media,1
2020,idoso,5,2,MA,baixa,6
2020,idoso,5,2,MA,media,4
2020,idoso,5,2,MG,alta,2
2020,idoso,5,2,MG,baixa,6
2020,idoso,5,2,MG,media,7
2020,idoso,5,2,MS,alta,4
2020,idoso,5,2,MS,baixa,22
2020,idoso,5,2,MS,media,24
2020,idoso,5,2,MT,alta,3
2020,idoso,5,2,MT,baixa,8
2020,idoso,5,2,MT,media,3
2020,idoso,5,2,PA,baixa,8
2020,idoso,5,2,PA,media,3
2020,idoso,5,2,PB,alta,1
2020,idoso,5,2,PB,baixa,1
2020,idoso,5,2,PB,media,2
2020,idoso,5,2,PE,alta,2
2020,idoso,5,2,PE,baixa,6
2020,idoso,5,2,PE,media,12
2020,idoso,5,2,PI,baixa,1
2020,idoso,5,2,PR,baixa,3
2020,idoso,5,2,PR,media,5
2020,idoso,5,2,RJ,alta,1
2020,idoso,5,2,RJ,baixa,1
2020,idoso,5,2,RJ,media,6
2020,idoso,5,2,RN,alta,1
2020,idoso,5,2,RN,media,4
2020,idoso,5,2,RO,baixa,3
2020,idoso,5,2,RO,media,2
2020,idoso,5,2,RR,alta,1
2020,idoso,5,2,RR,baixa,13
2020,idoso,5,2,RR,media,12
2020,idoso,5,2,RS,alta,1
2020,idoso,5,2,RS,baixa,5
2020,idoso,5,2,RS,media,8
2020,idoso,5,2,SC,baixa,2
2020,idoso,5,2,SC,media,1
2020,idoso,5,2,SP,alta,5
2020,idoso,5,2,SP,media,16
2020,idoso,5,2,TO,baixa,3
2020,idoso,5,2,TO,media,3
2020,jovem,1,1,AC,alta,6
2020,jovem,1,1,AC,baixa,1
2020,jovem,1,1,AC,media,3
2020,jovem,1,1,AL,alta,6
2020,jovem,1,1,AL,baixa,3
2020,jovem,1,1,AL,media,8
2020,jovem,1,1,AM,alta,45
2020,jovem,1,1,AM,baixa,6
2020,jovem,1,1,AM,media,25
2020,jovem,1,1,AP,alta,5
2020,jovem,1,1,AP,baixa,1
2020,jovem,1,1,AP,media,7
2020,jovem,1,1,BA,alta,51
2020,jovem,1,1,BA,baixa,14
2020,jovem,1,1,BA,media,135
2020,jovem,1,1,CE,alta,29
2020,jovem,1,1,CE,baixa,10
2020,jovem,1,1,CE,media,76
2020,jovem,1,1,DF,alta,20
2020,jovem,1,1,DF,baixa,2
2020,jovem,1,1,DF,media,45
2020,jovem,1,1,ES,alta,22
2020,jovem,1,1,ES,baixa,3
2020,jovem,1,1,ES,media,18
2020,jovem,1,1,GO,alta,128
2020,jovem,1,1,GO,baixa,7
2020,jovem,1,1,GO,media,119
2020,jovem,1,1,MA,alta,62
2020,jovem,1,1,MA,baixa,4
2020,jovem,1,1,MA,media,67
2020,jovem,1,1,MG,alta,332
2020,jovem,1,1,MG,baixa,28
2020,jovem,1,1,MG,media,229
2020,jovem,1,1,MS,alta,51
2020,jovem,1,1,MS,baixa,11
2020,jovem,1,1,MS,media,32
2020,jovem,1,1,MT,alta,81
2020,jovem,1,1,MT,baixa,10
2020,jovem,1,1,MT,media,50
2020,jovem,1,1,PA,alta,49
2020,jovem,1,1,PA,baixa,4
2020,jovem,1,1,PA,media,60
2020,jovem,1,1,PB,alta,11
2020,jovem,1,1,PB,baixa,1
2020,jovem,1,1,PB,media,15
2020,jovem,1,1,PE,alta,87
2020,jovem,1,1,PE,baixa,20
2020,jovem,1,1,PE,media,215
2020,jovem,1,1,PI,alta,21
2020,jovem,1,1,PI,baixa,5
2020,jovem,1,1,PI,media,40
2020,jovem,1,1,PR,alta,641
2020,jovem,1,1,PR,baixa,54
2020,jovem,1,1,PR,media,425
2020,jovem,1,1,RJ,alta,208
2020,jovem,1,1,RJ,baixa,16
2020,jovem,1,1,RJ,media,319
2020,jovem,1,1,RN,alta,8
2020,jovem,1,1,RN,baixa,4
2020,jovem,1,1,RN,media,35
2020,jovem,1,1,RO,alta,43
2020,jovem,1,1,RO,baixa,7
2020,jovem,1,1,RO,media,15
2020,jovem,1,1,RR,alta,2
2020,jovem,1,1,RR,baixa,2
2020,jovem,1,1,RR,media,10
2020,jovem,1,1,RS,alta,223
2020,jovem,1,1,RS,baixa,13
2020,jovem,1,1,RS,media,250
2020,jovem,1,1,SC,alta,279
2020,jovem,1,1,SC,baixa,15
2020,jovem,1,1,SC,media,203
2020,jovem,1,1,SE,alta,10
2020,jovem,1,1,SE,baixa,3
2020,jovem,1,1,SE,media,25
2020,jovem,1,1,SP,alta,859
2020,jovem,1,1,SP,baixa,92
2020,jovem,1,1,SP,media,601
2020,jovem,1,1,TO,alta,17
2020,jovem,1,1,TO,baixa,4
2020,jovem,1,1,TO,media,12
2020,jovem,1,2,AC,alta,3
2020,jovem,1,2,AC,baixa,1
2020,jovem,1,2,AC,media,8
2020,jovem,1,2,AL,alta,3
2020,jovem,1,2,AL,media,6
2020,jovem,1,2,AM,alta,18
2020,jovem,1,2,AM,baixa,5
2020,jovem,1,2,AM,media,9
2020,jovem,1,2,AP,alta,3
2020,jovem,1,2,AP,media,2
2020,jovem,1,2,BA,alta,25
2020,jovem,1,2,BA,baixa,6
2020,jovem,1,2,BA,media,40
2020,jovem,1,2,CE,alta,36
2020,jovem,1,2,CE,baixa,7
2020,jovem,1,2,CE,media,31
2020,jovem,1,2,DF,alta,10
2020,jovem,1,2,DF,baixa,2
2020,jovem,1,2,DF,media,16
2020,jovem,1,2,ES,alta,2
2020,jovem,1,2,ES,media,9
2020,jovem,1,2,GO,alta,44
2020,jovem,1,2,GO,baixa,3
2020,jovem,1,2,GO,media,41
2020,jovem,1,2,MA,alta,26
2020,jovem,1,2,MA,baixa,8
2020,jovem,1,2,MA,media,31
2020,jovem,1,2,MG,alta,113
2020,jovem,1,2,MG,baixa,21
2020,jovem,1,2,MG,media,97
2020,jovem,1,2,MS,alta,16
2020,jovem,1,2,MS,baixa,2
2020,jovem,1,2,MS,media,15
2020,jovem,1,2,MT,alta,23
2020,jovem,1,2,MT,baixa,4
2020,jovem,1,2,MT,media,34
2020,jovem,1,2,PA,alta,21
2020,jovem,1,2,PA,baixa,4
2020,jovem,1,2,PA,media,34
2020,jovem,1,2,PB,alta,6
2020,jovem,1,2,PB,media,15
2020,jovem,1,2,PE,alta,37
2020,jovem,1,2,PE,baixa,17
2020,jovem,1,2,PE,media,55
2020,jovem,1,2,PI,alta,9
2020,jovem,1,2,PI,baixa,3
2020,jovem,1,2,PI,media,10
2020,jovem,1,2,PR,alta,176
2020,jovem,1,2,PR,baixa,37
2020,jovem,1,2,PR,media,147
2020,jovem,1,2,RJ,alta,91
2020,jovem,1,2,RJ,baixa,16
2020,jovem,1,2,RJ,media,117
2020,jovem,1,2,RN,alta,7
2020,jovem,1,2,RN,baixa,3
2020,jovem,1,2,RN,media,12
2020,jovem,1,2,RO,alta,11
2020,jovem,1,2,RO,baixa,2
2020,jovem,1,2,RO,media,10
2020,jovem,1,2,RR,alta,5
2020,jovem,1,2,RR,media,1
2020,jovem,1,2,RS,alta,80
2020,jovem,1,2,RS,baixa,22
2020,jovem,1,2,RS,media,61
2020,jovem,1,2,SC,alta,91
2020,jovem,1,2,SC,baixa,9
2020,jovem,1,2,SC,media,72
2020,jovem,1,2,SE,alta,5
2020,jovem,1,2,SE,baixa,3
2020,jovem,1,2,SE,media,9
2020,jovem,1,2,SP,alta,374
2020,jovem,1,2,SP,baixa,57
2020,jovem,1,2,SP,media,288
2020,jovem,1,2,TO,alta,4
2020,jovem,1,2,TO,baixa,1
2020,jovem,1,2,TO,media,11
2020,jovem,2,1,AL,alta,1
2020,jovem,2,1,AL,baixa,2
2020,jovem,2,1,AL,media,3
2020,jovem,2,1,AM,alta,3
2020,jovem,2,1,AM,baixa,1
2020,jovem,2,1,AM,media,4
2020,jovem,2,1,AP,alta,1
2020,jovem,2,1,AP,media,4
2020,jovem,2,1,BA,alta,68
2020,jovem,2,1,BA,baixa,10
2020,jovem,2,1,BA,media,300
2020,jovem,2,1,CE,alta,1
2020,jovem,2,1,CE,baixa,1
2020,jovem,2,1,CE,media,17
2020,jovem,2,1,DF,alta,10
2020,jovem,2,1,DF,baixa,1
2020,jovem,2,1,DF,media,13
2020,jovem,2,1,ES,alta,6
2020,jovem,2,1,ES,baixa,1
2020,jovem,2,1,ES,media,10
2020,jovem,2,1,GO,alta,37
2020,jovem,2,1,GO,media,35
2020,jovem,2,1,MA,alta,45
2020,jovem,2,1,MA,baixa,6
2020,jovem,2,1,MA,media,60
2020,jovem,2,1,MG,alta,95
2020,jovem,2,1,MG,baixa,3
2020,jovem,2,1,MG,media,118
2020,jovem,2,1,MS,alta,5
2020,jovem,2,1,MS,media,3
2020,jovem,2,1,MT,alta,22
2020,jovem,2,1,MT,baixa,1
2020,jovem,2,1,MT,media,19
2020,jovem,2,1,PA,alta,21
2020,jovem,2,1,PA,baixa,4
2020,jovem,2,1,PA,media,55
2020,jovem,2,1,PB,media,4
2020,jovem,2,1,PE,alta,13
2020,jovem,2,1,PE,baixa,3
2020,jovem,2,1,PE,media,48
2020,jovem,2,1,PI,alta,11
2020,jovem,2,1,PI,baixa,3
2020,jovem,2,1,PI,media,23
2020,jovem,2,1,PR,alta,21
2020,jovem,2,1,PR,baixa,2
2020,jovem,2,1,PR,media,33
2020,jovem,2,1,RJ,alta,128
2020,jovem,2,1,RJ,baixa,6
2020,jovem,2,1,RJ,media,282
2020,jovem,2,1,RN,alta,1
2020,jovem,2,1,RN,media,7
2020,jovem,2,1,RO,alta,3
2020,jovem,2,1,RO,media,6
2020,jovem,2,1,RR,alta,2
2020,jovem,2,1,RR,media,1
2020,jovem,2,1,RS,alta,22
2020,jovem,2,1,RS,baixa,2
2020,jovem,2,1,RS,media,58
2020,jovem,2,1,SC,alta,9
2020,jovem,2,1,SC,media,16
2020,jovem,2,1,SE,alta,9
2020,jovem,2,1,SE,baixa,1
2020,jovem,2,1,SE,media,15
2020,jovem,2,1,SP,alta,148
2020,jovem,2,1,SP,baixa,5
2020,jovem,2,1,SP,media,112
2020,jovem,2,1,TO,alta,13
2020,jovem,2,1,TO,baixa,1
2020,jovem,2,1,TO,media,19
2020,jovem,2,2,AL,alta,1
2020,jovem,2,2,AL,media,1
2020,jovem,2,2,AM,alta,3
2020,jovem,2,2,AM,media,1
2020,jovem,2,2,AP,alta,1
2020,jovem,2,2,BA,alta,29
2020,jovem,2,2,BA,baixa,6
2020,jovem,2,2,BA,media,42
2020,jovem,2,2,CE,alta,2
2020,jovem,2,2,CE,media,4
2020,jovem,2,2,DF,alta,2
2020,jovem,2,2,DF,media,2
2020,jovem,2,2,ES,alta,1
2020,jovem,2,2,ES,baixa,1
2020,jovem,2,2,ES,media,1
2020,jovem,2,2,GO,alta,5
2020,jovem,2,2,GO,media,5
2020,jovem,2,2,MA,alta,9
2020,jovem,2,2,MA,baixa,1
2020,jovem,2,2,MA,media,14
2020,jovem,2,2,MG,alta,38
2020,jovem,2,2,MG,baixa,4
2020,jovem,2,2,MG,media,27
2020,jovem,2,2,MS,alta,4
2020,jovem,2,2,MT,alta,6
2020,jovem,2,2,MT,media,8
2020,jovem,2,2,PA,alta,10
2020,jovem,2,2,PA,baixa,2
2020,jovem,2,2,PA,media,10
2020,jovem,2,2,PB,media,1
2020,jovem,2,2,PE,alta,7
2020,jovem,2,2,PE,media,5
2020,jovem,2,2,PI,alta,4
2020,jovem,2,2,PI,media,7
2020,jovem,2,2,PR,alta,6
2020,jovem,2,2,PR,baixa,1
2020,jovem,2,2,PR,media,4
2020,jovem,2,2,RJ,alta,43
2020,jovem,2,2,RJ,baixa,4
2020,jovem,2,2,RJ,media,87
2020,jovem,2,2,RN,media,1
2020,jovem,2,2,RO,alta,3
2020,jovem,2,2,RO,media,1
2020,jovem,2,2,RR,media,1
2020,jovem,2,2,RS,alta,9
2020,jovem,2,2,RS,media,3
2020,jovem,2,2,SC,alta,5
2020,jovem,2,2,SC,baixa,2
2020,jovem,2,2,SC,media,4
2020,jovem,2,2,SE,alta,3
2020,jovem,2,2,SP,alta,59
2020,jovem,2,2,SP,baixa,5
2020,jovem,2,2,SP,media,35
2020,jovem,2,2,TO,alta,2
2020,jovem,2,2,TO,media,6
2020,jovem,3,1,AM,alta,3
2020,jovem,3,1,AM,media,3
2020,jovem,3,1,AP,media,1
2020,jovem,3,1,BA,alta,2
2020,jovem,3,1,CE,alta,1
2020,jovem,3,1,CE,media,2
2020,jovem,3,1,DF,media,1
2020,jovem,3,1,GO,alta,1
2020,jovem,3,1,GO,media,1
2020,jovem,3,1,MA,alta,3
2020,jovem,3,1,MA,media,4
2020,jovem,3,1,MG,alta,2
2020,jovem,3,1,MG,media,1
2020,jovem,3,1,MS,alta,2
2020,jovem,3,1,PE,media,3
2020,jovem,3,1,PI,alta,1
2020,jovem,3,1,PI,media,1
2020,jovem,3,1,PR,media,1
2020,jovem,3,1,RJ,media,4
2020,jovem,3,1,RN,media,1
2020,jovem,3,1,RO,media,1
2020,jovem,3,1,RR,alta,2
2020,jovem,3,1,RR,media,4
2020,jovem,3,1,RS,alta,1
2020,jovem,3,1,SE,alta,1
2020,jovem,3,1,SP,alta,3
2020,jovem,3,1,SP,baixa,1
2020,jovem,3,1,SP,media,1
2020,jovem,3,2,AM,media,1
2020,jovem,3,2,BA,alta,1
2020,jovem,3,2,DF,media,1
2020,jovem,3,2,GO,alta,1
2020,jovem,3,2,MA,alta,1
2020,jovem,3,2,MG,media,1
2020,jovem,3,2,MS,alta,1
2020,jovem,3,2,MT,baixa,1
2020,jovem,3,2,MT,media,1
2020,jovem,3,2,PA,alta,2
2020,jovem,3,2,PE,media,1
2020,jovem,3,2,PR,alta,1
2020,jovem,3,2,PR,media,1
2020,jovem,3,2,RJ,alta,1
2020,jovem,3,2,RJ,media,1
2020,jovem,3,2,SP,alta,5
2020,jovem,3,2,SP,media,2
2020,jovem,4,1,AC,alta,21
2020,jovem,4,1,AC,baixa,1
2020,jovem,4,1,AC,media,30
2020,jovem,4,1,AL,alta,155
2020,jovem,4,1,AL,baixa,15
2020,jovem,4,1,AL,media,323
2020,jovem,4,1,AM,alta,347
2020,jovem,4,1,AM,baixa,25
2020,jovem,4,1,AM,media,359
2020,jovem,4,1,AP,alta,42
2020,jovem,4,1,AP,baixa,2
2020,jovem,4,1,AP,media,96
2020,jovem,4,1,BA,alta,439
2020,jovem,4,1,BA,baixa,60
2020,jovem,4,1,BA,media,1334
2020,jovem,4,1,CE,alta,371
2020,jovem,4,1,CE,baixa,40
2020,jovem,4,1,CE,media,957
2020,jovem,4,1,DF,alta,59
2020,jovem,4,1,DF,baixa,1
2020,jovem,4,1,DF,media,75
2020,jovem,4,1,ES,alta,64
2020,jovem,4,1,ES,baixa,1
2020,jovem,4,1,ES,media,103
2020,jovem,4,1,GO,alta,346
2020,jovem,4,1,GO,baixa,7
2020,jovem,4,1,GO,media,383
2020,jovem,4,1,MA,alta,423
2020,jovem,4,1,MA,baixa,38
2020,jovem,4,1,MA,media,459
2020,jovem,4,1,MG,alta,428
2020,jovem,4,1,MG,baixa,24
2020,jovem,4,1,MG,media,457
2020,jovem,4,1,MS,alta,85
2020,jovem,4,1,MS,baixa,6
2020,jovem,4,1,MS,media,75
2020,jovem,4,1,MT,alta,261
2020,jovem,4,1,MT,baixa,11
2020,jovem,4,1,MT,media,146
2020,jovem,4,1,PA,alta,303
2020,jovem,4,1,PA,baixa,36
2020,jovem,4,1,PA,media,707
2020,jovem,4,1,PB,alta,21
2020,jovem,4,1,PB,baixa,5
2020,jovem,4,1,PB,media,83
2020,jovem,4,1,PE,alta,353
2020,jovem,4,1,PE,baixa,41
2020,jovem,4,1,PE,media,1076
2020,jovem,4,1,PI,alta,89
2020,jovem,4,1,PI,baixa,12
2020,jovem,4,1,PI,media,194
2020,jovem,4,1,PR,alta,207
2020,jovem,4,1,PR,baixa,10
2020,jovem,4,1,PR,media,217
2020,jovem,4,1,RJ,alta,316
2020,jovem,4,1,RJ,baixa,18
2020,jovem,4,1,RJ,media,775
2020,jovem,4,1,RN,alta,41
2020,jovem,4,1,RN,baixa,9
2020,jovem,4,1,RN,media,121
2020,jovem,4,1,RO,alta,77
2020,jovem,4,1,RO,baixa,3
2020,jovem,4,1,RO,media,53
2020,jovem,4,1,RR,alta,39
2020,jovem,4,1,RR,media,46
2020,jovem,4,1,RS,alta,51
2020,jovem,4,1,RS,baixa,8
2020,jovem,4,1,RS,media,55
2020,jovem,4,1,SC,alta,66
2020,jovem,4,1,SC,baixa,1
2020,jovem,4,1,SC,media,58
2020,jovem,4,1,SE,alta,129
2020,jovem,4,1,SE,baixa,14
2020,jovem,4,1,SE,media,329
2020,jovem,4,1,SP,alta,767
2020,jovem,4,1,SP,baixa,31
2020,jovem,4,1,SP,media,606
2020,jovem,4,1,TO,alta,63
2020,jovem,4,1,TO,baixa,5
2020,jovem,4,1,TO,media,113
2020,jovem,4,2,AC,alta,7
2020,jovem,4,2,AC,baixa,1
2020,jovem,4,2,AC,media,7
2020,jovem,4,2,AL,alta,36
2020,jovem,4,2,AL,baixa,4
2020,jovem,4,2,AL,media,32
2020,jovem,4,2,AM,alta,103
2020,jovem,4,2,AM,baixa,8
2020,jovem,4,2,AM,media,65
2020,jovem,4,2,AP,alta,11
2020,jovem,4,2,AP,media,25
2020,jovem,4,2,BA,alta,123
2020,jovem,4,2,BA,baixa,31
2020,jovem,4,2,BA,media,215
2020,jovem,4,2,CE,alta,99
2020,jovem,4,2,CE,baixa,12
2020,jovem,4,2,CE,media,168
2020,jovem,4,2,DF,alta,17
2020,jovem,4,2,DF,baixa,1
2020,jovem,4,2,DF,media,17
2020,jovem,4,2,ES,alta,32
2020,jovem,4,2,ES,baixa,3
2020,jovem,4,2,ES,media,34
2020,jovem,4,2,GO,alta,94
2020,jovem,4,2,GO,baixa,4
2020,jovem,4,2,GO,media,73
2020,jovem,4,2,MA,alta,121
2020,jovem,4,2,MA,baixa,9
2020,jovem,4,2,MA,media,106
2020,jovem,4,2,MG,alta,117
2020,jovem,4,2,MG,baixa,11
2020,jovem,4,2,MG,media,122
2020,jovem,4,2,MS,alta,36
2020,jovem,4,2,MS,baixa,3
2020,jovem,4,2,MS,media,28
2020,jovem,4,2,MT,alta,54
2020,jovem,4,2,MT,baixa,3
2020,jovem,4,2,MT,media,44
2020,jovem,4,2,PA,alta,112
2020,jovem,4,2,PA,baixa,15
2020,jovem,4,2,PA,media,214
2020,jovem,4,2,PB,alta,18
2020,jovem,4,2,PB,baixa,4
2020,jovem,4,2,PB,media,26
2020,jovem,4,2,PE,alta,107
2020,jovem,4,2,PE,baixa,16
2020,jovem,4,2,PE,media,175
2020,jovem,4,2,PI,alta,22
2020,jovem,4,2,PI,baixa,3
2020,jovem,4,2,PI,media,55
2020,jovem,4,2,PR,alta,32
2020,jovem,4,2,PR,baixa,7
2020,jovem,4,2,PR,media,27
2020,jovem,4,2,RJ,alta,133
2020,jovem,4,2,RJ,baixa,8
2020,jovem,4,2,RJ,media,188
2020,jovem,4,2,RN,alta,13
2020,jovem,4,2,RN,baixa,2
2020,jovem,4,2,RN,media,31
2020,jovem,4,2,RO,alta,14
2020,jovem,4,2,RO,baixa,1
2020,jovem,4,2,RO,media,20
2020,jovem,4,2,RR,alta,8
2020,jovem,4,2,RR,media,25
2020,jovem,4,2,RS,alta,17
2020,jovem,4,2,RS,baixa,4
2020,jovem,4,2,RS,media,6
2020,jovem,4,2,SC,alta,15
2020,jovem,4,2,SC,media,12
2020,jovem,4,2,SE,alta,25
2020,jovem,4,2,SE,baixa,5
2020,jovem,4,2,SE,media,40
2020,jovem,4,2,SP,alta,263
2020,jovem,4,2,SP,baixa,24
2020,jovem,4,2,SP,media,186
2020,jovem,4,2,TO,alta,23
2020,jovem,4,2,TO,baixa,3
2020,jovem,4,2,TO,media,19
2020,jovem,5,1,AC,media,2
2020,jovem,5,1,AM,alta,28
2020,jovem,5,1,AM,baixa,10
2020,jovem,5,1,AM,media,25
2020,jovem,5,1,BA,alta,2
2020,jovem,5,1,BA,baixa,1
2020,jovem,5,1,BA,media,1
2020,jovem,5,1,GO,media,1
2020,jovem,5,1,MA,alta,1
2020,jovem,5,1,MA,baixa,1
2020,jovem,5,1,MA,media,4
2020,jovem,5,1,MG,media,1
2020,jovem,5,1,MS,alta,9
2020,jovem,5,1,MS,baixa,1
2020,jovem,5,1,MS,media,22
2020,jovem,5,1,MT,alta,4
2020,jovem,5,1,MT,baixa,1
2020,jovem,5,1,MT,media,4
2020,jovem,5,1,PA,alta,2
2020,jovem,5,1,PA,baixa,3
2020,jovem,5,1,PA,media,2
2020,jovem,5,1,PB,media,1
2020,jovem,5,1,PE,baixa,2
2020,jovem,5,1,PE,media,1
2020,jovem,5,1,PR,alta,4
2020,jovem,5,1,PR,media,8
2020,jovem,5,1,RJ,media,1
2020,jovem,5,1,RO,baixa,1
2020,jovem,5,1,RO,media,2
2020,jovem,5,1,RR,alta,5
2020,jovem,5,1,RR,baixa,16
2020,jovem,5,1,RR,media,7
2020,jovem,5,1,RS,media,1
2020,jovem,5,1,SC,alta,1
2020,jovem,5,1,SP,alta,1
2020,jovem,5,1,SP,baixa,1
2020,jovem,5,1,TO,alta,2
2020,jovem,5,1,TO,media,1
2020,jovem,5,2,AC,alta,1
2020,jovem,5,2,AC,media,1
2020,jovem,5,2,AL,media,1
2020,jovem,5,2,AM,alta,14
2020,jovem,5,2,AM,baixa,3
2020,jovem,5,2,AM,media,15
2020,jovem,5,2,AP,alta,1
2020,jovem,5,2,BA,baixa,1
2020,jovem,5,2,CE,alta,1
2020,jovem,5,2,CE,media,1
2020,jovem,5,2,GO,alta,1
2020,jovem,5,2,MA,alta,1
2020,jovem,5,2,MA,baixa,1
2020,jovem,5,2,MA,media,2
2020,jovem,5,2,MS,alta,3
2020,jovem,5,2,MS,media,11
2020,jovem,5,2,MT,alta,3
2020,jovem,5,2,MT,baixa,2
2020,jovem,5,2,MT,media,3
2020,jovem,5,2,PA,baixa,1
2020,jovem,5,2,PA,media,2
2020,jovem,5,2,PB,alta,1
2020,jovem,5,2,PB,media,2
2020,jovem,5,2,PE,media,3
2020,jovem,5,2,PI,media,1
2020,jovem,5,2,PR,alta,3
2020,jovem,5,2,RO,baixa,1
2020,jovem,5,2,RR,alta,3
2020,jovem,5,2,RR,baixa,7
2020,jovem,5,2,RR,media,4
2020,jovem,5,2,SC,alta,1
2020,jovem,5,2,SC,media,1
2020,jovem,5,2,SP,alta,1
2020,jovem,5,2,SP,media,1
2020,jovem,5,2,TO,media,2
2020,meia-idade,1,1,AC,alta,12
2020,meia-idade,1,1,AC,baixa,3
2020,meia-idade,1,1,AC,media,19
2020,meia-idade,1,1,AL,alta,39
2020,meia-idade,1,1,AL,baixa,34
2020,meia-idade,1,1,AL,media,79
2020,meia-idade,1,1,AM,alta,125
2020,meia-idade,1,1,AM,baixa,17
2020,meia-idade,1,1,AM,media,138
2020,meia-idade,1,1,AP,alta,20
2020,meia-idade,1,1,AP,baixa,3
2020,meia-idade,1,1,AP,media,31
2020,meia-idade,1,1,BA,alta,229
2020,meia-idade,1,1,BA,baixa,97
2020,meia-idade,1,1,BA,media,467
2020,meia-idade,1,1,CE,alta,191
2020,meia-idade,1,1,CE,baixa,94
2020,meia-idade,1,1,CE,media,415
2020,meia-idade,1,1,DF,alta,166
2020,meia-idade,1,1,DF,baixa,18
2020,meia-idade,1,1,DF,media,291
2020,meia-idade,1,1,ES,alta,114
2020,meia-idade,1,1,ES,baixa,22
2020,meia-idade,1,1,ES,media,229
2020,meia-idade,1,1,GO,alta,357
2020,meia-idade,1,1,GO,baixa,73
2020,meia-idade,1,1,GO,media,711
2020,meia-idade,1,1,MA,alta,127
2020,meia-idade,1,1,MA,baixa,58
2020,meia-idade,1,1,MA,media,204
2020,meia-idade,1,1,MG,alta,1374
2020,meia-idade,1,1,MG,baixa,228
2020,meia-idade,1,1,MG,media,2500
2020,meia-idade,1,1,MS,alta,268
2020,meia-idade,1,1,MS,baixa,34
2020,meia-idade,1,1,MS,media,332
2020,meia-idade,1,1,MT,alta,267
2020,meia-idade,1,1,MT,baixa,25
2020,meia-idade,1,1,MT,media,414
2020,meia-idade,1,1,PA,alta,139
2020,meia-idade,1,1,PA,baixa,38
2020,meia-idade,1,1,PA,media,277
2020,meia-idade,1,1,PB,alta,37
2020,meia-idade,1,1,PB,baixa,37
2020,meia-idade,1,1,PB,media,99
2020,meia-idade,1,1,PE,alta,353
2020,meia-idade,1,1,PE,baixa,152
2020,meia-idade,1,1,PE,media,755
2020,meia-idade,1,1,PI,alta,33
2020,meia-idade,1,1,PI,baixa,28
2020,meia-idade,1,1,PI,media,117
2020,meia-idade,1,1,PR,alta,1942
2020,meia-idade,1,1,PR,baixa,221
2020,meia-idade,1,1,PR,media,2978
2020,meia-idade,1,1,RJ,alta,1410
2020,meia-idade,1,1,RJ,baixa,180
2020,meia-idade,1,1,RJ,media,2394
2020,meia-idade,1,1,RN,alta,82
2020,meia-idade,1,1,RN,baixa,46
2020,meia-idade,1,1,RN,media,195
2020,meia-idade,1,1,RO,alta,95
2020,meia-idade,1,1,RO,baixa,19
2020,meia-idade,1,1,RO,media,153
2020,meia-idade,1,1,RR,alta,14
2020,meia-idade,1,1,RR,baixa,3
2020,meia-idade,1,1,RR,media,31
2020,meia-idade,1,1,RS,alta,1252
2020,meia-idade,1,1,RS,baixa,183
2020,meia-idade,1,1,RS,media,2463
2020,meia-idade,1,1,SC,alta,1160
2020,meia-idade,1,1,SC,baixa,104
2020,meia-idade,1,1,SC,media,2088
2020,meia-idade,1,1,SE,alta,69
2020,meia-idade,1,1,SE,baixa,27
2020,meia-idade,1,1,SE,media,113
2020,meia-idade,1,1,SP,alta,6034
2020,meia-idade,1,1,SP,baixa,441
2020,meia-idade,1,1,SP,media,7976
2020,meia-idade,1,1,TO,alta,44
2020,meia-idade,1,1,TO,baixa,6
2020,meia-idade,1,1,TO,media,73
2020,meia-idade,1,2,AC,alta,9
2020,meia-idade,1,2,AC,baixa,4
2020,meia-idade,1,2,AC,media,17
2020,meia-idade,1,2,AL,alta,27
2020,meia-idade,1,2,AL,baixa,19
2020,meia-idade,1,2,AL,media,57
2020,meia-idade,1,2,AM,alta,104
2020,meia-idade,1,2,AM,baixa,14
2020,meia-idade,1,2,AM,media,100
2020,meia-idade,1,2,AP,alta,13
2020,meia-idade,1,2,AP,baixa,5
2020,meia-idade,1,2,AP,media,9
2020,meia-idade,1,2,BA,alta,200
2020,meia-idade,1,2,BA,baixa,73
2020,meia-idade,1,2,BA,media,360
2020,meia-idade,1,2,CE,alta,168
2020,meia-idade,1,2,CE,baixa,78
2020,meia-idade,1,2,CE,media,359
2020,meia-idade,1,2,DF,alta,108
2020,meia-idade,1,2,DF,baixa,11
2020,meia-idade,1,2,DF,media,210
2020,meia-idade,1,2,ES,alta,74
2020,meia-idade,1,2,ES,baixa,23
2020,meia-idade,1,2,ES,media,142
2020,meia-idade,1,2,GO,alta,257
2020,meia-idade,1,2,GO,baixa,58
2020,meia-idade,1,2,GO,media,517
2020,meia-idade,1,2,MA,alta,96
2020,meia-idade,1,2,MA,baixa,38
2020,meia-idade,1,2,MA,media,178
2020,meia-idade,1,2,MG,alta,965
2020,meia-idade,1,2,MG,baixa,163
2020,meia-idade,1,2,MG,media,1678
2020,meia-idade,1,2,MS,alta,163
2020,meia-idade,1,2,MS,baixa,26
2020,meia-idade,1,2,MS,media,215
2020,meia-idade,1,2,MT,alta,148
2020,meia-idade,1,2,MT,baixa,24
2020,meia-idade,1,2,MT,media,232
2020,meia-idade,1,2,PA,alta,101
2020,meia-idade,1,2,PA,baixa,43
2020,meia-idade,1,2,PA,media,207
2020,meia-idade,1,2,PB,alta,33
2020,meia-idade,1,2,PB,baixa,17
2020,meia-idade,1,2,PB,media,111
2020,meia-idade,1,2,PE,alta,280
2020,meia-idade,1,2,PE,baixa,135
2020,meia-idade,1,2,PE,media,606
2020,meia-idade,1,2,PI,alta,29
2020,meia-idade,1,2,PI,baixa,22
2020,meia-idade,1,2,PI,media,90
2020,meia-idade,1,2,PR,alta,1003
2020,meia-idade,1,2,PR,baixa,202
2020,meia-idade,1,2,PR,media,1706
2020,meia-idade,1,2,RJ,alta,1234
2020,meia-idade,1,2,RJ,baixa,140
2020,meia-idade,1,2,RJ,media,1947
2020,meia-idade,1,2,RN,alta,71
2020,meia-idade,1,2,RN,baixa,35
2020,meia-idade,1,2,RN,media,156
2020,meia-idade,1,2,RO,alta,48
2020,meia-idade,1,2,RO,baixa,17
2020,meia-idade,1,2,RO,media,96
2020,meia-idade,1,2,RR,alta,11
2020,meia-idade,1,2,RR,baixa,2
2020,meia-idade,1,2,RR,media,20
2020,meia-idade,1,2,RS,alta,750
2020,meia-idade,1,2,RS,baixa,116
2020,meia-idade,1,2,RS,media,1447
2020,meia-idade,1,2,SC,alta,653
2020,meia-idade,1,2,SC,baixa,71
2020,meia-idade,1,2,SC,media,1218
2020,meia-idade,1,2,SE,alta,67
2020,meia-idade,1,2,SE,baixa,30
2020,meia-idade,1,2,SE,media,106
2020,meia-idade,1,2,SP,alta,3612
2020,meia-idade,1,2,SP,baixa,385
2020,meia-idade,1,2,SP,media,5337
2020,meia-idade,1,2,TO,alta,27
2020,meia-idade,1,2,TO,baixa,8
2020,meia-idade,1,2,TO,media,43
2020,meia-idade,2,0,RJ,media,1
2020,meia-idade,2,1,AC,alta,1
2020,meia-idade,2,1,AC,media,8
2020,meia-idade,2,1,AL,alta,7
2020,meia-idade,2,1,AL,baixa,28
2020,meia-idade,2,1,AL,media,27
2020,meia-idade,2,1,AM,alta,21
2020,meia-idade,2,1,AM,baixa,10
2020,meia-idade,2,1,AM,media,23
2020,meia-idade,2,1,AP,alta,6
2020,meia-idade,2,1,AP,baixa,4
2020,meia-idade,2,1,AP,media,15
2020,meia-idade,2,1,BA,alta,242
2020,meia-idade,2,1,BA,baixa,231
2020,meia-idade,2,1,BA,media,703
2020,meia-idade,2,1,CE,alta,30
2020,meia-idade,2,1,CE,baixa,65
2020,meia-idade,2,1,CE,media,123
2020,meia-idade,2,1,DF,alta,47
2020,meia-idade,2,1,DF,baixa,16
2020,meia-idade,2,1,DF,media,106
2020,meia-idade,2,1,ES,alta,34
2020,meia-idade,2,1,ES,baixa,18
2020,meia-idade,2,1,ES,media,88
2020,meia-idade,2,1,GO,alta,73
2020,meia-idade,2,1,GO,baixa,67
2020,meia-idade,2,1,GO,media,218
2020,meia-idade,2,1,MA,alta,69
2020,meia-idade,2,1,MA,baixa,100
2020,meia-idade,2,1,MA,media,163
2020,meia-idade,2,1,MG,alta,320
2020,meia-idade,2,1,MG,baixa,167
2020,meia-idade,2,1,MG,media,1036
2020,meia-idade,2,1,MS,alta,19
2020,meia-idade,2,1,MS,baixa,9
2020,meia-idade,2,1,MS,media,72
2020,meia-idade,2,1,MT,alta,67
2020,meia-idade,2,1,MT,baixa,19
2020,meia-idade,2,1,MT,media,130
2020,meia-idade,2,1,PA,alta,46
2020,meia-idade,2,1,PA,baixa,43
2020,meia-idade,2,1,PA,media,157
2020,meia-idade,2,1,PB,alta,6
2020,meia-idade,2,1,PB,baixa,17
2020,meia-idade,2,1,PB,media,27
2020,meia-idade,2,1,PE,alta,84
2020,meia-idade,2,1,PE,baixa,90
2020,meia-idade,2,1,PE,media,265
2020,meia-idade,2,1,PI,alta,10
2020,meia-idade,2,1,PI,baixa,50
2020,meia-idade,2,1,PI,media,91
2020,meia-idade,2,1,PR,alta,106
2020,meia-idade,2,1,PR,baixa,33
2020,meia-idade,2,1,PR,media,236
2020,meia-idade,2,1,RJ,alta,503
2020,meia-idade,2,1,RJ,baixa,110
2020,meia-idade,2,1,RJ,media,1250
2020,meia-idade,2,1,RN,alta,19
2020,meia-idade,2,1,RN,baixa,13
2020,meia-idade,2,1,RN,media,51
2020,meia-idade,2,1,RO,alta,10
2020,meia-idade,2,1,RO,baixa,8
2020,meia-idade,2,1,RO,media,37
2020,meia-idade,2,1,RR,alta,2
2020,meia-idade,2,1,RR,baixa,1
2020,meia-idade,2,1,RR,media,12
2020,meia-idade,2,1,RS,alta,103
2020,meia-idade,2,1,RS,baixa,30
2020,meia-idade,2,1,RS,media,270
2020,meia-idade,2,1,SC,alta,49
2020,meia-idade,2,1,SC,baixa,12
2020,meia-idade,2,1,SC,media,97
2020,meia-idade,2,1,SE,alta,40
2020,meia-idade,2,1,SE,baixa,32
2020,meia-idade,2,1,SE,media,80
2020,meia-idade,2,1,SP,alta,871
2020,meia-idade,2,1,SP,baixa,135
2020,meia-idade,2,1,SP,media,1366
2020,meia-idade,2,1,TO,alta,9
2020,meia-idade,2,1,TO,baixa,26
2020,meia-idade,2,1,TO,media,46
2020,meia-idade,2,2,AC,alta,2
2020,meia-idade,2,2,AC,baixa,4
2020,meia-idade,2,2,AC,media,7
2020,meia-idade,2,2,AL,alta,7
2020,meia-idade,2,2,AL,baixa,18
2020,meia-idade,2,2,AL,media,20
2020,meia-idade,2,2,AM,alta,16
2020,meia-idade,2,2,AM,baixa,3
2020,meia-idade,2,2,AM,media,17
2020,meia-idade,2,2,AP,alta,5
2020,meia-idade,2,2,AP,baixa,1
2020,meia-idade,2,2,AP,media,9
2020,meia-idade,2,2,BA,alta,178
2020,meia-idade,2,2,BA,baixa,138
2020,meia-idade,2,2,BA,media,421
2020,meia-idade,2,2,CE,alta,15
2020,meia-idade,2,2,CE,baixa,22
2020,meia-idade,2,2,CE,media,64
2020,meia-idade,2,2,DF,alta,18
2020,meia-idade,2,2,DF,baixa,6
2020,meia-idade,2,2,DF,media,54
2020,meia-idade,2,2,ES,alta,24
2020,meia-idade,2,2,ES,baixa,13
2020,meia-idade,2,2,ES,media,64
2020,meia-idade,2,2,GO,alta,39
2020,meia-idade,2,2,GO,baixa,27
2020,meia-idade,2,2,GO,media,146
2020,meia-idade,2,2,MA,alta,40
2020,meia-idade,2,2,MA,baixa,68
2020,meia-idade,2,2,MA,media,113
2020,meia-idade,2,2,MG,alta,212
2020,meia-idade,2,2,MG,baixa,104
2020,meia-idade,2,2,MG,media,619
2020,meia-idade,2,2,MS,alta,14
2020,meia-idade,2,2,MS,baixa,9
2020,meia-idade,2,2,MS,media,41
2020,meia-idade,2,2,MT,alta,28
2020,meia-idade,2,2,MT,baixa,22
2020,meia-idade,2,2,MT,media,56
2020,meia-idade,2,2,PA,alta,27
2020,meia-idade,2,2,PA,baixa,41
2020,meia-idade,2,2,PA,media,85
2020,meia-idade,2,2,PB,alta,2
2020,meia-idade,2,2,PB,baixa,8
2020,meia-idade,2,2,PB,media,15
2020,meia-idade,2,2,PE,alta,51
2020,meia-idade,2,2,PE,baixa,56
2020,meia-idade,2,2,PE,media,148
2020,meia-idade,2,2,PI,alta,5
2020,meia-idade,2,2,PI,baixa,15
2020,meia-idade,2,2,PI,media,40
2020,meia-idade,2,2,PR,alta,61
2020,meia-idade,2,2,PR,baixa,34
2020,meia-idade,2,2,PR,media,110
2020,meia-idade,2,2,RJ,alta,440
2020,meia-idade,2,2,RJ,baixa,99
2020,meia-idade,2,2,RJ,media,1124
2020,meia-idade,2,2,RN,alta,9
2020,meia-idade,2,2,RN,baixa,8
2020,meia-idade,2,2,RN,media,19
2020,meia-idade,2,2,RO,alta,10
2020,meia-idade,2,2,RO,baixa,9
2020,meia-idade,2,2,RO,media,20
2020,meia-idade,2,2,RR,alta,3
2020,meia-idade,2,2,RR,media,2
2020,meia-idade,2,2,RS,alta,66
2020,meia-idade,2,2,RS,baixa,22
2020,meia-idade,2,2,RS,media,148
2020,meia-idade,2,2,SC,alta,44
2020,meia-idade,2,2,SC,baixa,8
2020,meia-idade,2,2,SC,media,59
2020,meia-idade,2,2,SE,alta,20
2020,meia-idade,2,2,SE,baixa,13
2020,meia-idade,2,2,SE,media,39
2020,meia-idade,2,2,SP,alta,499
2020,meia-idade,2,2,SP,baixa,99
2020,meia-idade,2,2,SP,media,831
2020,meia-idade,2,2,TO,alta,6
2020,meia-idade,2,2,TO,baixa,8
2020,meia-idade,2,2,TO,media,18
2020,meia-idade,3,1,AL,baixa,1
2020,meia-idade,3,1,AL,media,1
2020,meia-idade,3,1,AM,media,4
2020,meia-idade,3,1,AP,alta,1
2020,meia-idade,3,1,AP,media,4
2020,meia-idade,3,1,BA,alta,4
2020,meia-idade,3,1,BA,baixa,2
2020,meia-idade,3,1,BA,media,4
2020,meia-idade,3,1,CE,alta,4
2020,meia-idade,3,1,CE,baixa,5
2020,meia-idade,3,1,CE,media,9
2020,meia-idade,3,1,DF,alta,3
2020,meia-idade,3,1,DF,baixa,1
2020,meia-idade,3,1,DF,media,7
2020,meia-idade,3,1,ES,media,1
2020,meia-idade,3,1,GO,alta,3
2020,meia-idade,3,1,GO,baixa,2
2020,meia-idade,3,1,GO,media,9
2020,meia-idade,3,1,MA,alta,1
2020,meia-idade,3,1,MA,media,6
2020,meia-idade,3,1,MG,alta,14
2020,meia-idade,3,1,MG,baixa,4
2020,meia-idade,3,1,MG,media,24
2020,meia-idade,3,1,MS,alta,4
2020,meia-idade,3,1,MS,media,6
2020,meia-idade,3,1,MT,alta,15
2020,meia-idade,3,1,MT,baixa,2
2020,meia-idade,3,1,MT,media,8
2020,meia-idade,3,1,PA,alta,3
2020,meia-idade,3,1,PA,baixa,2
2020,meia-idade,3,1,PA,media,5
2020,meia-idade,3,1,PE,alta,2
2020,meia-idade,3,1,PE,baixa,4
2020,meia-idade,3,1,PE,media,7
2020,meia-idade,3,1,PI,alta,1
2020,meia-idade,3,1,PI,baixa,1
2020,meia-idade,3,1,PI,media,2
2020,meia-idade,3,1,PR,alta,14
2020,meia-idade,3,1,PR,baixa,1
2020,meia-idade,3,1,PR,media,12
2020,meia-idade,3,1,RJ,baixa,1
2020,meia-idade,3,1,RJ,media,7
2020,meia-idade,3,1,RN,media,3
2020,meia-idade,3,1,RO,alta,2
2020,meia-idade,3,1,RO,baixa,2
2020,meia-idade,3,1,RO,media,1
2020,meia-idade,3,1,RR,alta,1
2020,meia-idade,3,1,RR,media,3
2020,meia-idade,3,1,RS,alta,3
2020,meia-idade,3,1,RS,baixa,1
2020,meia-idade,3,1,RS,media,2
2020,meia-idade,3,1,SC,alta,1
2020,meia-idade,3,1,SC,media,4
2020,meia-idade,3,1,SE,media,1
2020,meia-idade,3,1,SP,alta,56
2020,meia-idade,3,1,SP,baixa,4
2020,meia-idade,3,1,SP,media,110
2020,meia-idade,3,1,TO,media,2
2020,meia-idade,3,2,AL,media,1
2020,meia-idade,3,2,AM,alta,2
2020,meia-idade,3,2,AP,baixa,2
2020,meia-idade,3,2,AP,media,5
2020,meia-idade,3,2,BA,alta,4
2020,meia-idade,3,2,BA,media,5
2020,meia-idade,3,2,CE,alta,6
2020,meia-idade,3,2,CE,baixa,3
2020,meia-idade,3,2,CE,media,10
2020,meia-idade,3,2,DF,alta,3
2020,meia-idade,3,2,DF,baixa,1
2020,meia-idade,3,2,DF,media,5
2020,meia-idade,3,2,ES,alta,2
2020,meia-idade,3,2,ES,media,2
2020,meia-idade,3,2,GO,alta,2
2020,meia-idade,3,2,GO,baixa,1
2020,meia-idade,3,2,GO,media,12
2020,meia-idade,3,2,MA,alta,1
2020,meia-idade,3,2,MA,media,2
2020,meia-idade,3,2,MG,alta,10
2020,meia-idade,3,2,MG,baixa,1
2020,meia-idade,3,2,MG,media,15
2020,meia-idade,3,2,MS,alta,3
2020,meia-idade,3,2,MS,media,1
2020,meia-idade,3,2,MT,alta,6
2020,meia-idade,3,2,MT,baixa,1
2020,meia-idade,3,2,MT,media,4
2020,meia-idade,3,2,PA,media,1
2020,meia-idade,3,2,PB,alta,1
2020,meia-idade,3,2,PB,baixa,1
2020,meia-idade,3,2,PB,media,1
2020,meia-idade,3,2,PE,alta,5
2020,meia-idade,3,2,PE,baixa,3
2020,meia-idade,3,2,PE,media,3
2020,meia-idade,3,2,PI,baixa,3
2020,meia-idade,3,2,PR,alta,10
2020,meia-idade,3,2,PR,media,10
2020,meia-idade,3,2,RJ,alta,4
2020,meia-idade,3,2,RJ,media,9
2020,meia-idade,3,2,RN,alta,2
2020,meia-idade,3,2,RN,media,1
2020,meia-idade,3,2,RO,alta,1
2020,meia-idade,3,2,RO,media,3
2020,meia-idade,3,2,RR,alta,1
2020,meia-idade,3,2,RS,alta,1
2020,meia-idade,3,2,RS,baixa,1
2020,meia-idade,3,2,SC,alta,1
2020,meia-idade,3,2,SE,alta,1
2020,meia-idade,3,2,SP,alta,26
2020,meia-idade,3,2,SP,baixa,2
2020,meia-idade,3,2,SP,media,53
2020,meia-idade,3,2,TO,alta,1
2020,meia-idade,3,2,TO,media,2
2020,meia-idade,4,0,PE,alta,1
2020,meia-idade,4,0,SP,media,2
2020,meia-idade,4,1,AC,alta,26
2020,meia-idade,4,1,AC,baixa,42
2020,meia-idade,4,1,AC,media,98
2020,meia-idade,4,1,AL,alta,150
2020,meia-idade,4,1,AL,baixa,241
2020,meia-idade,4,1,AL,media,433
2020,meia-idade,4,1,AM,alta,617
2020,meia-idade,4,1,AM,baixa,187
2020,meia-idade,4,1,AM,media,912
2020,meia-idade,4,1,AP,alta,69
2020,meia-idade,4,1,AP,baixa,40
2020,meia-idade,4,1,AP,media,100
2020,meia-idade,4,1,BA,alta,811
2020,meia-idade,4,1,BA,baixa,706
2020,meia-idade,4,1,BA,media,2592
2020,meia-idade,4,1,CE,alta,742
2020,meia-idade,4,1,CE,baixa,812
2020,meia-idade,4,1,CE,media,2457
2020,meia-idade,4,1,DF,alta,200
2020,meia-idade,4,1,DF,baixa,42
2020,meia-idade,4,1,DF,media,507
2020,meia-idade,4,1,ES,alta,167
2020,meia-idade,4,1,ES,baixa,52
2020,meia-idade,4,1,ES,media,360
2020,meia-idade,4,1,GO,alta,516
2020,meia-idade,4,1,GO,baixa,222
2020,meia-idade,4,1,GO,media,1369
2020,meia-idade,4,1,MA,alta,493
2020,meia-idade,4,1,MA,baixa,497
2020,meia-idade,4,1,MA,media,1080
2020,meia-idade,4,1,MG,alta,1116
2020,meia-idade,4,1,MG,baixa,507
2020,meia-idade,4,1,MG,media,3360
2020,meia-idade,4,1,MS,alta,292
2020,meia-idade,4,1,MS,baixa,61
2020,meia-idade,4,1,MS,media,577
2020,meia-idade,4,1,MT,alta,415
2020,meia-idade,4,1,MT,baixa,125
2020,meia-idade,4,1,MT,media,649
2020,meia-idade,4,1,PA,alta,645
2020,meia-idade,4,1,PA,baixa,371
2020,meia-idade,4,1,PA,media,1491
2020,meia-idade,4,1,PB,alta,96
2020,meia-idade,4,1,PB,baixa,186
2020,meia-idade,4,1,PB,media,379
2020,meia-idade,4,1,PE,alta,727
2020,meia-idade,4,1,PE,baixa,748
2020,meia-idade,4,1,PE,media,2449
2020,meia-idade,4,1,PI,alta,152
2020,meia-idade,4,1,PI,baixa,268
2020,meia-idade,4,1,PI,media,567
2020,meia-idade,4,1,PR,alta,454
2020,meia-idade,4,1,PR,baixa,143
2020,meia-idade,4,1,PR,media,984
2020,meia-idade,4,1,RJ,alta,1186
2020,meia-idade,4,1,RJ,baixa,216
2020,meia-idade,4,1,RJ,media,2503
2020,meia-idade,4,1,RN,alta,145
2020,meia-idade,4,1,RN,baixa,163
2020,meia-idade,4,1,RN,media,461
2020,meia-idade,4,1,RO,alta,159
2020,meia-idade,4,1,RO,baixa,52
2020,meia-idade,4,1,RO,media,315
2020,meia-idade,4,1,RR,alta,55
2020,meia-idade,4,1,RR,baixa,17
2020,meia-idade,4,1,RR,media,131
2020,meia-idade,4,1,RS,alta,85
2020,meia-idade,4,1,RS,baixa,26
2020,meia-idade,4,1,RS,media,254
2020,meia-idade,4,1,SC,alta,90
2020,meia-idade,4,1,SC,baixa,22
2020,meia-idade,4,1,SC,media,206
2020,meia-idade,4,1,SE,alta,237
2020,meia-idade,4,1,SE,baixa,156
2020,meia-idade,4,1,SE,media,591
2020,meia-idade,4,1,SP,alta,2668
2020,meia-idade,4,1,SP,baixa,379
2020,meia-idade,4,1,SP,media,4448
2020,meia-idade,4,1,TO,alta,87
2020,meia-idade,4,1,TO,baixa,83
2020,meia-idade,4,1,TO,media,275
2020,meia-idade,4,2,AC,alta,25
2020,meia-idade,4,2,AC,baixa,23
2020,meia-idade,4,2,AC,media,59
2020,meia-idade,4,2,AL,alta,77
2020,meia-idade,4,2,AL,baixa,137
2020,meia-idade,4,2,AL,media,175
2020,meia-idade,4,2,AM,alta,383
2020,meia-idade,4,2,AM,baixa,111
2020,meia-idade,4,2,AM,media,458
2020,meia-idade,4,2,AP,alta,42
2020,meia-idade,4,2,AP,baixa,9
2020,meia-idade,4,2,AP,media,61
2020,meia-idade,4,2,BA,alta,603
2020,meia-idade,4,2,BA,baixa,409
2020,meia-idade,4,2,BA,media,1445
2020,meia-idade,4,2,CE,alta,420
2020,meia-idade,4,2,CE,baixa,406
2020,meia-idade,4,2,CE,media,1270
2020,meia-idade,4,2,DF,alta,125
2020,meia-idade,4,2,DF,baixa,26
2020,meia-idade,4,2,DF,media,266
2020,meia-idade,4,2,ES,alta,103
2020,meia-idade,4,2,ES,baixa,53
2020,meia-idade,4,2,ES,media,209
2020,meia-idade,4,2,GO,alta,259
2020,meia-idade,4,2,GO,baixa,117
2020,meia-idade,4,2,GO,media,694
2020,meia-idade,4,2,MA,alta,321
2020,meia-idade,4,2,MA,baixa,319
2020,meia-idade,4,2,MA,media,706
2020,meia-idade,4,2,MG,alta,725
2020,meia-idade,4,2,MG,baixa,260
2020,meia-idade,4,2,MG,media,1865
2020,meia-idade,4,2,MS,alta,135
2020,meia-idade,4,2,MS,baixa,68
2020,meia-idade,4,2,MS,media,305
2020,meia-idade,4,2,MT,alta,235
2020,meia-idade,4,2,MT,baixa,76
2020,meia-idade,4,2,MT,media,330
2020,meia-idade,4,2,PA,alta,401
2020,meia-idade,4,2,PA,baixa,218
2020,meia-idade,4,2,PA,media,895
2020,meia-idade,4,2,PB,alta,85
2020,meia-idade,4,2,PB,baixa,87
2020,meia-idade,4,2,PB,media,263
2020,meia-idade,4,2,PE,alta,513
2020,meia-idade,4,2,PE,baixa,479
2020,meia-idade,4,2,PE,media,1425
2020,meia-idade,4,2,PI,alta,80
2020,meia-idade,4,2,PI,baixa,119
2020,meia-idade,4,2,PI,media,301
2020,meia-idade,4,2,PR,alta,225
2020,meia-idade,4,2,PR,baixa,101
2020,meia-idade,4,2,PR,media,491
2020,meia-idade,4,2,RJ,alta,929
2020,meia-idade,4,2,RJ,baixa,216
2020,meia-idade,4,2,RJ,media,1977
2020,meia-idade,4,2,RN,alta,95
2020,meia-idade,4,2,RN,baixa,72
2020,meia-idade,4,2,RN,media,289
2020,meia-idade,4,2,RO,alta,76
2020,meia-idade,4,2,RO,baixa,33
2020,meia-idade,4,2,RO,media,165
2020,meia-idade,4,2,RR,alta,43
2020,meia-idade,4,2,RR,baixa,7
2020,meia-idade,4,2,RR,media,56
2020,meia-idade,4,2,RS,alta,68
2020,meia-idade,4,2,RS,baixa,10
2020,meia-idade,4,2,RS,media,168
2020,meia-idade,4,2,SC,alta,34
2020,meia-idade,4,2,SC,baixa,14
2020,meia-idade,4,2,SC,media,121
2020,meia-idade,4,2,SE,alta,127
2020,meia-idade,4,2,SE,baixa,96
2020,meia-idade,4,2,SE,media,300
2020,meia-idade,4,2,SP,alta,1456
2020,meia-idade,4,2,SP,baixa,249
2020,meia-idade,4,2,SP,media,2403
2020,meia-idade,4,2,TO,alta,55
2020,meia-idade,4,2,TO,baixa,36
2020,meia-idade,4,2,TO,media,126
2020,meia-idade,5,1,AC,alta,1
2020,meia-idade,5,1,AL,baixa,1
2020,meia-idade,5,1,AM,alta,20
2020,meia-idade,5,1,AM,baixa,19
2020,meia-idade,5,1,AM,media,30
2020,meia-idade,5,1,AP,media,3
2020,meia-idade,5,1,BA,alta,2
2020,meia-idade,5,1,BA,baixa,4
2020,meia-idade,5,1,BA,media,6
2020,meia-idade,5,1,CE,alta,1
2020,meia-idade,5,1,CE,baixa,5
2020,meia-idade,5,1,CE,media,4
2020,meia-idade,5,1,DF,media,2
2020,meia-idade,5,1,GO,alta,1
2020,meia-idade,5,1,GO,media,3
2020,meia-idade,5,1,MA,alta,3
2020,meia-idade,5,1,MA,baixa,6
2020,meia-idade,5,1,MA,media,5
2020,meia-idade,5,1,MG,alta,1
2020,meia-idade,5,1,MG,baixa,1
2020,meia-idade,5,1,MG,media,4
2020,meia-idade,5,1,MS,alta,11
2020,meia-idade,5,1,MS,baixa,4
2020,meia-idade,5,1,MS,media,22
2020,meia-idade,5,1,MT,alta,3
2020,meia-idade,5,1,MT,baixa,5
2020,meia-idade,5,1,MT,media,6
2020,meia-idade,5,1,PA,alta,2
2020,meia-idade,5,1,PA,baixa,3
2020,meia-idade,5,1,PA,media,8
2020,meia-idade,5,1,PB,media,2
2020,meia-idade,5,1,PE,alta,3
2020,meia-idade,5,1,PE,baixa,2
2020,meia-idade,5,1,PE,media,8
2020,meia-idade,5,1,PI,media,1
2020,meia-idade,5,1,PR,alta,3
2020,meia-idade,5,1,PR,baixa,4
2020,meia-idade,5,1,PR,media,1
2020,meia-idade,5,1,RJ,alta,1
2020,meia-idade,5,1,RJ,media,4
2020,meia-idade,5,1,RN,alta,1
2020,meia-idade,5,1,RN,baixa,1
2020,meia-idade,5,1,RN,media,1
2020,meia-idade,5,1,RO,alta,2
2020,meia-idade,5,1,RO,baixa,3
2020,meia-idade,5,1,RO,media,1
2020,meia-idade,5,1,RR,alta,8
2020,meia-idade,5,1,RR,baixa,6
2020,meia-idade,5,1,RR,media,22
2020,meia-idade,5,1,RS,alta,1
2020,meia-idade,5,1,RS,baixa,2
2020,meia-idade,5,1,RS,media,8
2020,meia-idade,5,1,SC,media,7
2020,meia-idade,5,1,SE,baixa,1
2020,meia-idade,5,1,SE,media,1
2020,meia-idade,5,1,SP,alta,9
2020,meia-idade,5,1,SP,baixa,1
2020,meia-idade,5,1,SP,media,4
2020,meia-idade,5,1,TO,media,2
2020,meia-idade,5,2,AL,media,1
2020,meia-idade,5,2,AM,alta,7
2020,meia-idade,5,2,AM,baixa,17
2020,meia-idade,5,2,AM,media,24
2020,meia-idade,5,2,AP,media,1
2020,meia-idade,5,2,BA,alta,1
2020,meia-idade,5,2,BA,media,6
2020,meia-idade,5,2,CE,alta,2
2020,meia-idade,5,2,CE,media,3
2020,meia-idade,5,2,GO,alta,3
2020,meia-idade,5,2,MA,alta,1
2020,meia-idade,5,2,MA,baixa,6
2020,meia-idade,5,2,MA,media,2
2020,meia-idade,5,2,MG,alta,3
2020,meia-idade,5,2,MG,baixa,5
2020,meia-idade,5,2,MG,media,5
2020,meia-idade,5,2,MS,alta,4
2020,meia-idade,5,2,MS,baixa,12
2020,meia-idade,5,2,MS,media,25
2020,meia-idade,5,2,MT,alta,2
2020,meia-idade,5,2,MT,baixa,3
2020,meia-idade,5,2,PA,baixa,3
2020,meia-idade,5,2,PA,media,4
2020,meia-idade,5,2,PB,baixa,1
2020,meia-idade,5,2,PE,baixa,3
2020,meia-idade,5,2,PE,media,4
2020,meia-idade,5,2,PR,baixa,6
2020,meia-idade,5,2,PR,media,7
2020,meia-idade,5,2,RJ,alta,4
2020,meia-idade,5,2,RJ,media,3
2020,meia-idade,5,2,RO,baixa,2
2020,meia-idade,5,2,RR,alta,3
2020,meia-idade,5,2,RR,baixa,4
2020,meia-idade,5,2,RR,media,9
2020,meia-idade,5,2,RS,baixa,1
2020,meia-idade,5,2,RS,media,5
2020,meia-idade,5,2,SC,media,4
2020,meia-idade,5,2,SP,alta,4
2020,meia-idade,5,2,SP,baixa,2
2020,meia-idade,5,2,SP,media,3
2020,meia-idade,5,2,TO,baixa,5
2021,adulto,1,0,MA,alta,1
2021,adulto,1,0,MG,media,1
2021,adulto,1,0,PE,baixa,1
2021,adulto,1,1,AC,alta,6
2021,adulto,1,1,AC,baixa,4
2021,adulto,1,1,AC,media,11
2021,adulto,1,1,AL,alta,31
2021,adulto,1,1,AL,baixa,8
2021,adulto,1,1,AL,media,56
2021,adulto,1,1,AM,alta,135
2021,adulto,1,1,AM,baixa,12
2021,adulto,1,1,AM,media,133
2021,adulto,1,1,AP,alta,12
2021,adulto,1,1,AP,baixa,1
2021,adulto,1,1,AP,media,18
2021,adulto,1,1,BA,alta,249
2021,adulto,1,1,BA,baixa,53
2021,adulto,1,1,BA,media,350
2021,adulto,1,1,CE,alta,228
2021,adulto,1,1,CE,baixa,49
2021,adulto,1,1,CE,media,325
2021,adulto,1,1,DF,alta,127
2021,adulto,1,1,DF,baixa,10
2021,adulto,1,1,DF,media,204
2021,adulto,1,1,ES,alta,116
2021,adulto,1,1,ES,baixa,15
2021,adulto,1,1,ES,media,89
2021,adulto,1,1,GO,alta,512
2021,adulto,1,1,GO,baixa,35
2021,adulto,1,1,GO,media,567
2021,adulto,1,1,MA,alta,199
2021,adulto,1,1,MA,baixa,23
2021,adulto,1,1,MA,media,220
2021,adulto,1,1,MG,alta,1392
2021,adulto,1,1,MG,baixa,122
2021,adulto,1,1,MG,media,1403
2021,adulto,1,1,MS,alta,263
2021,adulto,1,1,MS,baixa,28
2021,adulto,1,1,MS,media,227
2021,adulto,1,1,MT,alta,299
2021,adulto,1,1,MT,baixa,12
2021,adulto,1,1,MT,media,288
2021,adulto,1,1,PA,alta,123
2021,adulto,1,1,PA,baixa,24
2021,adulto,1,1,PA,media,220
2021,adulto,1,1,PB,alta,56
2021,adulto,1,1,PB,baixa,21
2021,adulto,1,1,PB,media,94
2021,adulto,1,1,PE,alta,325
2021,adulto,1,1,PE,baixa,76
2021,adulto,1,1,PE,media,710
2021,adulto,1,1,PI,alta,42
2021,adulto,1,1,PI,baixa,23
2021,adulto,1,1,PI,media,103
2021,adulto,1,1,PR,alta,2381
2021,adulto,1,1,PR,baixa,111
2021,adulto,1,1,PR,media,1870
2021,adulto,1,1,RJ,alta,876
2021,adulto,1,1,RJ,baixa,69
2021,adulto,1,1,RJ,media,1104
2021,adulto,1,1,RN,alta,72
2021,adulto,1,1,RN,baixa,24
2021,adulto,1,1,RN,media,141
2021,adulto,1,1,RO,alta,101
2021,adulto,1,1,RO,baixa,6
2021,adulto,1,1,RO,media,116
2021,adulto,1,1,RR,alta,22
2021,adulto,1,1,RR,baixa,1
2021,adulto,1,1,RR,media,15
2021,adulto,1,1,RS,alta,1176
2021,adulto,1,1,RS,baixa,74
2021,adulto,1,1,RS,media,1113
2021,adulto,1,1,SC,alta,1114
2021,adulto,1,1,SC,baixa,47
2021,adulto,1,1,SC,media,1003
2021,adulto,1,1,SE,alta,59
2021,adulto,1,1,SE,baixa,10
2021,adulto,1,1,SE,media,83
2021,adulto,1,1,SP,alta,5238
2021,adulto,1,1,SP,baixa,256
2021,adulto,1,1,SP,media,4219
2021,adulto,1,1,TO,alta,45
2021,adulto,1,1,TO,baixa,4
2021,adulto,1,1,TO,media,59
2021,adulto,1,2,AC,alta,7
2021,adulto,1,2,AC,baixa,3
2021,adulto,1,2,AC,media,5
2021,adulto,1,2,AL,alta,28
2021,adulto,1,2,AL,baixa,8
2021,adulto,1,2,AL,media,48
2021,adulto,1,2,AM,alta,116
2021,adulto,1,2,AM,baixa,13
2021,adulto,1,2,AM,media,111
2021,adulto,1,2,AP,alta,11
2021,adulto,1,2,AP,baixa,4
2021,adulto,1,2,AP,media,18
2021,adulto,1,2,BA,alta,153
2021,adulto,1,2,BA,baixa,37
2021,adulto,1,2,BA,media,206
2021,adulto,1,2,CE,alta,172
2021,adulto,1,2,CE,baixa,40
2021,adulto,1,2,CE,media,230
2021,adulto,1,2,DF,alta,69
2021,adulto,1,2,DF,baixa,6
2021,adulto,1,2,DF,media,153
2021,adulto,1,2,ES,alta,72
2021,adulto,1,2,ES,baixa,9
2021,adulto,1,2,ES,media,87
2021,adulto,1,2,GO,alta,375
2021,adulto,1,2,GO,baixa,19
2021,adulto,1,2,GO,media,365
2021,adulto,1,2,MA,alta,105
2021,adulto,1,2,MA,baixa,15
2021,adulto,1,2,MA,media,134
2021,adulto,1,2,MG,alta,779
2021,adulto,1,2,MG,baixa,58
2021,adulto,1,2,MG,media,756
2021,adulto,1,2,MS,alta,190
2021,adulto,1,2,MS,baixa,18
2021,adulto,1,2,MS,media,156
2021,adulto,1,2,MT,alta,156
2021,adulto,1,2,MT,baixa,6
2021,adulto,1,2,MT,media,134
2021,adulto,1,2,PA,alta,124
2021,adulto,1,2,PA,baixa,12
2021,adulto,1,2,PA,media,145
2021,adulto,1,2,PB,alta,51
2021,adulto,1,2,PB,baixa,8
2021,adulto,1,2,PB,media,76
2021,adulto,1,2,PE,alta,234
2021,adulto,1,2,PE,baixa,52
2021,adulto,1,2,PE,media,345
2021,adulto,1,2,PI,alta,41
2021,adulto,1,2,PI,baixa,15
2021,adulto,1,2,PI,media,58
2021,adulto,1,2,PR,alta,1085
2021,adulto,1,2,PR,baixa,82
2021,adulto,1,2,PR,media,977
2021,adulto,1,2,RJ,alta,728
2021,adulto,1,2,RJ,baixa,38
2021,adulto,1,2,RJ,media,830
2021,adulto,1,2,RN,alta,78
2021,adulto,1,2,RN,baixa,9
2021,adulto,1,2,RN,media,103
2021,adulto,1,2,RO,alta,41
2021,adulto,1,2,RO,baixa,2
2021,adulto,1,2,RO,media,66
2021,adulto,1,2,RR,alta,16
2021,adulto,1,2,RR,baixa,2
2021,adulto,1,2,RR,media,13
2021,adulto,1,2,RS,alta,701
2021,adulto,1,2,RS,baixa,69
2021,adulto,1,2,RS,media,665
2021,adulto,1,2,SC,alta,591
2021,adulto,1,2,SC,baixa,28
2021,adulto,1,2,SC,media,597
2021,adulto,1,2,SE,alta,45
2021,adulto,1,2,SE,baixa,2
2021,adulto,1,2,SE,media,43
2021,adulto,1,2,SP,alta,3264
2021,adulto,1,2,SP,baixa,231
2021,adulto,1,2,SP,media,2494
2021,adulto,1,2,TO,alta,37
2021,adulto,1,2,TO,baixa,3
2021,adulto,1,2,TO,media,41
2021,adulto,2,1,AC,alta,1
2021,adulto,2,1,AC,baixa,1
2021,adulto,2,1,AC,media,1
2021,adulto,2,1,AL,alta,4
2021,adulto,2,1,AL,baixa,5
2021,adulto,2,1,AL,media,20
2021,adulto,2,1,AM,alta,24
2021,adulto,2,1,AM,baixa,3
2021,adulto,2,1,AM,media,27
2021,adulto,2,1,AP,alta,7
2021,adulto,2,1,AP,baixa,3
2021,adulto,2,1,AP,media,16
2021,adulto,2,1,BA,alta,353
2021,adulto,2,1,BA,baixa,75
2021,adulto,2,1,BA,media,648
2021,adulto,2,1,CE,alta,32
2021,adulto,2,1,CE,baixa,21
2021,adulto,2,1,CE,media,71
2021,adulto,2,1,DF,alta,37
2021,adulto,2,1,DF,baixa,3
2021,adulto,2,1,DF,media,69
2021,adulto,2,1,ES,alta,36
2021,adulto,2,1,ES,baixa,8
2021,adulto,2,1,ES,media,64
2021,adulto,2,1,GO,alta,122
2021,adulto,2,1,GO,baixa,23
2021,adulto,2,1,GO,media,195
2021,adulto,2,1,MA,alta,116
2021,adulto,2,1,MA,baixa,43
2021,adulto,2,1,MA,media,192
2021,adulto,2,1,MG,alta,400
2021,adulto,2,1,MG,baixa,60
2021,adulto,2,1,MG,media,539
2021,adulto,2,1,MS,alta,37
2021,adulto,2,1,MS,baixa,4
2021,adulto,2,1,MS,media,32
2021,adulto,2,1,MT,alta,87
2021,adulto,2,1,MT,baixa,8
2021,adulto,2,1,MT,media,78
2021,adulto,2,1,PA,alta,62
2021,adulto,2,1,PA,baixa,21
2021,adulto,2,1,PA,media,123
2021,adulto,2,1,PB,alta,4
2021,adulto,2,1,PB,baixa,9
2021,adulto,2,1,PB,media,20
2021,adulto,2,1,PE,alta,74
2021,adulto,2,1,PE,baixa,34
2021,adulto,2,1,PE,media,193
2021,adulto,2,1,PI,alta,17
2021,adulto,2,1,PI,baixa,26
2021,adulto,2,1,PI,media,90
2021,adulto,2,1,PR,alta,154
2021,adulto,2,1,PR,baixa,10
2021,adulto,2,1,PR,media,124
2021,adulto,2,1,RJ,alta,432
2021,adulto,2,1,RJ,baixa,50
2021,adulto,2,1,RJ,media,705
2021,adulto,2,1,RN,alta,11
2021,adulto,2,1,RN,baixa,10
2021,adulto,2,1,RN,media,30
2021,adulto,2,1,RO,alta,31
2021,adulto,2,1,RO,baixa,5
2021,adulto,2,1,RO,media,34
2021,adulto,2,1,RR,alta,9
2021,adulto,2,1,RR,media,5
2021,adulto,2,1,RS,alta,112
2021,adulto,2,1,RS,baixa,14
2021,adulto,2,1,RS,media,148
2021,adulto,2,1,SC,alta,67
2021,adulto,2,1,SC,baixa,1
2021,adulto,2,1,SC,media,69
2021,adulto,2,1,SE,alta,43
2021,adulto,2,1,SE,baixa,10
2021,adulto,2,1,SE,media,76
2021,adulto,2,1,SP,alta,779
2021,adulto,2,1,SP,baixa,51
2021,adulto,2,1,SP,media,712
2021,adulto,2,1,TO,alta,26
2021,adulto,2,1,TO,baixa,4
2021,adulto,2,1,TO,media,59
2021,adulto,2,2,AC,alta,2
2021,adulto,2,2,AC,media,6
2021,adulto,2,2,AL,alta,12
2021,adulto,2,2,AL,baixa,3
2021,adulto,2,2,AL,media,10
2021,adulto,2,2,AM,alta,21
2021,adulto,2,2,AM,baixa,2
2021,adulto,2,2,AM,media,12
2021,adulto,2,2,AP,alta,1
2021,adulto,2,2,AP,baixa,1
2021,adulto,2,2,AP,media,6
2021,adulto,2,2,BA,alta,183
2021,adulto,2,2,BA,baixa,34
2021,adulto,2,2,BA,media,250
2021,adulto,2,2,CE,alta,22
2021,adulto,2,2,CE,baixa,5
2021,adulto,2,2,CE,media,21
2021,adulto,2,2,DF,alta,19
2021,adulto,2,2,DF,media,24
2021,adulto,2,2,ES,alta,32
2021,adulto,2,2,ES,baixa,2
2021,adulto,2,2,ES,media,37
2021,adulto,2,2,GO,alta,78
2021,adulto,2,2,GO,baixa,6
2021,adulto,2,2,GO,media,78
2021,adulto,2,2,MA,alta,47
2021,adulto,2,2,MA,baixa,20
2021,adulto,2,2,MA,media,61
2021,adulto,2,2,MG,alta,270
2021,adulto,2,2,MG,baixa,23
2021,adulto,2,2,MG,media,247
2021,adulto,2,2,MS,alta,26
2021,adulto,2,2,MS,baixa,2
2021,adulto,2,2,MS,media,18
2021,adulto,2,2,MT,alta,35
2021,adulto,2,2,MT,baixa,1
2021,adulto,2,2,MT,media,26
2021,adulto,2,2,PA,alta,31
2021,adulto,2,2,PA,baixa,5
2021,adulto,2,2,PA,media,65
2021,adulto,2,2,PB,alta,7
2021,adulto,2,2,PB,baixa,3
2021,adulto,2,2,PB,media,12
2021,adulto,2,2,PE,alta,49
2021,adulto,2,2,PE,baixa,11
2021,adulto,2,2,PE,media,90
2021,adulto,2,2,PI,alta,20
2021,adulto,2,2,PI,baixa,5
2021,adulto,2,2,PI,media,22
2021,adulto,2,2,PR,alta,62
2021,adulto,2,2,PR,baixa,7
2021,adulto,2,2,PR,media,67
2021,adulto,2,2,RJ,alta,353
2021,adulto,2,2,RJ,baixa,23
2021,adulto,2,2,RJ,media,463
2021,adulto,2,2,RN,alta,10
2021,adulto,2,2,RN,baixa,4
2021,adulto,2,2,RN,media,19
2021,adulto,2,2,RO,alta,11
2021,adulto,2,2,RO,baixa,3
2021,adulto,2,2,RO,media,7
2021,adulto,2,2,RR,alta,7
2021,adulto,2,2,RR,media,2
2021,adulto,2,2,RS,alta,71
2021,adulto,2,2,RS,baixa,9
2021,adulto,2,2,RS,media,93
2021,adulto,2,2,SC,alta,46
2021,adulto,2,2,SC,baixa,3
2021,adulto,2,2,SC,media,39
2021,adulto,2,2,SE,alta,19
2021,adulto,2,2,SE,baixa,4
2021,adulto,2,2,SE,media,31
2021,adulto,2,2,SP,alta,461
2021,adulto,2,2,SP,baixa,29
2021,adulto,2,2,SP,media,322
2021,adulto,2,2,TO,alta,10
2021,adulto,2,2,TO,baixa,1
2021,adulto,2,2,TO,media,21
2021,adulto,3,1,AC,media,1
2021,adulto,3,1,AL,alta,1
2021,adulto,3,1,AL,baixa,1
2021,adulto,3,1,AL,media,1
2021,adulto,3,1,AM,alta,1
2021,adulto,3,1,AM,media,2
2021,adulto,3,1,AP,media,1
2021,adulto,3,1,BA,alta,2
2021,adulto,3,1,BA,baixa,1
2021,adulto,3,1,BA,media,7
2021,adulto,3,1,CE,alta,1
2021,adulto,3,1,CE,baixa,1
2021,adulto,3,1,CE,media,4
2021,adulto,3,1,DF,alta,3
2021,adulto,3,1,DF,baixa,1
2021,adulto,3,1,DF,media,5
2021,adulto,3,1,ES,alta,2
2021,adulto,3,1,GO,alta,6
2021,adulto,3,1,GO,baixa,1
2021,adulto,3,1,GO,media,6
2021,adulto,3,1,MA,alta,5
2021,adulto,3,1,MA,baixa,2
2021,adulto,3,1,MA,media,6
2021,adulto,3,1,MG,alta,4
2021,adulto,3,1,MG,media,8
2021,adulto,3,1,MS,alta,1
2021,adulto,3,1,MS,media,3
2021,adulto,3,1,MT,alta,9
2021,adulto,3,1,MT,baixa,1
2021,adulto,3,1,MT,media,3
2021,adulto,3,1,PA,alta,6
2021,adulto,3,1,PA,media,5
2021,adulto,3,1,PB,alta,1
2021,adulto,3,1,PB,media,1
2021,adulto,3,1,PE,alta,1
2021,adulto,3,1,PE,media,6
2021,adulto,3,1,PI,alta,2
2021,adulto,3,1,PI,media,2
2021,adulto,3,1,PR,alta,9
2021,adulto,3,1,PR,baixa,1
2021,adulto,3,1,PR,media,22
2021,adulto,3,1,RJ,alta,3
2021,adulto,3,1,RJ,media,3
2021,adulto,3,1,RN,media,1
2021,adulto,3,1,RO,alta,1
2021,adulto,3,1,RO,media,1
2021,adulto,3,1,RR,alta,1
2021,adulto,3,1,RR,media,2
2021,adulto,3,1,RS,alta,2
2021,adulto,3,1,SC,media,4
2021,adulto,3,1,SE,media,2
2021,adulto,3,1,SP,alta,34
2021,adulto,3,1,SP,media,43
2021,adulto,3,1,TO,alta,3
2021,adulto,3,1,TO,baixa,1
2021,adulto,3,1,TO,media,2
2021,adulto,3,2,AL,media,1
2021,adulto,3,2,AM,media,1
2021,adulto,3,2,AP,media,1
2021,adulto,3,2,BA,alta,1
2021,adulto,3,2,BA,media,1
2021,adulto,3,2,CE,alta,1
2021,adulto,3,2,CE,baixa,1
2021,adulto,3,2,CE,media,6
2021,adulto,3,2,DF,media,1
2021,adulto,3,2,ES,media,1
2021,adulto,3,2,GO,alta,2
2021,adulto,3,2,GO,media,4
2021,adulto,3,2,MA,alta,6
2021,adulto,3,2,MA,media,4
2021,adulto,3,2,MG,alta,1
2021,adulto,3,2,MG,media,4
2021,adulto,3,2,MS,alta,1
2021,adulto,3,2,MS,media,2
2021,adulto,3,2,MT,alta,2
2021,adulto,3,2,MT,media,1
2021,adulto,3,2,PA,media,1
2021,adulto,3,2,PB,media,1
2021,adulto,3,2,PE,alta,5
2021,adulto,3,2,PE,media,1
2021,adulto,3,2,PI,media,2
2021,adulto,3,2,PR,alta,8
2021,adulto,3,2,PR,baixa,1
2021,adulto,3,2,PR,media,2
2021,adulto,3,2,RJ,alta,3
2021,adulto,3,2,RJ,media,1
2021,adulto,3,2,RN,alta,1
2021,adulto,3,2,RN,baixa,1
2021,adulto,3,2,RN,media,1
2021,adulto,3,2,RO,alta,1
2021,adulto,3,2,RO,media,2
2021,adulto,3,2,RS,alta,1
2021,adulto,3,2,RS,media,3
2021,adulto,3,2,SC,media,2
2021,adulto,3,2,SE,alta,1
2021,adulto,3,2,SP,alta,16
2021,adulto,3,2,SP,media,19
2021,adulto,4,0,MG,media,1
2021,adulto,4,0,RN,media,1
2021,adulto,4,0,SP,alta,1
2021,adulto,4,1,AC,alta,30
2021,adulto,4,1,AC,baixa,15
2021,adulto,4,1,AC,media,41
2021,adulto,4,1,AL,alta,331
2021,adulto,4,1,AL,baixa,92
2021,adulto,4,1,AL,media,489
2021,adulto,4,1,AM,alta,1096
2021,adulto,4,1,AM,baixa,96
2021,adulto,4,1,AM,media,882
2021,adulto,4,1,AP,alta,115
2021,adulto,4,1,AP,baixa,14
2021,adulto,4,1,AP,media,168
2021,adulto,4,1,BA,alta,1360
2021,adulto,4,1,BA,baixa,287
2021,adulto,4,1,BA,media,2583
2021,adulto,4,1,CE,alta,1064
2021,adulto,4,1,CE,baixa,289
2021,adulto,4,1,CE,media,2151
2021,adulto,4,1,DF,alta,217
2021,adulto,4,1,DF,baixa,12
2021,adulto,4,1,DF,media,388
2021,adulto,4,1,ES,alta,196
2021,adulto,4,1,ES,baixa,25
2021,adulto,4,1,ES,media,247
2021,adulto,4,1,GO,alta,973
2021,adulto,4,1,GO,baixa,73
2021,adulto,4,1,GO,media,1151
2021,adulto,4,1,MA,alta,1013
2021,adulto,4,1,MA,baixa,228
2021,adulto,4,1,MA,media,1155
2021,adulto,4,1,MG,alta,1462
2021,adulto,4,1,MG,baixa,160
2021,adulto,4,1,MG,media,1893
2021,adulto,4,1,MS,alta,373
2021,adulto,4,1,MS,baixa,49
2021,adulto,4,1,MS,media,351
2021,adulto,4,1,MT,alta,596
2021,adulto,4,1,MT,baixa,42
2021,adulto,4,1,MT,media,556
2021,adulto,4,1,PA,alta,801
2021,adulto,4,1,PA,baixa,161
2021,adulto,4,1,PA,media,1540
2021,adulto,4,1,PB,alta,111
2021,adulto,4,1,PB,baixa,47
2021,adulto,4,1,PB,media,352
2021,adulto,4,1,PE,alta,850
2021,adulto,4,1,PE,baixa,296
2021,adulto,4,1,PE,media,2252
2021,adulto,4,1,PI,alta,279
2021,adulto,4,1,PI,baixa,112
2021,adulto,4,1,PI,media,605
2021,adulto,4,1,PR,alta,855
2021,adulto,4,1,PR,baixa,59
2021,adulto,4,1,PR,media,786
2021,adulto,4,1,RJ,alta,1062
2021,adulto,4,1,RJ,baixa,77
2021,adulto,4,1,RJ,media,1471
2021,adulto,4,1,RN,alta,165
2021,adulto,4,1,RN,baixa,63
2021,adulto,4,1,RN,media,404
2021,adulto,4,1,RO,alta,242
2021,adulto,4,1,RO,baixa,18
2021,adulto,4,1,RO,media,247
2021,adulto,4,1,RR,alta,171
2021,adulto,4,1,RR,baixa,10
2021,adulto,4,1,RR,media,122
2021,adulto,4,1,RS,alta,109
2021,adulto,4,1,RS,baixa,11
2021,adulto,4,1,RS,media,128
2021,adulto,4,1,SC,alta,133
2021,adulto,4,1,SC,baixa,7
2021,adulto,4,1,SC,media,153
2021,adulto,4,1,SE,alta,301
2021,adulto,4,1,SE,baixa,68
2021,adulto,4,1,SE,media,632
2021,adulto,4,1,SP,alta,3153
2021,adulto,4,1,SP,baixa,150
2021,adulto,4,1,SP,media,2640
2021,adulto,4,1,TO,alta,220
2021,adulto,4,1,TO,baixa,34
2021,adulto,4,1,TO,media,280
2021,adulto,4,2,AC,alta,34
2021,adulto,4,2,AC,baixa,9
2021,adulto,4,2,AC,media,52
2021,adulto,4,2,AL,alta,118
2021,adulto,4,2,AL,baixa,34
2021,adulto,4,2,AL,media,177
2021,adulto,4,2,AM,alta,444
2021,adulto,4,2,AM,baixa,32
2021,adulto,4,2,AM,media,319
2021,adulto,4,2,AP,alta,54
2021,adulto,4,2,AP,baixa,4
2021,adulto,4,2,AP,media,66
2021,adulto,4,2,BA,alta,671
2021,adulto,4,2,BA,baixa,115
2021,adulto,4,2,BA,media,839
2021,adulto,4,2,CE,alta,480
2021,adulto,4,2,CE,baixa,98
2021,adulto,4,2,CE,media,764
2021,adulto,4,2,DF,alta,100
2021,adulto,4,2,DF,baixa,8
2021,adulto,4,2,DF,media,134
2021,adulto,4,2,ES,alta,117
2021,adulto,4,2,ES,baixa,8
2021,adulto,4,2,ES,media,113
2021,adulto,4,2,GO,alta,501
2021,adulto,4,2,GO,baixa,31
2021,adulto,4,2,GO,media,434
2021,adulto,4,2,MA,alta,412
2021,adulto,4,2,MA,baixa,80
2021,adulto,4,2,MA,media,405
2021,adulto,4,2,MG,alta,822
2021,adulto,4,2,MG,baixa,80
2021,adulto,4,2,MG,media,818
2021,adulto,4,2,MS,alta,216
2021,adulto,4,2,MS,baixa,19
2021,adulto,4,2,MS,media,194
2021,adulto,4,2,MT,alta,299
2021,adulto,4,2,MT,baixa,22
2021,adulto,4,2,MT,media,239
2021,adulto,4,2,PA,alta,497
2021,adulto,4,2,PA,baixa,64
2021,adulto,4,2,PA,media,602
2021,adulto,4,2,PB,alta,83
2021,adulto,4,2,PB,baixa,18
2021,adulto,4,2,PB,media,193
2021,adulto,4,2,PE,alta,441
2021,adulto,4,2,PE,baixa,99
2021,adulto,4,2,PE,media,716
2021,adulto,4,2,PI,alta,131
2021,adulto,4,2,PI,baixa,36
2021,adulto,4,2,PI,media,208
2021,adulto,4,2,PR,alta,344
2021,adulto,4,2,PR,baixa,32
2021,adulto,4,2,PR,media,315
2021,adulto,4,2,RJ,alta,720
2021,adulto,4,2,RJ,baixa,60
2021,adulto,4,2,RJ,media,860
2021,adulto,4,2,RN,alta,99
2021,adulto,4,2,RN,baixa,17
2021,adulto,4,2,RN,media,149
2021,adulto,4,2,RO,alta,100
2021,adulto,4,2,RO,baixa,6
2021,adulto,4,2,RO,media,91
2021,adulto,4,2,RR,alta,73
2021,adulto,4,2,RR,baixa,3
2021,adulto,4,2,RR,media,54
2021,adulto,4,2,RS,alta,78
2021,adulto,4,2,RS,baixa,4
2021,adulto,4,2,RS,media,80
2021,adulto,4,2,SC,alta,64
2021,adulto,4,2,SC,baixa,4
2021,adulto,4,2,SC,media,67
2021,adulto,4,2,SE,alta,137
2021,adulto,4,2,SE,baixa,17
2021,adulto,4,2,SE,media,153
2021,adulto,4,2,SP,alta,1661
2021,adulto,4,2,SP,baixa,72
2021,adulto,4,2,SP,media,1171
2021,adulto,4,2,TO,alta,85
2021,adulto,4,2,TO,baixa,13
2021,adulto,4,2,TO,media,136
2021,adulto,5,1,AC,alta,1
2021,adulto,5,1,AC,baixa,1
2021,adulto,5,1,AC,media,1
2021,adulto,5,1,AL,media,1
2021,adulto,5,1,AM,alta,30
2021,adulto,5,1,AM,baixa,10
2021,adulto,5,1,AM,media,28
2021,adulto,5,1,AP,baixa,1
2021,adulto,5,1,AP,media,2
2021,adulto,5,1,BA,alta,1
2021,adulto,5,1,BA,baixa,2
2021,adulto,5,1,BA,media,6
2021,adulto,5,1,CE,alta,1
2021,adulto,5,1,CE,baixa,4
2021,adulto,5,1,CE,media,2
2021,adulto,5,1,DF,media,3
2021,adulto,5,1,ES,media,1
2021,adulto,5,1,GO,media,4
2021,adulto,5,1,MA,alta,6
2021,adulto,5,1,MA,baixa,3
2021,adulto,5,1,MA,media,7
2021,adulto,5,1,MG,alta,1
2021,adulto,5,1,MG,baixa,3
2021,adulto,5,1,MG,media,5
2021,adulto,5,1,MS,alta,14
2021,adulto,5,1,MS,baixa,6
2021,adulto,5,1,MS,media,30
2021,adulto,5,1,MT,alta,7
2021,adulto,5,1,MT,baixa,2
2021,adulto,5,1,MT,media,3
2021,adulto,5,1,PA,baixa,2
2021,adulto,5,1,PA,media,4
2021,adulto,5,1,PB,alta,1
2021,adulto,5,1,PB,media,1
2021,adulto,5,1,PE,alta,5
2021,adulto,5,1,PE,baixa,2
2021,adulto,5,1,PE,media,3
2021,adulto,5,1,PR,alta,3
2021,adulto,5,1,PR,baixa,2
2021,adulto,5,1,PR,media,8
2021,adulto,5,1,RJ,alta,2
2021,adulto,5,1,RJ,media,2
2021,adulto,5,1,RN,media,2
2021,adulto,5,1,RO,alta,2
2021,adulto,5,1,RO,media,2
2021,adulto,5,1,RR,alta,7
2021,adulto,5,1,RR,baixa,15
2021,adulto,5,1,RR,media,14
2021,adulto,5,1,RS,alta,2
2021,adulto,5,1,RS,baixa,2
2021,adulto,5,1,RS,media,3
2021,adulto,5,1,SC,media,2
2021,adulto,5,1,SP,alta,5
2021,adulto,5,1,SP,media,6
2021,adulto,5,1,TO,alta,1
2021,adulto,5,1,TO,media,1
2021,adulto,5,2,AC,media,1
2021,adulto,5,2,AM,alta,18
2021,adulto,5,2,AM,baixa,12
2021,adulto,5,2,AM,media,14
2021,adulto,5,2,BA,alta,1
2021,adulto,5,2,BA,media,4
2021,adulto,5,2,CE,alta,1
2021,adulto,5,2,CE,media,2
2021,adulto,5,2,ES,alta,1
2021,adulto,5,2,MA,alta,1
2021,adulto,5,2,MA,baixa,3
2021,adulto,5,2,MA,media,10
2021,adulto,5,2,MG,media,3
2021,adulto,5,2,MS,alta,6
2021,adulto,5,2,MS,baixa,3
2021,adulto,5,2,MS,media,16
2021,adulto,5,2,MT,baixa,2
2021,adulto,5,2,MT,media,5
2021,adulto,5,2,PA,alta,1
2021,adulto,5,2,PA,media,1
2021,adulto,5,2,PE,alta,3
2021,adulto,5,2,PE,baixa,2
2021,adulto,5,2,PE,media,5
2021,adulto,5,2,PR,alta,1
2021,adulto,5,2,PR,baixa,2
2021,adulto,5,2,PR,media,7
2021,adulto,5,2,RJ,alta,2
2021,adulto,5,2,RJ,media,2
2021,adulto,5,2,RO,media,2
2021,adulto,5,2,RR,alta,4
2021,adulto,5,2,RR,baixa,11
2021,adulto,5,2,RR,media,10
2021,adulto,5,2,RS,baixa,1
2021,adulto,5,2,RS,media,2
2021,adulto,5,2,SC,alta,3
2021,adulto,5,2,SC,baixa,1
2021,adulto,5,2,SC,media,4
2021,adulto,5,2,SP,alta,1
2021,adulto,5,2,SP,media,5
2021,adulto,5,2,TO,alta,3
2021,adulto,5,2,TO,media,1
2021,idoso,1,0,PE,media,1
2021,idoso,1,0,SP,media,2
2021,idoso,1,1,AC,alta,16
2021,idoso,1,1,AC,baixa,15
2021,idoso,1,1,AC,media,42
2021,idoso,1,1,AL,alta,93
2021,idoso,1,1,AL,baixa,101
2021,idoso,1,1,AL,media,189
2021,idoso,1,1,AM,alta,278
2021,idoso,1,1,AM,baixa,58
2021,idoso,1,1,AM,media,404
2021,idoso,1,1,AP,alta,38
2021,idoso,1,1,AP,baixa,9
2021,idoso,1,1,AP,media,43
2021,idoso,1,1,BA,alta,564
2021,idoso,1,1,BA,baixa,354
2021,idoso,1,1,BA,media,1244
2021,idoso,1,1,CE,alta,490
2021,idoso,1,1,CE,baixa,382
2021,idoso,1,1,CE,media,1102
2021,idoso,1,1,DF,alta,339
2021,idoso,1,1,DF,baixa,60
2021,idoso,1,1,DF,media,738
2021,idoso,1,1,ES,alta,347
2021,idoso,1,1,ES,baixa,96
2021,idoso,1,1,ES,media,777
2021,idoso,1,1,GO,alta,901
2021,idoso,1,1,GO,baixa,340
2021,idoso,1,1,GO,media,2194
2021,idoso,1,1,MA,alta,258
2021,idoso,1,1,MA,baixa,229
2021,idoso,1,1,MA,media,593
2021,idoso,1,1,MG,alta,3212
2021,idoso,1,1,MG,baixa,889
2021,idoso,1,1,MG,media,8049
2021,idoso,1,1,MS,alta,556
2021,idoso,1,1,MS,baixa,134
2021,idoso,1,1,MS,media,1102
2021,idoso,1,1,MT,alta,432
2021,idoso,1,1,MT,baixa,156
2021,idoso,1,1,MT,media,968
2021,idoso,1,1,PA,alta,305
2021,idoso,1,1,PA,baixa,158
2021,idoso,1,1,PA,media,751
2021,idoso,1,1,PB,alta,84
2021,idoso,1,1,PB,baixa,103
2021,idoso,1,1,PB,media,473
2021,idoso,1,1,PE,alta,808
2021,idoso,1,1,PE,baixa,498
2021,idoso,1,1,PE,media,1854
2021,idoso,1,1,PI,alta,88
2021,idoso,1,1,PI,baixa,133
2021,idoso,1,1,PI,media,299
2021,idoso,1,1,PR,alta,3380
2021,idoso,1,1,PR,baixa,917
2021,idoso,1,1,PR,media,8374
2021,idoso,1,1,RJ,alta,3784
2021,idoso,1,1,RJ,baixa,563
2021,idoso,1,1,RJ,media,7692
2021,idoso,1,1,RN,alta,178
2021,idoso,1,1,RN,baixa,195
2021,idoso,1,1,RN,media,472
2021,idoso,1,1,RO,alta,140
2021,idoso,1,1,RO,baixa,60
2021,idoso,1,1,RO,media,412
2021,idoso,1,1,RR,alta,45
2021,idoso,1,1,RR,baixa,8
2021,idoso,1,1,RR,media,60
2021,idoso,1,1,RS,alta,3329
2021,idoso,1,1,RS,baixa,623
2021,idoso,1,1,RS,media,8080
2021,idoso,1,1,SC,alta,2329
2021,idoso,1,1,SC,baixa,319
2021,idoso,1,1,SC,media,5981
2021,idoso,1,1,SE,alta,171
2021,idoso,1,1,SE,baixa,85
2021,idoso,1,1,SE,media,286
2021,idoso,1,1,SP,alta,12931
2021,idoso,1,1,SP,baixa,1572
2021,idoso,1,1,SP,media,27341
2021,idoso,1,1,TO,alta,77
2021,idoso,1,1,TO,baixa,57
2021,idoso,1,1,TO,media,214
2021,idoso,1,2,AC,alta,12
2021,idoso,1,2,AC,baixa,19
2021,idoso,1,2,AC,media,44
2021,idoso,1,2,AL,alta,64
2021,idoso,1,2,AL,baixa,124
2021,idoso,1,2,AL,media,188
2021,idoso,1,2,AM,alta,221
2021,idoso,1,2,AM,baixa,57
2021,idoso,1,2,AM,media,318
2021,idoso,1,2,AP,alta,27
2021,idoso,1,2,AP,baixa,11
2021,idoso,1,2,AP,media,37
2021,idoso,1,2,BA,alta,449
2021,idoso,1,2,BA,baixa,417
2021,idoso,1,2,BA,media,997
2021,idoso,1,2,CE,alta,446
2021,idoso,1,2,CE,baixa,365
2021,idoso,1,2,CE,media,1114
2021,idoso,1,2,DF,alta,301
2021,idoso,1,2,DF,baixa,85
2021,idoso,1,2,DF,media,661
2021,idoso,1,2,ES,alta,225
2021,idoso,1,2,ES,baixa,109
2021,idoso,1,2,ES,media,529
2021,idoso,1,2,GO,alta,665
2021,idoso,1,2,GO,baixa,393
2021,idoso,1,2,GO,media,1684
2021,idoso,1,2,MA,alta,226
2021,idoso,1,2,MA,baixa,239
2021,idoso,1,2,MA,media,458
2021,idoso,1,2,MG,alta,2076
2021,idoso,1,2,MG,baixa,973
2021,idoso,1,2,MG,media,6250
2021,idoso,1,2,MS,alta,385
2021,idoso,1,2,MS,baixa,166
2021,idoso,1,2,MS,media,825
2021,idoso,1,2,MT,alta,267
2021,idoso,1,2,MT,baixa,149
2021,idoso,1,2,MT,media,611
2021,idoso,1,2,PA,alta,288
2021,idoso,1,2,PA,baixa,152
2021,idoso,1,2,PA,media,622
2021,idoso,1,2,PB,alta,92
2021,idoso,1,2,PB,baixa,85
2021,idoso,1,2,PB,media,425
2021,idoso,1,2,PE,alta,719
2021,idoso,1,2,PE,baixa,623
2021,idoso,1,2,PE,media,1750
2021,idoso,1,2,PI,alta,88
2021,idoso,1,2,PI,baixa,139
2021,idoso,1,2,PI,media,231
2021,idoso,1,2,PR,alta,2154
2021,idoso,1,2,PR,baixa,1265
2021,idoso,1,2,PR,media,6049
2021,idoso,1,2,RJ,alta,3150
2021,idoso,1,2,RJ,baixa,689
2021,idoso,1,2,RJ,media,7111
2021,idoso,1,2,RN,alta,187
2021,idoso,1,2,RN,baixa,161
2021,idoso,1,2,RN,media,512
2021,idoso,1,2,RO,alta,79
2021,idoso,1,2,RO,baixa,76
2021,idoso,1,2,RO,media,247
2021,idoso,1,2,RR,alta,29
2021,idoso,1,2,RR,baixa,14
2021,idoso,1,2,RR,media,42
2021,idoso,1,2,RS,alta,2370
2021,idoso,1,2,RS,baixa,674
2021,idoso,1,2,RS,media,5656
2021,idoso,1,2,SC,alta,1274
2021,idoso,1,2,SC,baixa,350
2021,idoso,1,2,SC,media,4168
2021,idoso,1,2,SE,alta,114
2021,idoso,1,2,SE,baixa,97
2021,idoso,1,2,SE,media,273
2021,idoso,1,2,SP,alta,8260
2021,idoso,1,2,SP,baixa,2341
2021,idoso,1,2,SP,media,20807
2021,idoso,1,2,TO,alta,68
2021,idoso,1,2,TO,baixa,54
2021,idoso,1,2,TO,media,145
2021,idoso,2,0,PR,baixa,1
2021,idoso,2,0,PR,media,1
2021,idoso,2,1,AC,alta,2
2021,idoso,2,1,AC,baixa,5
2021,idoso,2,1,AC,media,9
2021,idoso,2,1,AL,alta,11
2021,idoso,2,1,AL,baixa,55
2021,idoso,2,1,AL,media,34
2021,idoso,2,1,AM,alta,46
2021,idoso,2,1,AM,baixa,30
2021,idoso,2,1,AM,media,57
2021,idoso,2,1,AP,alta,8
2021,idoso,2,1,AP,baixa,19
2021,idoso,2,1,AP,media,26
2021,idoso,2,1,BA,alta,415
2021,idoso,2,1,BA,baixa,551
2021,idoso,2,1,BA,media,1171
2021,idoso,2,1,CE,alta,51
2021,idoso,2,1,CE,baixa,140
2021,idoso,2,1,CE,media,169
2021,idoso,2,1,DF,alta,52
2021,idoso,2,1,DF,baixa,31
2021,idoso,2,1,DF,media,125
2021,idoso,2,1,ES,alta,65
2021,idoso,2,1,ES,baixa,70
2021,idoso,2,1,ES,media,199
2021,idoso,2,1,GO,alta,107
2021,idoso,2,1,GO,baixa,161
2021,idoso,2,1,GO,media,366
2021,idoso,2,1,MA,alta,100
2021,idoso,2,1,MA,baixa,276
2021,idoso,2,1,MA,media,318
2021,idoso,2,1,MG,alta,467
2021,idoso,2,1,MG,baixa,477
2021,idoso,2,1,MG,media,1908
2021,idoso,2,1,MS,alta,41
2021,idoso,2,1,MS,baixa,42
2021,idoso,2,1,MS,media,126
2021,idoso,2,1,MT,alta,69
2021,idoso,2,1,MT,baixa,92
2021,idoso,2,1,MT,media,206
2021,idoso,2,1,PA,alta,59
2021,idoso,2,1,PA,baixa,143
2021,idoso,2,1,PA,media,298
2021,idoso,2,1,PB,alta,9
2021,idoso,2,1,PB,baixa,48
2021,idoso,2,1,PB,media,39
2021,idoso,2,1,PE,alta,130
2021,idoso,2,1,PE,baixa,195
2021,idoso,2,1,PE,media,499
2021,idoso,2,1,PI,alta,31
2021,idoso,2,1,PI,baixa,163
2021,idoso,2,1,PI,media,143
2021,idoso,2,1,PR,alta,172
2021,idoso,2,1,PR,baixa,127
2021,idoso,2,1,PR,media,488
2021,idoso,2,1,RJ,alta,941
2021,idoso,2,1,RJ,baixa,337
2021,idoso,2,1,RJ,media,2578
2021,idoso,2,1,RN,alta,14
2021,idoso,2,1,RN,baixa,55
2021,idoso,2,1,RN,media,59
2021,idoso,2,1,RO,alta,24
2021,idoso,2,1,RO,baixa,28
2021,idoso,2,1,RO,media,60
2021,idoso,2,1,RR,alta,3
2021,idoso,2,1,RR,baixa,10
2021,idoso,2,1,RR,media,13
2021,idoso,2,1,RS,alta,218
2021,idoso,2,1,RS,baixa,84
2021,idoso,2,1,RS,media,548
2021,idoso,2,1,SC,alta,67
2021,idoso,2,1,SC,baixa,13
2021,idoso,2,1,SC,media,167
2021,idoso,2,1,SE,alta,46
2021,idoso,2,1,SE,baixa,83
2021,idoso,2,1,SE,media,115
2021,idoso,2,1,SP,alta,1272
2021,idoso,2,1,SP,baixa,371
2021,idoso,2,1,SP,media,3253
2021,idoso,2,1,TO,alta,20
2021,idoso,2,1,TO,baixa,57
2021,idoso,2,1,TO,media,93
2021,idoso,2,2,AC,alta,1
2021,idoso,2,2,AC,baixa,3
2021,idoso,2,2,AC,media,5
2021,idoso,2,2,AL,alta,4
2021,idoso,2,2,AL,baixa,47
2021,idoso,2,2,AL,media,32
2021,idoso,2,2,AM,alta,21
2021,idoso,2,2,AM,baixa,19
2021,idoso,2,2,AM,media,33
2021,idoso,2,2,AP,alta,9
2021,idoso,2,2,AP,baixa,11
2021,idoso,2,2,AP,media,15
2021,idoso,2,2,BA,alta,252
2021,idoso,2,2,BA,baixa,514
2021,idoso,2,2,BA,media,818
2021,idoso,2,2,CE,alta,20
2021,idoso,2,2,CE,baixa,89
2021,idoso,2,2,CE,media,137
2021,idoso,2,2,DF,alta,32
2021,idoso,2,2,DF,baixa,35
2021,idoso,2,2,DF,media,113
2021,idoso,2,2,ES,alta,52
2021,idoso,2,2,ES,baixa,60
2021,idoso,2,2,ES,media,127
2021,idoso,2,2,GO,alta,61
2021,idoso,2,2,GO,baixa,141
2021,idoso,2,2,GO,media,253
2021,idoso,2,2,MA,alta,66
2021,idoso,2,2,MA,baixa,199
2021,idoso,2,2,MA,media,186
2021,idoso,2,2,MG,alta,266
2021,idoso,2,2,MG,baixa,462
2021,idoso,2,2,MG,media,1389
2021,idoso,2,2,MS,alta,35
2021,idoso,2,2,MS,baixa,31
2021,idoso,2,2,MS,media,96
2021,idoso,2,2,MT,alta,46
2021,idoso,2,2,MT,baixa,70
2021,idoso,2,2,MT,media,115
2021,idoso,2,2,PA,alta,38
2021,idoso,2,2,PA,baixa,107
2021,idoso,2,2,PA,media,161
2021,idoso,2,2,PB,alta,4
2021,idoso,2,2,PB,baixa,30
2021,idoso,2,2,PB,media,45
2021,idoso,2,2,PE,alta,74
2021,idoso,2,2,PE,baixa,181
2021,idoso,2,2,PE,media,307
2021,idoso,2,2,PI,alta,17
2021,idoso,2,2,PI,baixa,101
2021,idoso,2,2,PI,media,75
2021,idoso,2,2,PR,alta,77
2021,idoso,2,2,PR,baixa,135
2021,idoso,2,2,PR,media,291
2021,idoso,2,2,RJ,alta,775
2021,idoso,2,2,RJ,baixa,489
2021,idoso,2,2,RJ,media,2682
2021,idoso,2,2,RN,alta,11
2021,idoso,2,2,RN,baixa,49
2021,idoso,2,2,RN,media,43
2021,idoso,2,2,RO,alta,8
2021,idoso,2,2,RO,baixa,28
2021,idoso,2,2,RO,media,49
2021,idoso,2,2,RR,alta,3
2021,idoso,2,2,RR,baixa,2
2021,idoso,2,2,RR,media,9
2021,idoso,2,2,RS,alta,183
2021,idoso,2,2,RS,baixa,94
2021,idoso,2,2,RS,media,445
2021,idoso,2,2,SC,alta,46
2021,idoso,2,2,SC,baixa,20
2021,idoso,2,2,SC,media,137
2021,idoso,2,2,SE,alta,24
2021,idoso,2,2,SE,baixa,60
2021,idoso,2,2,SE,media,71
2021,idoso,2,2,SP,alta,815
2021,idoso,2,2,SP,baixa,420
2021,idoso,2,2,SP,media,2466
2021,idoso,2,2,TO,alta,7
2021,idoso,2,2,TO,baixa,38
2021,idoso,2,2,TO,media,44
2021,idoso,3,0,SP,alta,1
2021,idoso,3,1,AC,media,2
2021,idoso,3,1,AL,baixa,1
2021,idoso,3,1,AL,media,1
2021,idoso,3,1,AM,alta,3
2021,idoso,3,1,AM,baixa,2
2021,idoso,3,1,AM,media,10
2021,idoso,3,1,AP,baixa,3
2021,idoso,3,1,AP,media,1
2021,idoso,3,1,BA,alta,7
2021,idoso,3,1,BA,baixa,8
2021,idoso,3,1,BA,media,17
2021,idoso,3,1,CE,alta,3
2021,idoso,3,1,CE,baixa,8
2021,idoso,3,1,CE,media,14
2021,idoso,3,1,DF,alta,4
2021,idoso,3,1,DF,baixa,4
2021,idoso,3,1,DF,media,19
2021,idoso,3,1,ES,media,8
2021,idoso,3,1,GO,alta,13
2021,idoso,3,1,GO,baixa,4
2021,idoso,3,1,GO,media,20
2021,idoso,3,1,MA,alta,1
2021,idoso,3,1,MA,baixa,8
2021,idoso,3,1,MA,media,5
2021,idoso,3,1,MG,alta,22
2021,idoso,3,1,MG,baixa,14
2021,idoso,3,1,MG,media,51
2021,idoso,3,1,MS,alta,9
2021,idoso,3,1,MS,baixa,3
2021,idoso,3,1,MS,media,21
2021,idoso,3,1,MT,alta,14
2021,idoso,3,1,MT,baixa,3
2021,idoso,3,1,MT,media,27
2021,idoso,3,1,PA,alta,2
2021,idoso,3,1,PA,baixa,3
2021,idoso,3,1,PA,media,16
2021,idoso,3,1,PB,alta,3
2021,idoso,3,1,PB,media,4
2021,idoso,3,1,PE,alta,5
2021,idoso,3,1,PE,baixa,3
2021,idoso,3,1,PE,media,6
2021,idoso,3,1,PI,alta,2
2021,idoso,3,1,PI,baixa,2
2021,idoso,3,1,PI,media,2
2021,idoso,3,1,PR,alta,72
2021,idoso,3,1,PR,baixa,6
2021,idoso,3,1,PR,media,76
2021,idoso,3,1,RJ,alta,16
2021,idoso,3,1,RJ,baixa,7
2021,idoso,3,1,RJ,media,26
2021,idoso,3,1,RN,alta,1
2021,idoso,3,1,RN,baixa,2
2021,idoso,3,1,RN,media,1
2021,idoso,3,1,RO,alta,1
2021,idoso,3,1,RO,baixa,1
2021,idoso,3,1,RO,media,5
2021,idoso,3,1,RR,media,1
2021,idoso,3,1,RS,alta,2
2021,idoso,3,1,RS,media,2
2021,idoso,3,1,SC,alta,5
2021,idoso,3,1,SC,baixa,1
2021,idoso,3,1,SC,media,14
2021,idoso,3,1,SE,media,3
2021,idoso,3,1,SP,alta,285
2021,idoso,3,1,SP,baixa,8
2021,idoso,3,1,SP,media,527
2021,idoso,3,1,TO,alta,1
2021,idoso,3,1,TO,baixa,6
2021,idoso,3,1,TO,media,9
2021,idoso,3,2,AL,alta,1
2021,idoso,3,2,AL,baixa,1
2021,idoso,3,2,AL,media,2
2021,idoso,3,2,AM,alta,3
2021,idoso,3,2,AM,baixa,2
2021,idoso,3,2,AM,media,3
2021,idoso,3,2,AP,baixa,4
2021,idoso,3,2,AP,media,4
2021,idoso,3,2,BA,alta,2
2021,idoso,3,2,BA,baixa,6
2021,idoso,3,2,BA,media,14
2021,idoso,3,2,CE,alta,4
2021,idoso,3,2,CE,baixa,6
2021,idoso,3,2,CE,media,3
2021,idoso,3,2,DF,alta,3
2021,idoso,3,2,DF,baixa,1
2021,idoso,3,2,DF,media,10
2021,idoso,3,2,ES,alta,2
2021,idoso,3,2,ES,media,4
2021,idoso,3,2,GO,alta,7
2021,idoso,3,2,GO,baixa,7
2021,idoso,3,2,GO,media,26
2021,idoso,3,2,MA,alta,1
2021,idoso,3,2,MA,baixa,3
2021,idoso,3,2,MA,media,8
2021,idoso,3,2,MG,alta,12
2021,idoso,3,2,MG,baixa,4
2021,idoso,3,2,MG,media,31
2021,idoso,3,2,MS,alta,15
2021,idoso,3,2,MS,baixa,3
2021,idoso,3,2,MS,media,13
2021,idoso,3,2,MT,alta,4
2021,idoso,3,2,MT,baixa,4
2021,idoso,3,2,MT,media,15
2021,idoso,3,2,PA,alta,3
2021,idoso,3,2,PA,baixa,2
2021,idoso,3,2,PA,media,5
2021,idoso,3,2,PB,baixa,3
2021,idoso,3,2,PB,media,9
2021,idoso,3,2,PE,alta,5
2021,idoso,3,2,PE,baixa,3
2021,idoso,3,2,PE,media,8
2021,idoso,3,2,PI,alta,2
2021,idoso,3,2,PI,baixa,5
2021,idoso,3,2,PI,media,5
2021,idoso,3,2,PR,alta,22
2021,idoso,3,2,PR,baixa,8
2021,idoso,3,2,PR,media,50
2021,idoso,3,2,RJ,alta,8
2021,idoso,3,2,RJ,baixa,5
2021,idoso,3,2,RJ,media,32
2021,idoso,3,2,RN,alta,5
2021,idoso,3,2,RN,baixa,4
2021,idoso,3,2,RN,media,2
2021,idoso,3,2,RO,alta,1
2021,idoso,3,2,RO,baixa,1
2021,idoso,3,2,RO,media,4
2021,idoso,3,2,RR,media,1
2021,idoso,3,2,RS,alta,1
2021,idoso,3,2,RS,media,4
2021,idoso,3,2,SC,alta,4
2021,idoso,3,2,SC,baixa,1
2021,idoso,3,2,SC,media,11
2021,idoso,3,2,SE,media,1
2021,idoso,3,2,SP,alta,135
2021,idoso,3,2,SP,baixa,11
2021,idoso,3,2,SP,media,305
2021,idoso,3,2,TO,baixa,2
2021,idoso,3,2,TO,media,3
2021,idoso,4,0,DF,media,1
2021,idoso,4,0,MA,media,1
2021,idoso,4,0,PE,media,1
2021,idoso,4,0,RJ,media,1
2021,idoso,4,0,RS,media,1
2021,idoso,4,0,SP,alta,1
2021,idoso,4,1,AC,alta,30
2021,idoso,4,1,AC,baixa,104
2021,idoso,4,1,AC,media,121
2021,idoso,4,1,AL,alta,201
2021,idoso,4,1,AL,baixa,468
2021,idoso,4,1,AL,media,591
2021,idoso,4,1,AM,alta,953
2021,idoso,4,1,AM,baixa,542
2021,idoso,4,1,AM,media,1452
2021,idoso,4,1,AP,alta,40
2021,idoso,4,1,AP,baixa,68
2021,idoso,4,1,AP,media,190
2021,idoso,4,1,BA,alta,1301
2021,idoso,4,1,BA,baixa,1652
2021,idoso,4,1,BA,media,3884
2021,idoso,4,1,CE,alta,993
2021,idoso,4,1,CE,baixa,1996
2021,idoso,4,1,CE,media,3401
2021,idoso,4,1,DF,alta,264
2021,idoso,4,1,DF,baixa,109
2021,idoso,4,1,DF,media,670
2021,idoso,4,1,ES,alta,269
2021,idoso,4,1,ES,baixa,160
2021,idoso,4,1,ES,media,699
2021,idoso,4,1,GO,alta,855
2021,idoso,4,1,GO,baixa,636
2021,idoso,4,1,GO,media,2292
2021,idoso,4,1,MA,alta,608
2021,idoso,4,1,MA,baixa,1273
2021,idoso,4,1,MA,media,1893
2021,idoso,4,1,MG,alta,1686
2021,idoso,4,1,MG,baixa,1292
2021,idoso,4,1,MG,media,6308
2021,idoso,4,1,MS,alta,471
2021,idoso,4,1,MS,baixa,234
2021,idoso,4,1,MS,media,1045
2021,idoso,4,1,MT,alta,427
2021,idoso,4,1,MT,baixa,356
2021,idoso,4,1,MT,media,1102
2021,idoso,4,1,PA,alta,842
2021,idoso,4,1,PA,baixa,1062
2021,idoso,4,1,PA,media,2688
2021,idoso,4,1,PB,alta,132
2021,idoso,4,1,PB,baixa,372
2021,idoso,4,1,PB,media,831
2021,idoso,4,1,PE,alta,975
2021,idoso,4,1,PE,baixa,1481
2021,idoso,4,1,PE,media,3710
2021,idoso,4,1,PI,alta,183
2021,idoso,4,1,PI,baixa,668
2021,idoso,4,1,PI,media,948
2021,idoso,4,1,PR,alta,567
2021,idoso,4,1,PR,baixa,440
2021,idoso,4,1,PR,media,2055
2021,idoso,4,1,RJ,alta,2012
2021,idoso,4,1,RJ,baixa,579
2021,idoso,4,1,RJ,media,5184
2021,idoso,4,1,RN,alta,185
2021,idoso,4,1,RN,baixa,417
2021,idoso,4,1,RN,media,625
2021,idoso,4,1,RO,alta,183
2021,idoso,4,1,RO,baixa,166
2021,idoso,4,1,RO,media,536
2021,idoso,4,1,RR,alta,92
2021,idoso,4,1,RR,baixa,76
2021,idoso,4,1,RR,media,203
2021,idoso,4,1,RS,alta,205
2021,idoso,4,1,RS,baixa,88
2021,idoso,4,1,RS,media,508
2021,idoso,4,1,SC,alta,91
2021,idoso,4,1,SC,baixa,56
2021,idoso,4,1,SC,media,302
2021,idoso,4,1,SE,alta,313
2021,idoso,4,1,SE,baixa,371
2021,idoso,4,1,SE,media,751
2021,idoso,4,1,SP,alta,3311
2021,idoso,4,1,SP,baixa,1108
2021,idoso,4,1,SP,media,8830
2021,idoso,4,1,TO,alta,115
2021,idoso,4,1,TO,baixa,275
2021,idoso,4,1,TO,media,514
2021,idoso,4,2,AC,alta,26
2021,idoso,4,2,AC,baixa,97
2021,idoso,4,2,AC,media,110
2021,idoso,4,2,AL,alta,103
2021,idoso,4,2,AL,baixa,425
2021,idoso,4,2,AL,media,400
2021,idoso,4,2,AM,alta,603
2021,idoso,4,2,AM,baixa,424
2021,idoso,4,2,AM,media,1077
2021,idoso,4,2,AP,alta,44
2021,idoso,4,2,AP,baixa,58
2021,idoso,4,2,AP,media,127
2021,idoso,4,2,BA,alta,882
2021,idoso,4,2,BA,baixa,1497
2021,idoso,4,2,BA,media,2569
2021,idoso,4,2,CE,alta,727
2021,idoso,4,2,CE,baixa,1439
2021,idoso,4,2,CE,media,2714
2021,idoso,4,2,DF,alta,203
2021,idoso,4,2,DF,baixa,148
2021,idoso,4,2,DF,media,523
2021,idoso,4,2,ES,alta,148
2021,idoso,4,2,ES,baixa,205
2021,idoso,4,2,ES,media,492
2021,idoso,4,2,GO,alta,453
2021,idoso,4,2,GO,baixa,554
2021,idoso,4,2,GO,media,1453
2021,idoso,4,2,MA,alta,415
2021,idoso,4,2,MA,baixa,1048
2021,idoso,4,2,MA,media,1302
2021,idoso,4,2,MG,alta,992
2021,idoso,4,2,MG,baixa,1286
2021,idoso,4,2,MG,media,4263
2021,idoso,4,2,MS,alta,283
2021,idoso,4,2,MS,baixa,213
2021,idoso,4,2,MS,media,767
2021,idoso,4,2,MT,alta,290
2021,idoso,4,2,MT,baixa,353
2021,idoso,4,2,MT,media,748
2021,idoso,4,2,PA,alta,592
2021,idoso,4,2,PA,baixa,786
2021,idoso,4,2,PA,media,1827
2021,idoso,4,2,PB,alta,118
2021,idoso,4,2,PB,baixa,332
2021,idoso,4,2,PB,media,721
2021,idoso,4,2,PE,alta,708
2021,idoso,4,2,PE,baixa,1393
2021,idoso,4,2,PE,media,2680
2021,idoso,4,2,PI,alta,154
2021,idoso,4,2,PI,baixa,527
2021,idoso,4,2,PI,media,639
2021,idoso,4,2,PR,alta,284
2021,idoso,4,2,PR,baixa,601
2021,idoso,4,2,PR,media,1213
2021,idoso,4,2,RJ,alta,1535
2021,idoso,4,2,RJ,baixa,813
2021,idoso,4,2,RJ,media,4937
2021,idoso,4,2,RN,alta,141
2021,idoso,4,2,RN,baixa,290
2021,idoso,4,2,RN,media,496
2021,idoso,4,2,RO,alta,140
2021,idoso,4,2,RO,baixa,148
2021,idoso,4,2,RO,media,335
2021,idoso,4,2,RR,alta,75
2021,idoso,4,2,RR,baixa,47
2021,idoso,4,2,RR,media,142
2021,idoso,4,2,RS,alta,122
2021,idoso,4,2,RS,baixa,109
2021,idoso,4,2,RS,media,397
2021,idoso,4,2,SC,alta,60
2021,idoso,4,2,SC,baixa,64
2021,idoso,4,2,SC,media,216
2021,idoso,4,2,SE,alta,171
2021,idoso,4,2,SE,baixa,292
2021,idoso,4,2,SE,media,496
2021,idoso,4,2,SP,alta,1962
2021,idoso,4,2,SP,baixa,1491
2021,idoso,4,2,SP,media,6644
2021,idoso,4,2,TO,alta,61
2021,idoso,4,2,TO,baixa,206
2021,idoso,4,2,TO,media,356
2021,idoso,5,1,AC,baixa,2
2021,idoso,5,1,AL,baixa,2
2021,idoso,5,1,AL,media,2
2021,idoso,5,1,AM,alta,9
2021,idoso,5,1,AM,baixa,44
2021,idoso,5,1,AM,media,48
2021,idoso,5,1,AP,baixa,1
2021,idoso,5,1,BA,alta,2
2021,idoso,5,1,BA,baixa,5
2021,idoso,5,1,BA,media,15
2021,idoso,5,1,CE,alta,3
2021,idoso,5,1,CE,baixa,6
2021,idoso,5,1,CE,media,4
2021,idoso,5,1,DF,alta,2
2021,idoso,5,1,DF,media,2
2021,idoso,5,1,ES,baixa,1
2021,idoso,5,1,ES,media,2
2021,idoso,5,1,GO,media,1
2021,idoso,5,1,MA,alta,3
2021,idoso,5,1,MA,baixa,4
2021,idoso,5,1,MA,media,4
2021,idoso,5,1,MG,alta,1
2021,idoso,5,1,MG,baixa,3
2021,idoso,5,1,MG,media,6
2021,idoso,5,1,MS,alta,6
2021,idoso,5,1,MS,baixa,19
2021,idoso,5,1,MS,media,28
2021,idoso,5,1,MT,alta,2
2021,idoso,5,1,MT,baixa,4
2021,idoso,5,1,MT,media,4
2021,idoso,5,1,PA,baixa,6
2021,idoso,5,1,PA,media,11
2021,idoso,5,1,PB,baixa,7
2021,idoso,5,1,PE,alta,2
2021,idoso,5,1,PE,baixa,5
2021,idoso,5,1,PE,media,16
2021,idoso,5,1,PI,media,1
2021,idoso,5,1,PR,alta,1
2021,idoso,5,1,PR,baixa,6
2021,idoso,5,1,PR,media,9
2021,idoso,5,1,RJ,alta,5
2021,idoso,5,1,RJ,media,7
2021,idoso,5,1,RN,baixa,3
2021,idoso,5,1,RN,media,2
2021,idoso,5,1,RO,baixa,4
2021,idoso,5,1,RO,media,2
2021,idoso,5,1,RR,baixa,13
2021,idoso,5,1,RR,media,16
2021,idoso,5,1,RS,alta,3
2021,idoso,5,1,RS,baixa,4
2021,idoso,5,1,RS,media,13
2021,idoso,5,1,SC,alta,2
2021,idoso,5,1,SC,baixa,1
2021,idoso,5,1,SC,media,7
2021,idoso,5,1,SP,alta,5
2021,idoso,5,1,SP,baixa,4
2021,idoso,5,1,SP,media,23
2021,idoso,5,1,TO,alta,1
2021,idoso,5,1,TO,baixa,3
2021,idoso,5,1,TO,media,3
2021,idoso,5,2,AC,baixa,1
2021,idoso,5,2,AL,baixa,3
2021,idoso,5,2,AL,media,1
2021,idoso,5,2,AM,alta,3
2021,idoso,5,2,AM,baixa,44
2021,idoso,5,2,AM,media,21
2021,idoso,5,2,AP,media,1
2021,idoso,5,2,BA,baixa,6
2021,idoso,5,2,BA,media,6
2021,idoso,5,2,CE,alta,1
2021,idoso,5,2,CE,baixa,5
2021,idoso,5,2,CE,media,6
2021,idoso,5,2,DF,baixa,1
2021,idoso,5,2,DF,media,1
2021,idoso,5,2,ES,alta,1
2021,idoso,5,2,ES,baixa,1
2021,idoso,5,2,ES,media,1
2021,idoso,5,2,GO,baixa,2
2021,idoso,5,2,GO,media,5
2021,idoso,5,2,MA,baixa,2
2021,idoso,5,2,MA,media,4
2021,idoso,5,2,MG,baixa,9
2021,idoso,5,2,MG,media,9
2021,idoso,5,2,MS,alta,2
2021,idoso,5,2,MS,baixa,17
2021,idoso,5,2,MS,media,17
2021,idoso,5,2,MT,baixa,5
2021,idoso,5,2,MT,media,1
2021,idoso,5,2,PA,alta,1
2021,idoso,5,2,PA,baixa,4
2021,idoso,5,2,PA,media,2
2021,idoso,5,2,PB,media,3
2021,idoso,5,2,PE,alta,3
2021,idoso,5,2,PE,baixa,6
2021,idoso,5,2,PE,media,7
2021,idoso,5,2,PI,media,1
2021,idoso,5,2,PR,alta,2
2021,idoso,5,2,PR,baixa,7
2021,idoso,5,2,PR,media,3
2021,idoso,5,2,RJ,alta,5
2021,idoso,5,2,RJ,baixa,2
2021,idoso,5,2,RJ,media,7
2021,idoso,5,2,RN,baixa,2
2021,idoso,5,2,RN,media,2
2021,idoso,5,2,RO,alta,3
2021,idoso,5,2,RO,baixa,5
2021,idoso,5,2,RO,media,1
2021,idoso,5,2,RR,alta,4
2021,idoso,5,2,RR,baixa,18
2021,idoso,5,2,RR,media,10
2021,idoso,5,2,RS,alta,1
2021,idoso,5,2,RS,baixa,8
2021,idoso,5,2,RS,media,10
2021,idoso,5,2,SC,alta,1
2021,idoso,5,2,SC,baixa,1
2021,idoso,5,2,SC,media,7
2021,idoso,5,2,SE,media,2
2021,idoso,5,2,SP,alta,7
2021,idoso,5,2,SP,baixa,4
2021,idoso,5,2,SP,media,15
2021,idoso,5,2,TO,media,2
2021,jovem,1,0,PE,media,1
2021,jovem,1,1,AC,alta,4
2021,jovem,1,1,AC,baixa,2
2021,jovem,1,1,AC,media,3
2021,jovem,1,1,AL,alta,7
2021,jovem,1,1,AL,baixa,2
2021,jovem,1,1,AL,media,7
2021,jovem,1,1,AM,alta,61
2021,jovem,1,1,AM,baixa,11
2021,jovem,1,1,AM,media,30
2021,jovem,1,1,AP,alta,2
2021,jovem,1,1,AP,baixa,2
2021,jovem,1,1,AP,media,8
2021,jovem,1,1,BA,alta,61
2021,jovem,1,1,BA,baixa,15
2021,jovem,1,1,BA,media,108
2021,jovem,1,1,CE,alta,50
2021,jovem,1,1,CE,baixa,16
2021,jovem,1,1,CE,media,85
2021,jovem,1,1,DF,alta,27
2021,jovem,1,1,DF,media,34
2021,jovem,1,1,ES,alta,20
2021,jovem,1,1,ES,baixa,4
2021,jovem,1,1,ES,media,12
2021,jovem,1,1,GO,alta,147
2021,jovem,1,1,GO,baixa,10
2021,jovem,1,1,GO,media,119
2021,jovem,1,1,MA,alta,64
2021,jovem,1,1,MA,baixa,8
2021,jovem,1,1,MA,media,56
2021,jovem,1,1,MG,alta,302
2021,jovem,1,1,MG,baixa,26
2021,jovem,1,1,MG,media,184
2021,jovem,1,1,MS,alta,62
2021,jovem,1,1,MS,baixa,6
2021,jovem,1,1,MS,media,35
2021,jovem,1,1,MT,alta,83
2021,jovem,1,1,MT,baixa,4
2021,jovem,1,1,MT,media,60
2021,jovem,1,1,PA,alta,35
2021,jovem,1,1,PA,baixa,7
2021,jovem,1,1,PA,media,61
2021,jovem,1,1,PB,alta,12
2021,jovem,1,1,PB,baixa,1
2021,jovem,1,1,PB,media,20
2021,jovem,1,1,PE,alta,120
2021,jovem,1,1,PE,baixa,19
2021,jovem,1,1,PE,media,257
2021,jovem,1,1,PI,alta,21
2021,jovem,1,1,PI,baixa,6
2021,jovem,1,1,PI,media,38
2021,jovem,1,1,PR,alta,634
2021,jovem,1,1,PR,baixa,53
2021,jovem,1,1,PR,media,365
2021,jovem,1,1,RJ,alta,202
2021,jovem,1,1,RJ,baixa,28
2021,jovem,1,1,RJ,media,259
2021,jovem,1,1,RN,alta,18
2021,jovem,1,1,RN,baixa,7
2021,jovem,1,1,RN,media,20
2021,jovem,1,1,RO,alta,40
2021,jovem,1,1,RO,baixa,5
2021,jovem,1,1,RO,media,17
2021,jovem,1,1,RR,alta,11
2021,jovem,1,1,RR,media,7
2021,jovem,1,1,RS,alta,239
2021,jovem,1,1,RS,baixa,22
2021,jovem,1,1,RS,media,224
2021,jovem,1,1,SC,alta,303
2021,jovem,1,1,SC,baixa,13
2021,jovem,1,1,SC,media,180
2021,jovem,1,1,SE,alta,12
2021,jovem,1,1,SE,baixa,6
2021,jovem,1,1,SE,media,16
2021,jovem,1,1,SP,alta,919
2021,jovem,1,1,SP,baixa,101
2021,jovem,1,1,SP,media,565
2021,jovem,1,1,TO,alta,11
2021,jovem,1,1,TO,baixa,2
2021,jovem,1,1,TO,media,15
2021,jovem,1,2,AC,alta,4
2021,jovem,1,2,AC,baixa,1
2021,jovem,1,2,AC,media,6
2021,jovem,1,2,AL,alta,4
2021,jovem,1,2,AL,media,2
2021,jovem,1,2,AM,alta,21
2021,jovem,1,2,AM,baixa,5
2021,jovem,1,2,AM,media,11
2021,jovem,1,2,AP,alta,2
2021,jovem,1,2,AP,media,6
2021,jovem,1,2,BA,alta,26
2021,jovem,1,2,BA,baixa,15
2021,jovem,1,2,BA,media,44
2021,jovem,1,2,CE,alta,37
2021,jovem,1,2,CE,baixa,8
2021,jovem,1,2,CE,media,32
2021,jovem,1,2,DF,alta,13
2021,jovem,1,2,DF,baixa,2
2021,jovem,1,2,DF,media,16
2021,jovem,1,2,ES,alta,21
2021,jovem,1,2,ES,baixa,6
2021,jovem,1,2,ES,media,12
2021,jovem,1,2,GO,alta,50
2021,jovem,1,2,GO,baixa,9
2021,jovem,1,2,GO,media,44
2021,jovem,1,2,MA,alta,28
2021,jovem,1,2,MA,baixa,3
2021,jovem,1,2,MA,media,18
2021,jovem,1,2,MG,alta,139
2021,jovem,1,2,MG,baixa,25
2021,jovem,1,2,MG,media,105
2021,jovem,1,2,MS,alta,23
2021,jovem,1,2,MS,baixa,2
2021,jovem,1,2,MS,media,20
2021,jovem,1,2,MT,alta,30
2021,jovem,1,2,MT,baixa,6
2021,jovem,1,2,MT,media,21
2021,jovem,1,2,PA,alta,29
2021,jovem,1,2,PA,baixa,9
2021,jovem,1,2,PA,media,37
2021,jovem,1,2,PB,alta,4
2021,jovem,1,2,PB,media,15
2021,jovem,1,2,PE,alta,36
2021,jovem,1,2,PE,baixa,17
2021,jovem,1,2,PE,media,55
2021,jovem,1,2,PI,alta,14
2021,jovem,1,2,PI,baixa,5
2021,jovem,1,2,PI,media,13
2021,jovem,1,2,PR,alta,222
2021,jovem,1,2,PR,baixa,38
2021,jovem,1,2,PR,media,136
2021,jovem,1,2,RJ,alta,118
2021,jovem,1,2,RJ,baixa,17
2021,jovem,1,2,RJ,media,153
2021,jovem,1,2,RN,alta,18
2021,jovem,1,2,RN,media,15
2021,jovem,1,2,RO,alta,21
2021,jovem,1,2,RO,media,6
2021,jovem,1,2,RR,alta,5
2021,jovem,1,2,RS,alta,108
2021,jovem,1,2,RS,baixa,27
2021,jovem,1,2,RS,media,84
2021,jovem,1,2,SC,alta,102
2021,jovem,1,2,SC,baixa,13
2021,jovem,1,2,SC,media,82
2021,jovem,1,2,SE,alta,10
2021,jovem,1,2,SE,baixa,6
2021,jovem,1,2,SE,media,8
2021,jovem,1,2,SP,alta,473
2021,jovem,1,2,SP,baixa,74
2021,jovem,1,2,SP,media,309
2021,jovem,1,2,TO,alta,5
2021,jovem,1,2,TO,baixa,2
2021,jovem,1,2,TO,media,8
2021,jovem,2,1,AC,media,2
2021,jovem,2,1,AL,alta,2
2021,jovem,2,1,AL,media,3
2021,jovem,2,1,AM,alta,6
2021,jovem,2,1,AM,media,3
2021,jovem,2,1,AP,alta,3
2021,jovem,2,1,AP,media,2
2021,jovem,2,1,BA,alta,125
2021,jovem,2,1,BA,baixa,15
2021,jovem,2,1,BA,media,309
2021,jovem,2,1,CE,alta,5
2021,jovem,2,1,CE,baixa,2
2021,jovem,2,1,CE,media,10
2021,jovem,2,1,DF,alta,5
2021,jovem,2,1,DF,media,13
2021,jovem,2,1,ES,alta,11
2021,jovem,2,1,ES,media,13
2021,jovem,2,1,GO,alta,34
2021,jovem,2,1,GO,baixa,1
2021,jovem,2,1,GO,media,45
2021,jovem,2,1,MA,alta,43
2021,jovem,2,1,MA,baixa,4
2021,jovem,2,1,MA,media,57
2021,jovem,2,1,MG,alta,100
2021,jovem,2,1,MG,baixa,11
2021,jovem,2,1,MG,media,94
2021,jovem,2,1,MS,alta,5
2021,jovem,2,1,MS,baixa,2
2021,jovem,2,1,MS,media,5
2021,jovem,2,1,MT,alta,24
2021,jovem,2,1,MT,media,13
2021,jovem,2,1,PA,alta,9
2021,jovem,2,1,PA,baixa,2
2021,jovem,2,1,PA,media,53
2021,jovem,2,1,PB,alta,1
2021,jovem,2,1,PB,media,3
2021,jovem,2,1,PE,alta,21
2021,jovem,2,1,PE,baixa,4
2021,jovem,2,1,PE,media,52
2021,jovem,2,1,PI,alta,15
2021,jovem,2,1,PI,baixa,3
2021,jovem,2,1,PI,media,18
2021,jovem,2,1,PR,alta,34
2021,jovem,2,1,PR,baixa,5
2021,jovem,2,1,PR,media,20
2021,jovem,2,1,RJ,alta,129
2021,jovem,2,1,RJ,baixa,6
2021,jovem,2,1,RJ,media,218
2021,jovem,2,1,RN,media,5
2021,jovem,2,1,RO,alta,6
2021,jovem,2,1,RO,media,3
2021,jovem,2,1,RR,alta,2
2021,jovem,2,1,RR,media,1
2021,jovem,2,1,RS,alta,23
2021,jovem,2,1,RS,baixa,1
2021,jovem,2,1,RS,media,40
2021,jovem,2,1,SC,alta,9
2021,jovem,2,1,SC,media,14
2021,jovem,2,1,SE,alta,9
2021,jovem,2,1,SE,baixa,5
2021,jovem,2,1,SE,media,25
2021,jovem,2,1,SP,alta,129
2021,jovem,2,1,SP,baixa,7
2021,jovem,2,1,SP,media,101
2021,jovem,2,1,TO,alta,11
2021,jovem,2,1,TO,baixa,1
2021,jovem,2,1,TO,media,20
2021,jovem,2,2,AL,alta,2
2021,jovem,2,2,AM,alta,2
2021,jovem,2,2,AM,media,1
2021,jovem,2,2,AP,baixa,1
2021,jovem,2,2,AP,media,1
2021,jovem,2,2,BA,alta,39
2021,jovem,2,2,BA,baixa,4
2021,jovem,2,2,BA,media,41
2021,jovem,2,2,CE,alta,3
2021,jovem,2,2,CE,media,4
2021,jovem,2,2,DF,alta,2
2021,jovem,2,2,DF,media,5
2021,jovem,2,2,ES,alta,3
2021,jovem,2,2,ES,media,2
2021,jovem,2,2,GO,alta,13
2021,jovem,2,2,GO,baixa,2
2021,jovem,2,2,GO,media,8
2021,jovem,2,2,MA,alta,23
2021,jovem,2,2,MA,baixa,1
2021,jovem,2,2,MA,media,18
2021,jovem,2,2,MG,alta,40
2021,jovem,2,2,MG,baixa,3
2021,jovem,2,2,MG,media,26
2021,jovem,2,2,MS,alta,1
2021,jovem,2,2,MS,media,1
2021,jovem,2,2,MT,alta,6
2021,jovem,2,2,MT,baixa,1
2021,jovem,2,2,MT,media,4
2021,jovem,2,2,PA,alta,7
2021,jovem,2,2,PA,media,10
2021,jovem,2,2,PB,media,1
2021,jovem,2,2,PE,alta,4
2021,jovem,2,2,PE,media,11
2021,jovem,2,2,PI,alta,5
2021,jovem,2,2,PI,baixa,1
2021,jovem,2,2,PI,media,2
2021,jovem,2,2,PR,alta,11
2021,jovem,2,2,PR,media,3
2021,jovem,2,2,RJ,alta,63
2021,jovem,2,2,RJ,baixa,6
2021,jovem,2,2,RJ,media,75
2021,jovem,2,2,RN,media,3
2021,jovem,2,2,RO,alta,3
2021,jovem,2,2,RO,media,2
2021,jovem,2,2,RS,alta,13
2021,jovem,2,2,RS,baixa,1
2021,jovem,2,2,RS,media,13
2021,jovem,2,2,SC,alta,7
2021,jovem,2,2,SE,alta,4
2021,jovem,2,2,SE,media,2
2021,jovem,2,2,SP,alta,55
2021,jovem,2,2,SP,baixa,6
2021,jovem,2,2,SP,media,42
2021,jovem,2,2,TO,alta,3
2021,jovem,2,2,TO,media,2
2021,jovem,3,1,AL,media,1
2021,jovem,3,1,AM,alta,1
2021,jovem,3,1,AM,baixa,1
2021,jovem,3,1,AM,media,2
2021,jovem,3,1,AP,media,2
2021,jovem,3,1,BA,alta,2
2021,jovem,3,1,BA,media,1
2021,jovem,3,1,CE,alta,1
2021,jovem,3,1,CE,media,1
2021,jovem,3,1,GO,alta,2
2021,jovem,3,1,GO,media,2
2021,jovem,3,1,MA,alta,1
2021,jovem,3,1,MA,media,3
2021,jovem,3,1,MG,alta,1
2021,jovem,3,1,MT,alta,2
2021,jovem,3,1,PA,media,1
2021,jovem,3,1,PB,media,1
2021,jovem,3,1,PE,alta,1
2021,jovem,3,1,PE,media,1
2021,jovem,3,1,PR,alta,2
2021,jovem,3,1,PR,media,1
2021,jovem,3,1,RJ,alta,1
2021,jovem,3,1,RJ,media,3
2021,jovem,3,1,RR,alta,1
2021,jovem,3,1,RS,media,1
2021,jovem,3,1,SP,alta,6
2021,jovem,3,1,SP,baixa,1
2021,jovem,3,1,SP,media,5
2021,jovem,3,2,BA,alta,1
2021,jovem,3,2,DF,alta,1
2021,jovem,3,2,MA,alta,1
2021,jovem,3,2,MA,baixa,1
2021,jovem,3,2,MA,media,1
2021,jovem,3,2,PE,media,1
2021,jovem,3,2,PR,media,1
2021,jovem,3,2,RJ,alta,1
2021,jovem,3,2,RJ,media,1
2021,jovem,3,2,RS,media,1
2021,jovem,3,2,SP,alta,4
2021,jovem,3,2,SP,media,4
2021,jovem,3,2,TO,alta,2
2021,jovem,4,0,ES,media,1
2021,jovem,4,0,GO,alta,1
2021,jovem,4,0,SE,media,1
2021,jovem,4,1,AC,alta,17
2021,jovem,4,1,AC,baixa,5
2021,jovem,4,1,AC,media,17
2021,jovem,4,1,AL,alta,217
2021,jovem,4,1,AL,baixa,14
2021,jovem,4,1,AL,media,246
2021,jovem,4,1,AM,alta,536
2021,jovem,4,1,AM,baixa,30
2021,jovem,4,1,AM,media,277
2021,jovem,4,1,AP,alta,54
2021,jovem,4,1,AP,baixa,1
2021,jovem,4,1,AP,media,156
2021,jovem,4,1,BA,alta,587
2021,jovem,4,1,BA,baixa,55
2021,jovem,4,1,BA,media,1425
2021,jovem,4,1,CE,alta,354
2021,jovem,4,1,CE,baixa,53
2021,jovem,4,1,CE,media,659
2021,jovem,4,1,DF,alta,49
2021,jovem,4,1,DF,baixa,1
2021,jovem,4,1,DF,media,70
2021,jovem,4,1,ES,alta,76
2021,jovem,4,1,ES,baixa,3
2021,jovem,4,1,ES,media,95
2021,jovem,4,1,GO,alta,348
2021,jovem,4,1,GO,baixa,7
2021,jovem,4,1,GO,media,296
2021,jovem,4,1,MA,alta,469
2021,jovem,4,1,MA,baixa,35
2021,jovem,4,1,MA,media,415
2021,jovem,4,1,MG,alta,441
2021,jovem,4,1,MG,baixa,27
2021,jovem,4,1,MG,media,408
2021,jovem,4,1,MS,alta,107
2021,jovem,4,1,MS,baixa,12
2021,jovem,4,1,MS,media,85
2021,jovem,4,1,MT,alta,201
2021,jovem,4,1,MT,baixa,2
2021,jovem,4,1,MT,media,159
2021,jovem,4,1,PA,alta,341
2021,jovem,4,1,PA,baixa,37
2021,jovem,4,1,PA,media,692
2021,jovem,4,1,PB,alta,40
2021,jovem,4,1,PB,baixa,5
2021,jovem,4,1,PB,media,86
2021,jovem,4,1,PE,alta,354
2021,jovem,4,1,PE,baixa,50
2021,jovem,4,1,PE,media,853
2021,jovem,4,1,PI,alta,113
2021,jovem,4,1,PI,baixa,15
2021,jovem,4,1,PI,media,177
2021,jovem,4,1,PR,alta,296
2021,jovem,4,1,PR,baixa,14
2021,jovem,4,1,PR,media,207
2021,jovem,4,1,RJ,alta,365
2021,jovem,4,1,RJ,baixa,23
2021,jovem,4,1,RJ,media,731
2021,jovem,4,1,RN,alta,35
2021,jovem,4,1,RN,baixa,10
2021,jovem,4,1,RN,media,139
2021,jovem,4,1,RO,alta,101
2021,jovem,4,1,RO,baixa,3
2021,jovem,4,1,RO,media,45
2021,jovem,4,1,RR,alta,68
2021,jovem,4,1,RR,baixa,2
2021,jovem,4,1,RR,media,31
2021,jovem,4,1,RS,alta,38
2021,jovem,4,1,RS,baixa,1
2021,jovem,4,1,RS,media,45
2021,jovem,4,1,SC,alta,43
2021,jovem,4,1,SC,baixa,1
2021,jovem,4,1,SC,media,50
2021,jovem,4,1,SE,alta,114
2021,jovem,4,1,SE,baixa,17
2021,jovem,4,1,SE,media,263
2021,jovem,4,1,SP,alta,713
2021,jovem,4,1,SP,baixa,41
2021,jovem,4,1,SP,media,576
2021,jovem,4,1,TO,alta,80
2021,jovem,4,1,TO,baixa,4
2021,jovem,4,1,TO,media,82
2021,jovem,4,2,AC,alta,14
2021,jovem,4,2,AC,baixa,2
2021,jovem,4,2,AC,media,9
2021,jovem,4,2,AL,alta,35
2021,jovem,4,2,AL,baixa,3
2021,jovem,4,2,AL,media,44
2021,jovem,4,2,AM,alta,141
2021,jovem,4,2,AM,baixa,13
2021,jovem,4,2,AM,media,75
2021,jovem,4,2,AP,alta,10
2021,jovem,4,2,AP,baixa,3
2021,jovem,4,2,AP,media,18
2021,jovem,4,2,BA,alta,140
2021,jovem,4,2,BA,baixa,28
2021,jovem,4,2,BA,media,189
2021,jovem,4,2,CE,alta,98
2021,jovem,4,2,CE,baixa,15
2021,jovem,4,2,CE,media,169
2021,jovem,4,2,DF,alta,23
2021,jovem,4,2,DF,baixa,1
2021,jovem,4,2,DF,media,20
2021,jovem,4,2,ES,alta,24
2021,jovem,4,2,ES,baixa,3
2021,jovem,4,2,ES,media,20
2021,jovem,4,2,GO,alta,73
2021,jovem,4,2,GO,baixa,3
2021,jovem,4,2,GO,media,68
2021,jovem,4,2,MA,alta,125
2021,jovem,4,2,MA,baixa,19
2021,jovem,4,2,MA,media,97
2021,jovem,4,2,MG,alta,154
2021,jovem,4,2,MG,baixa,15
2021,jovem,4,2,MG,media,137
2021,jovem,4,2,MS,alta,48
2021,jovem,4,2,MS,baixa,7
2021,jovem,4,2,MS,media,25
2021,jovem,4,2,MT,alta,57
2021,jovem,4,2,MT,baixa,2
2021,jovem,4,2,MT,media,31
2021,jovem,4,2,PA,alta,134
2021,jovem,4,2,PA,baixa,17
2021,jovem,4,2,PA,media,172
2021,jovem,4,2,PB,alta,20
2021,jovem,4,2,PB,baixa,3
2021,jovem,4,2,PB,media,25
2021,jovem,4,2,PE,alta,100
2021,jovem,4,2,PE,baixa,14
2021,jovem,4,2,PE,media,152
2021,jovem,4,2,PI,alta,36
2021,jovem,4,2,PI,baixa,4
2021,jovem,4,2,PI,media,64
2021,jovem,4,2,PR,alta,96
2021,jovem,4,2,PR,baixa,6
2021,jovem,4,2,PR,media,50
2021,jovem,4,2,RJ,alta,115
2021,jovem,4,2,RJ,baixa,9
2021,jovem,4,2,RJ,media,174
2021,jovem,4,2,RN,alta,15
2021,jovem,4,2,RN,baixa,2
2021,jovem,4,2,RN,media,25
2021,jovem,4,2,RO,alta,31
2021,jovem,4,2,RO,baixa,2
2021,jovem,4,2,RO,media,18
2021,jovem,4,2,RR,alta,22
2021,jovem,4,2,RR,media,12
2021,jovem,4,2,RS,alta,14
2021,jovem,4,2,RS,baixa,3
2021,jovem,4,2,RS,media,13
2021,jovem,4,2,SC,alta,17
2021,jovem,4,2,SC,baixa,1
2021,jovem,4,2,SC,media,13
2021,jovem,4,2,SE,alta,25
2021,jovem,4,2,SE,baixa,8
2021,jovem,4,2,SE,media,31
2021,jovem,4,2,SP,alta,268
2021,jovem,4,2,SP,baixa,27
2021,jovem,4,2,SP,media,167
2021,jovem,4,2,TO,alta,25
2021,jovem,4,2,TO,baixa,2
2021,jovem,4,2,TO,media,29
2021,jovem,5,1,AC,alta,2
2021,jovem,5,1,AC,media,1
2021,jovem,5,1,AL,media,1
2021,jovem,5,1,AM,alta,25
2021,jovem,5,1,AM,baixa,11
2021,jovem,5,1,AM,media,32
2021,jovem,5,1,AP,baixa,1
2021,jovem,5,1,BA,media,2
2021,jovem,5,1,CE,media,1
2021,jovem,5,1,DF,media,2
2021,jovem,5,1,ES,baixa,1
2021,jovem,5,1,ES,media,2
2021,jovem,5,1,GO,media,2
2021,jovem,5,1,MA,alta,3
2021,jovem,5,1,MA,baixa,4
2021,jovem,5,1,MA,media,6
2021,jovem,5,1,MG,baixa,1
2021,jovem,5,1,MG,media,2
2021,jovem,5,1,MS,alta,16
2021,jovem,5,1,MS,baixa,1
2021,jovem,5,1,MS,media,19
2021,jovem,5,1,MT,alta,3
2021,jovem,5,1,MT,media,7
2021,jovem,5,1,PA,alta,2
2021,jovem,5,1,PA,media,6
2021,jovem,5,1,PB,media,1
2021,jovem,5,1,PE,alta,1
2021,jovem,5,1,PE,media,1
2021,jovem,5,1,PR,alta,5
2021,jovem,5,1,PR,baixa,1
2021,jovem,5,1,PR,media,5
2021,jovem,5,1,RJ,media,1
2021,jovem,5,1,RN,media,1
2021,jovem,5,1,RO,alta,1
2021,jovem,5,1,RO,media,1
2021,jovem,5,1,RR,alta,10
2021,jovem,5,1,RR,baixa,20
2021,jovem,5,1,RR,media,6
2021,jovem,5,1,RS,alta,1
2021,jovem,5,1,RS,media,2
2021,jovem,5,1,SC,alta,4
2021,jovem,5,1,SP,alta,3
2021,jovem,5,1,SP,media,1
2021,jovem,5,1,TO,alta,2
2021,jovem,5,1,TO,baixa,1
2021,jovem,5,1,TO,media,1
2021,jovem,5,2,AC,baixa,2
2021,jovem,5,2,AC,media,1
2021,jovem,5,2,AM,alta,17
2021,jovem,5,2,AM,baixa,6
2021,jovem,5,2,AM,media,14
2021,jovem,5,2,BA,alta,2
2021,jovem,5,2,BA,baixa,1
2021,jovem,5,2,BA,media,2
2021,jovem,5,2,CE,alta,1
2021,jovem,5,2,CE,baixa,1
2021,jovem,5,2,CE,media,1
2021,jovem,5,2,MA,alta,1
2021,jovem,5,2,MA,baixa,1
2021,jovem,5,2,MA,media,5
2021,jovem,5,2,MG,media,1
2021,jovem,5,2,MS,alta,2
2021,jovem,5,2,MS,media,10
2021,jovem,5,2,MT,media,5
2021,jovem,5,2,PA,media,5
2021,jovem,5,2,PB,baixa,1
2021,jovem,5,2,PE,alta,4
2021,jovem,5,2,PR,alta,3
2021,jovem,5,2,PR,media,1
2021,jovem,5,2,RJ,media,1
2021,jovem,5,2,RR,alta,2
2021,jovem,5,2,RR,baixa,10
2021,jovem,5,2,RR,media,4
2021,jovem,5,2,RS,baixa,1
2021,jovem,5,2,RS,media,2
2021,jovem,5,2,SC,alta,1
2021,jovem,5,2,SP,alta,1
2021,meia-idade,1,0,SP,alta,2
2021,meia-idade,1,1,AC,alta,10
2021,meia-idade,1,1,AC,baixa,3
2021,meia-idade,1,1,AC,media,14
2021,meia-idade,1,1,AL,alta,48
2021,meia-idade,1,1,AL,baixa,29
2021,meia-idade,1,1,AL,media,113
2021,meia-idade,1,1,AM,alta,188
2021,meia-idade,1,1,AM,baixa,18
2021,meia-idade,1,1,AM,media,216
2021,meia-idade,1,1,AP,alta,17
2021,meia-idade,1,1,AP,baixa,7
2021,meia-idade,1,1,AP,media,37
2021,meia-idade,1,1,BA,alta,343
2021,meia-idade,1,1,BA,baixa,116
2021,meia-idade,1,1,BA,media,585
2021,meia-idade,1,1,CE,alta,316
2021,meia-idade,1,1,CE,baixa,129
2021,meia-idade,1,1,CE,media,594
2021,meia-idade,1,1,DF,alta,227
2021,meia-idade,1,1,DF,baixa,22
2021,meia-idade,1,1,DF,media,392
2021,meia-idade,1,1,ES,alta,211
2021,meia-idade,1,1,ES,baixa,23
2021,meia-idade,1,1,ES,media,333
2021,meia-idade,1,1,GO,alta,749
2021,meia-idade,1,1,GO,baixa,109
2021,meia-idade,1,1,GO,media,1195
2021,meia-idade,1,1,MA,alta,220
2021,meia-idade,1,1,MA,baixa,60
2021,meia-idade,1,1,MA,media,279
2021,meia-idade,1,1,MG,alta,2312
2021,meia-idade,1,1,MG,baixa,277
2021,meia-idade,1,1,MG,media,3587
2021,meia-idade,1,1,MS,alta,484
2021,meia-idade,1,1,MS,baixa,53
2021,meia-idade,1,1,MS,media,511
2021,meia-idade,1,1,MT,alta,384
2021,meia-idade,1,1,MT,baixa,48
2021,meia-idade,1,1,MT,media,552
2021,meia-idade,1,1,PA,alta,176
2021,meia-idade,1,1,PA,baixa,36
2021,meia-idade,1,1,PA,media,371
2021,meia-idade,1,1,PB,alta,58
2021,meia-idade,1,1,PB,baixa,36
2021,meia-idade,1,1,PB,media,202
2021,meia-idade,1,1,PE,alta,501
2021,meia-idade,1,1,PE,baixa,182
2021,meia-idade,1,1,PE,media,1018
2021,meia-idade,1,1,PI,alta,59
2021,meia-idade,1,1,PI,baixa,32
2021,meia-idade,1,1,PI,media,171
2021,meia-idade,1,1,PR,alta,3281
2021,meia-idade,1,1,PR,baixa,296
2021,meia-idade,1,1,PR,media,4444
2021,meia-idade,1,1,RJ,alta,1790
2021,meia-idade,1,1,RJ,baixa,163
2021,meia-idade,1,1,RJ,media,2834
2021,meia-idade,1,1,RN,alta,124
2021,meia-idade,1,1,RN,baixa,58
2021,meia-idade,1,1,RN,media,271
2021,meia-idade,1,1,RO,alta,131
2021,meia-idade,1,1,RO,baixa,15
2021,meia-idade,1,1,RO,media,217
2021,meia-idade,1,1,RR,alta,29
2021,meia-idade,1,1,RR,baixa,4
2021,meia-idade,1,1,RR,media,39
2021,meia-idade,1,1,RS,alta,2052
2021,meia-idade,1,1,RS,baixa,203
2021,meia-idade,1,1,RS,media,3201
2021,meia-idade,1,1,SC,alta,1861
2021,meia-idade,1,1,SC,baixa,158
2021,meia-idade,1,1,SC,media,2798
2021,meia-idade,1,1,SE,alta,103
2021,meia-idade,1,1,SE,baixa,41
2021,meia-idade,1,1,SE,media,128
2021,meia-idade,1,1,SP,alta,9929
2021,meia-idade,1,1,SP,baixa,575
2021,meia-idade,1,1,SP,media,11611
2021,meia-idade,1,1,TO,alta,73
2021,meia-idade,1,1,TO,baixa,19
2021,meia-idade,1,1,TO,media,125
2021,meia-idade,1,2,AC,alta,6
2021,meia-idade,1,2,AC,baixa,2
2021,meia-idade,1,2,AC,media,18
2021,meia-idade,1,2,AL,alta,49
2021,meia-idade,1,2,AL,baixa,43
2021,meia-idade,1,2,AL,media,77
2021,meia-idade,1,2,AM,alta,178
2021,meia-idade,1,2,AM,baixa,14
2021,meia-idade,1,2,AM,media,186
2021,meia-idade,1,2,AP,alta,6
2021,meia-idade,1,2,AP,baixa,5
2021,meia-idade,1,2,AP,media,16
2021,meia-idade,1,2,BA,alta,259
2021,meia-idade,1,2,BA,baixa,90
2021,meia-idade,1,2,BA,media,464
2021,meia-idade,1,2,CE,alta,272
2021,meia-idade,1,2,CE,baixa,109
2021,meia-idade,1,2,CE,media,490
2021,meia-idade,1,2,DF,alta,162
2021,meia-idade,1,2,DF,baixa,17
2021,meia-idade,1,2,DF,media,281
2021,meia-idade,1,2,ES,alta,131
2021,meia-idade,1,2,ES,baixa,22
2021,meia-idade,1,2,ES,media,201
2021,meia-idade,1,2,GO,alta,529
2021,meia-idade,1,2,GO,baixa,78
2021,meia-idade,1,2,GO,media,829
2021,meia-idade,1,2,MA,alta,151
2021,meia-idade,1,2,MA,baixa,46
2021,meia-idade,1,2,MA,media,215
2021,meia-idade,1,2,MG,alta,1450
2021,meia-idade,1,2,MG,baixa,241
2021,meia-idade,1,2,MG,media,2473
2021,meia-idade,1,2,MS,alta,300
2021,meia-idade,1,2,MS,baixa,30
2021,meia-idade,1,2,MS,media,374
2021,meia-idade,1,2,MT,alta,206
2021,meia-idade,1,2,MT,baixa,29
2021,meia-idade,1,2,MT,media,364
2021,meia-idade,1,2,PA,alta,158
2021,meia-idade,1,2,PA,baixa,41
2021,meia-idade,1,2,PA,media,280
2021,meia-idade,1,2,PB,alta,53
2021,meia-idade,1,2,PB,baixa,27
2021,meia-idade,1,2,PB,media,203
2021,meia-idade,1,2,PE,alta,422
2021,meia-idade,1,2,PE,baixa,159
2021,meia-idade,1,2,PE,media,823
2021,meia-idade,1,2,PI,alta,55
2021,meia-idade,1,2,PI,baixa,28
2021,meia-idade,1,2,PI,media,137
2021,meia-idade,1,2,PR,alta,1874
2021,meia-idade,1,2,PR,baixa,303
2021,meia-idade,1,2,PR,media,2856
2021,meia-idade,1,2,RJ,alta,1606
2021,meia-idade,1,2,RJ,baixa,131
2021,meia-idade,1,2,RJ,media,2418
2021,meia-idade,1,2,RN,alta,108
2021,meia-idade,1,2,RN,baixa,52
2021,meia-idade,1,2,RN,media,218
2021,meia-idade,1,2,RO,alta,77
2021,meia-idade,1,2,RO,baixa,9
2021,meia-idade,1,2,RO,media,132
2021,meia-idade,1,2,RR,alta,22
2021,meia-idade,1,2,RR,baixa,1
2021,meia-idade,1,2,RR,media,19
2021,meia-idade,1,2,RS,alta,1342
2021,meia-idade,1,2,RS,baixa,156
2021,meia-idade,1,2,RS,media,2108
2021,meia-idade,1,2,SC,alta,1072
2021,meia-idade,1,2,SC,baixa,93
2021,meia-idade,1,2,SC,media,1687
2021,meia-idade,1,2,SE,alta,76
2021,meia-idade,1,2,SE,baixa,27
2021,meia-idade,1,2,SE,media,147
2021,meia-idade,1,2,SP,alta,6080
2021,meia-idade,1,2,SP,baixa,497
2021,meia-idade,1,2,SP,media,7907
2021,meia-idade,1,2,TO,alta,36
2021,meia-idade,1,2,TO,baixa,8
2021,meia-idade,1,2,TO,media,84
2021,meia-idade,2,0,SP,media,1
2021,meia-idade,2,1,AC,alta,3
2021,meia-idade,2,1,AC,baixa,2
2021,meia-idade,2,1,AC,media,4
2021,meia-idade,2,1,AL,alta,12
2021,meia-idade,2,1,AL,baixa,25
2021,meia-idade,2,1,AL,media,30
2021,meia-idade,2,1,AM,alta,33
2021,meia-idade,2,1,AM,baixa,10
2021,meia-idade,2,1,AM,media,37
2021,meia-idade,2,1,AP,alta,17
2021,meia-idade,2,1,AP,baixa,9
2021,meia-idade,2,1,AP,media,13
2021,meia-idade,2,1,BA,alta,354
2021,meia-idade,2,1,BA,baixa,255
2021,meia-idade,2,1,BA,media,886
2021,meia-idade,2,1,CE,alta,55
2021,meia-idade,2,1,CE,baixa,52
2021,meia-idade,2,1,CE,media,138
2021,meia-idade,2,1,DF,alta,60
2021,meia-idade,2,1,DF,baixa,10
2021,meia-idade,2,1,DF,media,120
2021,meia-idade,2,1,ES,alta,72
2021,meia-idade,2,1,ES,baixa,22
2021,meia-idade,2,1,ES,media,123
2021,meia-idade,2,1,GO,alta,152
2021,meia-idade,2,1,GO,baixa,73
2021,meia-idade,2,1,GO,media,300
2021,meia-idade,2,1,MA,alta,89
2021,meia-idade,2,1,MA,baixa,109
2021,meia-idade,2,1,MA,media,231
2021,meia-idade,2,1,MG,alta,451
2021,meia-idade,2,1,MG,baixa,172
2021,meia-idade,2,1,MG,media,1304
2021,meia-idade,2,1,MS,alta,49
2021,meia-idade,2,1,MS,baixa,13
2021,meia-idade,2,1,MS,media,66
2021,meia-idade,2,1,MT,alta,82
2021,meia-idade,2,1,MT,baixa,29
2021,meia-idade,2,1,MT,media,151
2021,meia-idade,2,1,PA,alta,47
2021,meia-idade,2,1,PA,baixa,52
2021,meia-idade,2,1,PA,media,165
2021,meia-idade,2,1,PB,alta,8
2021,meia-idade,2,1,PB,baixa,22
2021,meia-idade,2,1,PB,media,28
2021,meia-idade,2,1,PE,alta,111
2021,meia-idade,2,1,PE,baixa,106
2021,meia-idade,2,1,PE,media,335
2021,meia-idade,2,1,PI,alta,19
2021,meia-idade,2,1,PI,baixa,64
2021,meia-idade,2,1,PI,media,96
2021,meia-idade,2,1,PR,alta,187
2021,meia-idade,2,1,PR,baixa,39
2021,meia-idade,2,1,PR,media,307
2021,meia-idade,2,1,RJ,alta,689
2021,meia-idade,2,1,RJ,baixa,122
2021,meia-idade,2,1,RJ,media,1433
2021,meia-idade,2,1,RN,alta,15
2021,meia-idade,2,1,RN,baixa,24
2021,meia-idade,2,1,RN,media,57
2021,meia-idade,2,1,RO,alta,19
2021,meia-idade,2,1,RO,baixa,8
2021,meia-idade,2,1,RO,media,48
2021,meia-idade,2,1,RR,alta,6
2021,meia-idade,2,1,RR,baixa,1
2021,meia-idade,2,1,RR,media,16
2021,meia-idade,2,1,RS,alta,152
2021,meia-idade,2,1,RS,baixa,41
2021,meia-idade,2,1,RS,media,331
2021,meia-idade,2,1,SC,alta,52
2021,meia-idade,2,1,SC,baixa,9
2021,meia-idade,2,1,SC,media,116
2021,meia-idade,2,1,SE,alta,46
2021,meia-idade,2,1,SE,baixa,46
2021,meia-idade,2,1,SE,media,96
2021,meia-idade,2,1,SP,alta,1249
2021,meia-idade,2,1,SP,baixa,138
2021,meia-idade,2,1,SP,media,1789
2021,meia-idade,2,1,TO,alta,16
2021,meia-idade,2,1,TO,baixa,20
2021,meia-idade,2,1,TO,media,75
2021,meia-idade,2,2,AC,alta,2
2021,meia-idade,2,2,AC,baixa,1
2021,meia-idade,2,2,AC,media,4
2021,meia-idade,2,2,AL,alta,11
2021,meia-idade,2,2,AL,baixa,19
2021,meia-idade,2,2,AL,media,20
2021,meia-idade,2,2,AM,alta,22
2021,meia-idade,2,2,AM,baixa,4
2021,meia-idade,2,2,AM,media,17
2021,meia-idade,2,2,AP,alta,5
2021,meia-idade,2,2,AP,baixa,2
2021,meia-idade,2,2,AP,media,9
2021,meia-idade,2,2,BA,alta,253
2021,meia-idade,2,2,BA,baixa,145
2021,meia-idade,2,2,BA,media,508
2021,meia-idade,2,2,CE,alta,19
2021,meia-idade,2,2,CE,baixa,28
2021,meia-idade,2,2,CE,media,87
2021,meia-idade,2,2,DF,alta,22
2021,meia-idade,2,2,DF,baixa,6
2021,meia-idade,2,2,DF,media,72
2021,meia-idade,2,2,ES,alta,35
2021,meia-idade,2,2,ES,baixa,15
2021,meia-idade,2,2,ES,media,65
2021,meia-idade,2,2,GO,alta,81
2021,meia-idade,2,2,GO,baixa,34
2021,meia-idade,2,2,GO,media,181
2021,meia-idade,2,2,MA,alta,44
2021,meia-idade,2,2,MA,baixa,60
2021,meia-idade,2,2,MA,media,136
2021,meia-idade,2,2,MG,alta,296
2021,meia-idade,2,2,MG,baixa,113
2021,meia-idade,2,2,MG,media,777
2021,meia-idade,2,2,MS,alta,30
2021,meia-idade,2,2,MS,baixa,8
2021,meia-idade,2,2,MS,media,62
2021,meia-idade,2,2,MT,alta,47
2021,meia-idade,2,2,MT,baixa,20
2021,meia-idade,2,2,MT,media,82
2021,meia-idade,2,2,PA,alta,27
2021,meia-idade,2,2,PA,baixa,35
2021,meia-idade,2,2,PA,media,96
2021,meia-idade,2,2,PB,alta,8
2021,meia-idade,2,2,PB,baixa,5
2021,meia-idade,2,2,PB,media,33
2021,meia-idade,2,2,PE,alta,82
2021,meia-idade,2,2,PE,baixa,43
2021,meia-idade,2,2,PE,media,193
2021,meia-idade,2,2,PI,alta,16
2021,meia-idade,2,2,PI,baixa,19
2021,meia-idade,2,2,PI,media,56
2021,meia-idade,2,2,PR,alta,91
2021,meia-idade,2,2,PR,baixa,28
2021,meia-idade,2,2,PR,media,171
2021,meia-idade,2,2,RJ,alta,560
2021,meia-idade,2,2,RJ,baixa,139
2021,meia-idade,2,2,RJ,media,1225
2021,meia-idade,2,2,RN,alta,19
2021,meia-idade,2,2,RN,baixa,15
2021,meia-idade,2,2,RN,media,33
2021,meia-idade,2,2,RO,alta,10
2021,meia-idade,2,2,RO,baixa,5
2021,meia-idade,2,2,RO,media,26
2021,meia-idade,2,2,RR,alta,2
2021,meia-idade,2,2,RR,baixa,1
2021,meia-idade,2,2,RR,media,5
2021,meia-idade,2,2,RS,alta,112
2021,meia-idade,2,2,RS,baixa,23
2021,meia-idade,2,2,RS,media,251
2021,meia-idade,2,2,SC,alta,38
2021,meia-idade,2,2,SC,baixa,8
2021,meia-idade,2,2,SC,media,78
2021,meia-idade,2,2,SE,alta,35
2021,meia-idade,2,2,SE,baixa,20
2021,meia-idade,2,2,SE,media,53
2021,meia-idade,2,2,SP,alta,707
2021,meia-idade,2,2,SP,baixa,114
2021,meia-idade,2,2,SP,media,1090
2021,meia-idade,2,2,TO,alta,11
2021,meia-idade,2,2,TO,baixa,12
2021,meia-idade,2,2,TO,media,44
2021,meia-idade,3,1,AC,baixa,1
2021,meia-idade,3,1,AL,alta,3
2021,meia-idade,3,1,AL,baixa,2
2021,meia-idade,3,1,AL,media,2
2021,meia-idade,3,1,AM,alta,3
2021,meia-idade,3,1,AM,media,4
2021,meia-idade,3,1,BA,alta,3
2021,meia-idade,3,1,BA,media,10
2021,meia-idade,3,1,CE,alta,5
2021,meia-idade,3,1,CE,baixa,5
2021,meia-idade,3,1,CE,media,11
2021,meia-idade,3,1,DF,alta,3
2021,meia-idade,3,1,DF,media,8
2021,meia-idade,3,1,GO,alta,12
2021,meia-idade,3,1,GO,baixa,1
2021,meia-idade,3,1,GO,media,18
2021,meia-idade,3,1,MA,alta,6
2021,meia-idade,3,1,MA,baixa,2
2021,meia-idade,3,1,MA,media,7
2021,meia-idade,3,1,MG,alta,7
2021,meia-idade,3,1,MG,baixa,1
2021,meia-idade,3,1,MG,media,25
2021,meia-idade,3,1,MS,alta,4
2021,meia-idade,3,1,MS,media,15
2021,meia-idade,3,1,MT,alta,15
2021,meia-idade,3,1,MT,baixa,1
2021,meia-idade,3,1,MT,media,12
2021,meia-idade,3,1,PA,alta,3
2021,meia-idade,3,1,PA,media,3
2021,meia-idade,3,1,PB,baixa,1
2021,meia-idade,3,1,PB,media,5
2021,meia-idade,3,1,PE,alta,2
2021,meia-idade,3,1,PE,baixa,2
2021,meia-idade,3,1,PE,media,7
2021,meia-idade,3,1,PI,media,5
2021,meia-idade,3,1,PR,alta,30
2021,meia-idade,3,1,PR,baixa,5
2021,meia-idade,3,1,PR,media,25
2021,meia-idade,3,1,RJ,alta,8
2021,meia-idade,3,1,RJ,baixa,1
2021,meia-idade,3,1,RJ,media,9
2021,meia-idade,3,1,RN,baixa,1
2021,meia-idade,3,1,RN,media,3
2021,meia-idade,3,1,RO,alta,2
2021,meia-idade,3,1,RO,media,3
2021,meia-idade,3,1,RR,alta,2
2021,meia-idade,3,1,RR,media,1
2021,meia-idade,3,1,RS,alta,3
2021,meia-idade,3,1,RS,media,4
2021,meia-idade,3,1,SC,alta,1
2021,meia-idade,3,1,SC,media,4
2021,meia-idade,3,1,SE,alta,2
2021,meia-idade,3,1,SE,media,2
2021,meia-idade,3,1,SP,alta,111
2021,meia-idade,3,1,SP,baixa,3
2021,meia-idade,3,1,SP,media,123
2021,meia-idade,3,1,TO,alta,1
2021,meia-idade,3,1,TO,baixa,2
2021,meia-idade,3,1,TO,media,4
2021,meia-idade,3,2,AL,baixa,1
2021,meia-idade,3,2,AM,alta,1
2021,meia-idade,3,2,AM,baixa,1
2021,meia-idade,3,2,AM,media,5
2021,meia-idade,3,2,AP,media,1
2021,meia-idade,3,2,BA,alta,2
2021,meia-idade,3,2,BA,baixa,5
2021,meia-idade,3,2,BA,media,3
2021,meia-idade,3,2,CE,baixa,3
2021,meia-idade,3,2,CE,media,9
2021,meia-idade,3,2,DF,alta,5
2021,meia-idade,3,2,DF,baixa,1
2021,meia-idade,3,2,DF,media,3
2021,meia-idade,3,2,ES,media,2
2021,meia-idade,3,2,GO,alta,8
2021,meia-idade,3,2,GO,baixa,1
2021,meia-idade,3,2,GO,media,20
2021,meia-idade,3,2,MA,alta,2
2021,meia-idade,3,2,MA,baixa,2
2021,meia-idade,3,2,MA,media,8
2021,meia-idade,3,2,MG,alta,8
2021,meia-idade,3,2,MG,media,14
2021,meia-idade,3,2,MS,alta,4
2021,meia-idade,3,2,MS,baixa,1
2021,meia-idade,3,2,MS,media,6
2021,meia-idade,3,2,MT,alta,8
2021,meia-idade,3,2,MT,media,11
2021,meia-idade,3,2,PA,alta,1
2021,meia-idade,3,2,PA,media,1
2021,meia-idade,3,2,PB,alta,1
2021,meia-idade,3,2,PB,baixa,1
2021,meia-idade,3,2,PB,media,4
2021,meia-idade,3,2,PE,alta,3
2021,meia-idade,3,2,PE,baixa,2
2021,meia-idade,3,2,PE,media,8
2021,meia-idade,3,2,PI,alta,1
2021,meia-idade,3,2,PR,alta,7
2021,meia-idade,3,2,PR,media,14
2021,meia-idade,3,2,RJ,alta,6
2021,meia-idade,3,2,RJ,media,13
2021,meia-idade,3,2,RN,media,3
2021,meia-idade,3,2,RO,alta,1
2021,meia-idade,3,2,RO,baixa,1
2021,meia-idade,3,2,RO,media,3
2021,meia-idade,3,2,RS,alta,1
2021,meia-idade,3,2,RS,baixa,1
2021,meia-idade,3,2,RS,media,3
2021,meia-idade,3,2,SC,alta,2
2021,meia-idade,3,2,SC,media,4
2021,meia-idade,3,2,SP,alta,56
2021,meia-idade,3,2,SP,baixa,3
2021,meia-idade,3,2,SP,media,76
2021,meia-idade,3,2,TO,media,2
2021,meia-idade,4,0,SP,alta,2
2021,meia-idade,4,0,SP,media,1
2021,meia-idade,4,1,AC,alta,35
2021,meia-idade,4,1,AC,baixa,37
2021,meia-idade,4,1,AC,media,70
2021,meia-idade,4,1,AL,alta,238
2021,meia-idade,4,1,AL,baixa,248
2021,meia-idade,4,1,AL,media,479
2021,meia-idade,4,1,AM,alta,867
2021,meia-idade,4,1,AM,baixa,196
2021,meia-idade,4,1,AM,media,1039
2021,meia-idade,4,1,AP,alta,84
2021,meia-idade,4,1,AP,baixa,30
2021,meia-idade,4,1,AP,media,143
2021,meia-idade,4,1,BA,alta,1180
2021,meia-idade,4,1,BA,baixa,810
2021,meia-idade,4,1,BA,media,2852
2021,meia-idade,4,1,CE,alta,958
2021,meia-idade,4,1,CE,baixa,853
2021,meia-idade,4,1,CE,media,2644
2021,meia-idade,4,1,DF,alta,321
2021,meia-idade,4,1,DF,baixa,44
2021,meia-idade,4,1,DF,media,587
2021,meia-idade,4,1,ES,alta,288
2021,meia-idade,4,1,ES,baixa,85
2021,meia-idade,4,1,ES,media,471
2021,meia-idade,4,1,GO,alta,950
2021,meia-idade,4,1,GO,baixa,248
2021,meia-idade,4,1,GO,media,1907
2021,meia-idade,4,1,MA,alta,626
2021,meia-idade,4,1,MA,baixa,519
2021,meia-idade,4,1,MA,media,1308
2021,meia-idade,4,1,MG,alta,1659
2021,meia-idade,4,1,MG,baixa,577
2021,meia-idade,4,1,MG,media,4089
2021,meia-idade,4,1,MS,alta,516
2021,meia-idade,4,1,MS,baixa,111
2021,meia-idade,4,1,MS,media,698
2021,meia-idade,4,1,MT,alta,536
2021,meia-idade,4,1,MT,baixa,136
2021,meia-idade,4,1,MT,media,950
2021,meia-idade,4,1,PA,alta,767
2021,meia-idade,4,1,PA,baixa,406
2021,meia-idade,4,1,PA,media,1677
2021,meia-idade,4,1,PB,alta,124
2021,meia-idade,4,1,PB,baixa,182
2021,meia-idade,4,1,PB,media,511
2021,meia-idade,4,1,PE,alta,886
2021,meia-idade,4,1,PE,baixa,770
2021,meia-idade,4,1,PE,media,2744
2021,meia-idade,4,1,PI,alta,204
2021,meia-idade,4,1,PI,baixa,274
2021,meia-idade,4,1,PI,media,733
2021,meia-idade,4,1,PR,alta,840
2021,meia-idade,4,1,PR,baixa,171
2021,meia-idade,4,1,PR,media,1454
2021,meia-idade,4,1,RJ,alta,1328
2021,meia-idade,4,1,RJ,baixa,220
2021,meia-idade,4,1,RJ,media,2817
2021,meia-idade,4,1,RN,alta,200
2021,meia-idade,4,1,RN,baixa,182
2021,meia-idade,4,1,RN,media,500
2021,meia-idade,4,1,RO,alta,214
2021,meia-idade,4,1,RO,baixa,54
2021,meia-idade,4,1,RO,media,407
2021,meia-idade,4,1,RR,alta,116
2021,meia-idade,4,1,RR,baixa,19
2021,meia-idade,4,1,RR,media,177
2021,meia-idade,4,1,RS,alta,155
2021,meia-idade,4,1,RS,baixa,42
2021,meia-idade,4,1,RS,media,341
2021,meia-idade,4,1,SC,alta,116
2021,meia-idade,4,1,SC,baixa,23
2021,meia-idade,4,1,SC,media,258
2021,meia-idade,4,1,SE,alta,316
2021,meia-idade,4,1,SE,baixa,168
2021,meia-idade,4,1,SE,media,605
2021,meia-idade,4,1,SP,alta,3648
2021,meia-idade,4,1,SP,baixa,433
2021,meia-idade,4,1,SP,media,5776
2021,meia-idade,4,1,TO,alta,140
2021,meia-idade,4,1,TO,baixa,99
2021,meia-idade,4,1,TO,media,389
2021,meia-idade,4,2,AC,alta,35
2021,meia-idade,4,2,AC,baixa,29
2021,meia-idade,4,2,AC,media,74
2021,meia-idade,4,2,AL,alta,126
2021,meia-idade,4,2,AL,baixa,140
2021,meia-idade,4,2,AL,media,292
2021,meia-idade,4,2,AM,alta,629
2021,meia-idade,4,2,AM,baixa,120
2021,meia-idade,4,2,AM,media,584
2021,meia-idade,4,2,AP,alta,47
2021,meia-idade,4,2,AP,baixa,24
2021,meia-idade,4,2,AP,media,104
2021,meia-idade,4,2,BA,alta,781
2021,meia-idade,4,2,BA,baixa,485
2021,meia-idade,4,2,BA,media,1606
2021,meia-idade,4,2,CE,alta,587
2021,meia-idade,4,2,CE,baixa,449
2021,meia-idade,4,2,CE,media,1678
2021,meia-idade,4,2,DF,alta,168
2021,meia-idade,4,2,DF,baixa,42
2021,meia-idade,4,2,DF,media,335
2021,meia-idade,4,2,ES,alta,177
2021,meia-idade,4,2,ES,baixa,52
2021,meia-idade,4,2,ES,media,263
2021,meia-idade,4,2,GO,alta,570
2021,meia-idade,4,2,GO,baixa,168
2021,meia-idade,4,2,GO,media,1034
2021,meia-idade,4,2,MA,alta,371
2021,meia-idade,4,2,MA,baixa,335
2021,meia-idade,4,2,MA,media,796
2021,meia-idade,4,2,MG,alta,1015
2021,meia-idade,4,2,MG,baixa,363
2021,meia-idade,4,2,MG,media,2390
2021,meia-idade,4,2,MS,alta,307
2021,meia-idade,4,2,MS,baixa,81
2021,meia-idade,4,2,MS,media,444
2021,meia-idade,4,2,MT,alta,350
2021,meia-idade,4,2,MT,baixa,85
2021,meia-idade,4,2,MT,media,496
2021,meia-idade,4,2,PA,alta,519
2021,meia-idade,4,2,PA,baixa,226
2021,meia-idade,4,2,PA,media,1099
2021,meia-idade,4,2,PB,alta,127
2021,meia-idade,4,2,PB,baixa,89
2021,meia-idade,4,2,PB,media,411
2021,meia-idade,4,2,PE,alta,645
2021,meia-idade,4,2,PE,baixa,467
2021,meia-idade,4,2,PE,media,1660
2021,meia-idade,4,2,PI,alta,111
2021,meia-idade,4,2,PI,baixa,133
2021,meia-idade,4,2,PI,media,417
2021,meia-idade,4,2,PR,alta,404
2021,meia-idade,4,2,PR,baixa,169
2021,meia-idade,4,2,PR,media,836
2021,meia-idade,4,2,RJ,alta,1096
2021,meia-idade,4,2,RJ,baixa,191
2021,meia-idade,4,2,RJ,media,2276
2021,meia-idade,4,2,RN,alta,129
2021,meia-idade,4,2,RN,baixa,89
2021,meia-idade,4,2,RN,media,328
2021,meia-idade,4,2,RO,alta,133
2021,meia-idade,4,2,RO,baixa,35
2021,meia-idade,4,2,RO,media,226
2021,meia-idade,4,2,RR,alta,67
2021,meia-idade,4,2,RR,baixa,10
2021,meia-idade,4,2,RR,media,100
2021,meia-idade,4,2,RS,alta,100
2021,meia-idade,4,2,RS,baixa,26
2021,meia-idade,4,2,RS,media,223
2021,meia-idade,4,2,SC,alta,55
2021,meia-idade,4,2,SC,baixa,22
2021,meia-idade,4,2,SC,media,155
2021,meia-idade,4,2,SE,alta,192
2021,meia-idade,4,2,SE,baixa,88
2021,meia-idade,4,2,SE,media,384
2021,meia-idade,4,2,SP,alta,2223
2021,meia-idade,4,2,SP,baixa,332
2021,meia-idade,4,2,SP,media,3442
2021,meia-idade,4,2,TO,alta,108
2021,meia-idade,4,2,TO,baixa,43
2021,meia-idade,4,2,TO,media,206
2021,meia-idade,5,1,AC,media,1
2021,meia-idade,5,1,AL,alta,1
2021,meia-idade,5,1,AL,media,2
2021,meia-idade,5,1,AM,alta,14
2021,meia-idade,5,1,AM,baixa,19
2021,meia-idade,5,1,AM,media,26
2021,meia-idade,5,1,AP,media,2
2021,meia-idade,5,1,BA,baixa,1
2021,meia-idade,5,1,BA,media,8
2021,meia-idade,5,1,CE,alta,1
2021,meia-idade,5,1,CE,baixa,5
2021,meia-idade,5,1,CE,media,7
2021,meia-idade,5,1,DF,alta,1
2021,meia-idade,5,1,ES,alta,2
2021,meia-idade,5,1,GO,baixa,1
2021,meia-idade,5,1,GO,media,4
2021,meia-idade,5,1,MA,alta,3
2021,meia-idade,5,1,MA,baixa,3
2021,meia-idade,5,1,MA,media,8
2021,meia-idade,5,1,MG,alta,3
2021,meia-idade,5,1,MG,baixa,3
2021,meia-idade,5,1,MG,media,9
2021,meia-idade,5,1,MS,alta,7
2021,meia-idade,5,1,MS,baixa,11
2021,meia-idade,5,1,MS,media,29
2021,meia-idade,5,1,MT,alta,1
2021,meia-idade,5,1,MT,baixa,5
2021,meia-idade,5,1,MT,media,7
2021,meia-idade,5,1,PA,media,5
2021,meia-idade,5,1,PB,baixa,1
2021,meia-idade,5,1,PE,alta,1
2021,meia-idade,5,1,PE,baixa,3
2021,meia-idade,5,1,PE,media,9
2021,meia-idade,5,1,PI,media,1
2021,meia-idade,5,1,PR,alta,4
2021,meia-idade,5,1,PR,baixa,5
2021,meia-idade,5,1,PR,media,8
2021,meia-idade,5,1,RJ,alta,1
2021,meia-idade,5,1,RJ,media,4
2021,meia-idade,5,1,RN,alta,1
2021,meia-idade,5,1,RN,baixa,2
2021,meia-idade,5,1,RN,media,1
2021,meia-idade,5,1,RO,alta,1
2021,meia-idade,5,1,RO,baixa,2
2021,meia-idade,5,1,RO,media,1
2021,meia-idade,5,1,RR,alta,7
2021,meia-idade,5,1,RR,baixa,16
2021,meia-idade,5,1,RR,media,19
2021,meia-idade,5,1,RS,alta,1
2021,meia-idade,5,1,RS,baixa,1
2021,meia-idade,5,1,RS,media,10
2021,meia-idade,5,1,SC,alta,4
2021,meia-idade,5,1,SC,media,3
2021,meia-idade,5,1,SE,baixa,1
2021,meia-idade,5,1,SP,alta,7
2021,meia-idade,5,1,SP,media,11
2021,meia-idade,5,1,TO,baixa,1
2021,meia-idade,5,1,TO,media,3
2021,meia-idade,5,2,AC,alta,1
2021,meia-idade,5,2,AC,media,3
2021,meia-idade,5,2,AL,baixa,1
2021,meia-idade,5,2,AM,alta,5
2021,meia-idade,5,2,AM,baixa,17
2021,meia-idade,5,2,AM,media,22
2021,meia-idade,5,2,AP,baixa,1
2021,meia-idade,5,2,AP,media,2
2021,meia-idade,5,2,BA,alta,3
2021,meia-idade,5,2,BA,baixa,5
2021,meia-idade,5,2,BA,media,7
2021,meia-idade,5,2,CE,alta,1
2021,meia-idade,5,2,CE,baixa,1
2021,meia-idade,5,2,CE,media,4
2021,meia-idade,5,2,DF,media,1
2021,meia-idade,5,2,ES,alta,1
2021,meia-idade,5,2,GO,media,2
2021,meia-idade,5,2,MA,alta,1
2021,meia-idade,5,2,MA,baixa,3
2021,meia-idade,5,2,MA,media,1
2021,meia-idade,5,2,MG,alta,3
2021,meia-idade,5,2,MG,baixa,4
2021,meia-idade,5,2,MG,media,6
2021,meia-idade,5,2,MS,alta,2
2021,meia-idade,5,2,MS,baixa,6
2021,meia-idade,5,2,MS,media,19
2021,meia-idade,5,2,MT,alta,4
2021,meia-idade,5,2,MT,baixa,1
2021,meia-idade,5,2,MT,media,6
2021,meia-idade,5,2,PA,alta,3
2021,meia-idade,5,2,PA,baixa,2
2021,meia-idade,5,2,PA,media,2
2021,meia-idade,5,2,PB,media,1
2021,meia-idade,5,2,PE,alta,3
2021,meia-idade,5,2,PE,baixa,2
2021,meia-idade,5,2,PE,media,7
2021,meia-idade,5,2,PI,media,1
2021,meia-idade,5,2,PR,alta,2
2021,meia-idade,5,2,PR,baixa,1
2021,meia-idade,5,2,PR,media,3
2021,meia-idade,5,2,RJ,media,1
2021,meia-idade,5,2,RN,baixa,1
2021,meia-idade,5,2,RO,alta,2
2021,meia-idade,5,2,RO,baixa,2
2021,meia-idade,5,2,RR,alta,4
2021,meia-idade,5,2,RR,baixa,7
2021,meia-idade,5,2,RR,media,6
2021,meia-idade,5,2,RS,baixa,2
2021,meia-idade,5,2,RS,media,5
2021,meia-idade,5,2,SC,baixa,1
2021,meia-idade,5,2,SC,media,6
2021,meia-idade,5,2,SE,baixa,1
2021,meia-idade,5,2,SE,media,1
2021,meia-idade,5,2,SP,alta,3
2021,meia-idade,5,2,SP,baixa,1
2021,meia-idade,5,2,SP,media,7
2021,meia-idade,5,2,TO,baixa,3
2021,meia-idade,5,2,TO,media,2
2022,adulto,1,0,DF,media,1
2022,adulto,1,0,RS,media,1
2022,adulto,1,1,AC,alta,4
2022,adulto,1,1,AC,baixa,2
2022,adulto,1,1,AC,media,4
2022,adulto,1,1,AL,alta,19
2022,adulto,1,1,AL,baixa,15
2022,adulto,1,1,AL,media,43
2022,adulto,1,1,AM,alta,77
2022,adulto,1,1,AM,baixa,7
2022,adulto,1,1,AM,media,67
2022,adulto,1,1,AP,alta,6
2022,adulto,1,1,AP,baixa,1
2022,adulto,1,1,AP,media,10
2022,adulto,1,1,BA,alta,146
2022,adulto,1,1,BA,baixa,43
2022,adulto,1,1,BA,media,216
2022,adulto,1,1,CE,alta,189
2022,adulto,1,1,CE,baixa,43
2022,adulto,1,1,CE,media,241
2022,adulto,1,1,DF,alta,60
2022,adulto,1,1,DF,baixa,6
2022,adulto,1,1,DF,media,106
2022,adulto,1,1,ES,alta,75
2022,adulto,1,1,ES,baixa,11
2022,adulto,1,1,ES,media,84
2022,adulto,1,1,GO,alta,297
2022,adulto,1,1,GO,baixa,25
2022,adulto,1,1,GO,media,334
2022,adulto,1,1,MA,alta,138
2022,adulto,1,1,MA,baixa,25
2022,adulto,1,1,MA,media,139
2022,adulto,1,1,MG,alta,820
2022,adulto,1,1,MG,baixa,96
2022,adulto,1,1,MG,media,793
2022,adulto,1,1,MS,alta,182
2022,adulto,1,1,MS,baixa,28
2022,adulto,1,1,MS,media,116
2022,adulto,1,1,MT,alta,172
2022,adulto,1,1,MT,baixa,7
2022,adulto,1,1,MT,media,173
2022,adulto,1,1,PA,alta,95
2022,adulto,1,1,PA,baixa,16
2022,adulto,1,1,PA,media,138
2022,adulto,1,1,PB,alta,16
2022,adulto,1,1,PB,baixa,13
2022,adulto,1,1,PB,media,55
2022,adulto,1,1,PE,alta,265
2022,adulto,1,1,PE,baixa,52
2022,adulto,1,1,PE,media,482
2022,adulto,1,1,PI,alta,49
2022,adulto,1,1,PI,baixa,15
2022,adulto,1,1,PI,media,80
2022,adulto,1,1,PR,alta,1501
2022,adulto,1,1,PR,baixa,95
2022,adulto,1,1,PR,media,1321
2022,adulto,1,1,RJ,alta,570
2022,adulto,1,1,RJ,baixa,54
2022,adulto,1,1,RJ,media,771
2022,adulto,1,1,RN,alta,48
2022,adulto,1,1,RN,baixa,16
2022,adulto,1,1,RN,media,83
2022,adulto,1,1,RO,alta,97
2022,adulto,1,1,RO,baixa,7
2022,adulto,1,1,RO,media,54
2022,adulto,1,1,RR,alta,15
2022,adulto,1,1,RR,baixa,2
2022,adulto,1,1,RR,media,19
2022,adulto,1,1,RS,alta,809
2022,adulto,1,1,RS,baixa,70
2022,adulto,1,1,RS,media,827
2022,adulto,1,1,SC,alta,711
2022,adulto,1,1,SC,baixa,39
2022,adulto,1,1,SC,media,793
2022,adulto,1,1,SE,alta,31
2022,adulto,1,1,SE,baixa,13
2022,adulto,1,1,SE,media,57
2022,adulto,1,1,SP,alta,3357
2022,adulto,1,1,SP,baixa,208
2022,adulto,1,1,SP,media,2773
2022,adulto,1,1,TO,alta,41
2022,adulto,1,1,TO,baixa,6
2022,adulto,1,1,TO,media,57
2022,adulto,1,2,AC,alta,4
2022,adulto,1,2,AC,baixa,3
2022,adulto,1,2,AC,media,3
2022,adulto,1,2,AL,alta,17
2022,adulto,1,2,AL,baixa,5
2022,adulto,1,2,AL,media,34
2022,adulto,1,2,AM,alta,57
2022,adulto,1,2,AM,baixa,6
2022,adulto,1,2,AM,media,55
2022,adulto,1,2,AP,alta,6
2022,adulto,1,2,AP,baixa,1
2022,adulto,1,2,AP,media,9
2022,adulto,1,2,BA,alta,124
2022,adulto,1,2,BA,baixa,31
2022,adulto,1,2,BA,media,139
2022,adulto,1,2,CE,alta,117
2022,adulto,1,2,CE,baixa,29
2022,adulto,1,2,CE,media,161
2022,adulto,1,2,DF,alta,56
2022,adulto,1,2,DF,baixa,3
2022,adulto,1,2,DF,media,76
2022,adulto,1,2,ES,alta,49
2022,adulto,1,2,ES,baixa,9
2022,adulto,1,2,ES,media,48
2022,adulto,1,2,GO,alta,178
2022,adulto,1,2,GO,baixa,16
2022,adulto,1,2,GO,media,171
2022,adulto,1,2,MA,alta,70
2022,adulto,1,2,MA,baixa,8
2022,adulto,1,2,MA,media,80
2022,adulto,1,2,MG,alta,484
2022,adulto,1,2,MG,baixa,57
2022,adulto,1,2,MG,media,485
2022,adulto,1,2,MS,alta,95
2022,adulto,1,2,MS,baixa,7
2022,adulto,1,2,MS,media,84
2022,adulto,1,2,MT,alta,62
2022,adulto,1,2,MT,baixa,6
2022,adulto,1,2,MT,media,83
2022,adulto,1,2,PA,alta,80
2022,adulto,1,2,PA,baixa,10
2022,adulto,1,2,PA,media,91
2022,adulto,1,2,PB,alta,27
2022,adulto,1,2,PB,baixa,4
2022,adulto,1,2,PB,media,30
2022,adulto,1,2,PE,alta,123
2022,adulto,1,2,PE,baixa,29
2022,adulto,1,2,PE,media,229
2022,adulto,1,2,PI,alta,37
2022,adulto,1,2,PI,baixa,4
2022,adulto,1,2,PI,media,49
2022,adulto,1,2,PR,alta,615
2022,adulto,1,2,PR,baixa,60
2022,adulto,1,2,PR,media,577
2022,adulto,1,2,RJ,alta,451
2022,adulto,1,2,RJ,baixa,43
2022,adulto,1,2,RJ,media,526
2022,adulto,1,2,RN,alta,66
2022,adulto,1,2,RN,baixa,7
2022,adulto,1,2,RN,media,54
2022,adulto,1,2,RO,alta,32
2022,adulto,1,2,RO,baixa,8
2022,adulto,1,2,RO,media,54
2022,adulto,1,2,RR,alta,12
2022,adulto,1,2,RR,media,4
2022,adulto,1,2,RS,alta,434
2022,adulto,1,2,RS,baixa,57
2022,adulto,1,2,RS,media,446
2022,adulto,1,2,SC,alta,401
2022,adulto,1,2,SC,baixa,32
2022,adulto,1,2,SC,media,438
2022,adulto,1,2,SE,alta,41
2022,adulto,1,2,SE,baixa,7
2022,adulto,1,2,SE,media,37
2022,adulto,1,2,SP,alta,1888
2022,adulto,1,2,SP,baixa,140
2022,adulto,1,2,SP,media,1623
2022,adulto,1,2,TO,alta,17
2022,adulto,1,2,TO,baixa,5
2022,adulto,1,2,TO,media,22
2022,adulto,2,1,AC,alta,1
2022,adulto,2,1,AC,baixa,2
2022,adulto,2,1,AC,media,3
2022,adulto,2,1,AL,alta,7
2022,adulto,2,1,AL,baixa,3
2022,adulto,2,1,AL,media,25
2022,adulto,2,1,AM,alta,16
2022,adulto,2,1,AM,baixa,7
2022,adulto,2,1,AM,media,21
2022,adulto,2,1,AP,alta,6
2022,adulto,2,1,AP,media,8
2022,adulto,2,1,BA,alta,254
2022,adulto,2,1,BA,baixa,87
2022,adulto,2,1,BA,media,521
2022,adulto,2,1,CE,alta,27
2022,adulto,2,1,CE,baixa,20
2022,adulto,2,1,CE,media,46
2022,adulto,2,1,DF,alta,29
2022,adulto,2,1,DF,baixa,1
2022,adulto,2,1,DF,media,57
2022,adulto,2,1,ES,alta,33
2022,adulto,2,1,ES,baixa,7
2022,adulto,2,1,ES,media,49
2022,adulto,2,1,GO,alta,78
2022,adulto,2,1,GO,baixa,13
2022,adulto,2,1,GO,media,127
2022,adulto,2,1,MA,alta,95
2022,adulto,2,1,MA,baixa,38
2022,adulto,2,1,MA,media,176
2022,adulto,2,1,MG,alta,319
2022,adulto,2,1,MG,baixa,30
2022,adulto,2,1,MG,media,432
2022,adulto,2,1,MS,alta,19
2022,adulto,2,1,MS,baixa,4
2022,adulto,2,1,MS,media,16
2022,adulto,2,1,MT,alta,53
2022,adulto,2,1,MT,baixa,14
2022,adulto,2,1,MT,media,51
2022,adulto,2,1,PA,alta,58
2022,adulto,2,1,PA,baixa,17
2022,adulto,2,1,PA,media,131
2022,adulto,2,1,PB,alta,6
2022,adulto,2,1,PB,baixa,4
2022,adulto,2,1,PB,media,11
2022,adulto,2,1,PE,alta,62
2022,adulto,2,1,PE,baixa,25
2022,adulto,2,1,PE,media,205
2022,adulto,2,1,PI,alta,20
2022,adulto,2,1,PI,baixa,17
2022,adulto,2,1,PI,media,75
2022,adulto,2,1,PR,alta,102
2022,adulto,2,1,PR,baixa,7
2022,adulto,2,1,PR,media,113
2022,adulto,2,1,RJ,alta,323
2022,adulto,2,1,RJ,baixa,31
2022,adulto,2,1,RJ,media,564
2022,adulto,2,1,RN,alta,10
2022,adulto,2,1,RN,baixa,5
2022,adulto,2,1,RN,media,25
2022,adulto,2,1,RO,alta,20
2022,adulto,2,1,RO,baixa,4
2022,adulto,2,1,RO,media,18
2022,adulto,2,1,RR,alta,7
2022,adulto,2,1,RR,media,9
2022,adulto,2,1,RS,alta,75
2022,adulto,2,1,RS,baixa,11
2022,adulto,2,1,RS,media,152
2022,adulto,2,1,SC,alta,58
2022,adulto,2,1,SC,baixa,3
2022,adulto,2,1,SC,media,61
2022,adulto,2,1,SE,alta,29
2022,adulto,2,1,SE,baixa,10
2022,adulto,2,1,SE,media,53
2022,adulto,2,1,SP,alta,599
2022,adulto,2,1,SP,baixa,37
2022,adulto,2,1,SP,media,552
2022,adulto,2,1,TO,alta,23
2022,adulto,2,1,TO,baixa,5
2022,adulto,2,1,TO,media,49
2022,adulto,2,2,AC,alta,1
2022,adulto,2,2,AC,media,1
2022,adulto,2,2,AL,alta,4
2022,adulto,2,2,AL,baixa,5
2022,adulto,2,2,AL,media,6
2022,adulto,2,2,AM,alta,3
2022,adulto,2,2,AM,baixa,1
2022,adulto,2,2,AM,media,5
2022,adulto,2,2,AP,alta,3
2022,adulto,2,2,AP,media,2
2022,adulto,2,2,BA,alta,148
2022,adulto,2,2,BA,baixa,25
2022,adulto,2,2,BA,media,199
2022,adulto,2,2,CE,alta,15
2022,adulto,2,2,CE,baixa,2
2022,adulto,2,2,CE,media,22
2022,adulto,2,2,DF,alta,18
2022,adulto,2,2,DF,media,25
2022,adulto,2,2,ES,alta,19
2022,adulto,2,2,ES,baixa,7
2022,adulto,2,2,ES,media,16
2022,adulto,2,2,GO,alta,40
2022,adulto,2,2,GO,baixa,9
2022,adulto,2,2,GO,media,31
2022,adulto,2,2,MA,alta,50
2022,adulto,2,2,MA,baixa,17
2022,adulto,2,2,MA,media,56
2022,adulto,2,2,MG,alta,165
2022,adulto,2,2,MG,baixa,21
2022,adulto,2,2,MG,media,200
2022,adulto,2,2,MS,alta,13
2022,adulto,2,2,MS,baixa,1
2022,adulto,2,2,MS,media,18
2022,adulto,2,2,MT,alta,28
2022,adulto,2,2,MT,baixa,3
2022,adulto,2,2,MT,media,12
2022,adulto,2,2,PA,alta,25
2022,adulto,2,2,PA,baixa,8
2022,adulto,2,2,PA,media,46
2022,adulto,2,2,PB,alta,1
2022,adulto,2,2,PB,baixa,4
2022,adulto,2,2,PB,media,2
2022,adulto,2,2,PE,alta,35
2022,adulto,2,2,PE,baixa,4
2022,adulto,2,2,PE,media,50
2022,adulto,2,2,PI,alta,13
2022,adulto,2,2,PI,baixa,10
2022,adulto,2,2,PI,media,28
2022,adulto,2,2,PR,alta,52
2022,adulto,2,2,PR,baixa,3
2022,adulto,2,2,PR,media,41
2022,adulto,2,2,RJ,alta,269
2022,adulto,2,2,RJ,baixa,15
2022,adulto,2,2,RJ,media,346
2022,adulto,2,2,RN,alta,4
2022,adulto,2,2,RN,baixa,2
2022,adulto,2,2,RN,media,7
2022,adulto,2,2,RO,alta,12
2022,adulto,2,2,RO,media,13
2022,adulto,2,2,RR,alta,3
2022,adulto,2,2,RR,baixa,1
2022,adulto,2,2,RR,media,1
2022,adulto,2,2,RS,alta,49
2022,adulto,2,2,RS,baixa,10
2022,adulto,2,2,RS,media,67
2022,adulto,2,2,SC,alta,25
2022,adulto,2,2,SC,baixa,2
2022,adulto,2,2,SC,media,20
2022,adulto,2,2,SE,alta,15
2022,adulto,2,2,SE,baixa,5
2022,adulto,2,2,SE,media,20
2022,adulto,2,2,SP,alta,317
2022,adulto,2,2,SP,baixa,14
2022,adulto,2,2,SP,media,260
2022,adulto,2,2,TO,alta,6
2022,adulto,2,2,TO,baixa,1
2022,adulto,2,2,TO,media,14
2022,adulto,3,1,AL,alta,1
2022,adulto,3,1,AL,media,1
2022,adulto,3,1,AM,alta,1
2022,adulto,3,1,AM,baixa,1
2022,adulto,3,1,AM,media,14
2022,adulto,3,1,BA,alta,3
2022,adulto,3,1,BA,baixa,1
2022,adulto,3,1,BA,media,4
2022,adulto,3,1,CE,alta,1
2022,adulto,3,1,CE,baixa,1
2022,adulto,3,1,CE,media,3
2022,adulto,3,1,DF,alta,1
2022,adulto,3,1,DF,media,2
2022,adulto,3,1,ES,alta,2
2022,adulto,3,1,GO,alta,3
2022,adulto,3,1,GO,baixa,2
2022,adulto,3,1,MA,alta,2
2022,adulto,3,1,MA,media,10
2022,adulto,3,1,MG,alta,4
2022,adulto,3,1,MG,media,4
2022,adulto,3,1,MS,media,1
2022,adulto,3,1,MT,alta,6
2022,adulto,3,1,MT,media,7
2022,adulto,3,1,PA,alta,1
2022,adulto,3,1,PA,media,5
2022,adulto,3,1,PB,media,2
2022,adulto,3,1,PE,alta,1
2022,adulto,3,1,PE,media,1
2022,adulto,3,1,PR,alta,4
2022,adulto,3,1,PR,media,5
2022,adulto,3,1,RJ,alta,2
2022,adulto,3,1,RJ,media,2
2022,adulto,3,1,RO,media,1
2022,adulto,3,1,SC,media,1
2022,adulto,3,1,SE,alta,1
2022,adulto,3,1,SP,alta,20
2022,adulto,3,1,SP,baixa,2
2022,adulto,3,1,SP,media,35
2022,adulto,3,1,TO,alta,2
2022,adulto,3,1,TO,media,2
2022,adulto,3,2,AL,media,2
2022,adulto,3,2,AP,alta,1
2022,adulto,3,2,AP,media,1
2022,adulto,3,2,BA,alta,2
2022,adulto,3,2,BA,media,2
2022,adulto,3,2,CE,alta,1
2022,adulto,3,2,CE,baixa,2
2022,adulto,3,2,CE,media,1
2022,adulto,3,2,DF,media,1
2022,adulto,3,2,ES,alta,1
2022,adulto,3,2,GO,alta,1
2022,adulto,3,2,GO,media,4
2022,adulto,3,2,MA,media,1
2022,adulto,3,2,MG,alta,2
2022,adulto,3,2,MS,alta,1
2022,adulto,3,2,MS,baixa,1
2022,adulto,3,2,MS,media,1
2022,adulto,3,2,MT,alta,1
2022,adulto,3,2,MT,media,3
2022,adulto,3,2,PA,alta,1
2022,adulto,3,2,PA,media,3
2022,adulto,3,2,PI,alta,1
2022,adulto,3,2,PI,baixa,1
2022,adulto,3,2,PI,media,1
2022,adulto,3,2,PR,alta,4
2022,adulto,3,2,PR,baixa,1
2022,adulto,3,2,PR,media,6
2022,adulto,3,2,RJ,alta,1
2022,adulto,3,2,RJ,media,3
2022,adulto,3,2,RO,alta,2
2022,adulto,3,2,RO,baixa,1
2022,adulto,3,2,RO,media,1
2022,adulto,3,2,RS,media,1
2022,adulto,3,2,SC,media,1
2022,adulto,3,2,SP,alta,12
2022,adulto,3,2,SP,baixa,1
2022,adulto,3,2,SP,media,19
2022,adulto,3,2,TO,media,1
2022,adulto,4,0,AL,media,1
2022,adulto,4,1,AC,alta,20
2022,adulto,4,1,AC,baixa,16
2022,adulto,4,1,AC,media,39
2022,adulto,4,1,AL,alta,264
2022,adulto,4,1,AL,baixa,90
2022,adulto,4,1,AL,media,444
2022,adulto,4,1,AM,alta,714
2022,adulto,4,1,AM,baixa,84
2022,adulto,4,1,AM,media,648
2022,adulto,4,1,AP,alta,75
2022,adulto,4,1,AP,baixa,9
2022,adulto,4,1,AP,media,147
2022,adulto,4,1,BA,alta,1038
2022,adulto,4,1,BA,baixa,246
2022,adulto,4,1,BA,media,2044
2022,adulto,4,1,CE,alta,902
2022,adulto,4,1,CE,baixa,274
2022,adulto,4,1,CE,media,1635
2022,adulto,4,1,DF,alta,125
2022,adulto,4,1,DF,baixa,13
2022,adulto,4,1,DF,media,255
2022,adulto,4,1,ES,alta,173
2022,adulto,4,1,ES,baixa,26
2022,adulto,4,1,ES,media,218
2022,adulto,4,1,GO,alta,844
2022,adulto,4,1,GO,baixa,60
2022,adulto,4,1,GO,media,795
2022,adulto,4,1,MA,alta,814
2022,adulto,4,1,MA,baixa,197
2022,adulto,4,1,MA,media,1113
2022,adulto,4,1,MG,alta,1046
2022,adulto,4,1,MG,baixa,124
2022,adulto,4,1,MG,media,1357
2022,adulto,4,1,MS,alta,259
2022,adulto,4,1,MS,baixa,50
2022,adulto,4,1,MS,media,208
2022,adulto,4,1,MT,alta,450
2022,adulto,4,1,MT,baixa,22
2022,adulto,4,1,MT,media,421
2022,adulto,4,1,PA,alta,676
2022,adulto,4,1,PA,baixa,157
2022,adulto,4,1,PA,media,1411
2022,adulto,4,1,PB,alta,93
2022,adulto,4,1,PB,baixa,60
2022,adulto,4,1,PB,media,258
2022,adulto,4,1,PE,alta,703
2022,adulto,4,1,PE,baixa,228
2022,adulto,4,1,PE,media,2081
2022,adulto,4,1,PI,alta,252
2022,adulto,4,1,PI,baixa,75
2022,adulto,4,1,PI,media,550
2022,adulto,4,1,PR,alta,682
2022,adulto,4,1,PR,baixa,44
2022,adulto,4,1,PR,media,619
2022,adulto,4,1,RJ,alta,780
2022,adulto,4,1,RJ,baixa,62
2022,adulto,4,1,RJ,media,1225
2022,adulto,4,1,RN,alta,87
2022,adulto,4,1,RN,baixa,41
2022,adulto,4,1,RN,media,227
2022,adulto,4,1,RO,alta,173
2022,adulto,4,1,RO,baixa,11
2022,adulto,4,1,RO,media,178
2022,adulto,4,1,RR,alta,135
2022,adulto,4,1,RR,baixa,6
2022,adulto,4,1,RR,media,76
2022,adulto,4,1,RS,alta,71
2022,adulto,4,1,RS,baixa,18
2022,adulto,4,1,RS,media,141
2022,adulto,4,1,SC,alta,109
2022,adulto,4,1,SC,baixa,5
2022,adulto,4,1,SC,media,159
2022,adulto,4,1,SE,alta,250
2022,adulto,4,1,SE,baixa,70
2022,adulto,4,1,SE,media,508
2022,adulto,4,1,SP,alta,2274
2022,adulto,4,1,SP,baixa,135
2022,adulto,4,1,SP,media,1970
2022,adulto,4,1,TO,alta,178
2022,adulto,4,1,TO,baixa,29
2022,adulto,4,1,TO,media,243
2022,adulto,4,2,AC,alta,13
2022,adulto,4,2,AC,baixa,10
2022,adulto,4,2,AC,media,19
2022,adulto,4,2,AL,alta,98
2022,adulto,4,2,AL,baixa,34
2022,adulto,4,2,AL,media,139
2022,adulto,4,2,AM,alta,298
2022,adulto,4,2,AM,baixa,32
2022,adulto,4,2,AM,media,196
2022,adulto,4,2,AP,alta,40
2022,adulto,4,2,AP,baixa,5
2022,adulto,4,2,AP,media,41
2022,adulto,4,2,BA,alta,570
2022,adulto,4,2,BA,baixa,113
2022,adulto,4,2,BA,media,634
2022,adulto,4,2,CE,alta,385
2022,adulto,4,2,CE,baixa,84
2022,adulto,4,2,CE,media,528
2022,adulto,4,2,DF,alta,85
2022,adulto,4,2,DF,baixa,9
2022,adulto,4,2,DF,media,125
2022,adulto,4,2,ES,alta,102
2022,adulto,4,2,ES,baixa,10
2022,adulto,4,2,ES,media,87
2022,adulto,4,2,GO,alta,307
2022,adulto,4,2,GO,baixa,22
2022,adulto,4,2,GO,media,261
2022,adulto,4,2,MA,alta,339
2022,adulto,4,2,MA,baixa,72
2022,adulto,4,2,MA,media,420
2022,adulto,4,2,MG,alta,520
2022,adulto,4,2,MG,baixa,53
2022,adulto,4,2,MG,media,548
2022,adulto,4,2,MS,alta,127
2022,adulto,4,2,MS,baixa,14
2022,adulto,4,2,MS,media,104
2022,adulto,4,2,MT,alta,160
2022,adulto,4,2,MT,baixa,10
2022,adulto,4,2,MT,media,161
2022,adulto,4,2,PA,alta,412
2022,adulto,4,2,PA,baixa,53
2022,adulto,4,2,PA,media,510
2022,adulto,4,2,PB,alta,56
2022,adulto,4,2,PB,baixa,22
2022,adulto,4,2,PB,media,95
2022,adulto,4,2,PE,alta,327
2022,adulto,4,2,PE,baixa,79
2022,adulto,4,2,PE,media,581
2022,adulto,4,2,PI,alta,118
2022,adulto,4,2,PI,baixa,25
2022,adulto,4,2,PI,media,180
2022,adulto,4,2,PR,alta,236
2022,adulto,4,2,PR,baixa,17
2022,adulto,4,2,PR,media,221
2022,adulto,4,2,RJ,alta,453
2022,adulto,4,2,RJ,baixa,33
2022,adulto,4,2,RJ,media,632
2022,adulto,4,2,RN,alta,68
2022,adulto,4,2,RN,baixa,17
2022,adulto,4,2,RN,media,87
2022,adulto,4,2,RO,alta,62
2022,adulto,4,2,RO,baixa,10
2022,adulto,4,2,RO,media,70
2022,adulto,4,2,RR,alta,44
2022,adulto,4,2,RR,baixa,1
2022,adulto,4,2,RR,media,38
2022,adulto,4,2,RS,alta,45
2022,adulto,4,2,RS,baixa,7
2022,adulto,4,2,RS,media,58
2022,adulto,4,2,SC,alta,53
2022,adulto,4,2,SC,baixa,5
2022,adulto,4,2,SC,media,51
2022,adulto,4,2,SE,alta,114
2022,adulto,4,2,SE,baixa,13
2022,adulto,4,2,SE,media,132
2022,adulto,4,2,SP,alta,1163
2022,adulto,4,2,SP,baixa,59
2022,adulto,4,2,SP,media,837
2022,adulto,4,2,TO,alta,66
2022,adulto,4,2,TO,baixa,7
2022,adulto,4,2,TO,media,94
2022,adulto,5,1,AC,alta,1
2022,adulto,5,1,AC,media,1
2022,adulto,5,1,AL,baixa,1
2022,adulto,5,1,AL,media,4
2022,adulto,5,1,AM,alta,25
2022,adulto,5,1,AM,baixa,6
2022,adulto,5,1,AM,media,24
2022,adulto,5,1,AP,baixa,1
2022,adulto,5,1,AP,media,1
2022,adulto,5,1,BA,baixa,1
2022,adulto,5,1,BA,media,6
2022,adulto,5,1,CE,alta,1
2022,adulto,5,1,CE,baixa,2
2022,adulto,5,1,CE,media,3
2022,adulto,5,1,DF,alta,1
2022,adulto,5,1,DF,media,1
2022,adulto,5,1,ES,alta,1
2022,adulto,5,1,ES,media,3
2022,adulto,5,1,MA,alta,4
2022,adulto,5,1,MA,baixa,4
2022,adulto,5,1,MA,media,9
2022,adulto,5,1,MG,alta,1
2022,adulto,5,1,MG,baixa,2
2022,adulto,5,1,MG,media,5
2022,adulto,5,1,MS,alta,8
2022,adulto,5,1,MS,baixa,4
2022,adulto,5,1,MS,media,23
2022,adulto,5,1,MT,alta,6
2022,adulto,5,1,MT,baixa,1
2022,adulto,5,1,MT,media,2
2022,adulto,5,1,PA,alta,3
2022,adulto,5,1,PA,baixa,1
2022,adulto,5,1,PA,media,5
2022,adulto,5,1,PB,alta,1
2022,adulto,5,1,PB,media,2
2022,adulto,5,1,PE,alta,3
2022,adulto,5,1,PE,baixa,1
2022,adulto,5,1,PE,media,7
2022,adulto,5,1,PR,alta,7
2022,adulto,5,1,PR,baixa,2
2022,adulto,5,1,PR,media,6
2022,adulto,5,1,RJ,media,3
2022,adulto,5,1,RO,alta,2
2022,adulto,5,1,RO,baixa,2
2022,adulto,5,1,RO,media,1
2022,adulto,5,1,RR,alta,17
2022,adulto,5,1,RR,baixa,3
2022,adulto,5,1,RR,media,13
2022,adulto,5,1,RS,baixa,1
2022,adulto,5,1,RS,media,9
2022,adulto,5,1,SC,alta,4
2022,adulto,5,1,SC,media,2
2022,adulto,5,1,SP,alta,6
2022,adulto,5,1,SP,media,5
2022,adulto,5,1,TO,media,4
2022,adulto,5,2,AC,baixa,3
2022,adulto,5,2,AC,media,1
2022,adulto,5,2,AM,alta,16
2022,adulto,5,2,AM,baixa,8
2022,adulto,5,2,AM,media,5
2022,adulto,5,2,BA,alta,2
2022,adulto,5,2,BA,media,3
2022,adulto,5,2,CE,media,1
2022,adulto,5,2,ES,media,1
2022,adulto,5,2,GO,media,1
2022,adulto,5,2,MA,alta,2
2022,adulto,5,2,MA,baixa,4
2022,adulto,5,2,MA,media,4
2022,adulto,5,2,MG,baixa,2
2022,adulto,5,2,MG,media,1
2022,adulto,5,2,MS,alta,7
2022,adulto,5,2,MS,baixa,1
2022,adulto,5,2,MS,media,18
2022,adulto,5,2,MT,alta,4
2022,adulto,5,2,MT,baixa,1
2022,adulto,5,2,MT,media,5
2022,adulto,5,2,PA,alta,1
2022,adulto,5,2,PA,media,3
2022,adulto,5,2,PE,alta,1
2022,adulto,5,2,PE,baixa,1
2022,adulto,5,2,PE,media,4
2022,adulto,5,2,PR,alta,1
2022,adulto,5,2,PR,media,4
2022,adulto,5,2,RJ,alta,1
2022,adulto,5,2,RJ,media,2
2022,adulto,5,2,RO,alta,1
2022,adulto,5,2,RR,alta,9
2022,adulto,5,2,RR,baixa,11
2022,adulto,5,2,RR,media,6
2022,adulto,5,2,RS,baixa,2
2022,adulto,5,2,RS,media,5
2022,adulto,5,2,SC,media,2
2022,adulto,5,2,SP,alta,4
2022,adulto,5,2,SP,media,3
2022,adulto,5,2,TO,alta,1
2022,adulto,5,2,TO,baixa,2
2022,adulto,5,2,TO,media,2
2022,idoso,1,0,RJ,media,1
2022,idoso,1,0,SP,media,1
2022,idoso,1,1,AC,alta,9
2022,idoso,1,1,AC,baixa,16
2022,idoso,1,1,AC,media,28
2022,idoso,1,1,AL,alta,82
2022,idoso,1,1,AL,baixa,125
2022,idoso,1,1,AL,media,190
2022,idoso,1,1,AM,alta,141
2022,idoso,1,1,AM,baixa,45
2022,idoso,1,1,AM,media,199
2022,idoso,1,1,AP,alta,17
2022,idoso,1,1,AP,baixa,9
2022,idoso,1,1,AP,media,28
2022,idoso,1,1,BA,alta,421
2022,idoso,1,1,BA,baixa,329
2022,idoso,1,1,BA,media,961
2022,idoso,1,1,CE,alta,335
2022,idoso,1,1,CE,baixa,372
2022,idoso,1,1,CE,media,880
2022,idoso,1,1,DF,alta,156
2022,idoso,1,1,DF,baixa,38
2022,idoso,1,1,DF,media,464
2022,idoso,1,1,ES,alta,257
2022,idoso,1,1,ES,baixa,74
2022,idoso,1,1,ES,media,635
2022,idoso,1,1,GO,alta,712
2022,idoso,1,1,GO,baixa,252
2022,idoso,1,1,GO,media,1358
2022,idoso,1,1,MA,alta,193
2022,idoso,1,1,MA,baixa,194
2022,idoso,1,1,MA,media,450
2022,idoso,1,1,MG,alta,2195
2022,idoso,1,1,MG,baixa,698
2022,idoso,1,1,MG,media,5702
2022,idoso,1,1,MS,alta,371
2022,idoso,1,1,MS,baixa,105
2022,idoso,1,1,MS,media,769
2022,idoso,1,1,MT,alta,234
2022,idoso,1,1,MT,baixa,120
2022,idoso,1,1,MT,media,681
2022,idoso,1,1,PA,alta,220
2022,idoso,1,1,PA,baixa,111
2022,idoso,1,1,PA,media,509
2022,idoso,1,1,PB,alta,83
2022,idoso,1,1,PB,baixa,109
2022,idoso,1,1,PB,media,268
2022,idoso,1,1,PE,alta,536
2022,idoso,1,1,PE,baixa,420
2022,idoso,1,1,PE,media,1471
2022,idoso,1,1,PI,alta,71
2022,idoso,1,1,PI,baixa,135
2022,idoso,1,1,PI,media,234
2022,idoso,1,1,PR,alta,2439
2022,idoso,1,1,PR,baixa,689
2022,idoso,1,1,PR,media,6361
2022,idoso,1,1,RJ,alta,2702
2022,idoso,1,1,RJ,baixa,406
2022,idoso,1,1,RJ,media,5505
2022,idoso,1,1,RN,alta,141
2022,idoso,1,1,RN,baixa,160
2022,idoso,1,1,RN,media,398
2022,idoso,1,1,RO,alta,112
2022,idoso,1,1,RO,baixa,53
2022,idoso,1,1,RO,media,274
2022,idoso,1,1,RR,alta,41
2022,idoso,1,1,RR,baixa,8
2022,idoso,1,1,RR,media,45
2022,idoso,1,1,RS,alta,2700
2022,idoso,1,1,RS,baixa,611
2022,idoso,1,1,RS,media,6609
2022,idoso,1,1,SC,alta,1591
2022,idoso,1,1,SC,baixa,300
2022,idoso,1,1,SC,media,4711
2022,idoso,1,1,SE,alta,123
2022,idoso,1,1,SE,baixa,89
2022,idoso,1,1,SE,media,257
2022,idoso,1,1,SP,alta,9879
2022,idoso,1,1,SP,baixa,1325
2022,idoso,1,1,SP,media,20682
2022,idoso,1,1,TO,alta,45
2022,idoso,1,1,TO,baixa,39
2022,idoso,1,1,TO,media,152
2022,idoso,1,2,AC,alta,9
2022,idoso,1,2,AC,baixa,8
2022,idoso,1,2,AC,media,24
2022,idoso,1,2,AL,alta,67
2022,idoso,1,2,AL,baixa,133
2022,idoso,1,2,AL,media,171
2022,idoso,1,2,AM,alta,91
2022,idoso,1,2,AM,baixa,34
2022,idoso,1,2,AM,media,150
2022,idoso,1,2,AP,alta,11
2022,idoso,1,2,AP,baixa,9
2022,idoso,1,2,AP,media,25
2022,idoso,1,2,BA,alta,324
2022,idoso,1,2,BA,baixa,309
2022,idoso,1,2,BA,media,726
2022,idoso,1,2,CE,alta,327
2022,idoso,1,2,CE,baixa,327
2022,idoso,1,2,CE,media,871
2022,idoso,1,2,DF,alta,181
2022,idoso,1,2,DF,baixa,57
2022,idoso,1,2,DF,media,400
2022,idoso,1,2,ES,alta,184
2022,idoso,1,2,ES,baixa,87
2022,idoso,1,2,ES,media,407
2022,idoso,1,2,GO,alta,515
2022,idoso,1,2,GO,baixa,294
2022,idoso,1,2,GO,media,1021
2022,idoso,1,2,MA,alta,132
2022,idoso,1,2,MA,baixa,193
2022,idoso,1,2,MA,media,361
2022,idoso,1,2,MG,alta,1520
2022,idoso,1,2,MG,baixa,741
2022,idoso,1,2,MG,media,4458
2022,idoso,1,2,MS,alta,219
2022,idoso,1,2,MS,baixa,106
2022,idoso,1,2,MS,media,524
2022,idoso,1,2,MT,alta,148
2022,idoso,1,2,MT,baixa,127
2022,idoso,1,2,MT,media,395
2022,idoso,1,2,PA,alta,182
2022,idoso,1,2,PA,baixa,141
2022,idoso,1,2,PA,media,415
2022,idoso,1,2,PB,alta,69
2022,idoso,1,2,PB,baixa,104
2022,idoso,1,2,PB,media,258
2022,idoso,1,2,PE,alta,524
2022,idoso,1,2,PE,baixa,515
2022,idoso,1,2,PE,media,1322
2022,idoso,1,2,PI,alta,49
2022,idoso,1,2,PI,baixa,129
2022,idoso,1,2,PI,media,190
2022,idoso,1,2,PR,alta,1457
2022,idoso,1,2,PR,baixa,990
2022,idoso,1,2,PR,media,4487
2022,idoso,1,2,RJ,alta,2199
2022,idoso,1,2,RJ,baixa,518
2022,idoso,1,2,RJ,media,5037
2022,idoso,1,2,RN,alta,121
2022,idoso,1,2,RN,baixa,144
2022,idoso,1,2,RN,media,374
2022,idoso,1,2,RO,alta,54
2022,idoso,1,2,RO,baixa,69
2022,idoso,1,2,RO,media,148
2022,idoso,1,2,RR,alta,15
2022,idoso,1,2,RR,baixa,6
2022,idoso,1,2,RR,media,22
2022,idoso,1,2,RS,alta,1838
2022,idoso,1,2,RS,baixa,534
2022,idoso,1,2,RS,media,4576
2022,idoso,1,2,SC,alta,958
2022,idoso,1,2,SC,baixa,306
2022,idoso,1,2,SC,media,3125
2022,idoso,1,2,SE,alta,67
2022,idoso,1,2,SE,baixa,88
2022,idoso,1,2,SE,media,200
2022,idoso,1,2,SP,alta,6337
2022,idoso,1,2,SP,baixa,1755
2022,idoso,1,2,SP,media,15501
2022,idoso,1,2,TO,alta,34
2022,idoso,1,2,TO,baixa,39
2022,idoso,1,2,TO,media,114
2022,idoso,2,1,AC,alta,2
2022,idoso,2,1,AC,baixa,7
2022,idoso,2,1,AC,media,8
2022,idoso,2,1,AL,alta,13
2022,idoso,2,1,AL,baixa,54
2022,idoso,2,1,AL,media,48
2022,idoso,2,1,AM,alta,15
2022,idoso,2,1,AM,baixa,22
2022,idoso,2,1,AM,media,34
2022,idoso,2,1,AP,alta,6
2022,idoso,2,1,AP,baixa,8
2022,idoso,2,1,AP,media,13
2022,idoso,2,1,BA,alta,278
2022,idoso,2,1,BA,baixa,505
2022,idoso,2,1,BA,media,1000
2022,idoso,2,1,CE,alta,36
2022,idoso,2,1,CE,baixa,114
2022,idoso,2,1,CE,media,184
2022,idoso,2,1,DF,alta,35
2022,idoso,2,1,DF,baixa,27
2022,idoso,2,1,DF,media,101
2022,idoso,2,1,ES,alta,56
2022,idoso,2,1,ES,baixa,58
2022,idoso,2,1,ES,media,167
2022,idoso,2,1,GO,alta,82
2022,idoso,2,1,GO,baixa,135
2022,idoso,2,1,GO,media,257
2022,idoso,2,1,MA,alta,76
2022,idoso,2,1,MA,baixa,215
2022,idoso,2,1,MA,media,277
2022,idoso,2,1,MG,alta,332
2022,idoso,2,1,MG,baixa,403
2022,idoso,2,1,MG,media,1478
2022,idoso,2,1,MS,alta,27
2022,idoso,2,1,MS,baixa,37
2022,idoso,2,1,MS,media,94
2022,idoso,2,1,MT,alta,45
2022,idoso,2,1,MT,baixa,78
2022,idoso,2,1,MT,media,140
2022,idoso,2,1,PA,alta,46
2022,idoso,2,1,PA,baixa,162
2022,idoso,2,1,PA,media,219
2022,idoso,2,1,PB,alta,4
2022,idoso,2,1,PB,baixa,35
2022,idoso,2,1,PB,media,38
2022,idoso,2,1,PE,alta,109
2022,idoso,2,1,PE,baixa,186
2022,idoso,2,1,PE,media,404
2022,idoso,2,1,PI,alta,19
2022,idoso,2,1,PI,baixa,150
2022,idoso,2,1,PI,media,132
2022,idoso,2,1,PR,alta,120
2022,idoso,2,1,PR,baixa,92
2022,idoso,2,1,PR,media,370
2022,idoso,2,1,RJ,alta,734
2022,idoso,2,1,RJ,baixa,267
2022,idoso,2,1,RJ,media,1991
2022,idoso,2,1,RN,alta,16
2022,idoso,2,1,RN,baixa,51
2022,idoso,2,1,RN,media,68
2022,idoso,2,1,RO,alta,11
2022,idoso,2,1,RO,baixa,32
2022,idoso,2,1,RO,media,53
2022,idoso,2,1,RR,alta,5
2022,idoso,2,1,RR,baixa,4
2022,idoso,2,1,RR,media,11
2022,idoso,2,1,RS,alta,181
2022,idoso,2,1,RS,baixa,78
2022,idoso,2,1,RS,media,461
2022,idoso,2,1,SC,alta,56
2022,idoso,2,1,SC,baixa,14
2022,idoso,2,1,SC,media,125
2022,idoso,2,1,SE,alta,52
2022,idoso,2,1,SE,baixa,81
2022,idoso,2,1,SE,media,117
2022,idoso,2,1,SP,alta,957
2022,idoso,2,1,SP,baixa,337
2022,idoso,2,1,SP,media,2497
2022,idoso,2,1,TO,alta,8
2022,idoso,2,1,TO,baixa,52
2022,idoso,2,1,TO,media,71
2022,idoso,2,2,AC,baixa,5
2022,idoso,2,2,AC,media,4
2022,idoso,2,2,AL,alta,8
2022,idoso,2,2,AL,baixa,53
2022,idoso,2,2,AL,media,20
2022,idoso,2,2,AM,alta,12
2022,idoso,2,2,AM,baixa,5
2022,idoso,2,2,AM,media,20
2022,idoso,2,2,AP,alta,5
2022,idoso,2,2,AP,baixa,7
2022,idoso,2,2,AP,media,13
2022,idoso,2,2,BA,alta,198
2022,idoso,2,2,BA,baixa,469
2022,idoso,2,2,BA,media,617
2022,idoso,2,2,CE,alta,14
2022,idoso,2,2,CE,baixa,74
2022,idoso,2,2,CE,media,98
2022,idoso,2,2,DF,alta,17
2022,idoso,2,2,DF,baixa,17
2022,idoso,2,2,DF,media,73
2022,idoso,2,2,ES,alta,26
2022,idoso,2,2,ES,baixa,55
2022,idoso,2,2,ES,media,80
2022,idoso,2,2,GO,alta,67
2022,idoso,2,2,GO,baixa,103
2022,idoso,2,2,GO,media,166
2022,idoso,2,2,MA,alta,39
2022,idoso,2,2,MA,baixa,155
2022,idoso,2,2,MA,media,186
2022,idoso,2,2,MG,alta,217
2022,idoso,2,2,MG,baixa,369
2022,idoso,2,2,MG,media,1062
2022,idoso,2,2,MS,alta,22
2022,idoso,2,2,MS,baixa,26
2022,idoso,2,2,MS,media,63
2022,idoso,2,2,MT,alta,25
2022,idoso,2,2,MT,baixa,49
2022,idoso,2,2,MT,media,100
2022,idoso,2,2,PA,alta,35
2022,idoso,2,2,PA,baixa,83
2022,idoso,2,2,PA,media,124
2022,idoso,2,2,PB,alta,6
2022,idoso,2,2,PB,baixa,29
2022,idoso,2,2,PB,media,32
2022,idoso,2,2,PE,alta,60
2022,idoso,2,2,PE,baixa,152
2022,idoso,2,2,PE,media,247
2022,idoso,2,2,PI,alta,11
2022,idoso,2,2,PI,baixa,83
2022,idoso,2,2,PI,media,62
2022,idoso,2,2,PR,alta,58
2022,idoso,2,2,PR,baixa,97
2022,idoso,2,2,PR,media,181
2022,idoso,2,2,RJ,alta,566
2022,idoso,2,2,RJ,baixa,378
2022,idoso,2,2,RJ,media,2015
2022,idoso,2,2,RN,alta,7
2022,idoso,2,2,RN,baixa,20
2022,idoso,2,2,RN,media,46
2022,idoso,2,2,RO,alta,13
2022,idoso,2,2,RO,baixa,28
2022,idoso,2,2,RO,media,27
2022,idoso,2,2,RR,alta,2
2022,idoso,2,2,RR,baixa,6
2022,idoso,2,2,RR,media,5
2022,idoso,2,2,RS,alta,124
2022,idoso,2,2,RS,baixa,76
2022,idoso,2,2,RS,media,365
2022,idoso,2,2,SC,alta,38
2022,idoso,2,2,SC,baixa,31
2022,idoso,2,2,SC,media,111
2022,idoso,2,2,SE,alta,20
2022,idoso,2,2,SE,baixa,42
2022,idoso,2,2,SE,media,65
2022,idoso,2,2,SP,alta,635
2022,idoso,2,2,SP,baixa,352
2022,idoso,2,2,SP,media,1783
2022,idoso,2,2,TO,alta,6
2022,idoso,2,2,TO,baixa,21
2022,idoso,2,2,TO,media,34
2022,idoso,3,0,SP,media,1
2022,idoso,3,1,AC,baixa,2
2022,idoso,3,1,AL,baixa,3
2022,idoso,3,1,AL,media,4
2022,idoso,3,1,AM,alta,2
2022,idoso,3,1,AM,media,5
2022,idoso,3,1,BA,alta,4
2022,idoso,3,1,BA,baixa,3
2022,idoso,3,1,BA,media,8
2022,idoso,3,1,CE,baixa,4
2022,idoso,3,1,CE,media,6
2022,idoso,3,1,DF,alta,3
2022,idoso,3,1,DF,baixa,1
2022,idoso,3,1,DF,media,6
2022,idoso,3,1,ES,alta,4
2022,idoso,3,1,ES,media,5
2022,idoso,3,1,GO,alta,8
2022,idoso,3,1,GO,baixa,5
2022,idoso,3,1,GO,media,14
2022,idoso,3,1,MA,alta,5
2022,idoso,3,1,MA,baixa,3
2022,idoso,3,1,MA,media,4
2022,idoso,3,1,MG,alta,14
2022,idoso,3,1,MG,baixa,4
2022,idoso,3,1,MG,media,34
2022,idoso,3,1,MS,alta,9
2022,idoso,3,1,MS,baixa,1
2022,idoso,3,1,MS,media,19
2022,idoso,3,1,MT,alta,8
2022,idoso,3,1,MT,baixa,4
2022,idoso,3,1,MT,media,15
2022,idoso,3,1,PA,alta,8
2022,idoso,3,1,PA,baixa,4
2022,idoso,3,1,PA,media,8
2022,idoso,3,1,PB,baixa,5
2022,idoso,3,1,PB,media,1
2022,idoso,3,1,PE,alta,3
2022,idoso,3,1,PE,media,11
2022,idoso,3,1,PI,baixa,2
2022,idoso,3,1,PI,media,2
2022,idoso,3,1,PR,alta,36
2022,idoso,3,1,PR,baixa,2
2022,idoso,3,1,PR,media,69
2022,idoso,3,1,RJ,alta,7
2022,idoso,3,1,RJ,media,22
2022,idoso,3,1,RN,alta,1
2022,idoso,3,1,RN,baixa,2
2022,idoso,3,1,RN,media,1
2022,idoso,3,1,RO,alta,4
2022,idoso,3,1,RO,media,2
2022,idoso,3,1,RS,alta,3
2022,idoso,3,1,RS,media,5
2022,idoso,3,1,SC,alta,4
2022,idoso,3,1,SC,baixa,1
2022,idoso,3,1,SC,media,7
2022,idoso,3,1,SE,alta,2
2022,idoso,3,1,SE,baixa,5
2022,idoso,3,1,SE,media,2
2022,idoso,3,1,SP,alta,211
2022,idoso,3,1,SP,baixa,6
2022,idoso,3,1,SP,media,333
2022,idoso,3,1,TO,alta,2
2022,idoso,3,1,TO,media,3
2022,idoso,3,2,AL,alta,2
2022,idoso,3,2,AL,baixa,1
2022,idoso,3,2,AL,media,2
2022,idoso,3,2,AM,baixa,2
2022,idoso,3,2,AM,media,2
2022,idoso,3,2,AP,baixa,1
2022,idoso,3,2,AP,media,1
2022,idoso,3,2,BA,alta,5
2022,idoso,3,2,BA,baixa,6
2022,idoso,3,2,BA,media,11
2022,idoso,3,2,CE,baixa,5
2022,idoso,3,2,CE,media,9
2022,idoso,3,2,DF,alta,2
2022,idoso,3,2,DF,media,2
2022,idoso,3,2,ES,alta,1
2022,idoso,3,2,ES,media,1
2022,idoso,3,2,GO,alta,7
2022,idoso,3,2,GO,baixa,7
2022,idoso,3,2,GO,media,7
2022,idoso,3,2,MA,alta,1
2022,idoso,3,2,MA,baixa,4
2022,idoso,3,2,MA,media,2
2022,idoso,3,2,MG,alta,2
2022,idoso,3,2,MG,baixa,5
2022,idoso,3,2,MG,media,22
2022,idoso,3,2,MS,alta,3
2022,idoso,3,2,MS,media,7
2022,idoso,3,2,MT,alta,3
2022,idoso,3,2,MT,baixa,5
2022,idoso,3,2,MT,media,13
2022,idoso,3,2,PA,alta,5
2022,idoso,3,2,PA,baixa,1
2022,idoso,3,2,PA,media,4
2022,idoso,3,2,PB,baixa,1
2022,idoso,3,2,PB,media,2
2022,idoso,3,2,PE,alta,1
2022,idoso,3,2,PE,baixa,4
2022,idoso,3,2,PE,media,3
2022,idoso,3,2,PI,baixa,5
2022,idoso,3,2,PI,media,2
2022,idoso,3,2,PR,alta,24
2022,idoso,3,2,PR,baixa,9
2022,idoso,3,2,PR,media,33
2022,idoso,3,2,RJ,alta,6
2022,idoso,3,2,RJ,baixa,2
2022,idoso,3,2,RJ,media,18
2022,idoso,3,2,RN,alta,3
2022,idoso,3,2,RN,baixa,1
2022,idoso,3,2,RN,media,3
2022,idoso,3,2,RO,alta,2
2022,idoso,3,2,RO,baixa,1
2022,idoso,3,2,RS,baixa,3
2022,idoso,3,2,RS,media,4
2022,idoso,3,2,SC,alta,1
2022,idoso,3,2,SC,media,7
2022,idoso,3,2,SE,baixa,1
2022,idoso,3,2,SP,alta,106
2022,idoso,3,2,SP,baixa,10
2022,idoso,3,2,SP,media,246
2022,idoso,3,2,TO,alta,1
2022,idoso,3,2,TO,baixa,2
2022,idoso,3,2,TO,media,3
2022,idoso,4,0,ES,alta,1
2022,idoso,4,0,GO,media,1
2022,idoso,4,0,PA,alta,1
2022,idoso,4,0,PA,baixa,1
2022,idoso,4,0,RJ,baixa,1
2022,idoso,4,0,RS,alta,1
2022,idoso,4,0,SP,alta,2
2022,idoso,4,1,AC,alta,20
2022,idoso,4,1,AC,baixa,81
2022,idoso,4,1,AC,media,90
2022,idoso,4,1,AL,alta,237
2022,idoso,4,1,AL,baixa,495
2022,idoso,4,1,AL,media,559
2022,idoso,4,1,AM,alta,497
2022,idoso,4,1,AM,baixa,379
2022,idoso,4,1,AM,media,981
2022,idoso,4,1,AP,alta,46
2022,idoso,4,1,AP,baixa,54
2022,idoso,4,1,AP,media,123
2022,idoso,4,1,BA,alta,940
2022,idoso,4,1,BA,baixa,1516
2022,idoso,4,1,BA,media,3281
2022,idoso,4,1,CE,alta,797
2022,idoso,4,1,CE,baixa,1751
2022,idoso,4,1,CE,media,2771
2022,idoso,4,1,DF,alta,172
2022,idoso,4,1,DF,baixa,89
2022,idoso,4,1,DF,media,438
2022,idoso,4,1,ES,alta,236
2022,idoso,4,1,ES,baixa,147
2022,idoso,4,1,ES,media,541
2022,idoso,4,1,GO,alta,606
2022,idoso,4,1,GO,baixa,514
2022,idoso,4,1,GO,media,1559
2022,idoso,4,1,MA,alta,447
2022,idoso,4,1,MA,baixa,1065
2022,idoso,4,1,MA,media,1671
2022,idoso,4,1,MG,alta,1131
2022,idoso,4,1,MG,baixa,1067
2022,idoso,4,1,MG,media,4740
2022,idoso,4,1,MS,alta,311
2022,idoso,4,1,MS,baixa,199
2022,idoso,4,1,MS,media,819
2022,idoso,4,1,MT,alta,303
2022,idoso,4,1,MT,baixa,284
2022,idoso,4,1,MT,media,816
2022,idoso,4,1,PA,alta,604
2022,idoso,4,1,PA,baixa,913
2022,idoso,4,1,PA,media,2167
2022,idoso,4,1,PB,alta,104
2022,idoso,4,1,PB,baixa,313
2022,idoso,4,1,PB,media,513
2022,idoso,4,1,PE,alta,806
2022,idoso,4,1,PE,baixa,1309
2022,idoso,4,1,PE,media,3012
2022,idoso,4,1,PI,alta,159
2022,idoso,4,1,PI,baixa,599
2022,idoso,4,1,PI,media,831
2022,idoso,4,1,PR,alta,425
2022,idoso,4,1,PR,baixa,368
2022,idoso,4,1,PR,media,1543
2022,idoso,4,1,RJ,alta,1531
2022,idoso,4,1,RJ,baixa,478
2022,idoso,4,1,RJ,media,4098
2022,idoso,4,1,RN,alta,136
2022,idoso,4,1,RN,baixa,365
2022,idoso,4,1,RN,media,511
2022,idoso,4,1,RO,alta,146
2022,idoso,4,1,RO,baixa,137
2022,idoso,4,1,RO,media,403
2022,idoso,4,1,RR,alta,90
2022,idoso,4,1,RR,baixa,44
2022,idoso,4,1,RR,media,125
2022,idoso,4,1,RS,alta,148
2022,idoso,4,1,RS,baixa,78
2022,idoso,4,1,RS,media,532
2022,idoso,4,1,SC,alta,78
2022,idoso,4,1,SC,baixa,49
2022,idoso,4,1,SC,media,283
2022,idoso,4,1,SE,alta,235
2022,idoso,4,1,SE,baixa,317
2022,idoso,4,1,SE,media,640
2022,idoso,4,1,SP,alta,2584
2022,idoso,4,1,SP,baixa,953
2022,idoso,4,1,SP,media,7093
2022,idoso,4,1,TO,alta,92
2022,idoso,4,1,TO,baixa,184
2022,idoso,4,1,TO,media,425
2022,idoso,4,2,AC,alta,18
2022,idoso,4,2,AC,baixa,63
2022,idoso,4,2,AC,media,67
2022,idoso,4,2,AL,alta,129
2022,idoso,4,2,AL,baixa,416
2022,idoso,4,2,AL,media,398
2022,idoso,4,2,AM,alta,326
2022,idoso,4,2,AM,baixa,274
2022,idoso,4,2,AM,media,619
2022,idoso,4,2,AP,alta,28
2022,idoso,4,2,AP,baixa,43
2022,idoso,4,2,AP,media,75
2022,idoso,4,2,BA,alta,684
2022,idoso,4,2,BA,baixa,1304
2022,idoso,4,2,BA,media,2126
2022,idoso,4,2,CE,alta,521
2022,idoso,4,2,CE,baixa,1263
2022,idoso,4,2,CE,media,2064
2022,idoso,4,2,DF,alta,113
2022,idoso,4,2,DF,baixa,95
2022,idoso,4,2,DF,media,351
2022,idoso,4,2,ES,alta,107
2022,idoso,4,2,ES,baixa,132
2022,idoso,4,2,ES,media,336
2022,idoso,4,2,GO,alta,384
2022,idoso,4,2,GO,baixa,452
2022,idoso,4,2,GO,media,1010
2022,idoso,4,2,MA,alta,324
2022,idoso,4,2,MA,baixa,966
2022,idoso,4,2,MA,media,1098
2022,idoso,4,2,MG,alta,657
2022,idoso,4,2,MG,baixa,982
2022,idoso,4,2,MG,media,3102
2022,idoso,4,2,MS,alta,183
2022,idoso,4,2,MS,baixa,142
2022,idoso,4,2,MS,media,522
2022,idoso,4,2,MT,alta,169
2022,idoso,4,2,MT,baixa,236
2022,idoso,4,2,MT,media,526
2022,idoso,4,2,PA,alta,427
2022,idoso,4,2,PA,baixa,666
2022,idoso,4,2,PA,media,1426
2022,idoso,4,2,PB,alta,87
2022,idoso,4,2,PB,baixa,266
2022,idoso,4,2,PB,media,410
2022,idoso,4,2,PE,alta,519
2022,idoso,4,2,PE,baixa,1285
2022,idoso,4,2,PE,media,2018
2022,idoso,4,2,PI,alta,100
2022,idoso,4,2,PI,baixa,488
2022,idoso,4,2,PI,media,596
2022,idoso,4,2,PR,alta,242
2022,idoso,4,2,PR,baixa,416
2022,idoso,4,2,PR,media,964
2022,idoso,4,2,RJ,alta,1114
2022,idoso,4,2,RJ,baixa,547
2022,idoso,4,2,RJ,media,3648
2022,idoso,4,2,RN,alta,109
2022,idoso,4,2,RN,baixa,237
2022,idoso,4,2,RN,media,410
2022,idoso,4,2,RO,alta,75
2022,idoso,4,2,RO,baixa,129
2022,idoso,4,2,RO,media,228
2022,idoso,4,2,RR,alta,45
2022,idoso,4,2,RR,baixa,22
2022,idoso,4,2,RR,media,48
2022,idoso,4,2,RS,alta,86
2022,idoso,4,2,RS,baixa,76
2022,idoso,4,2,RS,media,366
2022,idoso,4,2,SC,alta,47
2022,idoso,4,2,SC,baixa,50
2022,idoso,4,2,SC,media,205
2022,idoso,4,2,SE,alta,128
2022,idoso,4,2,SE,baixa,268
2022,idoso,4,2,SE,media,435
2022,idoso,4,2,SP,alta,1618
2022,idoso,4,2,SP,baixa,1047
2022,idoso,4,2,SP,media,4961
2022,idoso,4,2,TO,alta,63
2022,idoso,4,2,TO,baixa,142
2022,idoso,4,2,TO,media,234
2022,idoso,5,1,AC,baixa,1
2022,idoso,5,1,AL,baixa,5
2022,idoso,5,1,AL,media,1
2022,idoso,5,1,AM,alta,13
2022,idoso,5,1,AM,baixa,33
2022,idoso,5,1,AM,media,32
2022,idoso,5,1,AP,media,3
2022,idoso,5,1,BA,alta,1
2022,idoso,5,1,BA,baixa,10
2022,idoso,5,1,BA,media,10
2022,idoso,5,1,CE,baixa,9
2022,idoso,5,1,CE,media,2
2022,idoso,5,1,DF,alta,1
2022,idoso,5,1,DF,media,2
2022,idoso,5,1,ES,baixa,2
2022,idoso,5,1,ES,media,2
2022,idoso,5,1,GO,baixa,1
2022,idoso,5,1,GO,media,2
2022,idoso,5,1,MA,alta,1
2022,idoso,5,1,MA,baixa,10
2022,idoso,5,1,MA,media,6
2022,idoso,5,1,MG,alta,3
2022,idoso,5,1,MG,baixa,1
2022,idoso,5,1,MG,media,9
2022,idoso,5,1,MS,alta,4
2022,idoso,5,1,MS,baixa,12
2022,idoso,5,1,MS,media,19
2022,idoso,5,1,MT,alta,3
2022,idoso,5,1,MT,baixa,2
2022,idoso,5,1,MT,media,5
2022,idoso,5,1,PA,alta,2
2022,idoso,5,1,PA,media,5
2022,idoso,5,1,PB,media,3
2022,idoso,5,1,PE,alta,1
2022,idoso,5,1,PE,baixa,8
2022,idoso,5,1,PE,media,23
2022,idoso,5,1,PI,baixa,1
2022,idoso,5,1,PR,baixa,1
2022,idoso,5,1,PR,media,7
2022,idoso,5,1,RJ,baixa,1
2022,idoso,5,1,RJ,media,11
2022,idoso,5,1,RN,alta,1
2022,idoso,5,1,RN,baixa,1
2022,idoso,5,1,RN,media,2
2022,idoso,5,1,RO,baixa,2
2022,idoso,5,1,RO,media,1
2022,idoso,5,1,RR,alta,5
2022,idoso,5,1,RR,baixa,10
2022,idoso,5,1,RR,media,15
2022,idoso,5,1,RS,alta,2
2022,idoso,5,1,RS,baixa,2
2022,idoso,5,1,RS,media,2
2022,idoso,5,1,SC,baixa,4
2022,idoso,5,1,SC,media,3
2022,idoso,5,1,SE,alta,1
2022,idoso,5,1,SE,media,2
2022,idoso,5,1,SP,alta,6
2022,idoso,5,1,SP,baixa,6
2022,idoso,5,1,SP,media,14
2022,idoso,5,1,TO,alta,1
2022,idoso,5,1,TO,media,2
2022,idoso,5,2,AC,baixa,2
2022,idoso,5,2,AC,media,2
2022,idoso,5,2,AL,media,1
2022,idoso,5,2,AM,alta,1
2022,idoso,5,2,AM,baixa,27
2022,idoso,5,2,AM,media,11
2022,idoso,5,2,AP,baixa,2
2022,idoso,5,2,BA,alta,4
2022,idoso,5,2,BA,baixa,5
2022,idoso,5,2,BA,media,6
2022,idoso,5,2,CE,baixa,2
2022,idoso,5,2,CE,media,1
2022,idoso,5,2,DF,alta,1
2022,idoso,5,2,DF,baixa,1
2022,idoso,5,2,GO,baixa,2
2022,idoso,5,2,GO,media,3
2022,idoso,5,2,MA,alta,4
2022,idoso,5,2,MA,baixa,8
2022,idoso,5,2,MA,media,1
2022,idoso,5,2,MG,baixa,3
2022,idoso,5,2,MG,media,10
2022,idoso,5,2,MS,alta,2
2022,idoso,5,2,MS,baixa,12
2022,idoso,5,2,MS,media,16
2022,idoso,5,2,MT,alta,1
2022,idoso,5,2,MT,baixa,6
2022,idoso,5,2,MT,media,3
2022,idoso,5,2,PA,baixa,5
2022,idoso,5,2,PA,media,2
2022,idoso,5,2,PB,baixa,2
2022,idoso,5,2,PE,alta,3
2022,idoso,5,2,PE,baixa,17
2022,idoso,5,2,PE,media,8
2022,idoso,5,2,PR,baixa,6
2022,idoso,5,2,RJ,media,6
2022,idoso,5,2,RN,alta,1
2022,idoso,5,2,RN,media,2
2022,idoso,5,2,RO,baixa,5
2022,idoso,5,2,RO,media,1
2022,idoso,5,2,RR,alta,8
2022,idoso,5,2,RR,baixa,15
2022,idoso,5,2,RR,media,14
2022,idoso,5,2,RS,alta,1
2022,idoso,5,2,RS,baixa,5
2022,idoso,5,2,RS,media,6
2022,idoso,5,2,SC,baixa,1
2022,idoso,5,2,SC,media,3
2022,idoso,5,2,SE,alta,1
2022,idoso,5,2,SE,media,2
2022,idoso,5,2,SP,alta,6
2022,idoso,5,2,SP,baixa,2
2022,idoso,5,2,SP,media,12
2022,idoso,5,2,TO,baixa,5
2022,jovem,1,1,AC,alta,3
2022,jovem,1,1,AC,baixa,2
2022,jovem,1,1,AC,media,3
2022,jovem,1,1,AL,alta,3
2022,jovem,1,1,AL,baixa,1
2022,jovem,1,1,AL,media,11
2022,jovem,1,1,AM,alta,33
2022,jovem,1,1,AM,media,23
2022,jovem,1,1,AP,alta,2
2022,jovem,1,1,AP,baixa,1
2022,jovem,1,1,AP,media,3
2022,jovem,1,1,BA,alta,60
2022,jovem,1,1,BA,baixa,20
2022,jovem,1,1,BA,media,118
2022,jovem,1,1,CE,alta,58
2022,jovem,1,1,CE,baixa,9
2022,jovem,1,1,CE,media,84
2022,jovem,1,1,DF,alta,11
2022,jovem,1,1,DF,baixa,3
2022,jovem,1,1,DF,media,36
2022,jovem,1,1,ES,alta,19
2022,jovem,1,1,ES,baixa,5
2022,jovem,1,1,ES,media,21
2022,jovem,1,1,GO,alta,127
2022,jovem,1,1,GO,baixa,8
2022,jovem,1,1,GO,media,58
2022,jovem,1,1,MA,alta,58
2022,jovem,1,1,MA,baixa,19
2022,jovem,1,1,MA,media,44
2022,jovem,1,1,MG,alta,233
2022,jovem,1,1,MG,baixa,37
2022,jovem,1,1,MG,media,164
2022,jovem,1,1,MS,alta,52
2022,jovem,1,1,MS,baixa,10
2022,jovem,1,1,MS,media,22
2022,jovem,1,1,MT,alta,95
2022,jovem,1,1,MT,baixa,9
2022,jovem,1,1,MT,media,43
2022,jovem,1,1,PA,alta,66
2022,jovem,1,1,PA,baixa,16
2022,jovem,1,1,PA,media,71
2022,jovem,1,1,PB,alta,15
2022,jovem,1,1,PB,baixa,5
2022,jovem,1,1,PB,media,11
2022,jovem,1,1,PE,alta,112
2022,jovem,1,1,PE,baixa,30
2022,jovem,1,1,PE,media,206
2022,jovem,1,1,PI,alta,22
2022,jovem,1,1,PI,baixa,7
2022,jovem,1,1,PI,media,28
2022,jovem,1,1,PR,alta,578
2022,jovem,1,1,PR,baixa,50
2022,jovem,1,1,PR,media,313
2022,jovem,1,1,RJ,alta,189
2022,jovem,1,1,RJ,baixa,23
2022,jovem,1,1,RJ,media,254
2022,jovem,1,1,RN,alta,14
2022,jovem,1,1,RN,baixa,3
2022,jovem,1,1,RN,media,11
2022,jovem,1,1,RO,alta,38
2022,jovem,1,1,RO,baixa,3
2022,jovem,1,1,RO,media,22
2022,jovem,1,1,RR,alta,4
2022,jovem,1,1,RR,media,5
2022,jovem,1,1,RS,alta,201
2022,jovem,1,1,RS,baixa,28
2022,jovem,1,1,RS,media,214
2022,jovem,1,1,SC,alta,262
2022,jovem,1,1,SC,baixa,19
2022,jovem,1,1,SC,media,184
2022,jovem,1,1,SE,alta,12
2022,jovem,1,1,SE,baixa,6
2022,jovem,1,1,SE,media,22
2022,jovem,1,1,SP,alta,860
2022,jovem,1,1,SP,baixa,105
2022,jovem,1,1,SP,media,482
2022,jovem,1,1,TO,alta,28
2022,jovem,1,1,TO,baixa,1
2022,jovem,1,1,TO,media,13
2022,jovem,1,2,AC,alta,1
2022,jovem,1,2,AC,media,2
2022,jovem,1,2,AL,alta,4
2022,jovem,1,2,AL,baixa,1
2022,jovem,1,2,AL,media,8
2022,jovem,1,2,AM,alta,26
2022,jovem,1,2,AM,baixa,4
2022,jovem,1,2,AM,media,13
2022,jovem,1,2,AP,alta,1
2022,jovem,1,2,AP,baixa,1
2022,jovem,1,2,AP,media,3
2022,jovem,1,2,BA,alta,23
2022,jovem,1,2,BA,baixa,20
2022,jovem,1,2,BA,media,41
2022,jovem,1,2,CE,alta,28
2022,jovem,1,2,CE,baixa,10
2022,jovem,1,2,CE,media,29
2022,jovem,1,2,DF,alta,13
2022,jovem,1,2,DF,baixa,2
2022,jovem,1,2,DF,media,13
2022,jovem,1,2,ES,alta,13
2022,jovem,1,2,ES,baixa,3
2022,jovem,1,2,ES,media,14
2022,jovem,1,2,GO,alta,48
2022,jovem,1,2,GO,baixa,10
2022,jovem,1,2,GO,media,46
2022,jovem,1,2,MA,alta,26
2022,jovem,1,2,MA,baixa,8
2022,jovem,1,2,MA,media,17
2022,jovem,1,2,MG,alta,106
2022,jovem,1,2,MG,baixa,30
2022,jovem,1,2,MG,media,76
2022,jovem,1,2,MS,alta,21
2022,jovem,1,2,MS,baixa,5
2022,jovem,1,2,MS,media,17
2022,jovem,1,2,MT,alta,20
2022,jovem,1,2,MT,baixa,7
2022,jovem,1,2,MT,media,20
2022,jovem,1,2,PA,alta,20
2022,jovem,1,2,PA,baixa,4
2022,jovem,1,2,PA,media,35
2022,jovem,1,2,PB,alta,7
2022,jovem,1,2,PB,baixa,3
2022,jovem,1,2,PB,media,13
2022,jovem,1,2,PE,alta,40
2022,jovem,1,2,PE,baixa,20
2022,jovem,1,2,PE,media,49
2022,jovem,1,2,PI,alta,8
2022,jovem,1,2,PI,baixa,4
2022,jovem,1,2,PI,media,8
2022,jovem,1,2,PR,alta,186
2022,jovem,1,2,PR,baixa,51
2022,jovem,1,2,PR,media,108
2022,jovem,1,2,RJ,alta,97
2022,jovem,1,2,RJ,baixa,16
2022,jovem,1,2,RJ,media,123
2022,jovem,1,2,RN,alta,13
2022,jovem,1,2,RN,baixa,2
2022,jovem,1,2,RN,media,10
2022,jovem,1,2,RO,alta,10
2022,jovem,1,2,RO,baixa,5
2022,jovem,1,2,RO,media,10
2022,jovem,1,2,RR,alta,3
2022,jovem,1,2,RR,media,1
2022,jovem,1,2,RS,alta,70
2022,jovem,1,2,RS,baixa,27
2022,jovem,1,2,RS,media,68
2022,jovem,1,2,SC,alta,82
2022,jovem,1,2,SC,baixa,14
2022,jovem,1,2,SC,media,53
2022,jovem,1,2,SE,alta,13
2022,jovem,1,2,SE,baixa,4
2022,jovem,1,2,SE,media,6
2022,jovem,1,2,SP,alta,368
2022,jovem,1,2,SP,baixa,80
2022,jovem,1,2,SP,media,266
2022,jovem,1,2,TO,alta,6
2022,jovem,1,2,TO,baixa,2
2022,jovem,1,2,TO,media,10
2022,jovem,2,1,AC,media,1
2022,jovem,2,1,AL,alta,3
2022,jovem,2,1,AL,baixa,1
2022,jovem,2,1,AL,media,4
2022,jovem,2,1,AM,alta,1
2022,jovem,2,1,AM,media,9
2022,jovem,2,1,AP,media,3
2022,jovem,2,1,BA,alta,107
2022,jovem,2,1,BA,baixa,8
2022,jovem,2,1,BA,media,237
2022,jovem,2,1,CE,alta,8
2022,jovem,2,1,CE,baixa,2
2022,jovem,2,1,CE,media,9
2022,jovem,2,1,DF,alta,8
2022,jovem,2,1,DF,media,10
2022,jovem,2,1,ES,alta,6
2022,jovem,2,1,ES,media,13
2022,jovem,2,1,GO,alta,28
2022,jovem,2,1,GO,media,31
2022,jovem,2,1,MA,alta,33
2022,jovem,2,1,MA,baixa,2
2022,jovem,2,1,MA,media,44
2022,jovem,2,1,MG,alta,75
2022,jovem,2,1,MG,baixa,6
2022,jovem,2,1,MG,media,74
2022,jovem,2,1,MS,alta,7
2022,jovem,2,1,MS,baixa,2
2022,jovem,2,1,MS,media,2
2022,jovem,2,1,MT,alta,21
2022,jovem,2,1,MT,baixa,1
2022,jovem,2,1,MT,media,14
2022,jovem,2,1,PA,alta,33
2022,jovem,2,1,PA,baixa,4
2022,jovem,2,1,PA,media,55
2022,jovem,2,1,PB,alta,1
2022,jovem,2,1,PB,baixa,1
2022,jovem,2,1,PB,media,3
2022,jovem,2,1,PE,alta,21
2022,jovem,2,1,PE,baixa,1
2022,jovem,2,1,PE,media,39
2022,jovem,2,1,PI,alta,17
2022,jovem,2,1,PI,media,18
2022,jovem,2,1,PR,alta,22
2022,jovem,2,1,PR,baixa,4
2022,jovem,2,1,PR,media,21
2022,jovem,2,1,RJ,alta,115
2022,jovem,2,1,RJ,baixa,4
2022,jovem,2,1,RJ,media,216
2022,jovem,2,1,RN,alta,2
2022,jovem,2,1,RN,media,2
2022,jovem,2,1,RO,alta,6
2022,jovem,2,1,RO,media,4
2022,jovem,2,1,RR,media,4
2022,jovem,2,1,RS,alta,25
2022,jovem,2,1,RS,baixa,2
2022,jovem,2,1,RS,media,46
2022,jovem,2,1,SC,alta,11
2022,jovem,2,1,SC,media,11
2022,jovem,2,1,SE,alta,15
2022,jovem,2,1,SE,media,19
2022,jovem,2,1,SP,alta,137
2022,jovem,2,1,SP,baixa,11
2022,jovem,2,1,SP,media,91
2022,jovem,2,1,TO,alta,16
2022,jovem,2,1,TO,media,12
2022,jovem,2,2,AC,baixa,1
2022,jovem,2,2,AC,media,2
2022,jovem,2,2,AL,alta,2
2022,jovem,2,2,AM,media,1
2022,jovem,2,2,AP,alta,1
2022,jovem,2,2,AP,media,1
2022,jovem,2,2,BA,alta,34
2022,jovem,2,2,BA,baixa,7
2022,jovem,2,2,BA,media,30
2022,jovem,2,2,CE,media,4
2022,jovem,2,2,DF,alta,1
2022,jovem,2,2,DF,media,4
2022,jovem,2,2,ES,alta,5
2022,jovem,2,2,ES,baixa,2
2022,jovem,2,2,ES,media,3
2022,jovem,2,2,GO,alta,7
2022,jovem,2,2,GO,baixa,2
2022,jovem,2,2,GO,media,5
2022,jovem,2,2,MA,alta,12
2022,jovem,2,2,MA,baixa,1
2022,jovem,2,2,MA,media,11
2022,jovem,2,2,MG,alta,32
2022,jovem,2,2,MG,baixa,3
2022,jovem,2,2,MG,media,27
2022,jovem,2,2,MS,alta,1
2022,jovem,2,2,MS,media,2
2022,jovem,2,2,MT,alta,4
2022,jovem,2,2,MT,media,2
2022,jovem,2,2,PA,alta,10
2022,jovem,2,2,PA,baixa,2
2022,jovem,2,2,PA,media,14
2022,jovem,2,2,PE,alta,9
2022,jovem,2,2,PE,baixa,2
2022,jovem,2,2,PE,media,13
2022,jovem,2,2,PI,alta,6
2022,jovem,2,2,PI,media,7
2022,jovem,2,2,PR,alta,10
2022,jovem,2,2,PR,baixa,1
2022,jovem,2,2,PR,media,6
2022,jovem,2,2,RJ,alta,48
2022,jovem,2,2,RJ,baixa,3
2022,jovem,2,2,RJ,media,65
2022,jovem,2,2,RN,alta,3
2022,jovem,2,2,RN,baixa,1
2022,jovem,2,2,RN,media,1
2022,jovem,2,2,RO,alta,2
2022,jovem,2,2,RO,media,1
2022,jovem,2,2,RR,media,1
2022,jovem,2,2,RS,alta,5
2022,jovem,2,2,RS,baixa,2
2022,jovem,2,2,RS,media,12
2022,jovem,2,2,SC,alta,8
2022,jovem,2,2,SC,media,2
2022,jovem,2,2,SE,alta,5
2022,jovem,2,2,SE,media,3
2022,jovem,2,2,SP,alta,43
2022,jovem,2,2,SP,baixa,7
2022,jovem,2,2,SP,media,30
2022,jovem,2,2,TO,alta,3
2022,jovem,2,2,TO,baixa,2
2022,jovem,2,2,TO,media,2
2022,jovem,3,1,AL,alta,1
2022,jovem,3,1,AL,media,1
2022,jovem,3,1,AM,alta,7
2022,jovem,3,1,AM,media,6
2022,jovem,3,1,BA,media,2
2022,jovem,3,1,CE,baixa,1
2022,jovem,3,1,CE,media,1
2022,jovem,3,1,GO,media,1
2022,jovem,3,1,MA,alta,2
2022,jovem,3,1,MA,media,2
2022,jovem,3,1,MG,baixa,1
2022,jovem,3,1,MS,alta,1
2022,jovem,3,1,MT,alta,3
2022,jovem,3,1,PA,alta,1
2022,jovem,3,1,PR,alta,1
2022,jovem,3,1,PR,media,2
2022,jovem,3,1,RJ,media,1
2022,jovem,3,1,RS,alta,1
2022,jovem,3,1,SC,alta,1
2022,jovem,3,1,SP,alta,10
2022,jovem,3,1,SP,baixa,1
2022,jovem,3,1,SP,media,7
2022,jovem,3,1,TO,media,1
2022,jovem,3,2,AL,alta,1
2022,jovem,3,2,AL,media,2
2022,jovem,3,2,BA,alta,1
2022,jovem,3,2,DF,baixa,1
2022,jovem,3,2,GO,alta,1
2022,jovem,3,2,GO,media,1
2022,jovem,3,2,MA,alta,2
2022,jovem,3,2,MT,alta,1
2022,jovem,3,2,PA,media,1
2022,jovem,3,2,PR,alta,1
2022,jovem,3,2,PR,baixa,1
2022,jovem,3,2,PR,media,1
2022,jovem,3,2,RN,media,1
2022,jovem,3,2,SP,baixa,1
2022,jovem,3,2,SP,media,2
2022,jovem,3,2,TO,baixa,1
2022,jovem,4,0,PA,media,1
2022,jovem,4,1,AC,alta,22
2022,jovem,4,1,AC,baixa,2
2022,jovem,4,1,AC,media,25
2022,jovem,4,1,AL,alta,195
2022,jovem,4,1,AL,baixa,10
2022,jovem,4,1,AL,media,214
2022,jovem,4,1,AM,alta,406
2022,jovem,4,1,AM,baixa,28
2022,jovem,4,1,AM,media,268
2022,jovem,4,1,AP,alta,41
2022,jovem,4,1,AP,baixa,1
2022,jovem,4,1,AP,media,90
2022,jovem,4,1,BA,alta,509
2022,jovem,4,1,BA,baixa,61
2022,jovem,4,1,BA,media,1086
2022,jovem,4,1,CE,alta,348
2022,jovem,4,1,CE,baixa,36
2022,jovem,4,1,CE,media,583
2022,jovem,4,1,DF,alta,54
2022,jovem,4,1,DF,baixa,3
2022,jovem,4,1,DF,media,61
2022,jovem,4,1,ES,alta,91
2022,jovem,4,1,ES,baixa,8
2022,jovem,4,1,ES,media,100
2022,jovem,4,1,GO,alta,325
2022,jovem,4,1,GO,baixa,11
2022,jovem,4,1,GO,media,212
2022,jovem,4,1,MA,alta,362
2022,jovem,4,1,MA,baixa,34
2022,jovem,4,1,MA,media,407
2022,jovem,4,1,MG,alta,390
2022,jovem,4,1,MG,baixa,25
2022,jovem,4,1,MG,media,335
2022,jovem,4,1,MS,alta,101
2022,jovem,4,1,MS,baixa,14
2022,jovem,4,1,MS,media,47
2022,jovem,4,1,MT,alta,247
2022,jovem,4,1,MT,baixa,8
2022,jovem,4,1,MT,media,135
2022,jovem,4,1,PA,alta,388
2022,jovem,4,1,PA,baixa,34
2022,jovem,4,1,PA,media,663
2022,jovem,4,1,PB,alta,33
2022,jovem,4,1,PB,baixa,5
2022,jovem,4,1,PB,media,81
2022,jovem,4,1,PE,alta,339
2022,jovem,4,1,PE,baixa,44
2022,jovem,4,1,PE,media,824
2022,jovem,4,1,PI,alta,110
2022,jovem,4,1,PI,baixa,18
2022,jovem,4,1,PI,media,157
2022,jovem,4,1,PR,alta,294
2022,jovem,4,1,PR,baixa,11
2022,jovem,4,1,PR,media,187
2022,jovem,4,1,RJ,alta,329
2022,jovem,4,1,RJ,baixa,20
2022,jovem,4,1,RJ,media,548
2022,jovem,4,1,RN,alta,25
2022,jovem,4,1,RN,baixa,7
2022,jovem,4,1,RN,media,96
2022,jovem,4,1,RO,alta,92
2022,jovem,4,1,RO,baixa,3
2022,jovem,4,1,RO,media,40
2022,jovem,4,1,RR,alta,49
2022,jovem,4,1,RR,baixa,2
2022,jovem,4,1,RR,media,17
2022,jovem,4,1,RS,alta,28
2022,jovem,4,1,RS,baixa,3
2022,jovem,4,1,RS,media,59
2022,jovem,4,1,SC,alta,38
2022,jovem,4,1,SC,baixa,2
2022,jovem,4,1,SC,media,43
2022,jovem,4,1,SE,alta,141
2022,jovem,4,1,SE,baixa,19
2022,jovem,4,1,SE,media,226
2022,jovem,4,1,SP,alta,678
2022,jovem,4,1,SP,baixa,52
2022,jovem,4,1,SP,media,497
2022,jovem,4,1,TO,alta,73
2022,jovem,4,1,TO,baixa,11
2022,jovem,4,1,TO,media,86
2022,jovem,4,2,AC,alta,10
2022,jovem,4,2,AC,baixa,3
2022,jovem,4,2,AC,media,4
2022,jovem,4,2,AL,alta,28
2022,jovem,4,2,AL,baixa,4
2022,jovem,4,2,AL,media,41
2022,jovem,4,2,AM,alta,108
2022,jovem,4,2,AM,baixa,9
2022,jovem,4,2,AM,media,41
2022,jovem,4,2,AP,alta,15
2022,jovem,4,2,AP,media,18
2022,jovem,4,2,BA,alta,153
2022,jovem,4,2,BA,baixa,35
2022,jovem,4,2,BA,media,140
2022,jovem,4,2,CE,alta,103
2022,jovem,4,2,CE,baixa,21
2022,jovem,4,2,CE,media,127
2022,jovem,4,2,DF,alta,21
2022,jovem,4,2,DF,media,19
2022,jovem,4,2,ES,alta,21
2022,jovem,4,2,ES,media,24
2022,jovem,4,2,GO,alta,77
2022,jovem,4,2,GO,baixa,5
2022,jovem,4,2,GO,media,40
2022,jovem,4,2,MA,alta,111
2022,jovem,4,2,MA,baixa,26
2022,jovem,4,2,MA,media,115
2022,jovem,4,2,MG,alta,126
2022,jovem,4,2,MG,baixa,23
2022,jovem,4,2,MG,media,97
2022,jovem,4,2,MS,alta,29
2022,jovem,4,2,MS,baixa,7
2022,jovem,4,2,MS,media,28
2022,jovem,4,2,MT,alta,61
2022,jovem,4,2,MT,baixa,1
2022,jovem,4,2,MT,media,32
2022,jovem,4,2,PA,alta,123
2022,jovem,4,2,PA,baixa,17
2022,jovem,4,2,PA,media,164
2022,jovem,4,2,PB,alta,12
2022,jovem,4,2,PB,baixa,1
2022,jovem,4,2,PB,media,22
2022,jovem,4,2,PE,alta,93
2022,jovem,4,2,PE,baixa,13
2022,jovem,4,2,PE,media,146
2022,jovem,4,2,PI,alta,35
2022,jovem,4,2,PI,baixa,5
2022,jovem,4,2,PI,media,58
2022,jovem,4,2,PR,alta,76
2022,jovem,4,2,PR,baixa,9
2022,jovem,4,2,PR,media,52
2022,jovem,4,2,RJ,alta,116
2022,jovem,4,2,RJ,baixa,6
2022,jovem,4,2,RJ,media,131
2022,jovem,4,2,RN,alta,13
2022,jovem,4,2,RN,baixa,4
2022,jovem,4,2,RN,media,18
2022,jovem,4,2,RO,alta,26
2022,jovem,4,2,RO,baixa,2
2022,jovem,4,2,RO,media,13
2022,jovem,4,2,RR,alta,20
2022,jovem,4,2,RR,baixa,3
2022,jovem,4,2,RR,media,12
2022,jovem,4,2,RS,alta,12
2022,jovem,4,2,RS,baixa,3
2022,jovem,4,2,RS,media,11
2022,jovem,4,2,SC,alta,11
2022,jovem,4,2,SC,media,15
2022,jovem,4,2,SE,alta,41
2022,jovem,4,2,SE,baixa,5
2022,jovem,4,2,SE,media,24
2022,jovem,4,2,SP,alta,256
2022,jovem,4,2,SP,baixa,25
2022,jovem,4,2,SP,media,179
2022,jovem,4,2,TO,alta,21
2022,jovem,4,2,TO,baixa,3
2022,jovem,4,2,TO,media,31
2022,jovem,5,1,AC,alta,1
2022,jovem,5,1,AC,media,1
2022,jovem,5,1,AL,baixa,1
2022,jovem,5,1,AL,media,1
2022,jovem,5,1,AM,alta,24
2022,jovem,5,1,AM,baixa,6
2022,jovem,5,1,AM,media,21
2022,jovem,5,1,BA,media,3
2022,jovem,5,1,CE,alta,2
2022,jovem,5,1,DF,alta,1
2022,jovem,5,1,ES,media,1
2022,jovem,5,1,MA,baixa,2
2022,jovem,5,1,MA,media,5
2022,jovem,5,1,MG,baixa,1
2022,jovem,5,1,MG,media,2
2022,jovem,5,1,MS,alta,9
2022,jovem,5,1,MS,baixa,2
2022,jovem,5,1,MS,media,14
2022,jovem,5,1,MT,alta,2
2022,jovem,5,1,MT,media,2
2022,jovem,5,1,PA,alta,2
2022,jovem,5,1,PA,baixa,2
2022,jovem,5,1,PA,media,8
2022,jovem,5,1,PE,alta,2
2022,jovem,5,1,PE,media,2
2022,jovem,5,1,PR,alta,5
2022,jovem,5,1,PR,baixa,2
2022,jovem,5,1,PR,media,6
2022,jovem,5,1,RO,alta,2
2022,jovem,5,1,RO,media,2
2022,jovem,5,1,RR,alta,12
2022,jovem,5,1,RR,baixa,7
2022,jovem,5,1,RR,media,5
2022,jovem,5,1,RS,alta,2
2022,jovem,5,1,RS,media,5
2022,jovem,5,1,SC,alta,1
2022,jovem,5,1,SE,media,1
2022,jovem,5,1,SP,media,1
2022,jovem,5,1,TO,alta,1
2022,jovem,5,1,TO,media,1
2022,jovem,5,2,AL,alta,2
2022,jovem,5,2,AM,alta,4
2022,jovem,5,2,AM,baixa,3
2022,jovem,5,2,AM,media,15
2022,jovem,5,2,MA,baixa,4
2022,jovem,5,2,MA,media,6
2022,jovem,5,2,MS,alta,8
2022,jovem,5,2,MS,baixa,1
2022,jovem,5,2,MS,media,11
2022,jovem,5,2,MT,alta,2
2022,jovem,5,2,MT,baixa,2
2022,jovem,5,2,MT,media,2
2022,jovem,5,2,PA,alta,1
2022,jovem,5,2,PE,alta,1
2022,jovem,5,2,PE,media,1
2022,jovem,5,2,PR,alta,1
2022,jovem,5,2,PR,media,2
2022,jovem,5,2,RJ,alta,1
2022,jovem,5,2,RJ,baixa,1
2022,jovem,5,2,RO,media,2
2022,jovem,5,2,RR,alta,10
2022,jovem,5,2,RR,baixa,5
2022,jovem,5,2,RR,media,1
2022,jovem,5,2,RS,media,2
2022,jovem,5,2,SC,alta,1
2022,jovem,5,2,SC,media,3
2022,jovem,5,2,SP,alta,2
2022,jovem,5,2,SP,baixa,1
2022,jovem,5,2,SP,media,1
2022,jovem,5,2,TO,alta,2
2022,meia-idade,1,0,DF,media,1
2022,meia-idade,1,1,AC,alta,3
2022,meia-idade,1,1,AC,baixa,3
2022,meia-idade,1,1,AC,media,10
2022,meia-idade,1,1,AL,alta,43
2022,meia-idade,1,1,AL,baixa,31
2022,meia-idade,1,1,AL,media,76
2022,meia-idade,1,1,AM,alta,69
2022,meia-idade,1,1,AM,baixa,19
2022,meia-idade,1,1,AM,media,75
2022,meia-idade,1,1,AP,alta,7
2022,meia-idade,1,1,AP,baixa,1
2022,meia-idade,1,1,AP,media,16
2022,meia-idade,1,1,BA,alta,216
2022,meia-idade,1,1,BA,baixa,104
2022,meia-idade,1,1,BA,media,399
2022,meia-idade,1,1,CE,alta,186
2022,meia-idade,1,1,CE,baixa,96
2022,meia-idade,1,1,CE,media,383
2022,meia-idade,1,1,DF,alta,99
2022,meia-idade,1,1,DF,baixa,17
2022,meia-idade,1,1,DF,media,211
2022,meia-idade,1,1,ES,alta,132
2022,meia-idade,1,1,ES,baixa,25
2022,meia-idade,1,1,ES,media,229
2022,meia-idade,1,1,GO,alta,423
2022,meia-idade,1,1,GO,baixa,71
2022,meia-idade,1,1,GO,media,591
2022,meia-idade,1,1,MA,alta,128
2022,meia-idade,1,1,MA,baixa,49
2022,meia-idade,1,1,MA,media,171
2022,meia-idade,1,1,MG,alta,1190
2022,meia-idade,1,1,MG,baixa,204
2022,meia-idade,1,1,MG,media,2238
2022,meia-idade,1,1,MS,alta,234
2022,meia-idade,1,1,MS,baixa,43
2022,meia-idade,1,1,MS,media,317
2022,meia-idade,1,1,MT,alta,187
2022,meia-idade,1,1,MT,baixa,36
2022,meia-idade,1,1,MT,media,307
2022,meia-idade,1,1,PA,alta,99
2022,meia-idade,1,1,PA,baixa,34
2022,meia-idade,1,1,PA,media,227
2022,meia-idade,1,1,PB,alta,42
2022,meia-idade,1,1,PB,baixa,33
2022,meia-idade,1,1,PB,media,78
2022,meia-idade,1,1,PE,alta,300
2022,meia-idade,1,1,PE,baixa,169
2022,meia-idade,1,1,PE,media,691
2022,meia-idade,1,1,PI,alta,38
2022,meia-idade,1,1,PI,baixa,40
2022,meia-idade,1,1,PI,media,119
2022,meia-idade,1,1,PR,alta,1788
2022,meia-idade,1,1,PR,baixa,224
2022,meia-idade,1,1,PR,media,2756
2022,meia-idade,1,1,RJ,alta,1027
2022,meia-idade,1,1,RJ,baixa,138
2022,meia-idade,1,1,RJ,media,1749
2022,meia-idade,1,1,RN,alta,79
2022,meia-idade,1,1,RN,baixa,64
2022,meia-idade,1,1,RN,media,171
2022,meia-idade,1,1,RO,alta,73
2022,meia-idade,1,1,RO,baixa,14
2022,meia-idade,1,1,RO,media,119
2022,meia-idade,1,1,RR,alta,27
2022,meia-idade,1,1,RR,baixa,1
2022,meia-idade,1,1,RR,media,16
2022,meia-idade,1,1,RS,alta,1377
2022,meia-idade,1,1,RS,baixa,171
2022,meia-idade,1,1,RS,media,2197
2022,meia-idade,1,1,SC,alta,1107
2022,meia-idade,1,1,SC,baixa,105
2022,meia-idade,1,1,SC,media,1903
2022,meia-idade,1,1,SE,alta,65
2022,meia-idade,1,1,SE,baixa,24
2022,meia-idade,1,1,SE,media,97
2022,meia-idade,1,1,SP,alta,5909
2022,meia-idade,1,1,SP,baixa,452
2022,meia-idade,1,1,SP,media,7222
2022,meia-idade,1,1,TO,alta,36
2022,meia-idade,1,1,TO,baixa,14
2022,meia-idade,1,1,TO,media,88
2022,meia-idade,1,2,AC,alta,9
2022,meia-idade,1,2,AC,baixa,5
2022,meia-idade,1,2,AC,media,6
2022,meia-idade,1,2,AL,alta,38
2022,meia-idade,1,2,AL,baixa,23
2022,meia-idade,1,2,AL,media,71
2022,meia-idade,1,2,AM,alta,78
2022,meia-idade,1,2,AM,baixa,12
2022,meia-idade,1,2,AM,media,76
2022,meia-idade,1,2,AP,alta,11
2022,meia-idade,1,2,AP,baixa,3
2022,meia-idade,1,2,AP,media,12
2022,meia-idade,1,2,BA,alta,155
2022,meia-idade,1,2,BA,baixa,68
2022,meia-idade,1,2,BA,media,353
2022,meia-idade,1,2,CE,alta,152
2022,meia-idade,1,2,CE,baixa,66
2022,meia-idade,1,2,CE,media,372
2022,meia-idade,1,2,DF,alta,90
2022,meia-idade,1,2,DF,baixa,10
2022,meia-idade,1,2,DF,media,171
2022,meia-idade,1,2,ES,alta,77
2022,meia-idade,1,2,ES,baixa,27
2022,meia-idade,1,2,ES,media,134
2022,meia-idade,1,2,GO,alta,310
2022,meia-idade,1,2,GO,baixa,58
2022,meia-idade,1,2,GO,media,373
2022,meia-idade,1,2,MA,alta,101
2022,meia-idade,1,2,MA,baixa,47
2022,meia-idade,1,2,MA,media,142
2022,meia-idade,1,2,MG,alta,836
2022,meia-idade,1,2,MG,baixa,150
2022,meia-idade,1,2,MG,media,1468
2022,meia-idade,1,2,MS,alta,145
2022,meia-idade,1,2,MS,baixa,28
2022,meia-idade,1,2,MS,media,194
2022,meia-idade,1,2,MT,alta,104
2022,meia-idade,1,2,MT,baixa,20
2022,meia-idade,1,2,MT,media,173
2022,meia-idade,1,2,PA,alta,89
2022,meia-idade,1,2,PA,baixa,23
2022,meia-idade,1,2,PA,media,166
2022,meia-idade,1,2,PB,alta,32
2022,meia-idade,1,2,PB,baixa,30
2022,meia-idade,1,2,PB,media,82
2022,meia-idade,1,2,PE,alta,253
2022,meia-idade,1,2,PE,baixa,128
2022,meia-idade,1,2,PE,media,543
2022,meia-idade,1,2,PI,alta,39
2022,meia-idade,1,2,PI,baixa,33
2022,meia-idade,1,2,PI,media,92
2022,meia-idade,1,2,PR,alta,960
2022,meia-idade,1,2,PR,baixa,184
2022,meia-idade,1,2,PR,media,1625
2022,meia-idade,1,2,RJ,alta,970
2022,meia-idade,1,2,RJ,baixa,102
2022,meia-idade,1,2,RJ,media,1555
2022,meia-idade,1,2,RN,alta,82
2022,meia-idade,1,2,RN,baixa,33
2022,meia-idade,1,2,RN,media,142
2022,meia-idade,1,2,RO,alta,42
2022,meia-idade,1,2,RO,baixa,11
2022,meia-idade,1,2,RO,media,71
2022,meia-idade,1,2,RR,alta,11
2022,meia-idade,1,2,RR,media,15
2022,meia-idade,1,2,RS,alta,871
2022,meia-idade,1,2,RS,baixa,125
2022,meia-idade,1,2,RS,media,1437
2022,meia-idade,1,2,SC,alta,657
2022,meia-idade,1,2,SC,baixa,73
2022,meia-idade,1,2,SC,media,1224
2022,meia-idade,1,2,SE,alta,54
2022,meia-idade,1,2,SE,baixa,26
2022,meia-idade,1,2,SE,media,98
2022,meia-idade,1,2,SP,alta,3502
2022,meia-idade,1,2,SP,baixa,360
2022,meia-idade,1,2,SP,media,4817
2022,meia-idade,1,2,TO,alta,25
2022,meia-idade,1,2,TO,baixa,8
2022,meia-idade,1,2,TO,media,51
2022,meia-idade,2,1,AC,baixa,2
2022,meia-idade,2,1,AC,media,6
2022,meia-idade,2,1,AL,alta,17
2022,meia-idade,2,1,AL,baixa,23
2022,meia-idade,2,1,AL,media,36
2022,meia-idade,2,1,AM,alta,21
2022,meia-idade,2,1,AM,baixa,12
2022,meia-idade,2,1,AM,media,29
2022,meia-idade,2,1,AP,alta,6
2022,meia-idade,2,1,AP,baixa,2
2022,meia-idade,2,1,AP,media,20
2022,meia-idade,2,1,BA,alta,218
2022,meia-idade,2,1,BA,baixa,233
2022,meia-idade,2,1,BA,media,679
2022,meia-idade,2,1,CE,alta,35
2022,meia-idade,2,1,CE,baixa,64
2022,meia-idade,2,1,CE,media,111
2022,meia-idade,2,1,DF,alta,31
2022,meia-idade,2,1,DF,baixa,17
2022,meia-idade,2,1,DF,media,82
2022,meia-idade,2,1,ES,alta,40
2022,meia-idade,2,1,ES,baixa,26
2022,meia-idade,2,1,ES,media,118
2022,meia-idade,2,1,GO,alta,86
2022,meia-idade,2,1,GO,baixa,42
2022,meia-idade,2,1,GO,media,176
2022,meia-idade,2,1,MA,alta,53
2022,meia-idade,2,1,MA,baixa,96
2022,meia-idade,2,1,MA,media,219
2022,meia-idade,2,1,MG,alta,292
2022,meia-idade,2,1,MG,baixa,169
2022,meia-idade,2,1,MG,media,942
2022,meia-idade,2,1,MS,alta,26
2022,meia-idade,2,1,MS,baixa,14
2022,meia-idade,2,1,MS,media,53
2022,meia-idade,2,1,MT,alta,54
2022,meia-idade,2,1,MT,baixa,32
2022,meia-idade,2,1,MT,media,88
2022,meia-idade,2,1,PA,alta,43
2022,meia-idade,2,1,PA,baixa,42
2022,meia-idade,2,1,PA,media,150
2022,meia-idade,2,1,PB,alta,3
2022,meia-idade,2,1,PB,baixa,12
2022,meia-idade,2,1,PB,media,25
2022,meia-idade,2,1,PE,alta,81
2022,meia-idade,2,1,PE,baixa,108
2022,meia-idade,2,1,PE,media,291
2022,meia-idade,2,1,PI,alta,17
2022,meia-idade,2,1,PI,baixa,52
2022,meia-idade,2,1,PI,media,102
2022,meia-idade,2,1,PR,alta,113
2022,meia-idade,2,1,PR,baixa,30
2022,meia-idade,2,1,PR,media,221
2022,meia-idade,2,1,RJ,alta,444
2022,meia-idade,2,1,RJ,baixa,111
2022,meia-idade,2,1,RJ,media,1084
2022,meia-idade,2,1,RN,alta,11
2022,meia-idade,2,1,RN,baixa,30
2022,meia-idade,2,1,RN,media,39
2022,meia-idade,2,1,RO,alta,17
2022,meia-idade,2,1,RO,baixa,10
2022,meia-idade,2,1,RO,media,30
2022,meia-idade,2,1,RR,alta,5
2022,meia-idade,2,1,RR,baixa,1
2022,meia-idade,2,1,RR,media,7
2022,meia-idade,2,1,RS,alta,124
2022,meia-idade,2,1,RS,baixa,38
2022,meia-idade,2,1,RS,media,265
2022,meia-idade,2,1,SC,alta,45
2022,meia-idade,2,1,SC,baixa,12
2022,meia-idade,2,1,SC,media,94
2022,meia-idade,2,1,SE,alta,27
2022,meia-idade,2,1,SE,baixa,42
2022,meia-idade,2,1,SE,media,82
2022,meia-idade,2,1,SP,alta,774
2022,meia-idade,2,1,SP,baixa,108
2022,meia-idade,2,1,SP,media,1344
2022,meia-idade,2,1,TO,alta,10
2022,meia-idade,2,1,TO,baixa,30
2022,meia-idade,2,1,TO,media,48
2022,meia-idade,2,2,AC,alta,1
2022,meia-idade,2,2,AC,media,1
2022,meia-idade,2,2,AL,alta,8
2022,meia-idade,2,2,AL,baixa,15
2022,meia-idade,2,2,AL,media,23
2022,meia-idade,2,2,AM,alta,9
2022,meia-idade,2,2,AM,baixa,4
2022,meia-idade,2,2,AM,media,18
2022,meia-idade,2,2,AP,alta,2
2022,meia-idade,2,2,AP,media,11
2022,meia-idade,2,2,BA,alta,172
2022,meia-idade,2,2,BA,baixa,140
2022,meia-idade,2,2,BA,media,384
2022,meia-idade,2,2,CE,alta,18
2022,meia-idade,2,2,CE,baixa,23
2022,meia-idade,2,2,CE,media,68
2022,meia-idade,2,2,DF,alta,23
2022,meia-idade,2,2,DF,baixa,12
2022,meia-idade,2,2,DF,media,63
2022,meia-idade,2,2,ES,alta,30
2022,meia-idade,2,2,ES,baixa,10
2022,meia-idade,2,2,ES,media,65
2022,meia-idade,2,2,GO,alta,47
2022,meia-idade,2,2,GO,baixa,28
2022,meia-idade,2,2,GO,media,83
2022,meia-idade,2,2,MA,alta,38
2022,meia-idade,2,2,MA,baixa,41
2022,meia-idade,2,2,MA,media,115
2022,meia-idade,2,2,MG,alta,197
2022,meia-idade,2,2,MG,baixa,84
2022,meia-idade,2,2,MG,media,569
2022,meia-idade,2,2,MS,alta,11
2022,meia-idade,2,2,MS,baixa,7
2022,meia-idade,2,2,MS,media,24
2022,meia-idade,2,2,MT,alta,24
2022,meia-idade,2,2,MT,baixa,9
2022,meia-idade,2,2,MT,media,60
2022,meia-idade,2,2,PA,alta,37
2022,meia-idade,2,2,PA,baixa,22
2022,meia-idade,2,2,PA,media,72
2022,meia-idade,2,2,PB,alta,5
2022,meia-idade,2,2,PB,baixa,10
2022,meia-idade,2,2,PB,media,17
2022,meia-idade,2,2,PE,alta,49
2022,meia-idade,2,2,PE,baixa,34
2022,meia-idade,2,2,PE,media,148
2022,meia-idade,2,2,PI,alta,13
2022,meia-idade,2,2,PI,baixa,25
2022,meia-idade,2,2,PI,media,52
2022,meia-idade,2,2,PR,alta,64
2022,meia-idade,2,2,PR,baixa,15
2022,meia-idade,2,2,PR,media,131
2022,meia-idade,2,2,RJ,alta,408
2022,meia-idade,2,2,RJ,baixa,103
2022,meia-idade,2,2,RJ,media,854
2022,meia-idade,2,2,RN,alta,12
2022,meia-idade,2,2,RN,baixa,8
2022,meia-idade,2,2,RN,media,35
2022,meia-idade,2,2,RO,alta,5
2022,meia-idade,2,2,RO,baixa,10
2022,meia-idade,2,2,RO,media,21
2022,meia-idade,2,2,RR,alta,6
2022,meia-idade,2,2,RR,baixa,2
2022,meia-idade,2,2,RR,media,3
2022,meia-idade,2,2,RS,alta,77
2022,meia-idade,2,2,RS,baixa,23
2022,meia-idade,2,2,RS,media,162
2022,meia-idade,2,2,SC,alta,36
2022,meia-idade,2,2,SC,baixa,8
2022,meia-idade,2,2,SC,media,49
2022,meia-idade,2,2,SE,alta,10
2022,meia-idade,2,2,SE,baixa,25
2022,meia-idade,2,2,SE,media,40
2022,meia-idade,2,2,SP,alta,491
2022,meia-idade,2,2,SP,baixa,83
2022,meia-idade,2,2,SP,media,708
2022,meia-idade,2,2,TO,alta,5
2022,meia-idade,2,2,TO,baixa,2
2022,meia-idade,2,2,TO,media,30
2022,meia-idade,3,1,AL,baixa,1
2022,meia-idade,3,1,AL,media,1
2022,meia-idade,3,1,AM,alta,3
2022,meia-idade,3,1,AM,media,5
2022,meia-idade,3,1,AP,alta,1
2022,meia-idade,3,1,BA,alta,2
2022,meia-idade,3,1,BA,baixa,3
2022,meia-idade,3,1,BA,media,12
2022,meia-idade,3,1,CE,alta,2
2022,meia-idade,3,1,CE,baixa,2
2022,meia-idade,3,1,CE,media,9
2022,meia-idade,3,1,DF,alta,1
2022,meia-idade,3,1,DF,baixa,1
2022,meia-idade,3,1,DF,media,3
2022,meia-idade,3,1,ES,media,1
2022,meia-idade,3,1,GO,alta,2
2022,meia-idade,3,1,GO,baixa,1
2022,meia-idade,3,1,GO,media,6
2022,meia-idade,3,1,MA,media,4
2022,meia-idade,3,1,MG,alta,6
2022,meia-idade,3,1,MG,baixa,2
2022,meia-idade,3,1,MG,media,15
2022,meia-idade,3,1,MS,alta,7
2022,meia-idade,3,1,MS,media,8
2022,meia-idade,3,1,MT,baixa,1
2022,meia-idade,3,1,MT,media,9
2022,meia-idade,3,1,PA,baixa,3
2022,meia-idade,3,1,PA,media,3
2022,meia-idade,3,1,PB,alta,1
2022,meia-idade,3,1,PB,media,1
2022,meia-idade,3,1,PE,alta,1
2022,meia-idade,3,1,PE,baixa,3
2022,meia-idade,3,1,PE,media,4
2022,meia-idade,3,1,PI,alta,1
2022,meia-idade,3,1,PI,baixa,2
2022,meia-idade,3,1,PI,media,2
2022,meia-idade,3,1,PR,alta,13
2022,meia-idade,3,1,PR,baixa,2
2022,meia-idade,3,1,PR,media,15
2022,meia-idade,3,1,RJ,alta,2
2022,meia-idade,3,1,RJ,media,6
2022,meia-idade,3,1,RN,alta,1
2022,meia-idade,3,1,RN,baixa,1
2022,meia-idade,3,1,RN,media,2
2022,meia-idade,3,1,RO,alta,1
2022,meia-idade,3,1,RO,media,2
2022,meia-idade,3,1,RS,alta,1
2022,meia-idade,3,1,RS,baixa,1
2022,meia-idade,3,1,RS,media,2
2022,meia-idade,3,1,SC,alta,1
2022,meia-idade,3,1,SP,alta,69
2022,meia-idade,3,1,SP,baixa,4
2022,meia-idade,3,1,SP,media,86
2022,meia-idade,3,1,TO,baixa,2
2022,meia-idade,3,1,TO,media,4
2022,meia-idade,3,2,AL,alta,1
2022,meia-idade,3,2,AM,alta,1
2022,meia-idade,3,2,AM,media,2
2022,meia-idade,3,2,AP,media,2
2022,meia-idade,3,2,BA,alta,2
2022,meia-idade,3,2,BA,media,3
2022,meia-idade,3,2,CE,alta,2
2022,meia-idade,3,2,CE,baixa,2
2022,meia-idade,3,2,CE,media,2
2022,meia-idade,3,2,DF,alta,1
2022,meia-idade,3,2,DF,media,4
2022,meia-idade,3,2,GO,alta,4
2022,meia-idade,3,2,MA,alta,2
2022,meia-idade,3,2,MA,media,3
2022,meia-idade,3,2,MG,alta,2
2022,meia-idade,3,2,MG,baixa,2
2022,meia-idade,3,2,MG,media,8
2022,meia-idade,3,2,MS,alta,1
2022,meia-idade,3,2,MS,media,2
2022,meia-idade,3,2,MT,alta,3
2022,meia-idade,3,2,MT,baixa,1
2022,meia-idade,3,2,MT,media,4
2022,meia-idade,3,2,PA,alta,1
2022,meia-idade,3,2,PA,baixa,2
2022,meia-idade,3,2,PA,media,1
2022,meia-idade,3,2,PB,alta,1
2022,meia-idade,3,2,PB,baixa,1
2022,meia-idade,3,2,PB,media,2
2022,meia-idade,3,2,PE,media,2
2022,meia-idade,3,2,PI,media,2
2022,meia-idade,3,2,PR,alta,8
2022,meia-idade,3,2,PR,media,15
2022,meia-idade,3,2,RJ,alta,1
2022,meia-idade,3,2,RJ,baixa,1
2022,meia-idade,3,2,RJ,media,5
2022,meia-idade,3,2,RN,baixa,1
2022,meia-idade,3,2,RN,media,2
2022,meia-idade,3,2,RO,alta,1
2022,meia-idade,3,2,RO,baixa,1
2022,meia-idade,3,2,RS,alta,3
2022,meia-idade,3,2,RS,media,1
2022,meia-idade,3,2,SC,alta,2
2022,meia-idade,3,2,SC,media,2
2022,meia-idade,3,2,SE,media,1
2022,meia-idade,3,2,SP,alta,24
2022,meia-idade,3,2,SP,baixa,2
2022,meia-idade,3,2,SP,media,65
2022,meia-idade,3,2,TO,alta,2
2022,meia-idade,3,2,TO,baixa,1
2022,meia-idade,3,2,TO,media,3
2022,meia-idade,4,0,DF,media,4
2022,meia-idade,4,0,ES,media,2
2022,meia-idade,4,0,PA,media,1
2022,meia-idade,4,1,AC,alta,13
2022,meia-idade,4,1,AC,baixa,48
2022,meia-idade,4,1,AC,media,46
2022,meia-idade,4,1,AL,alta,182
2022,meia-idade,4,1,AL,baixa,238
2022,meia-idade,4,1,AL,media,506
2022,meia-idade,4,1,AM,alta,469
2022,meia-idade,4,1,AM,baixa,152
2022,meia-idade,4,1,AM,media,612
2022,meia-idade,4,1,AP,alta,49
2022,meia-idade,4,1,AP,baixa,24
2022,meia-idade,4,1,AP,media,114
2022,meia-idade,4,1,BA,alta,781
2022,meia-idade,4,1,BA,baixa,704
2022,meia-idade,4,1,BA,media,2197
2022,meia-idade,4,1,CE,alta,693
2022,meia-idade,4,1,CE,baixa,746
2022,meia-idade,4,1,CE,media,2109
2022,meia-idade,4,1,DF,alta,169
2022,meia-idade,4,1,DF,baixa,46
2022,meia-idade,4,1,DF,media,412
2022,meia-idade,4,1,ES,alta,180
2022,meia-idade,4,1,ES,baixa,53
2022,meia-idade,4,1,ES,media,382
2022,meia-idade,4,1,GO,alta,642
2022,meia-idade,4,1,GO,baixa,221
2022,meia-idade,4,1,GO,media,1156
2022,meia-idade,4,1,MA,alta,501
2022,meia-idade,4,1,MA,baixa,463
2022,meia-idade,4,1,MA,media,1125
2022,meia-idade,4,1,MG,alta,1005
2022,meia-idade,4,1,MG,baixa,388
2022,meia-idade,4,1,MG,media,2896
2022,meia-idade,4,1,MS,alta,300
2022,meia-idade,4,1,MS,baixa,94
2022,meia-idade,4,1,MS,media,443
2022,meia-idade,4,1,MT,alta,366
2022,meia-idade,4,1,MT,baixa,107
2022,meia-idade,4,1,MT,media,607
2022,meia-idade,4,1,PA,alta,507
2022,meia-idade,4,1,PA,baixa,377
2022,meia-idade,4,1,PA,media,1417
2022,meia-idade,4,1,PB,alta,89
2022,meia-idade,4,1,PB,baixa,172
2022,meia-idade,4,1,PB,media,340
2022,meia-idade,4,1,PE,alta,622
2022,meia-idade,4,1,PE,baixa,708
2022,meia-idade,4,1,PE,media,2346
2022,meia-idade,4,1,PI,alta,146
2022,meia-idade,4,1,PI,baixa,248
2022,meia-idade,4,1,PI,media,621
2022,meia-idade,4,1,PR,alta,478
2022,meia-idade,4,1,PR,baixa,145
2022,meia-idade,4,1,PR,media,1059
2022,meia-idade,4,1,RJ,alta,796
2022,meia-idade,4,1,RJ,baixa,184
2022,meia-idade,4,1,RJ,media,2093
2022,meia-idade,4,1,RN,alta,119
2022,meia-idade,4,1,RN,baixa,143
2022,meia-idade,4,1,RN,media,355
2022,meia-idade,4,1,RO,alta,132
2022,meia-idade,4,1,RO,baixa,63
2022,meia-idade,4,1,RO,media,278
2022,meia-idade,4,1,RR,alta,91
2022,meia-idade,4,1,RR,baixa,15
2022,meia-idade,4,1,RR,media,87
2022,meia-idade,4,1,RS,alta,127
2022,meia-idade,4,1,RS,baixa,34
2022,meia-idade,4,1,RS,media,253
2022,meia-idade,4,1,SC,alta,73
2022,meia-idade,4,1,SC,baixa,22
2022,meia-idade,4,1,SC,media,194
2022,meia-idade,4,1,SE,alta,208
2022,meia-idade,4,1,SE,baixa,155
2022,meia-idade,4,1,SE,media,527
2022,meia-idade,4,1,SP,alta,2396
2022,meia-idade,4,1,SP,baixa,378
2022,meia-idade,4,1,SP,media,4198
2022,meia-idade,4,1,TO,alta,91
2022,meia-idade,4,1,TO,baixa,87
2022,meia-idade,4,1,TO,media,300
2022,meia-idade,4,2,AC,alta,19
2022,meia-idade,4,2,AC,baixa,22
2022,meia-idade,4,2,AC,media,30
2022,meia-idade,4,2,AL,alta,103
2022,meia-idade,4,2,AL,baixa,150
2022,meia-idade,4,2,AL,media,231
2022,meia-idade,4,2,AM,alta,294
2022,meia-idade,4,2,AM,baixa,93
2022,meia-idade,4,2,AM,media,323
2022,meia-idade,4,2,AP,alta,21
2022,meia-idade,4,2,AP,baixa,14
2022,meia-idade,4,2,AP,media,61
2022,meia-idade,4,2,BA,alta,588
2022,meia-idade,4,2,BA,baixa,383
2022,meia-idade,4,2,BA,media,1258
2022,meia-idade,4,2,CE,alta,441
2022,meia-idade,4,2,CE,baixa,351
2022,meia-idade,4,2,CE,media,1166
2022,meia-idade,4,2,DF,alta,93
2022,meia-idade,4,2,DF,baixa,17
2022,meia-idade,4,2,DF,media,227
2022,meia-idade,4,2,ES,alta,112
2022,meia-idade,4,2,ES,baixa,43
2022,meia-idade,4,2,ES,media,208
2022,meia-idade,4,2,GO,alta,417
2022,meia-idade,4,2,GO,baixa,105
2022,meia-idade,4,2,GO,media,532
2022,meia-idade,4,2,MA,alta,320
2022,meia-idade,4,2,MA,baixa,276
2022,meia-idade,4,2,MA,media,705
2022,meia-idade,4,2,MG,alta,556
2022,meia-idade,4,2,MG,baixa,243
2022,meia-idade,4,2,MG,media,1570
2022,meia-idade,4,2,MS,alta,147
2022,meia-idade,4,2,MS,baixa,59
2022,meia-idade,4,2,MS,media,247
2022,meia-idade,4,2,MT,alta,179
2022,meia-idade,4,2,MT,baixa,40
2022,meia-idade,4,2,MT,media,303
2022,meia-idade,4,2,PA,alta,426
2022,meia-idade,4,2,PA,baixa,187
2022,meia-idade,4,2,PA,media,827
2022,meia-idade,4,2,PB,alta,78
2022,meia-idade,4,2,PB,baixa,72
2022,meia-idade,4,2,PB,media,217
2022,meia-idade,4,2,PE,alta,487
2022,meia-idade,4,2,PE,baixa,414
2022,meia-idade,4,2,PE,media,1223
2022,meia-idade,4,2,PI,alta,94
2022,meia-idade,4,2,PI,baixa,142
2022,meia-idade,4,2,PI,media,367
2022,meia-idade,4,2,PR,alta,240
2022,meia-idade,4,2,PR,baixa,117
2022,meia-idade,4,2,PR,media,560
2022,meia-idade,4,2,RJ,alta,786
2022,meia-idade,4,2,RJ,baixa,134
2022,meia-idade,4,2,RJ,media,1551
2022,meia-idade,4,2,RN,alta,87
2022,meia-idade,4,2,RN,baixa,57
2022,meia-idade,4,2,RN,media,228
2022,meia-idade,4,2,RO,alta,82
2022,meia-idade,4,2,RO,baixa,24
2022,meia-idade,4,2,RO,media,141
2022,meia-idade,4,2,RR,alta,49
2022,meia-idade,4,2,RR,baixa,10
2022,meia-idade,4,2,RR,media,36
2022,meia-idade,4,2,RS,alta,62
2022,meia-idade,4,2,RS,baixa,18
2022,meia-idade,4,2,RS,media,171
2022,meia-idade,4,2,SC,alta,46
2022,meia-idade,4,2,SC,baixa,15
2022,meia-idade,4,2,SC,media,109
2022,meia-idade,4,2,SE,alta,129
2022,meia-idade,4,2,SE,baixa,77
2022,meia-idade,4,2,SE,media,240
2022,meia-idade,4,2,SP,alta,1485
2022,meia-idade,4,2,SP,baixa,237
2022,meia-idade,4,2,SP,media,2335
2022,meia-idade,4,2,TO,alta,54
2022,meia-idade,4,2,TO,baixa,38
2022,meia-idade,4,2,TO,media,179
2022,meia-idade,5,1,AL,baixa,1
2022,meia-idade,5,1,AL,media,3
2022,meia-idade,5,1,AM,alta,7
2022,meia-idade,5,1,AM,baixa,11
2022,meia-idade,5,1,AM,media,27
2022,meia-idade,5,1,AP,baixa,2
2022,meia-idade,5,1,BA,alta,1
2022,meia-idade,5,1,BA,baixa,1
2022,meia-idade,5,1,BA,media,4
2022,meia-idade,5,1,CE,alta,3
2022,meia-idade,5,1,CE,baixa,2
2022,meia-idade,5,1,CE,media,1
2022,meia-idade,5,1,GO,media,1
2022,meia-idade,5,1,MA,alta,2
2022,meia-idade,5,1,MA,baixa,5
2022,meia-idade,5,1,MA,media,9
2022,meia-idade,5,1,MG,baixa,1
2022,meia-idade,5,1,MS,alta,5
2022,meia-idade,5,1,MS,baixa,4
2022,meia-idade,5,1,MS,media,16
2022,meia-idade,5,1,MT,alta,1
2022,meia-idade,5,1,MT,baixa,2
2022,meia-idade,5,1,MT,media,2
2022,meia-idade,5,1,PA,alta,2
2022,meia-idade,5,1,PA,baixa,2
2022,meia-idade,5,1,PA,media,7
2022,meia-idade,5,1,PB,alta,1
2022,meia-idade,5,1,PB,baixa,1
2022,meia-idade,5,1,PB,media,2
2022,meia-idade,5,1,PE,alta,3
2022,meia-idade,5,1,PE,baixa,3
2022,meia-idade,5,1,PE,media,10
2022,meia-idade,5,1,PI,media,2
2022,meia-idade,5,1,PR,alta,5
2022,meia-idade,5,1,PR,media,7
2022,meia-idade,5,1,RJ,baixa,1
2022,meia-idade,5,1,RJ,media,4
2022,meia-idade,5,1,RN,alta,1
2022,meia-idade,5,1,RN,baixa,1
2022,meia-idade,5,1,RN,media,1
2022,meia-idade,5,1,RO,media,1
2022,meia-idade,5,1,RR,alta,6
2022,meia-idade,5,1,RR,baixa,4
2022,meia-idade,5,1,RR,media,6
2022,meia-idade,5,1,RS,alta,1
2022,meia-idade,5,1,RS,baixa,2
2022,meia-idade,5,1,RS,media,6
2022,meia-idade,5,1,SC,alta,1
2022,meia-idade,5,1,SC,baixa,1
2022,meia-idade,5,1,SC,media,2
2022,meia-idade,5,1,SP,alta,3
2022,meia-idade,5,1,SP,media,8
2022,meia-idade,5,1,TO,alta,4
2022,meia-idade,5,1,TO,media,3
2022,meia-idade,5,2,AC,baixa,2
2022,meia-idade,5,2,AL,media,3
2022,meia-idade,5,2,AM,alta,7
2022,meia-idade,5,2,AM,baixa,13
2022,meia-idade,5,2,AM,media,11
2022,meia-idade,5,2,BA,alta,1
2022,meia-idade,5,2,BA,baixa,2
2022,meia-idade,5,2,BA,media,8
2022,meia-idade,5,2,CE,alta,1
2022,meia-idade,5,2,CE,baixa,2
2022,meia-idade,5,2,CE,media,3
2022,meia-idade,5,2,MA,alta,2
2022,meia-idade,5,2,MA,baixa,4
2022,meia-idade,5,2,MA,media,4
2022,meia-idade,5,2,MG,alta,2
2022,meia-idade,5,2,MG,media,3
2022,meia-idade,5,2,MS,baixa,9
2022,meia-idade,5,2,MS,media,14
2022,meia-idade,5,2,MT,alta,2
2022,meia-idade,5,2,MT,baixa,4
2022,meia-idade,5,2,MT,media,4
2022,meia-idade,5,2,PA,alta,2
2022,meia-idade,5,2,PA,baixa,2
2022,meia-idade,5,2,PA,media,2
2022,meia-idade,5,2,PB,baixa,2
2022,meia-idade,5,2,PE,alta,1
2022,meia-idade,5,2,PE,baixa,1
2022,meia-idade,5,2,PE,media,12
2022,meia-idade,5,2,PI,alta,1
2022,meia-idade,5,2,PR,baixa,9
2022,meia-idade,5,2,PR,media,1
2022,meia-idade,5,2,RJ,alta,1
2022,meia-idade,5,2,RJ,baixa,1
2022,meia-idade,5,2,RJ,media,3
2022,meia-idade,5,2,RN,media,1
2022,meia-idade,5,2,RO,baixa,3
2022,meia-idade,5,2,RR,alta,4
2022,meia-idade,5,2,RR,baixa,1
2022,meia-idade,5,2,RR,media,14
2022,meia-idade,5,2,RS,media,4
2022,meia-idade,5,2,SC,baixa,1
2022,meia-idade,5,2,SC,media,4
2022,meia-idade,5,2,SE,alta,1
2022,meia-idade,5,2,SP,alta,1
2022,meia-idade,5,2,SP,media,5
2022,meia-idade,5,2,TO,baixa,1
