ano,idade_grupo,raca_cor,sexo,sigla_uf,baixa,media,contrast,level_a,level_b,pair_stratum_n,has_pair_common_support,min_pair_cell_n,alta
2012,adulto,1,1,AC,2.0,3.0,media_vs_baixa,baixa,media,5,False,2,
2012,adulto,1,1,AL,31.0,37.0,media_vs_baixa,baixa,media,68,True,31,
2012,adulto,1,1,AM,8.0,71.0,media_vs_baixa,baixa,media,79,False,8,
2012,adulto,1,1,AP,1.0,2.0,media_vs_baixa,baixa,media,3,False,1,
2012,adulto,1,1,BA,35.0,175.0,media_vs_baixa,baixa,media,210,True,35,
2012,adulto,1,1,CE,40.0,231.0,media_vs_baixa,baixa,media,271,True,40,
2012,adulto,1,1,DF,8.0,104.0,media_vs_baixa,baixa,media,112,False,8,
2012,adulto,1,1,ES,45.0,126.0,media_vs_baixa,baixa,media,171,True,45,
2012,adulto,1,1,GO,36.0,306.0,media_vs_baixa,baixa,media,342,True,36,
2012,adulto,1,1,MA,28.0,176.0,media_vs_baixa,baixa,media,204,True,28,
2012,adulto,1,1,MG,135.0,898.0,media_vs_baixa,baixa,media,1033,True,135,
2012,adulto,1,1,MS,19.0,162.0,media_vs_baixa,baixa,media,181,False,19,
2012,adulto,1,1,MT,14.0,226.0,media_vs_baixa,baixa,media,240,False,14,
2012,adulto,1,1,PA,17.0,158.0,media_vs_baixa,baixa,media,175,False,17,
2012,adulto,1,1,PB,16.0,56.0,media_vs_baixa,baixa,media,72,False,16,
2012,adulto,1,1,PE,76.0,292.0,media_vs_baixa,baixa,media,368,True,76,
2012,adulto,1,1,PI,21.0,89.0,media_vs_baixa,baixa,media,110,True,21,
2012,adulto,1,1,PR,128.0,2260.0,media_vs_baixa,baixa,media,2388,True,128,
2012,adulto,1,1,RJ,93.0,944.0,media_vs_baixa,baixa,media,1037,True,93,
2012,adulto,1,1,RN,45.0,85.0,media_vs_baixa,baixa,media,130,True,45,
2012,adulto,1,1,RO,4.0,43.0,media_vs_baixa,baixa,media,47,False,4,
2012,adulto,1,1,RR,1.0,10.0,media_vs_baixa,baixa,media,11,False,1,
2012,adulto,1,1,RS,163.0,1255.0,media_vs_baixa,baixa,media,1418,True,163,
2012,adulto,1,1,SC,48.0,887.0,media_vs_baixa,baixa,media,935,True,48,
2012,adulto,1,1,SE,13.0,67.0,media_vs_baixa,baixa,media,80,False,13,
2012,adulto,1,1,SP,662.0,3240.0,media_vs_baixa,baixa,media,3902,True,662,
2012,adulto,1,1,TO,7.0,34.0,media_vs_baixa,baixa,media,41,False,7,
2012,adulto,1,2,AC,0.0,10.0,media_vs_baixa,baixa,media,10,False,0,
2012,adulto,1,2,AL,11.0,19.0,media_vs_baixa,baixa,media,30,False,11,
2012,adulto,1,2,AM,4.0,39.0,media_vs_baixa,baixa,media,43,False,4,
2012,adulto,1,2,AP,0.0,10.0,media_vs_baixa,baixa,media,10,False,0,
2012,adulto,1,2,BA,26.0,107.0,media_vs_baixa,baixa,media,133,True,26,
2012,adulto,1,2,CE,16.0,123.0,media_vs_baixa,baixa,media,139,False,16,
2012,adulto,1,2,DF,6.0,81.0,media_vs_baixa,baixa,media,87,False,6,
2012,adulto,1,2,ES,11.0,59.0,media_vs_baixa,baixa,media,70,False,11,
2012,adulto,1,2,GO,27.0,151.0,media_vs_baixa,baixa,media,178,True,27,
2012,adulto,1,2,MA,10.0,80.0,media_vs_baixa,baixa,media,90,False,10,
2012,adulto,1,2,MG,69.0,452.0,media_vs_baixa,baixa,media,521,True,69,
2012,adulto,1,2,MS,17.0,102.0,media_vs_baixa,baixa,media,119,False,17,
2012,adulto,1,2,MT,8.0,101.0,media_vs_baixa,baixa,media,109,False,8,
2012,adulto,1,2,PA,8.0,102.0,media_vs_baixa,baixa,media,110,False,8,
2012,adulto,1,2,PB,4.0,41.0,media_vs_baixa,baixa,media,45,False,4,
2012,adulto,1,2,PE,36.0,191.0,media_vs_baixa,baixa,media,227,True,36,
2012,adulto,1,2,PI,7.0,54.0,media_vs_baixa,baixa,media,61,False,7,
2012,adulto,1,2,PR,71.0,841.0,media_vs_baixa,baixa,media,912,True,71,
2012,adulto,1,2,RJ,47.0,668.0,media_vs_baixa,baixa,media,715,True,47,
2012,adulto,1,2,RN,16.0,52.0,media_vs_baixa,baixa,media,68,False,16,
2012,adulto,1,2,RO,2.0,35.0,media_vs_baixa,baixa,media,37,False,2,
2012,adulto,1,2,RR,0.0,8.0,media_vs_baixa,baixa,media,8,False,0,
2012,adulto,1,2,RS,79.0,606.0,media_vs_baixa,baixa,media,685,True,79,
2012,adulto,1,2,SC,33.0,466.0,media_vs_baixa,baixa,media,499,True,33,
2012,adulto,1,2,SE,5.0,43.0,media_vs_baixa,baixa,media,48,False,5,
2012,adulto,1,2,SP,202.0,1660.0,media_vs_baixa,baixa,media,1862,True,202,
2012,adulto,1,2,TO,3.0,25.0,media_vs_baixa,baixa,media,28,False,3,
2012,adulto,2,1,AC,3.0,3.0,media_vs_baixa,baixa,media,6,False,3,
2012,adulto,2,1,AL,13.0,13.0,media_vs_baixa,baixa,media,26,False,13,
2012,adulto,2,1,AM,2.0,15.0,media_vs_baixa,baixa,media,17,False,2,
2012,adulto,2,1,AP,0.0,3.0,media_vs_baixa,baixa,media,3,False,0,
2012,adulto,2,1,BA,97.0,253.0,media_vs_baixa,baixa,media,350,True,97,
2012,adulto,2,1,CE,17.0,56.0,media_vs_baixa,baixa,media,73,False,17,
2012,adulto,2,1,DF,4.0,42.0,media_vs_baixa,baixa,media,46,False,4,
2012,adulto,2,1,ES,13.0,59.0,media_vs_baixa,baixa,media,72,False,13,
2012,adulto,2,1,GO,27.0,97.0,media_vs_baixa,baixa,media,124,True,27,
2012,adulto,2,1,MA,41.0,186.0,media_vs_baixa,baixa,media,227,True,41,
2012,adulto,2,1,MG,65.0,392.0,media_vs_baixa,baixa,media,457,True,65,
2012,adulto,2,1,MS,8.0,25.0,media_vs_baixa,baixa,media,33,False,8,
2012,adulto,2,1,MT,14.0,81.0,media_vs_baixa,baixa,media,95,False,14,
2012,adulto,2,1,PA,16.0,97.0,media_vs_baixa,baixa,media,113,False,16,
2012,adulto,2,1,PB,5.0,19.0,media_vs_baixa,baixa,media,24,False,5,
2012,adulto,2,1,PE,42.0,104.0,media_vs_baixa,baixa,media,146,True,42,
2012,adulto,2,1,PI,20.0,76.0,media_vs_baixa,baixa,media,96,True,20,
2012,adulto,2,1,PR,7.0,110.0,media_vs_baixa,baixa,media,117,False,7,
2012,adulto,2,1,RJ,55.0,573.0,media_vs_baixa,baixa,media,628,True,55,
2012,adulto,2,1,RN,13.0,22.0,media_vs_baixa,baixa,media,35,False,13,
2012,adulto,2,1,RO,2.0,19.0,media_vs_baixa,baixa,media,21,False,2,
2012,adulto,2,1,RR,0.0,9.0,media_vs_baixa,baixa,media,9,False,0,
2012,adulto,2,1,RS,22.0,179.0,media_vs_baixa,baixa,media,201,True,22,
2012,adulto,2,1,SC,4.0,46.0,media_vs_baixa,baixa,media,50,False,4,
2012,adulto,2,1,SE,18.0,52.0,media_vs_baixa,baixa,media,70,False,18,
2012,adulto,2,1,SP,64.0,514.0,media_vs_baixa,baixa,media,578,True,64,
2012,adulto,2,1,TO,14.0,30.0,media_vs_baixa,baixa,media,44,False,14,
2012,adulto,2,2,AC,2.0,0.0,media_vs_baixa,baixa,media,2,False,0,
2012,adulto,2,2,AL,3.0,15.0,media_vs_baixa,baixa,media,18,False,3,
2012,adulto,2,2,AM,4.0,8.0,media_vs_baixa,baixa,media,12,False,4,
2012,adulto,2,2,AP,1.0,4.0,media_vs_baixa,baixa,media,5,False,1,
2012,adulto,2,2,BA,27.0,125.0,media_vs_baixa,baixa,media,152,True,27,
2012,adulto,2,2,CE,7.0,30.0,media_vs_baixa,baixa,media,37,False,7,
2012,adulto,2,2,DF,0.0,13.0,media_vs_baixa,baixa,media,13,False,0,
2012,adulto,2,2,ES,4.0,30.0,media_vs_baixa,baixa,media,34,False,4,
2012,adulto,2,2,GO,8.0,39.0,media_vs_baixa,baixa,media,47,False,8,
2012,adulto,2,2,MA,9.0,34.0,media_vs_baixa,baixa,media,43,False,9,
2012,adulto,2,2,MG,27.0,175.0,media_vs_baixa,baixa,media,202,True,27,
2012,adulto,2,2,MS,3.0,12.0,media_vs_baixa,baixa,media,15,False,3,
2012,adulto,2,2,MT,4.0,22.0,media_vs_baixa,baixa,media,26,False,4,
2012,adulto,2,2,PA,6.0,49.0,media_vs_baixa,baixa,media,55,False,6,
2012,adulto,2,2,PB,0.0,6.0,media_vs_baixa,baixa,media,6,False,0,
2012,adulto,2,2,PE,11.0,44.0,media_vs_baixa,baixa,media,55,False,11,
2012,adulto,2,2,PI,6.0,14.0,media_vs_baixa,baixa,media,20,False,6,
2012,adulto,2,2,PR,9.0,48.0,media_vs_baixa,baixa,media,57,False,9,
2012,adulto,2,2,RJ,39.0,358.0,media_vs_baixa,baixa,media,397,True,39,
2012,adulto,2,2,RN,4.0,14.0,media_vs_baixa,baixa,media,18,False,4,
2012,adulto,2,2,RO,0.0,2.0,media_vs_baixa,baixa,media,2,False,0,
2012,adulto,2,2,RR,0.0,5.0,media_vs_baixa,baixa,media,5,False,0,
2012,adulto,2,2,RS,17.0,89.0,media_vs_baixa,baixa,media,106,False,17,
2012,adulto,2,2,SC,1.0,26.0,media_vs_baixa,baixa,media,27,False,1,
2012,adulto,2,2,SE,6.0,18.0,media_vs_baixa,baixa,media,24,False,6,
2012,adulto,2,2,SP,30.0,221.0,media_vs_baixa,baixa,media,251,True,30,
2012,adulto,2,2,TO,6.0,13.0,media_vs_baixa,baixa,media,19,False,6,
2012,adulto,3,1,AL,2.0,0.0,media_vs_baixa,baixa,media,2,False,0,
2012,adulto,3,1,AM,0.0,1.0,media_vs_baixa,baixa,media,1,False,0,
2012,adulto,3,1,BA,1.0,0.0,media_vs_baixa,baixa,media,1,False,0,
2012,adulto,3,1,CE,0.0,1.0,media_vs_baixa,baixa,media,1,False,0,
2012,adulto,3,1,DF,0.0,1.0,media_vs_baixa,baixa,media,1,False,0,
2012,adulto,3,1,GO,0.0,2.0,media_vs_baixa,baixa,media,2,False,0,
2012,adulto,3,1,MA,0.0,3.0,media_vs_baixa,baixa,media,3,False,0,
2012,adulto,3,1,MG,1.0,5.0,media_vs_baixa,baixa,media,6,False,1,
2012,adulto,3,1,MS,1.0,4.0,media_vs_baixa,baixa,media,5,False,1,
2012,adulto,3,1,MT,1.0,1.0,media_vs_baixa,baixa,media,2,False,1,
2012,adulto,3,1,PA,0.0,2.0,media_vs_baixa,baixa,media,2,False,0,
2012,adulto,3,1,PB,0.0,4.0,media_vs_baixa,baixa,media,4,False,0,
2012,adulto,3,1,PE,0.0,3.0,media_vs_baixa,baixa,media,3,False,0,
2012,adulto,3,1,PI,0.0,5.0,media_vs_baixa,baixa,media,5,False,0,
2012,adulto,3,1,PR,0.0,4.0,media_vs_baixa,baixa,media,4,False,0,
2012,adulto,3,1,RJ,0.0,1.0,media_vs_baixa,baixa,media,1,False,0,
2012,adulto,3,1,RN,2.0,1.0,media_vs_baixa,baixa,media,3,False,1,
2012,adulto,3,1,RO,1.0,0.0,media_vs_baixa,baixa,media,1,False,0,
2012,adulto,3,1,RR,0.0,1.0,media_vs_baixa,baixa,media,1,False,0,
2012,adulto,3,1,SP,6.0,26.0,media_vs_baixa,baixa,media,32,False,6,
2012,adulto,3,2,AC,0.0,1.0,media_vs_baixa,baixa,media,1,False,0,
2012,adulto,3,2,AM,1.0,0.0,media_vs_baixa,baixa,media,1,False,0,
2012,adulto,3,2,BA,1.0,1.0,media_vs_baixa,baixa,media,2,False,1,
2012,adulto,3,2,CE,0.0,1.0,media_vs_baixa,baixa,media,1,False,0,
2012,adulto,3,2,GO,0.0,1.0,media_vs_baixa,baixa,media,1,False,0,
2012,adulto,3,2,MA,0.0,3.0,media_vs_baixa,baixa,media,3,False,0,
2012,adulto,3,2,MG,2.0,1.0,media_vs_baixa,baixa,media,3,False,1,
2012,adulto,3,2,MS,0.0,1.0,media_vs_baixa,baixa,media,1,False,0,
2012,adulto,3,2,MT,0.0,2.0,media_vs_baixa,baixa,media,2,False,0,
2012,adulto,3,2,PA,0.0,3.0,media_vs_baixa,baixa,media,3,False,0,
2012,adulto,3,2,PB,0.0,2.0,media_vs_baixa,baixa,media,2,False,0,
2012,adulto,3,2,PE,0.0,1.0,media_vs_baixa,baixa,media,1,False,0,
2012,adulto,3,2,PI,0.0,2.0,media_vs_baixa,baixa,media,2,False,0,
2012,adulto,3,2,RJ,0.0,1.0,media_vs_baixa,baixa,media,1,False,0,
2012,adulto,3,2,RS,0.0,1.0,media_vs_baixa,baixa,media,1,False,0,
2012,adulto,3,2,SP,2.0,21.0,media_vs_baixa,baixa,media,23,False,2,
2012,adulto,4,1,AC,9.0,16.0,media_vs_baixa,baixa,media,25,False,9,
2012,adulto,4,1,AL,460.0,158.0,media_vs_baixa,baixa,media,618,True,158,
2012,adulto,4,1,AM,68.0,742.0,media_vs_baixa,baixa,media,810,True,68,
2012,adulto,4,1,AP,4.0,40.0,media_vs_baixa,baixa,media,44,False,4,
2012,adulto,4,1,BA,337.0,1183.0,media_vs_baixa,baixa,media,1520,True,337,
2012,adulto,4,1,CE,274.0,1177.0,media_vs_baixa,baixa,media,1451,True,274,
2012,adulto,4,1,DF,36.0,471.0,media_vs_baixa,baixa,media,507,True,36,
2012,adulto,4,1,ES,77.0,371.0,media_vs_baixa,baixa,media,448,True,77,
2012,adulto,4,1,GO,115.0,945.0,media_vs_baixa,baixa,media,1060,True,115,
2012,adulto,4,1,MA,242.0,889.0,media_vs_baixa,baixa,media,1131,True,242,
2012,adulto,4,1,MG,195.0,1423.0,media_vs_baixa,baixa,media,1618,True,195,
2012,adulto,4,1,MS,32.0,287.0,media_vs_baixa,baixa,media,319,True,32,
2012,adulto,4,1,MT,50.0,559.0,media_vs_baixa,baixa,media,609,True,50,
2012,adulto,4,1,PA,145.0,1304.0,media_vs_baixa,baixa,media,1449,True,145,
2012,adulto,4,1,PB,147.0,229.0,media_vs_baixa,baixa,media,376,True,147,
2012,adulto,4,1,PE,323.0,1653.0,media_vs_baixa,baixa,media,1976,True,323,
2012,adulto,4,1,PI,144.0,551.0,media_vs_baixa,baixa,media,695,True,144,
2012,adulto,4,1,PR,39.0,552.0,media_vs_baixa,baixa,media,591,True,39,
2012,adulto,4,1,RJ,100.0,1228.0,media_vs_baixa,baixa,media,1328,True,100,
2012,adulto,4,1,RN,185.0,207.0,media_vs_baixa,baixa,media,392,True,185,
2012,adulto,4,1,RO,13.0,85.0,media_vs_baixa,baixa,media,98,False,13,
2012,adulto,4,1,RR,5.0,82.0,media_vs_baixa,baixa,media,87,False,5,
2012,adulto,4,1,RS,18.0,149.0,media_vs_baixa,baixa,media,167,False,18,
2012,adulto,4,1,SC,4.0,103.0,media_vs_baixa,baixa,media,107,False,4,
2012,adulto,4,1,SE,95.0,471.0,media_vs_baixa,baixa,media,566,True,95,
2012,adulto,4,1,SP,287.0,1979.0,media_vs_baixa,baixa,media,2266,True,287,
2012,adulto,4,1,TO,40.0,178.0,media_vs_baixa,baixa,media,218,True,40,
2012,adulto,4,2,AC,4.0,9.0,media_vs_baixa,baixa,media,13,False,4,
2012,adulto,4,2,AL,52.0,108.0,media_vs_baixa,baixa,media,160,True,52,
2012,adulto,4,2,AM,24.0,191.0,media_vs_baixa,baixa,media,215,True,24,
2012,adulto,4,2,AP,5.0,13.0,media_vs_baixa,baixa,media,18,False,5,
2012,adulto,4,2,BA,93.0,501.0,media_vs_baixa,baixa,media,594,True,93,
2012,adulto,4,2,CE,69.0,350.0,media_vs_baixa,baixa,media,419,True,69,
2012,adulto,4,2,DF,12.0,125.0,media_vs_baixa,baixa,media,137,False,12,
2012,adulto,4,2,ES,19.0,129.0,media_vs_baixa,baixa,media,148,False,19,
2012,adulto,4,2,GO,42.0,241.0,media_vs_baixa,baixa,media,283,True,42,
2012,adulto,4,2,MA,74.0,368.0,media_vs_baixa,baixa,media,442,True,74,
2012,adulto,4,2,MG,77.0,576.0,media_vs_baixa,baixa,media,653,True,77,
2012,adulto,4,2,MS,13.0,116.0,media_vs_baixa,baixa,media,129,False,13,
2012,adulto,4,2,MT,16.0,187.0,media_vs_baixa,baixa,media,203,False,16,
2012,adulto,4,2,PA,58.0,433.0,media_vs_baixa,baixa,media,491,True,58,
2012,adulto,4,2,PB,30.0,104.0,media_vs_baixa,baixa,media,134,True,30,
2012,adulto,4,2,PE,119.0,499.0,media_vs_baixa,baixa,media,618,True,119,
2012,adulto,4,2,PI,36.0,175.0,media_vs_baixa,baixa,media,211,True,36,
2012,adulto,4,2,PR,30.0,162.0,media_vs_baixa,baixa,media,192,True,30,
2012,adulto,4,2,RJ,61.0,671.0,media_vs_baixa,baixa,media,732,True,61,
2012,adulto,4,2,RN,28.0,73.0,media_vs_baixa,baixa,media,101,True,28,
2012,adulto,4,2,RO,6.0,43.0,media_vs_baixa,baixa,media,49,False,6,
2012,adulto,4,2,RR,3.0,23.0,media_vs_baixa,baixa,media,26,False,3,
2012,adulto,4,2,RS,7.0,67.0,media_vs_baixa,baixa,media,74,False,7,
2012,adulto,4,2,SC,1.0,31.0,media_vs_baixa,baixa,media,32,False,1,
2012,adulto,4,2,SE,29.0,109.0,media_vs_baixa,baixa,media,138,True,29,
2012,adulto,4,2,SP,93.0,752.0,media_vs_baixa,baixa,media,845,True,93,
2012,adulto,4,2,TO,9.0,69.0,media_vs_baixa,baixa,media,78,False,9,
2012,adulto,5,1,AC,1.0,2.0,media_vs_baixa,baixa,media,3,False,1,
2012,adulto,5,1,AL,0.0,2.0,media_vs_baixa,baixa,media,2,False,0,
2012,adulto,5,1,AM,5.0,23.0,media_vs_baixa,baixa,media,28,False,5,
2012,adulto,5,1,AP,0.0,2.0,media_vs_baixa,baixa,media,2,False,0,
2012,adulto,5,1,BA,2.0,4.0,media_vs_baixa,baixa,media,6,False,2,
2012,adulto,5,1,CE,1.0,2.0,media_vs_baixa,baixa,media,3,False,1,
2012,adulto,5,1,ES,0.0,1.0,media_vs_baixa,baixa,media,1,False,0,
2012,adulto,5,1,GO,1.0,0.0,media_vs_baixa,baixa,media,1,False,0,
2012,adulto,5,1,MA,0.0,7.0,media_vs_baixa,baixa,media,7,False,0,
2012,adulto,5,1,MG,1.0,3.0,media_vs_baixa,baixa,media,4,False,1,
2012,adulto,5,1,MS,7.0,26.0,media_vs_baixa,baixa,media,33,False,7,
2012,adulto,5,1,MT,0.0,3.0,media_vs_baixa,baixa,media,3,False,0,
2012,adulto,5,1,PA,0.0,4.0,media_vs_baixa,baixa,media,4,False,0,
2012,adulto,5,1,PB,3.0,0.0,media_vs_baixa,baixa,media,3,False,0,
2012,adulto,5,1,PE,1.0,2.0,media_vs_baixa,baixa,media,3,False,1,
2012,adulto,5,1,PI,0.0,1.0,media_vs_baixa,baixa,media,1,False,0,
2012,adulto,5,1,PR,1.0,9.0,media_vs_baixa,baixa,media,10,False,1,
2012,adulto,5,1,RJ,1.0,1.0,media_vs_baixa,baixa,media,2,False,1,
2012,adulto,5,1,RO,1.0,1.0,media_vs_baixa,baixa,media,2,False,1,
2012,adulto,5,1,RR,1.0,3.0,media_vs_baixa,baixa,media,4,False,1,
2012,adulto,5,1,RS,1.0,2.0,media_vs_baixa,baixa,media,3,False,1,
2012,adulto,5,1,SC,0.0,2.0,media_vs_baixa,baixa,media,2,False,0,
2012,adulto,5,1,SP,1.0,2.0,media_vs_baixa,baixa,media,3,False,1,
2012,adulto,5,1,TO,0.0,2.0,media_vs_baixa,baixa,media,2,False,0,
2012,adulto,5,2,AM,8.0,12.0,media_vs_baixa,baixa,media,20,False,8,
2012,adulto,5,2,BA,1.0,2.0,media_vs_baixa,baixa,media,3,False,1,
2012,adulto,5,2,ES,0.0,1.0,media_vs_baixa,baixa,media,1,False,0,
2012,adulto,5,2,MA,1.0,2.0,media_vs_baixa,baixa,media,3,False,1,
2012,adulto,5,2,MG,0.0,3.0,media_vs_baixa,baixa,media,3,False,0,
2012,adulto,5,2,MS,3.0,14.0,media_vs_baixa,baixa,media,17,False,3,
2012,adulto,5,2,MT,2.0,1.0,media_vs_baixa,baixa,media,3,False,1,
2012,adulto,5,2,PA,1.0,1.0,media_vs_baixa,baixa,media,2,False,1,
2012,adulto,5,2,PB,0.0,1.0,media_vs_baixa,baixa,media,1,False,0,
2012,adulto,5,2,PE,1.0,2.0,media_vs_baixa,baixa,media,3,False,1,
2012,adulto,5,2,PR,1.0,0.0,media_vs_baixa,baixa,media,1,False,0,
2012,adulto,5,2,RR,0.0,1.0,media_vs_baixa,baixa,media,1,False,0,
2012,adulto,5,2,RS,2.0,2.0,media_vs_baixa,baixa,media,4,False,2,
2012,adulto,5,2,SC,0.0,1.0,media_vs_baixa,baixa,media,1,False,0,
2012,adulto,5,2,SP,0.0,4.0,media_vs_baixa,baixa,media,4,False,0,
2012,idoso,1,0,RJ,0.0,1.0,media_vs_baixa,baixa,media,1,False,0,
2012,idoso,1,1,AC,4.0,15.0,media_vs_baixa,baixa,media,19,False,4,
2012,idoso,1,1,AL,80.0,139.0,media_vs_baixa,baixa,media,219,True,80,
2012,idoso,1,1,AM,40.0,158.0,media_vs_baixa,baixa,media,198,True,40,
2012,idoso,1,1,AP,3.0,14.0,media_vs_baixa,baixa,media,17,False,3,
2012,idoso,1,1,BA,222.0,466.0,media_vs_baixa,baixa,media,688,True,222,
2012,idoso,1,1,CE,237.0,508.0,media_vs_baixa,baixa,media,745,True,237,
2012,idoso,1,1,DF,53.0,410.0,media_vs_baixa,baixa,media,463,True,53,
2012,idoso,1,1,ES,165.0,464.0,media_vs_baixa,baixa,media,629,True,165,
2012,idoso,1,1,GO,267.0,695.0,media_vs_baixa,baixa,media,962,True,267,
2012,idoso,1,1,MA,165.0,310.0,media_vs_baixa,baixa,media,475,True,165,
2012,idoso,1,1,MG,769.0,3385.0,media_vs_baixa,baixa,media,4154,True,769,
2012,idoso,1,1,MS,142.0,674.0,media_vs_baixa,baixa,media,816,True,142,
2012,idoso,1,1,MT,115.0,503.0,media_vs_baixa,baixa,media,618,True,115,
2012,idoso,1,1,PA,111.0,345.0,media_vs_baixa,baixa,media,456,True,111,
2012,idoso,1,1,PB,90.0,173.0,media_vs_baixa,baixa,media,263,True,90,
2012,idoso,1,1,PE,427.0,1039.0,media_vs_baixa,baixa,media,1466,True,427,
2012,idoso,1,1,PI,107.0,149.0,media_vs_baixa,baixa,media,256,True,107,
2012,idoso,1,1,PR,912.0,5523.0,media_vs_baixa,baixa,media,6435,True,912,
2012,idoso,1,1,RJ,900.0,4923.0,media_vs_baixa,baixa,media,5823,True,900,
2012,idoso,1,1,RN,165.0,235.0,media_vs_baixa,baixa,media,400,True,165,
2012,idoso,1,1,RO,51.0,116.0,media_vs_baixa,baixa,media,167,True,51,
2012,idoso,1,1,RR,13.0,28.0,media_vs_baixa,baixa,media,41,False,13,
2012,idoso,1,1,RS,927.0,5380.0,media_vs_baixa,baixa,media,6307,True,927,
2012,idoso,1,1,SC,279.0,3316.0,media_vs_baixa,baixa,media,3595,True,279,
2012,idoso,1,1,SE,60.0,147.0,media_vs_baixa,baixa,media,207,True,60,
2012,idoso,1,1,SP,3125.0,13858.0,media_vs_baixa,baixa,media,16983,True,3125,
2012,idoso,1,1,TO,40.0,100.0,media_vs_baixa,baixa,media,140,True,40,
2012,idoso,1,2,AC,8.0,2.0,media_vs_baixa,baixa,media,10,False,2,
2012,idoso,1,2,AL,111.0,99.0,media_vs_baixa,baixa,media,210,True,99,
2012,idoso,1,2,AM,24.0,146.0,media_vs_baixa,baixa,media,170,True,24,
2012,idoso,1,2,AP,8.0,17.0,media_vs_baixa,baixa,media,25,False,8,
2012,idoso,1,2,BA,273.0,357.0,media_vs_baixa,baixa,media,630,True,273,
2012,idoso,1,2,CE,281.0,512.0,media_vs_baixa,baixa,media,793,True,281,
2012,idoso,1,2,DF,68.0,355.0,media_vs_baixa,baixa,media,423,True,68,
2012,idoso,1,2,ES,166.0,292.0,media_vs_baixa,baixa,media,458,True,166,
2012,idoso,1,2,GO,313.0,566.0,media_vs_baixa,baixa,media,879,True,313,
2012,idoso,1,2,MA,204.0,244.0,media_vs_baixa,baixa,media,448,True,204,
2012,idoso,1,2,MG,903.0,2605.0,media_vs_baixa,baixa,media,3508,True,903,
2012,idoso,1,2,MS,147.0,444.0,media_vs_baixa,baixa,media,591,True,147,
2012,idoso,1,2,MT,113.0,294.0,media_vs_baixa,baixa,media,407,True,113,
2012,idoso,1,2,PA,98.0,294.0,media_vs_baixa,baixa,media,392,True,98,
2012,idoso,1,2,PB,104.0,170.0,media_vs_baixa,baixa,media,274,True,104,
2012,idoso,1,2,PE,562.0,967.0,media_vs_baixa,baixa,media,1529,True,562,
2012,idoso,1,2,PI,114.0,119.0,media_vs_baixa,baixa,media,233,True,114,
2012,idoso,1,2,PR,1255.0,3703.0,media_vs_baixa,baixa,media,4958,True,1255,
2012,idoso,1,2,RJ,1021.0,4245.0,media_vs_baixa,baixa,media,5266,True,1021,
2012,idoso,1,2,RN,143.0,267.0,media_vs_baixa,baixa,media,410,True,143,
2012,idoso,1,2,RO,40.0,64.0,media_vs_baixa,baixa,media,104,True,40,
2012,idoso,1,2,RR,7.0,22.0,media_vs_baixa,baixa,media,29,False,7,
2012,idoso,1,2,RS,871.0,3666.0,media_vs_baixa,baixa,media,4537,True,871,
2012,idoso,1,2,SC,327.0,2152.0,media_vs_baixa,baixa,media,2479,True,327,
2012,idoso,1,2,SE,89.0,136.0,media_vs_baixa,baixa,media,225,True,89,
2012,idoso,1,2,SP,3337.0,10081.0,media_vs_baixa,baixa,media,13418,True,3337,
2012,idoso,1,2,TO,37.0,68.0,media_vs_baixa,baixa,media,105,True,37,
2012,idoso,2,0,AL,1.0,0.0,media_vs_baixa,baixa,media,1,False,0,
2012,idoso,2,1,AC,1.0,0.0,media_vs_baixa,baixa,media,1,False,0,
2012,idoso,2,1,AL,46.0,37.0,media_vs_baixa,baixa,media,83,True,37,
2012,idoso,2,1,AM,15.0,18.0,media_vs_baixa,baixa,media,33,False,15,
2012,idoso,2,1,AP,1.0,2.0,media_vs_baixa,baixa,media,3,False,1,
2012,idoso,2,1,BA,280.0,312.0,media_vs_baixa,baixa,media,592,True,280,
2012,idoso,2,1,CE,84.0,61.0,media_vs_baixa,baixa,media,145,True,61,
2012,idoso,2,1,DF,18.0,43.0,media_vs_baixa,baixa,media,61,False,18,
2012,idoso,2,1,ES,76.0,97.0,media_vs_baixa,baixa,media,173,True,76,
2012,idoso,2,1,GO,87.0,111.0,media_vs_baixa,baixa,media,198,True,87,
2012,idoso,2,1,MA,206.0,147.0,media_vs_baixa,baixa,media,353,True,147,
2012,idoso,2,1,MG,302.0,622.0,media_vs_baixa,baixa,media,924,True,302,
2012,idoso,2,1,MS,37.0,72.0,media_vs_baixa,baixa,media,109,True,37,
2012,idoso,2,1,MT,56.0,90.0,media_vs_baixa,baixa,media,146,True,56,
2012,idoso,2,1,PA,94.0,157.0,media_vs_baixa,baixa,media,251,True,94,
2012,idoso,2,1,PB,19.0,16.0,media_vs_baixa,baixa,media,35,False,16,
2012,idoso,2,1,PE,152.0,213.0,media_vs_baixa,baixa,media,365,True,152,
2012,idoso,2,1,PI,121.0,71.0,media_vs_baixa,baixa,media,192,True,71,
2012,idoso,2,1,PR,94.0,246.0,media_vs_baixa,baixa,media,340,True,94,
2012,idoso,2,1,RJ,324.0,1208.0,media_vs_baixa,baixa,media,1532,True,324,
2012,idoso,2,1,RN,35.0,28.0,media_vs_baixa,baixa,media,63,True,28,
2012,idoso,2,1,RO,15.0,19.0,media_vs_baixa,baixa,media,34,False,15,
2012,idoso,2,1,RR,2.0,4.0,media_vs_baixa,baixa,media,6,False,2,
2012,idoso,2,1,RS,101.0,249.0,media_vs_baixa,baixa,media,350,True,101,
2012,idoso,2,1,SC,17.0,92.0,media_vs_baixa,baixa,media,109,False,17,
2012,idoso,2,1,SE,46.0,62.0,media_vs_baixa,baixa,media,108,True,46,
2012,idoso,2,1,SP,325.0,1173.0,media_vs_baixa,baixa,media,1498,True,325,
2012,idoso,2,1,TO,53.0,29.0,media_vs_baixa,baixa,media,82,True,29,
2012,idoso,2,2,AC,2.0,0.0,media_vs_baixa,baixa,media,2,False,0,
2012,idoso,2,2,AL,31.0,24.0,media_vs_baixa,baixa,media,55,True,24,
2012,idoso,2,2,AM,8.0,14.0,media_vs_baixa,baixa,media,22,False,8,
2012,idoso,2,2,AP,4.0,3.0,media_vs_baixa,baixa,media,7,False,3,
2012,idoso,2,2,BA,267.0,176.0,media_vs_baixa,baixa,media,443,True,176,
2012,idoso,2,2,CE,55.0,41.0,media_vs_baixa,baixa,media,96,True,41,
2012,idoso,2,2,DF,18.0,48.0,media_vs_baixa,baixa,media,66,False,18,
2012,idoso,2,2,ES,55.0,39.0,media_vs_baixa,baixa,media,94,True,39,
2012,idoso,2,2,GO,83.0,74.0,media_vs_baixa,baixa,media,157,True,74,
2012,idoso,2,2,MA,140.0,101.0,media_vs_baixa,baixa,media,241,True,101,
2012,idoso,2,2,MG,322.0,418.0,media_vs_baixa,baixa,media,740,True,322,
2012,idoso,2,2,MS,24.0,41.0,media_vs_baixa,baixa,media,65,True,24,
2012,idoso,2,2,MT,35.0,46.0,media_vs_baixa,baixa,media,81,True,35,
2012,idoso,2,2,PA,61.0,87.0,media_vs_baixa,baixa,media,148,True,61,
2012,idoso,2,2,PB,25.0,16.0,media_vs_baixa,baixa,media,41,False,16,
2012,idoso,2,2,PE,155.0,115.0,media_vs_baixa,baixa,media,270,True,115,
2012,idoso,2,2,PI,51.0,29.0,media_vs_baixa,baixa,media,80,True,29,
2012,idoso,2,2,PR,125.0,160.0,media_vs_baixa,baixa,media,285,True,125,
2012,idoso,2,2,RJ,535.0,1243.0,media_vs_baixa,baixa,media,1778,True,535,
2012,idoso,2,2,RN,32.0,20.0,media_vs_baixa,baixa,media,52,True,20,
2012,idoso,2,2,RO,9.0,6.0,media_vs_baixa,baixa,media,15,False,6,
2012,idoso,2,2,RR,2.0,4.0,media_vs_baixa,baixa,media,6,False,2,
2012,idoso,2,2,RS,100.0,210.0,media_vs_baixa,baixa,media,310,True,100,
2012,idoso,2,2,SC,19.0,87.0,media_vs_baixa,baixa,media,106,False,19,
2012,idoso,2,2,SE,39.0,42.0,media_vs_baixa,baixa,media,81,True,39,
2012,idoso,2,2,SP,403.0,863.0,media_vs_baixa,baixa,media,1266,True,403,
2012,idoso,2,2,TO,28.0,22.0,media_vs_baixa,baixa,media,50,True,22,
2012,idoso,3,1,AM,1.0,1.0,media_vs_baixa,baixa,media,2,False,1,
2012,idoso,3,1,BA,3.0,5.0,media_vs_baixa,baixa,media,8,False,3,
2012,idoso,3,1,CE,3.0,3.0,media_vs_baixa,baixa,media,6,False,3,
2012,idoso,3,1,DF,2.0,7.0,media_vs_baixa,baixa,media,9,False,2,
2012,idoso,3,1,ES,3.0,4.0,media_vs_baixa,baixa,media,7,False,3,
2012,idoso,3,1,GO,4.0,7.0,media_vs_baixa,baixa,media,11,False,4,
2012,idoso,3,1,MA,6.0,2.0,media_vs_baixa,baixa,media,8,False,2,
2012,idoso,3,1,MG,5.0,12.0,media_vs_baixa,baixa,media,17,False,5,
2012,idoso,3,1,MS,0.0,12.0,media_vs_baixa,baixa,media,12,False,0,
2012,idoso,3,1,MT,2.0,7.0,media_vs_baixa,baixa,media,9,False,2,
2012,idoso,3,1,PA,4.0,11.0,media_vs_baixa,baixa,media,15,False,4,
2012,idoso,3,1,PB,1.0,1.0,media_vs_baixa,baixa,media,2,False,1,
2012,idoso,3,1,PE,3.0,5.0,media_vs_baixa,baixa,media,8,False,3,
2012,idoso,3,1,PI,3.0,2.0,media_vs_baixa,baixa,media,5,False,2,
2012,idoso,3,1,PR,5.0,61.0,media_vs_baixa,baixa,media,66,False,5,
2012,idoso,3,1,RJ,2.0,16.0,media_vs_baixa,baixa,media,18,False,2,
2012,idoso,3,1,RN,1.0,0.0,media_vs_baixa,baixa,media,1,False,0,
2012,idoso,3,1,RO,0.0,2.0,media_vs_baixa,baixa,media,2,False,0,
2012,idoso,3,1,RS,2.0,2.0,media_vs_baixa,baixa,media,4,False,2,
2012,idoso,3,1,SC,1.0,6.0,media_vs_baixa,baixa,media,7,False,1,
2012,idoso,3,1,SP,40.0,258.0,media_vs_baixa,baixa,media,298,True,40,
2012,idoso,3,1,TO,2.0,1.0,media_vs_baixa,baixa,media,3,False,1,
2012,idoso,3,2,AC,1.0,0.0,media_vs_baixa,baixa,media,1,False,0,
2012,idoso,3,2,BA,4.0,4.0,media_vs_baixa,baixa,media,8,False,4,
2012,idoso,3,2,CE,2.0,3.0,media_vs_baixa,baixa,media,5,False,2,
2012,idoso,3,2,DF,0.0,3.0,media_vs_baixa,baixa,media,3,False,0,
2012,idoso,3,2,ES,2.0,0.0,media_vs_baixa,baixa,media,2,False,0,
2012,idoso,3,2,GO,4.0,7.0,media_vs_baixa,baixa,media,11,False,4,
2012,idoso,3,2,MA,1.0,0.0,media_vs_baixa,baixa,media,1,False,0,
2012,idoso,3,2,MG,9.0,8.0,media_vs_baixa,baixa,media,17,False,8,
2012,idoso,3,2,MS,2.0,3.0,media_vs_baixa,baixa,media,5,False,2,
2012,idoso,3,2,MT,0.0,2.0,media_vs_baixa,baixa,media,2,False,0,
2012,idoso,3,2,PA,1.0,6.0,media_vs_baixa,baixa,media,7,False,1,
2012,idoso,3,2,PB,0.0,1.0,media_vs_baixa,baixa,media,1,False,0,
2012,idoso,3,2,PE,5.0,7.0,media_vs_baixa,baixa,media,12,False,5,
2012,idoso,3,2,PI,4.0,2.0,media_vs_baixa,baixa,media,6,False,2,
2012,idoso,3,2,PR,7.0,34.0,media_vs_baixa,baixa,media,41,False,7,
2012,idoso,3,2,RJ,7.0,11.0,media_vs_baixa,baixa,media,18,False,7,
2012,idoso,3,2,RN,2.0,4.0,media_vs_baixa,baixa,media,6,False,2,
2012,idoso,3,2,RO,1.0,2.0,media_vs_baixa,baixa,media,3,False,1,
2012,idoso,3,2,RS,1.0,1.0,media_vs_baixa,baixa,media,2,False,1,
2012,idoso,3,2,SC,1.0,5.0,media_vs_baixa,baixa,media,6,False,1,
2012,idoso,3,2,SE,0.0,1.0,media_vs_baixa,baixa,media,1,False,0,
2012,idoso,3,2,SP,28.0,206.0,media_vs_baixa,baixa,media,234,True,28,
2012,idoso,4,0,PE,2.0,0.0,media_vs_baixa,baixa,media,2,False,0,
2012,idoso,4,1,AC,34.0,42.0,media_vs_baixa,baixa,media,76,True,34,
2012,idoso,4,1,AL,407.0,285.0,media_vs_baixa,baixa,media,692,True,285,
2012,idoso,4,1,AM,291.0,562.0,media_vs_baixa,baixa,media,853,True,291,
2012,idoso,4,1,AP,15.0,30.0,media_vs_baixa,baixa,media,45,False,15,
2012,idoso,4,1,BA,921.0,1218.0,media_vs_baixa,baixa,media,2139,True,921,
2012,idoso,4,1,CE,1038.0,1301.0,media_vs_baixa,baixa,media,2339,True,1038,
2012,idoso,4,1,DF,128.0,399.0,media_vs_baixa,baixa,media,527,True,128,
2012,idoso,4,1,ES,160.0,376.0,media_vs_baixa,baixa,media,536,True,160,
2012,idoso,4,1,GO,379.0,828.0,media_vs_baixa,baixa,media,1207,True,379,
2012,idoso,4,1,MA,826.0,881.0,media_vs_baixa,baixa,media,1707,True,826,
2012,idoso,4,1,MG,878.0,2300.0,media_vs_baixa,baixa,media,3178,True,878,
2012,idoso,4,1,MS,220.0,580.0,media_vs_baixa,baixa,media,800,True,220,
2012,idoso,4,1,MT,288.0,635.0,media_vs_baixa,baixa,media,923,True,288,
2012,idoso,4,1,PA,526.0,1260.0,media_vs_baixa,baixa,media,1786,True,526,
2012,idoso,4,1,PB,355.0,334.0,media_vs_baixa,baixa,media,689,True,334,
2012,idoso,4,1,PE,1121.0,1813.0,media_vs_baixa,baixa,media,2934,True,1121,
2012,idoso,4,1,PI,568.0,606.0,media_vs_baixa,baixa,media,1174,True,568,
2012,idoso,4,1,PR,304.0,773.0,media_vs_baixa,baixa,media,1077,True,304,
2012,idoso,4,1,RJ,536.0,2488.0,media_vs_baixa,baixa,media,3024,True,536,
2012,idoso,4,1,RN,271.0,268.0,media_vs_baixa,baixa,media,539,True,268,
2012,idoso,4,1,RO,42.0,103.0,media_vs_baixa,baixa,media,145,True,42,
2012,idoso,4,1,RR,26.0,51.0,media_vs_baixa,baixa,media,77,True,26,
2012,idoso,4,1,RS,78.0,242.0,media_vs_baixa,baixa,media,320,True,78,
2012,idoso,4,1,SC,25.0,86.0,media_vs_baixa,baixa,media,111,True,25,
2012,idoso,4,1,SE,239.0,323.0,media_vs_baixa,baixa,media,562,True,239,
2012,idoso,4,1,SP,894.0,3278.0,media_vs_baixa,baixa,media,4172,True,894,
2012,idoso,4,1,TO,170.0,193.0,media_vs_baixa,baixa,media,363,True,170,
2012,idoso,4,2,AC,32.0,16.0,media_vs_baixa,baixa,media,48,False,16,
2012,idoso,4,2,AL,355.0,175.0,media_vs_baixa,baixa,media,530,True,175,
2012,idoso,4,2,AM,225.0,395.0,media_vs_baixa,baixa,media,620,True,225,
2012,idoso,4,2,AP,29.0,26.0,media_vs_baixa,baixa,media,55,True,26,
2012,idoso,4,2,BA,989.0,838.0,media_vs_baixa,baixa,media,1827,True,838,
2012,idoso,4,2,CE,804.0,925.0,media_vs_baixa,baixa,media,1729,True,804,
2012,idoso,4,2,DF,130.0,270.0,media_vs_baixa,baixa,media,400,True,130,
2012,idoso,4,2,ES,190.0,188.0,media_vs_baixa,baixa,media,378,True,188,
2012,idoso,4,2,GO,378.0,507.0,media_vs_baixa,baixa,media,885,True,378,
2012,idoso,4,2,MA,717.0,553.0,media_vs_baixa,baixa,media,1270,True,553,
2012,idoso,4,2,MG,930.0,1431.0,media_vs_baixa,baixa,media,2361,True,930,
2012,idoso,4,2,MS,196.0,336.0,media_vs_baixa,baixa,media,532,True,196,
2012,idoso,4,2,MT,258.0,372.0,media_vs_baixa,baixa,media,630,True,258,
2012,idoso,4,2,PA,411.0,862.0,media_vs_baixa,baixa,media,1273,True,411,
2012,idoso,4,2,PB,278.0,267.0,media_vs_baixa,baixa,media,545,True,267,
2012,idoso,4,2,PE,1182.0,1235.0,media_vs_baixa,baixa,media,2417,True,1182,
2012,idoso,4,2,PI,506.0,368.0,media_vs_baixa,baixa,media,874,True,368,
2012,idoso,4,2,PR,352.0,465.0,media_vs_baixa,baixa,media,817,True,352,
2012,idoso,4,2,RJ,760.0,2221.0,media_vs_baixa,baixa,media,2981,True,760,
2012,idoso,4,2,RN,222.0,208.0,media_vs_baixa,baixa,media,430,True,208,
2012,idoso,4,2,RO,51.0,54.0,media_vs_baixa,baixa,media,105,True,51,
2012,idoso,4,2,RR,24.0,29.0,media_vs_baixa,baixa,media,53,True,24,
2012,idoso,4,2,RS,73.0,165.0,media_vs_baixa,baixa,media,238,True,73,
2012,idoso,4,2,SC,24.0,53.0,media_vs_baixa,baixa,media,77,True,24,
2012,idoso,4,2,SE,223.0,226.0,media_vs_baixa,baixa,media,449,True,223,
2012,idoso,4,2,SP,1094.0,2143.0,media_vs_baixa,baixa,media,3237,True,1094,
2012,idoso,4,2,TO,144.0,136.0,media_vs_baixa,baixa,media,280,True,136,
2012,idoso,5,1,AC,0.0,1.0,media_vs_baixa,baixa,media,1,False,0,
2012,idoso,5,1,AL,1.0,2.0,media_vs_baixa,baixa,media,3,False,1,
2012,idoso,5,1,AM,21.0,13.0,media_vs_baixa,baixa,media,34,False,13,
2012,idoso,5,1,AP,1.0,0.0,media_vs_baixa,baixa,media,1,False,0,
2012,idoso,5,1,BA,3.0,1.0,media_vs_baixa,baixa,media,4,False,1,
2012,idoso,5,1,CE,1.0,2.0,media_vs_baixa,baixa,media,3,False,1,
2012,idoso,5,1,ES,0.0,1.0,media_vs_baixa,baixa,media,1,False,0,
2012,idoso,5,1,GO,1.0,1.0,media_vs_baixa,baixa,media,2,False,1,
2012,idoso,5,1,MA,4.0,0.0,media_vs_baixa,baixa,media,4,False,0,
2012,idoso,5,1,MG,1.0,1.0,media_vs_baixa,baixa,media,2,False,1,
2012,idoso,5,1,MS,17.0,20.0,media_vs_baixa,baixa,media,37,False,17,
2012,idoso,5,1,MT,1.0,2.0,media_vs_baixa,baixa,media,3,False,1,
2012,idoso,5,1,PA,2.0,4.0,media_vs_baixa,baixa,media,6,False,2,
2012,idoso,5,1,PB,0.0,2.0,media_vs_baixa,baixa,media,2,False,0,
2012,idoso,5,1,PE,10.0,6.0,media_vs_baixa,baixa,media,16,False,6,
2012,idoso,5,1,PI,0.0,1.0,media_vs_baixa,baixa,media,1,False,0,
2012,idoso,5,1,PR,3.0,4.0,media_vs_baixa,baixa,media,7,False,3,
2012,idoso,5,1,RJ,1.0,6.0,media_vs_baixa,baixa,media,7,False,1,
2012,idoso,5,1,RO,1.0,0.0,media_vs_baixa,baixa,media,1,False,0,
2012,idoso,5,1,RR,5.0,5.0,media_vs_baixa,baixa,media,10,False,5,
2012,idoso,5,1,RS,3.0,6.0,media_vs_baixa,baixa,media,9,False,3,
2012,idoso,5,1,SC,4.0,2.0,media_vs_baixa,baixa,media,6,False,2,
2012,idoso,5,1,SP,2.0,5.0,media_vs_baixa,baixa,media,7,False,2,
2012,idoso,5,1,TO,2.0,0.0,media_vs_baixa,baixa,media,2,False,0,
2012,idoso,5,2,AC,2.0,0.0,media_vs_baixa,baixa,media,2,False,0,
2012,idoso,5,2,AL,2.0,1.0,media_vs_baixa,baixa,media,3,False,1,
2012,idoso,5,2,AM,19.0,3.0,media_vs_baixa,baixa,media,22,False,3,
2012,idoso,5,2,AP,0.0,1.0,media_vs_baixa,baixa,media,1,False,0,
2012,idoso,5,2,BA,1.0,2.0,media_vs_baixa,baixa,media,3,False,1,
2012,idoso,5,2,CE,1.0,2.0,media_vs_baixa,baixa,media,3,False,1,
2012,idoso,5,2,ES,1.0,0.0,media_vs_baixa,baixa,media,1,False,0,
2012,idoso,5,2,GO,1.0,0.0,media_vs_baixa,baixa,media,1,False,0,
2012,idoso,5,2,MA,4.0,1.0,media_vs_baixa,baixa,media,5,False,1,
2012,idoso,5,2,MG,4.0,3.0,media_vs_baixa,baixa,media,7,False,3,
2012,idoso,5,2,MS,17.0,6.0,media_vs_baixa,baixa,media,23,False,6,
2012,idoso,5,2,MT,2.0,2.0,media_vs_baixa,baixa,media,4,False,2,
2012,idoso,5,2,PA,3.0,2.0,media_vs_baixa,baixa,media,5,False,2,
2012,idoso,5,2,PB,2.0,1.0,media_vs_baixa,baixa,media,3,False,1,
2012,idoso,5,2,PE,10.0,3.0,media_vs_baixa,baixa,media,13,False,3,
2012,idoso,5,2,PR,5.0,1.0,media_vs_baixa,baixa,media,6,False,1,
2012,idoso,5,2,RJ,2.0,5.0,media_vs_baixa,baixa,media,7,False,2,
2012,idoso,5,2,RO,1.0,0.0,media_vs_baixa,baixa,media,1,False,0,
2012,idoso,5,2,RR,5.0,2.0,media_vs_baixa,baixa,media,7,False,2,
2012,idoso,5,2,RS,5.0,1.0,media_vs_baixa,baixa,media,6,False,1,
2012,idoso,5,2,SC,1.0,1.0,media_vs_baixa,baixa,media,2,False,1,
2012,idoso,5,2,SE,1.0,1.0,media_vs_baixa,baixa,media,2,False,1,
2012,idoso,5,2,SP,5.0,5.0,media_vs_baixa,baixa,media,10,False,5,
2012,idoso,5,2,TO,0.0,1.0,media_vs_baixa,baixa,media,1,False,0,
2012,jovem,1,1,AL,16.0,8.0,media_vs_baixa,baixa,media,24,False,8,
2012,jovem,1,1,AM,5.0,48.0,media_vs_baixa,baixa,media,53,False,5,
2012,jovem,1,1,AP,1.0,4.0,media_vs_baixa,baixa,media,5,False,1,
2012,jovem,1,1,BA,13.0,106.0,media_vs_baixa,baixa,media,119,False,13,
2012,jovem,1,1,CE,12.0,100.0,media_vs_baixa,baixa,media,112,False,12,
2012,jovem,1,1,DF,3.0,39.0,media_vs_baixa,baixa,media,42,False,3,
2012,jovem,1,1,ES,13.0,47.0,media_vs_baixa,baixa,media,60,False,13,
2012,jovem,1,1,GO,23.0,170.0,media_vs_baixa,baixa,media,193,True,23,
2012,jovem,1,1,MA,9.0,75.0,media_vs_baixa,baixa,media,84,False,9,
2012,jovem,1,1,MG,50.0,307.0,media_vs_baixa,baixa,media,357,True,50,
2012,jovem,1,1,MS,14.0,61.0,media_vs_baixa,baixa,media,75,False,14,
2012,jovem,1,1,MT,6.0,98.0,media_vs_baixa,baixa,media,104,False,6,
2012,jovem,1,1,PA,14.0,84.0,media_vs_baixa,baixa,media,98,False,14,
2012,jovem,1,1,PB,3.0,22.0,media_vs_baixa,baixa,media,25,False,3,
2012,jovem,1,1,PE,26.0,82.0,media_vs_baixa,baixa,media,108,True,26,
2012,jovem,1,1,PI,7.0,46.0,media_vs_baixa,baixa,media,53,False,7,
2012,jovem,1,1,PR,40.0,1056.0,media_vs_baixa,baixa,media,1096,True,40,
2012,jovem,1,1,RJ,21.0,423.0,media_vs_baixa,baixa,media,444,True,21,
2012,jovem,1,1,RN,22.0,34.0,media_vs_baixa,baixa,media,56,True,22,
2012,jovem,1,1,RO,2.0,20.0,media_vs_baixa,baixa,media,22,False,2,
2012,jovem,1,1,RR,0.0,8.0,media_vs_baixa,baixa,media,8,False,0,
2012,jovem,1,1,RS,49.0,448.0,media_vs_baixa,baixa,media,497,True,49,
2012,jovem,1,1,SC,20.0,316.0,media_vs_baixa,baixa,media,336,True,20,
2012,jovem,1,1,SE,6.0,42.0,media_vs_baixa,baixa,media,48,False,6,
2012,jovem,1,1,SP,231.0,1004.0,media_vs_baixa,baixa,media,1235,True,231,
2012,jovem,1,1,TO,4.0,18.0,media_vs_baixa,baixa,media,22,False,4,
2012,jovem,1,2,AC,0.0,2.0,media_vs_baixa,baixa,media,2,False,0,
2012,jovem,1,2,AL,6.0,15.0,media_vs_baixa,baixa,media,21,False,6,
2012,jovem,1,2,AM,3.0,21.0,media_vs_baixa,baixa,media,24,False,3,
2012,jovem,1,2,AP,0.0,2.0,media_vs_baixa,baixa,media,2,False,0,
2012,jovem,1,2,BA,8.0,36.0,media_vs_baixa,baixa,media,44,False,8,
2012,jovem,1,2,CE,9.0,50.0,media_vs_baixa,baixa,media,59,False,9,
2012,jovem,1,2,DF,2.0,24.0,media_vs_baixa,baixa,media,26,False,2,
2012,jovem,1,2,ES,2.0,13.0,media_vs_baixa,baixa,media,15,False,2,
2012,jovem,1,2,GO,7.0,48.0,media_vs_baixa,baixa,media,55,False,7,
2012,jovem,1,2,MA,6.0,29.0,media_vs_baixa,baixa,media,35,False,6,
2012,jovem,1,2,MG,21.0,114.0,media_vs_baixa,baixa,media,135,True,21,
2012,jovem,1,2,MS,14.0,18.0,media_vs_baixa,baixa,media,32,False,14,
2012,jovem,1,2,MT,5.0,41.0,media_vs_baixa,baixa,media,46,False,5,
2012,jovem,1,2,PA,8.0,47.0,media_vs_baixa,baixa,media,55,False,8,
2012,jovem,1,2,PB,0.0,14.0,media_vs_baixa,baixa,media,14,False,0,
2012,jovem,1,2,PE,12.0,66.0,media_vs_baixa,baixa,media,78,False,12,
2012,jovem,1,2,PI,1.0,18.0,media_vs_baixa,baixa,media,19,False,1,
2012,jovem,1,2,PR,26.0,246.0,media_vs_baixa,baixa,media,272,True,26,
2012,jovem,1,2,RJ,22.0,160.0,media_vs_baixa,baixa,media,182,True,22,
2012,jovem,1,2,RN,7.0,20.0,media_vs_baixa,baixa,media,27,False,7,
2012,jovem,1,2,RO,1.0,11.0,media_vs_baixa,baixa,media,12,False,1,
2012,jovem,1,2,RR,0.0,3.0,media_vs_baixa,baixa,media,3,False,0,
2012,jovem,1,2,RS,27.0,116.0,media_vs_baixa,baixa,media,143,True,27,
2012,jovem,1,2,SC,7.0,98.0,media_vs_baixa,baixa,media,105,False,7,
2012,jovem,1,2,SE,0.0,14.0,media_vs_baixa,baixa,media,14,False,0,
2012,jovem,1,2,SP,70.0,360.0,media_vs_baixa,baixa,media,430,True,70,
2012,jovem,1,2,TO,0.0,10.0,media_vs_baixa,baixa,media,10,False,0,
2012,jovem,2,1,AL,7.0,4.0,media_vs_baixa,baixa,media,11,False,4,
2012,jovem,2,1,AM,1.0,6.0,media_vs_baixa,baixa,media,7,False,1,
2012,jovem,2,1,AP,0.0,3.0,media_vs_baixa,baixa,media,3,False,0,
2012,jovem,2,1,BA,24.0,148.0,media_vs_baixa,baixa,media,172,True,24,
2012,jovem,2,1,CE,3.0,21.0,media_vs_baixa,baixa,media,24,False,3,
2012,jovem,2,1,DF,0.0,13.0,media_vs_baixa,baixa,media,13,False,0,
2012,jovem,2,1,ES,7.0,25.0,media_vs_baixa,baixa,media,32,False,7,
2012,jovem,2,1,GO,1.0,38.0,media_vs_baixa,baixa,media,39,False,1,
2012,jovem,2,1,MA,8.0,59.0,media_vs_baixa,baixa,media,67,False,8,
2012,jovem,2,1,MG,13.0,123.0,media_vs_baixa,baixa,media,136,False,13,
2012,jovem,2,1,MS,2.0,8.0,media_vs_baixa,baixa,media,10,False,2,
2012,jovem,2,1,MT,0.0,39.0,media_vs_baixa,baixa,media,39,False,0,
2012,jovem,2,1,PA,8.0,55.0,media_vs_baixa,baixa,media,63,False,8,
2012,jovem,2,1,PB,1.0,4.0,media_vs_baixa,baixa,media,5,False,1,
2012,jovem,2,1,PE,3.0,22.0,media_vs_baixa,baixa,media,25,False,3,
2012,jovem,2,1,PI,4.0,23.0,media_vs_baixa,baixa,media,27,False,4,
2012,jovem,2,1,PR,1.0,46.0,media_vs_baixa,baixa,media,47,False,1,
2012,jovem,2,1,RJ,10.0,255.0,media_vs_baixa,baixa,media,265,False,10,
2012,jovem,2,1,RN,3.0,5.0,media_vs_baixa,baixa,media,8,False,3,
2012,jovem,2,1,RO,1.0,10.0,media_vs_baixa,baixa,media,11,False,1,
2012,jovem,2,1,RR,0.0,2.0,media_vs_baixa,baixa,media,2,False,0,
2012,jovem,2,1,RS,5.0,65.0,media_vs_baixa,baixa,media,70,False,5,
2012,jovem,2,1,SC,0.0,24.0,media_vs_baixa,baixa,media,24,False,0,
2012,jovem,2,1,SE,1.0,20.0,media_vs_baixa,baixa,media,21,False,1,
2012,jovem,2,1,SP,17.0,116.0,media_vs_baixa,baixa,media,133,False,17,
2012,jovem,2,1,TO,1.0,12.0,media_vs_baixa,baixa,media,13,False,1,
2012,jovem,2,2,AL,1.0,2.0,media_vs_baixa,baixa,media,3,False,1,
2012,jovem,2,2,AM,0.0,2.0,media_vs_baixa,baixa,media,2,False,0,
2012,jovem,2,2,AP,0.0,3.0,media_vs_baixa,baixa,media,3,False,0,
2012,jovem,2,2,BA,3.0,38.0,media_vs_baixa,baixa,media,41,False,3,
2012,jovem,2,2,CE,1.0,5.0,media_vs_baixa,baixa,media,6,False,1,
2012,jovem,2,2,DF,1.0,2.0,media_vs_baixa,baixa,media,3,False,1,
2012,jovem,2,2,ES,0.0,9.0,media_vs_baixa,baixa,media,9,False,0,
2012,jovem,2,2,GO,0.0,13.0,media_vs_baixa,baixa,media,13,False,0,
2012,jovem,2,2,MA,2.0,20.0,media_vs_baixa,baixa,media,22,False,2,
2012,jovem,2,2,MG,3.0,37.0,media_vs_baixa,baixa,media,40,False,3,
2012,jovem,2,2,MS,0.0,3.0,media_vs_baixa,baixa,media,3,False,0,
2012,jovem,2,2,MT,0.0,3.0,media_vs_baixa,baixa,media,3,False,0,
2012,jovem,2,2,PA,3.0,20.0,media_vs_baixa,baixa,media,23,False,3,
2012,jovem,2,2,PB,0.0,3.0,media_vs_baixa,baixa,media,3,False,0,
2012,jovem,2,2,PE,2.0,10.0,media_vs_baixa,baixa,media,12,False,2,
2012,jovem,2,2,PI,0.0,5.0,media_vs_baixa,baixa,media,5,False,0,
2012,jovem,2,2,PR,2.0,6.0,media_vs_baixa,baixa,media,8,False,2,
2012,jovem,2,2,RJ,2.0,79.0,media_vs_baixa,baixa,media,81,False,2,
2012,jovem,2,2,RO,0.0,3.0,media_vs_baixa,baixa,media,3,False,0,
2012,jovem,2,2,RS,1.0,18.0,media_vs_baixa,baixa,media,19,False,1,
2012,jovem,2,2,SC,0.0,6.0,media_vs_baixa,baixa,media,6,False,0,
2012,jovem,2,2,SE,0.0,5.0,media_vs_baixa,baixa,media,5,False,0,
2012,jovem,2,2,SP,6.0,34.0,media_vs_baixa,baixa,media,40,False,6,
2012,jovem,3,1,ES,1.0,0.0,media_vs_baixa,baixa,media,1,False,0,
2012,jovem,3,1,GO,0.0,1.0,media_vs_baixa,baixa,media,1,False,0,
2012,jovem,3,1,MA,0.0,1.0,media_vs_baixa,baixa,media,1,False,0,
2012,jovem,3,1,MS,0.0,1.0,media_vs_baixa,baixa,media,1,False,0,
2012,jovem,3,1,PA,0.0,1.0,media_vs_baixa,baixa,media,1,False,0,
2012,jovem,3,1,PE,0.0,1.0,media_vs_baixa,baixa,media,1,False,0,
2012,jovem,3,1,PR,1.0,5.0,media_vs_baixa,baixa,media,6,False,1,
2012,jovem,3,1,RJ,0.0,3.0,media_vs_baixa,baixa,media,3,False,0,
2012,jovem,3,1,SP,0.0,3.0,media_vs_baixa,baixa,media,3,False,0,
2012,jovem,3,2,DF,0.0,1.0,media_vs_baixa,baixa,media,1,False,0,
2012,jovem,3,2,MT,0.0,1.0,media_vs_baixa,baixa,media,1,False,0,
2012,jovem,3,2,PI,0.0,1.0,media_vs_baixa,baixa,media,1,False,0,
2012,jovem,3,2,RJ,0.0,3.0,media_vs_baixa,baixa,media,3,False,0,
2012,jovem,3,2,SP,0.0,3.0,media_vs_baixa,baixa,media,3,False,0,
2012,jovem,4,0,AL,1.0,0.0,media_vs_baixa,baixa,media,1,False,0,
2012,jovem,4,1,AC,5.0,18.0,media_vs_baixa,baixa,media,23,False,5,
2012,jovem,4,1,AL,321.0,81.0,media_vs_baixa,baixa,media,402,True,81,
2012,jovem,4,1,AM,13.0,514.0,media_vs_baixa,baixa,media,527,False,13,
2012,jovem,4,1,AP,3.0,32.0,media_vs_baixa,baixa,media,35,False,3,
2012,jovem,4,1,BA,102.0,878.0,media_vs_baixa,baixa,media,980,True,102,
2012,jovem,4,1,CE,74.0,671.0,media_vs_baixa,baixa,media,745,True,74,
2012,jovem,4,1,DF,7.0,236.0,media_vs_baixa,baixa,media,243,False,7,
2012,jovem,4,1,ES,30.0,234.0,media_vs_baixa,baixa,media,264,True,30,
2012,jovem,4,1,GO,41.0,460.0,media_vs_baixa,baixa,media,501,True,41,
2012,jovem,4,1,MA,65.0,492.0,media_vs_baixa,baixa,media,557,True,65,
2012,jovem,4,1,MG,71.0,592.0,media_vs_baixa,baixa,media,663,True,71,
2012,jovem,4,1,MS,9.0,109.0,media_vs_baixa,baixa,media,118,False,9,
2012,jovem,4,1,MT,15.0,262.0,media_vs_baixa,baixa,media,277,False,15,
2012,jovem,4,1,PA,59.0,866.0,media_vs_baixa,baixa,media,925,True,59,
2012,jovem,4,1,PB,46.0,143.0,media_vs_baixa,baixa,media,189,True,46,
2012,jovem,4,1,PE,60.0,953.0,media_vs_baixa,baixa,media,1013,True,60,
2012,jovem,4,1,PI,24.0,226.0,media_vs_baixa,baixa,media,250,True,24,
2012,jovem,4,1,PR,13.0,253.0,media_vs_baixa,baixa,media,266,False,13,
2012,jovem,4,1,RJ,29.0,752.0,media_vs_baixa,baixa,media,781,True,29,
2012,jovem,4,1,RN,110.0,123.0,media_vs_baixa,baixa,media,233,True,110,
2012,jovem,4,1,RO,3.0,50.0,media_vs_baixa,baixa,media,53,False,3,
2012,jovem,4,1,RR,3.0,47.0,media_vs_baixa,baixa,media,50,False,3,
2012,jovem,4,1,RS,3.0,66.0,media_vs_baixa,baixa,media,69,False,3,
2012,jovem,4,1,SC,4.0,42.0,media_vs_baixa,baixa,media,46,False,4,
2012,jovem,4,1,SE,17.0,315.0,media_vs_baixa,baixa,media,332,False,17,
2012,jovem,4,1,SP,78.0,766.0,media_vs_baixa,baixa,media,844,True,78,
2012,jovem,4,1,TO,14.0,90.0,media_vs_baixa,baixa,media,104,False,14,
2012,jovem,4,2,AC,2.0,6.0,media_vs_baixa,baixa,media,8,False,2,
2012,jovem,4,2,AL,25.0,34.0,media_vs_baixa,baixa,media,59,True,25,
2012,jovem,4,2,AM,5.0,106.0,media_vs_baixa,baixa,media,111,False,5,
2012,jovem,4,2,AP,1.0,15.0,media_vs_baixa,baixa,media,16,False,1,
2012,jovem,4,2,BA,20.0,210.0,media_vs_baixa,baixa,media,230,True,20,
2012,jovem,4,2,CE,10.0,110.0,media_vs_baixa,baixa,media,120,False,10,
2012,jovem,4,2,DF,4.0,45.0,media_vs_baixa,baixa,media,49,False,4,
2012,jovem,4,2,ES,4.0,53.0,media_vs_baixa,baixa,media,57,False,4,
2012,jovem,4,2,GO,7.0,67.0,media_vs_baixa,baixa,media,74,False,7,
2012,jovem,4,2,MA,16.0,129.0,media_vs_baixa,baixa,media,145,False,16,
2012,jovem,4,2,MG,14.0,146.0,media_vs_baixa,baixa,media,160,False,14,
2012,jovem,4,2,MS,7.0,27.0,media_vs_baixa,baixa,media,34,False,7,
2012,jovem,4,2,MT,5.0,67.0,media_vs_baixa,baixa,media,72,False,5,
2012,jovem,4,2,PA,20.0,239.0,media_vs_baixa,baixa,media,259,True,20,
2012,jovem,4,2,PB,5.0,50.0,media_vs_baixa,baixa,media,55,False,5,
2012,jovem,4,2,PE,28.0,179.0,media_vs_baixa,baixa,media,207,True,28,
2012,jovem,4,2,PI,6.0,61.0,media_vs_baixa,baixa,media,67,False,6,
2012,jovem,4,2,PR,3.0,40.0,media_vs_baixa,baixa,media,43,False,3,
2012,jovem,4,2,RJ,12.0,171.0,media_vs_baixa,baixa,media,183,False,12,
2012,jovem,4,2,RN,7.0,24.0,media_vs_baixa,baixa,media,31,False,7,
2012,jovem,4,2,RO,0.0,20.0,media_vs_baixa,baixa,media,20,False,0,
2012,jovem,4,2,RR,2.0,11.0,media_vs_baixa,baixa,media,13,False,2,
2012,jovem,4,2,RS,1.0,27.0,media_vs_baixa,baixa,media,28,False,1,
2012,jovem,4,2,SC,1.0,14.0,media_vs_baixa,baixa,media,15,False,1,
2012,jovem,4,2,SE,8.0,47.0,media_vs_baixa,baixa,media,55,False,8,
2012,jovem,4,2,SP,27.0,174.0,media_vs_baixa,baixa,media,201,True,27,
2012,jovem,4,2,TO,1.0,23.0,media_vs_baixa,baixa,media,24,False,1,
2012,jovem,5,1,AC,2.0,1.0,media_vs_baixa,baixa,media,3,False,1,
2012,jovem,5,1,AM,2.0,19.0,media_vs_baixa,baixa,media,21,False,2,
2012,jovem,5,1,BA,0.0,1.0,media_vs_baixa,baixa,media,1,False,0,
2012,jovem,5,1,CE,0.0,1.0,media_vs_baixa,baixa,media,1,False,0,
2012,jovem,5,1,GO,1.0,0.0,media_vs_baixa,baixa,media,1,False,0,
2012,jovem,5,1,MA,1.0,4.0,media_vs_baixa,baixa,media,5,False,1,
2012,jovem,5,1,MS,0.0,23.0,media_vs_baixa,baixa,media,23,False,0,
2012,jovem,5,1,MT,1.0,6.0,media_vs_baixa,baixa,media,7,False,1,
2012,jovem,5,1,PA,0.0,1.0,media_vs_baixa,baixa,media,1,False,0,
2012,jovem,5,1,PR,1.0,1.0,media_vs_baixa,baixa,media,2,False,1,
2012,jovem,5,1,RJ,0.0,1.0,media_vs_baixa,baixa,media,1,False,0,
2012,jovem,5,1,RN,1.0,0.0,media_vs_baixa,baixa,media,1,False,0,
2012,jovem,5,1,RO,1.0,0.0,media_vs_baixa,baixa,media,1,False,0,
2012,jovem,5,1,RR,0.0,4.0,media_vs_baixa,baixa,media,4,False,0,
2012,jovem,5,1,RS,0.0,1.0,media_vs_baixa,baixa,media,1,False,0,
2012,jovem,5,1,SE,0.0,1.0,media_vs_baixa,baixa,media,1,False,0,
2012,jovem,5,1,SP,0.0,2.0,media_vs_baixa,baixa,media,2,False,0,
2012,jovem,5,1,TO,0.0,2.0,media_vs_baixa,baixa,media,2,False,0,
2012,jovem,5,2,AC,0.0,2.0,media_vs_baixa,baixa,media,2,False,0,
2012,jovem,5,2,AL,0.0,1.0,media_vs_baixa,baixa,media,1,False,0,
2012,jovem,5,2,AM,4.0,14.0,media_vs_baixa,baixa,media,18,False,4,
2012,jovem,5,2,MA,0.0,5.0,media_vs_baixa,baixa,media,5,False,0,
2012,jovem,5,2,MS,2.0,11.0,media_vs_baixa,baixa,media,13,False,2,
2012,jovem,5,2,MT,2.0,2.0,media_vs_baixa,baixa,media,4,False,2,
2012,jovem,5,2,PA,1.0,1.0,media_vs_baixa,baixa,media,2,False,1,
2012,jovem,5,2,PR,0.0,1.0,media_vs_baixa,baixa,media,1,False,0,
2012,jovem,5,2,RJ,0.0,1.0,media_vs_baixa,baixa,media,1,False,0,
2012,jovem,5,2,RR,1.0,3.0,media_vs_baixa,baixa,media,4,False,1,
2012,jovem,5,2,RS,0.0,3.0,media_vs_baixa,baixa,media,3,False,0,
2012,jovem,5,2,SP,0.0,1.0,media_vs_baixa,baixa,media,1,False,0,
2012,jovem,5,2,TO,0.0,1.0,media_vs_baixa,baixa,media,1,False,0,
2012,meia-idade,1,1,AC,2.0,4.0,media_vs_baixa,baixa,media,6,False,2,
2012,meia-idade,1,1,AL,32.0,72.0,media_vs_baixa,baixa,media,104,True,32,
2012,meia-idade,1,1,AM,16.0,100.0,media_vs_baixa,baixa,media,116,False,16,
2012,meia-idade,1,1,AP,0.0,9.0,media_vs_baixa,baixa,media,9,False,0,
2012,meia-idade,1,1,BA,75.0,238.0,media_vs_baixa,baixa,media,313,True,75,
2012,meia-idade,1,1,CE,71.0,282.0,media_vs_baixa,baixa,media,353,True,71,
2012,meia-idade,1,1,DF,20.0,244.0,media_vs_baixa,baixa,media,264,True,20,
2012,meia-idade,1,1,ES,65.0,291.0,media_vs_baixa,baixa,media,356,True,65,
2012,meia-idade,1,1,GO,92.0,371.0,media_vs_baixa,baixa,media,463,True,92,
2012,meia-idade,1,1,MA,54.0,170.0,media_vs_baixa,baixa,media,224,True,54,
2012,meia-idade,1,1,MG,272.0,1819.0,media_vs_baixa,baixa,media,2091,True,272,
2012,meia-idade,1,1,MS,41.0,394.0,media_vs_baixa,baixa,media,435,True,41,
2012,meia-idade,1,1,MT,37.0,355.0,media_vs_baixa,baixa,media,392,True,37,
2012,meia-idade,1,1,PA,36.0,194.0,media_vs_baixa,baixa,media,230,True,36,
2012,meia-idade,1,1,PB,44.0,84.0,media_vs_baixa,baixa,media,128,True,44,
2012,meia-idade,1,1,PE,124.0,502.0,media_vs_baixa,baixa,media,626,True,124,
2012,meia-idade,1,1,PI,32.0,77.0,media_vs_baixa,baixa,media,109,True,32,
2012,meia-idade,1,1,PR,257.0,3286.0,media_vs_baixa,baixa,media,3543,True,257,
2012,meia-idade,1,1,RJ,319.0,2246.0,media_vs_baixa,baixa,media,2565,True,319,
2012,meia-idade,1,1,RN,50.0,123.0,media_vs_baixa,baixa,media,173,True,50,
2012,meia-idade,1,1,RO,7.0,80.0,media_vs_baixa,baixa,media,87,False,7,
2012,meia-idade,1,1,RR,0.0,21.0,media_vs_baixa,baixa,media,21,False,0,
2012,meia-idade,1,1,RS,354.0,2888.0,media_vs_baixa,baixa,media,3242,True,354,
2012,meia-idade,1,1,SC,141.0,1902.0,media_vs_baixa,baixa,media,2043,True,141,
2012,meia-idade,1,1,SE,17.0,74.0,media_vs_baixa,baixa,media,91,False,17,
2012,meia-idade,1,1,SP,1440.0,7536.0,media_vs_baixa,baixa,media,8976,True,1440,
2012,meia-idade,1,1,TO,14.0,50.0,media_vs_baixa,baixa,media,64,False,14,
2012,meia-idade,1,2,AC,0.0,5.0,media_vs_baixa,baixa,media,5,False,0,
2012,meia-idade,1,2,AL,39.0,68.0,media_vs_baixa,baixa,media,107,True,39,
2012,meia-idade,1,2,AM,10.0,71.0,media_vs_baixa,baixa,media,81,False,10,
2012,meia-idade,1,2,AP,2.0,7.0,media_vs_baixa,baixa,media,9,False,2,
2012,meia-idade,1,2,BA,80.0,178.0,media_vs_baixa,baixa,media,258,True,80,
2012,meia-idade,1,2,CE,43.0,218.0,media_vs_baixa,baixa,media,261,True,43,
2012,meia-idade,1,2,DF,14.0,166.0,media_vs_baixa,baixa,media,180,False,14,
2012,meia-idade,1,2,ES,43.0,178.0,media_vs_baixa,baixa,media,221,True,43,
2012,meia-idade,1,2,GO,72.0,278.0,media_vs_baixa,baixa,media,350,True,72,
2012,meia-idade,1,2,MA,59.0,118.0,media_vs_baixa,baixa,media,177,True,59,
2012,meia-idade,1,2,MG,239.0,1195.0,media_vs_baixa,baixa,media,1434,True,239,
2012,meia-idade,1,2,MS,44.0,224.0,media_vs_baixa,baixa,media,268,True,44,
2012,meia-idade,1,2,MT,33.0,185.0,media_vs_baixa,baixa,media,218,True,33,
2012,meia-idade,1,2,PA,26.0,158.0,media_vs_baixa,baixa,media,184,True,26,
2012,meia-idade,1,2,PB,19.0,70.0,media_vs_baixa,baixa,media,89,False,19,
2012,meia-idade,1,2,PE,142.0,418.0,media_vs_baixa,baixa,media,560,True,142,
2012,meia-idade,1,2,PI,20.0,55.0,media_vs_baixa,baixa,media,75,True,20,
2012,meia-idade,1,2,PR,281.0,1835.0,media_vs_baixa,baixa,media,2116,True,281,
2012,meia-idade,1,2,RJ,248.0,1960.0,media_vs_baixa,baixa,media,2208,True,248,
2012,meia-idade,1,2,RN,50.0,98.0,media_vs_baixa,baixa,media,148,True,50,
2012,meia-idade,1,2,RO,9.0,40.0,media_vs_baixa,baixa,media,49,False,9,
2012,meia-idade,1,2,RR,1.0,12.0,media_vs_baixa,baixa,media,13,False,1,
2012,meia-idade,1,2,RS,264.0,1731.0,media_vs_baixa,baixa,media,1995,True,264,
2012,meia-idade,1,2,SC,83.0,1087.0,media_vs_baixa,baixa,media,1170,True,83,
2012,meia-idade,1,2,SE,23.0,68.0,media_vs_baixa,baixa,media,91,True,23,
2012,meia-idade,1,2,SP,1025.0,4806.0,media_vs_baixa,baixa,media,5831,True,1025,
2012,meia-idade,1,2,TO,11.0,27.0,media_vs_baixa,baixa,media,38,False,11,
2012,meia-idade,2,1,AC,1.0,3.0,media_vs_baixa,baixa,media,4,False,1,
2012,meia-idade,2,1,AL,23.0,28.0,media_vs_baixa,baixa,media,51,True,23,
2012,meia-idade,2,1,AM,7.0,12.0,media_vs_baixa,baixa,media,19,False,7,
2012,meia-idade,2,1,AP,1.0,4.0,media_vs_baixa,baixa,media,5,False,1,
2012,meia-idade,2,1,BA,136.0,235.0,media_vs_baixa,baixa,media,371,True,136,
2012,meia-idade,2,1,CE,46.0,76.0,media_vs_baixa,baixa,media,122,True,46,
2012,meia-idade,2,1,DF,7.0,46.0,media_vs_baixa,baixa,media,53,False,7,
2012,meia-idade,2,1,ES,33.0,95.0,media_vs_baixa,baixa,media,128,True,33,
2012,meia-idade,2,1,GO,43.0,97.0,media_vs_baixa,baixa,media,140,True,43,
2012,meia-idade,2,1,MA,82.0,129.0,media_vs_baixa,baixa,media,211,True,82,
2012,meia-idade,2,1,MG,127.0,547.0,media_vs_baixa,baixa,media,674,True,127,
2012,meia-idade,2,1,MS,12.0,44.0,media_vs_baixa,baixa,media,56,False,12,
2012,meia-idade,2,1,MT,24.0,100.0,media_vs_baixa,baixa,media,124,True,24,
2012,meia-idade,2,1,PA,37.0,138.0,media_vs_baixa,baixa,media,175,True,37,
2012,meia-idade,2,1,PB,19.0,15.0,media_vs_baixa,baixa,media,34,False,15,
2012,meia-idade,2,1,PE,64.0,146.0,media_vs_baixa,baixa,media,210,True,64,
2012,meia-idade,2,1,PI,55.0,60.0,media_vs_baixa,baixa,media,115,True,55,
2012,meia-idade,2,1,PR,41.0,162.0,media_vs_baixa,baixa,media,203,True,41,
2012,meia-idade,2,1,RJ,172.0,1002.0,media_vs_baixa,baixa,media,1174,True,172,
2012,meia-idade,2,1,RN,20.0,26.0,media_vs_baixa,baixa,media,46,True,20,
2012,meia-idade,2,1,RO,3.0,10.0,media_vs_baixa,baixa,media,13,False,3,
2012,meia-idade,2,1,RR,1.0,4.0,media_vs_baixa,baixa,media,5,False,1,
2012,meia-idade,2,1,RS,44.0,207.0,media_vs_baixa,baixa,media,251,True,44,
2012,meia-idade,2,1,SC,7.0,72.0,media_vs_baixa,baixa,media,79,False,7,
2012,meia-idade,2,1,SE,35.0,54.0,media_vs_baixa,baixa,media,89,True,35,
2012,meia-idade,2,1,SP,187.0,959.0,media_vs_baixa,baixa,media,1146,True,187,
2012,meia-idade,2,1,TO,15.0,29.0,media_vs_baixa,baixa,media,44,False,15,
2012,meia-idade,2,2,AL,21.0,19.0,media_vs_baixa,baixa,media,40,False,19,
2012,meia-idade,2,2,AM,2.0,7.0,media_vs_baixa,baixa,media,9,False,2,
2012,meia-idade,2,2,AP,2.0,6.0,media_vs_baixa,baixa,media,8,False,2,
2012,meia-idade,2,2,BA,95.0,160.0,media_vs_baixa,baixa,media,255,True,95,
2012,meia-idade,2,2,CE,17.0,29.0,media_vs_baixa,baixa,media,46,False,17,
2012,meia-idade,2,2,DF,12.0,37.0,media_vs_baixa,baixa,media,49,False,12,
2012,meia-idade,2,2,ES,22.0,62.0,media_vs_baixa,baixa,media,84,True,22,
2012,meia-idade,2,2,GO,21.0,90.0,media_vs_baixa,baixa,media,111,True,21,
2012,meia-idade,2,2,MA,66.0,91.0,media_vs_baixa,baixa,media,157,True,66,
2012,meia-idade,2,2,MG,110.0,349.0,media_vs_baixa,baixa,media,459,True,110,
2012,meia-idade,2,2,MS,9.0,32.0,media_vs_baixa,baixa,media,41,False,9,
2012,meia-idade,2,2,MT,20.0,47.0,media_vs_baixa,baixa,media,67,True,20,
2012,meia-idade,2,2,PA,26.0,60.0,media_vs_baixa,baixa,media,86,True,26,
2012,meia-idade,2,2,PB,11.0,8.0,media_vs_baixa,baixa,media,19,False,8,
2012,meia-idade,2,2,PE,65.0,108.0,media_vs_baixa,baixa,media,173,True,65,
2012,meia-idade,2,2,PI,17.0,24.0,media_vs_baixa,baixa,media,41,False,17,
2012,meia-idade,2,2,PR,36.0,94.0,media_vs_baixa,baixa,media,130,True,36,
2012,meia-idade,2,2,RJ,199.0,887.0,media_vs_baixa,baixa,media,1086,True,199,
2012,meia-idade,2,2,RN,15.0,15.0,media_vs_baixa,baixa,media,30,False,15,
2012,meia-idade,2,2,RO,3.0,5.0,media_vs_baixa,baixa,media,8,False,3,
2012,meia-idade,2,2,RR,1.0,4.0,media_vs_baixa,baixa,media,5,False,1,
2012,meia-idade,2,2,RS,36.0,148.0,media_vs_baixa,baixa,media,184,True,36,
2012,meia-idade,2,2,SC,4.0,51.0,media_vs_baixa,baixa,media,55,False,4,
2012,meia-idade,2,2,SE,25.0,24.0,media_vs_baixa,baixa,media,49,True,24,
2012,meia-idade,2,2,SP,126.0,583.0,media_vs_baixa,baixa,media,709,True,126,
2012,meia-idade,2,2,TO,12.0,15.0,media_vs_baixa,baixa,media,27,False,12,
2012,meia-idade,3,1,BA,0.0,1.0,media_vs_baixa,baixa,media,1,False,0,
2012,meia-idade,3,1,CE,1.0,2.0,media_vs_baixa,baixa,media,3,False,1,
2012,meia-idade,3,1,DF,1.0,1.0,media_vs_baixa,baixa,media,2,False,1,
2012,meia-idade,3,1,GO,0.0,4.0,media_vs_baixa,baixa,media,4,False,0,
2012,meia-idade,3,1,MA,1.0,2.0,media_vs_baixa,baixa,media,3,False,1,
2012,meia-idade,3,1,MG,1.0,12.0,media_vs_baixa,baixa,media,13,False,1,
2012,meia-idade,3,1,MS,1.0,11.0,media_vs_baixa,baixa,media,12,False,1,
2012,meia-idade,3,1,MT,0.0,2.0,media_vs_baixa,baixa,media,2,False,0,
2012,meia-idade,3,1,PA,1.0,2.0,media_vs_baixa,baixa,media,3,False,1,
2012,meia-idade,3,1,PE,2.0,4.0,media_vs_baixa,baixa,media,6,False,2,
2012,meia-idade,3,1,PI,0.0,2.0,media_vs_baixa,baixa,media,2,False,0,
2012,meia-idade,3,1,PR,3.0,18.0,media_vs_baixa,baixa,media,21,False,3,
2012,meia-idade,3,1,RJ,0.0,6.0,media_vs_baixa,baixa,media,6,False,0,
2012,meia-idade,3,1,RO,0.0,1.0,media_vs_baixa,baixa,media,1,False,0,
2012,meia-idade,3,1,RS,2.0,0.0,media_vs_baixa,baixa,media,2,False,0,
2012,meia-idade,3,1,SC,0.0,3.0,media_vs_baixa,baixa,media,3,False,0,
2012,meia-idade,3,1,SP,10.0,80.0,media_vs_baixa,baixa,media,90,False,10,
2012,meia-idade,3,2,AL,0.0,1.0,media_vs_baixa,baixa,media,1,False,0,
2012,meia-idade,3,2,AM,0.0,1.0,media_vs_baixa,baixa,media,1,False,0,
2012,meia-idade,3,2,BA,2.0,1.0,media_vs_baixa,baixa,media,3,False,1,
2012,meia-idade,3,2,CE,1.0,4.0,media_vs_baixa,baixa,media,5,False,1,
2012,meia-idade,3,2,DF,1.0,3.0,media_vs_baixa,baixa,media,4,False,1,
2012,meia-idade,3,2,ES,0.0,2.0,media_vs_baixa,baixa,media,2,False,0,
2012,meia-idade,3,2,GO,0.0,2.0,media_vs_baixa,baixa,media,2,False,0,
2012,meia-idade,3,2,MG,2.0,9.0,media_vs_baixa,baixa,media,11,False,2,
2012,meia-idade,3,2,MS,0.0,4.0,media_vs_baixa,baixa,media,4,False,0,
2012,meia-idade,3,2,MT,1.0,3.0,media_vs_baixa,baixa,media,4,False,1,
2012,meia-idade,3,2,PA,2.0,2.0,media_vs_baixa,baixa,media,4,False,2,
2012,meia-idade,3,2,PE,0.0,4.0,media_vs_baixa,baixa,media,4,False,0,
2012,meia-idade,3,2,PI,1.0,0.0,media_vs_baixa,baixa,media,1,False,0,
2012,meia-idade,3,2,PR,1.0,5.0,media_vs_baixa,baixa,media,6,False,1,
2012,meia-idade,3,2,RJ,3.0,5.0,media_vs_baixa,baixa,media,8,False,3,
2012,meia-idade,3,2,RN,0.0,3.0,media_vs_baixa,baixa,media,3,False,0,
2012,meia-idade,3,2,RO,0.0,1.0,media_vs_baixa,baixa,media,1,False,0,
2012,meia-idade,3,2,RS,0.0,2.0,media_vs_baixa,baixa,media,2,False,0,
2012,meia-idade,3,2,SC,0.0,3.0,media_vs_baixa,baixa,media,3,False,0,
2012,meia-idade,3,2,SP,7.0,33.0,media_vs_baixa,baixa,media,40,False,7,
2012,meia-idade,3,2,TO,0.0,1.0,media_vs_baixa,baixa,media,1,False,0,
2012,meia-idade,4,0,MA,0.0,1.0,media_vs_baixa,baixa,media,1,False,0,
2012,meia-idade,4,0,RJ,0.0,1.0,media_vs_baixa,baixa,media,1,False,0,
2012,meia-idade,4,1,AC,13.0,16.0,media_vs_baixa,baixa,media,29,False,13,
2012,meia-idade,4,1,AL,271.0,224.0,media_vs_baixa,baixa,media,495,True,224,
2012,meia-idade,4,1,AM,109.0,489.0,media_vs_baixa,baixa,media,598,True,109,
2012,meia-idade,4,1,AP,7.0,21.0,media_vs_baixa,baixa,media,28,False,7,
2012,meia-idade,4,1,BA,454.0,1020.0,media_vs_baixa,baixa,media,1474,True,454,
2012,meia-idade,4,1,CE,444.0,1156.0,media_vs_baixa,baixa,media,1600,True,444,
2012,meia-idade,4,1,DF,53.0,389.0,media_vs_baixa,baixa,media,442,True,53,
2012,meia-idade,4,1,ES,86.0,387.0,media_vs_baixa,baixa,media,473,True,86,
2012,meia-idade,4,1,GO,133.0,723.0,media_vs_baixa,baixa,media,856,True,133,
2012,meia-idade,4,1,MA,349.0,719.0,media_vs_baixa,baixa,media,1068,True,349,
2012,meia-idade,4,1,MG,366.0,1928.0,media_vs_baixa,baixa,media,2294,True,366,
2012,meia-idade,4,1,MS,99.0,450.0,media_vs_baixa,baixa,media,549,True,99,
2012,meia-idade,4,1,MT,115.0,619.0,media_vs_baixa,baixa,media,734,True,115,
2012,meia-idade,4,1,PA,240.0,999.0,media_vs_baixa,baixa,media,1239,True,240,
2012,meia-idade,4,1,PB,187.0,289.0,media_vs_baixa,baixa,media,476,True,187,
2012,meia-idade,4,1,PE,526.0,1503.0,media_vs_baixa,baixa,media,2029,True,526,
2012,meia-idade,4,1,PI,222.0,546.0,media_vs_baixa,baixa,media,768,True,222,
2012,meia-idade,4,1,PR,105.0,618.0,media_vs_baixa,baixa,media,723,True,105,
2012,meia-idade,4,1,RJ,270.0,1996.0,media_vs_baixa,baixa,media,2266,True,270,
2012,meia-idade,4,1,RN,149.0,182.0,media_vs_baixa,baixa,media,331,True,149,
2012,meia-idade,4,1,RO,24.0,94.0,media_vs_baixa,baixa,media,118,True,24,
2012,meia-idade,4,1,RR,11.0,48.0,media_vs_baixa,baixa,media,59,False,11,
2012,meia-idade,4,1,RS,26.0,211.0,media_vs_baixa,baixa,media,237,True,26,
2012,meia-idade,4,1,SC,14.0,83.0,media_vs_baixa,baixa,media,97,False,14,
2012,meia-idade,4,1,SE,109.0,284.0,media_vs_baixa,baixa,media,393,True,109,
2012,meia-idade,4,1,SP,451.0,2994.0,media_vs_baixa,baixa,media,3445,True,451,
2012,meia-idade,4,1,TO,79.0,156.0,media_vs_baixa,baixa,media,235,True,79,
2012,meia-idade,4,2,AC,17.0,11.0,media_vs_baixa,baixa,media,28,False,11,
2012,meia-idade,4,2,AL,130.0,138.0,media_vs_baixa,baixa,media,268,True,130,
2012,meia-idade,4,2,AM,68.0,304.0,media_vs_baixa,baixa,media,372,True,68,
2012,meia-idade,4,2,AP,16.0,23.0,media_vs_baixa,baixa,media,39,False,16,
2012,meia-idade,4,2,BA,333.0,654.0,media_vs_baixa,baixa,media,987,True,333,
2012,meia-idade,4,2,CE,239.0,644.0,media_vs_baixa,baixa,media,883,True,239,
2012,meia-idade,4,2,DF,45.0,184.0,media_vs_baixa,baixa,media,229,True,45,
2012,meia-idade,4,2,ES,71.0,194.0,media_vs_baixa,baixa,media,265,True,71,
2012,meia-idade,4,2,GO,134.0,417.0,media_vs_baixa,baixa,media,551,True,134,
2012,meia-idade,4,2,MA,277.0,402.0,media_vs_baixa,baixa,media,679,True,277,
2012,meia-idade,4,2,MG,289.0,1165.0,media_vs_baixa,baixa,media,1454,True,289,
2012,meia-idade,4,2,MS,73.0,247.0,media_vs_baixa,baixa,media,320,True,73,
2012,meia-idade,4,2,MT,101.0,282.0,media_vs_baixa,baixa,media,383,True,101,
2012,meia-idade,4,2,PA,136.0,634.0,media_vs_baixa,baixa,media,770,True,136,
2012,meia-idade,4,2,PB,88.0,156.0,media_vs_baixa,baixa,media,244,True,88,
2012,meia-idade,4,2,PE,402.0,847.0,media_vs_baixa,baixa,media,1249,True,402,
2012,meia-idade,4,2,PI,143.0,277.0,media_vs_baixa,baixa,media,420,True,143,
2012,meia-idade,4,2,PR,112.0,334.0,media_vs_baixa,baixa,media,446,True,112,
2012,meia-idade,4,2,RJ,243.0,1545.0,media_vs_baixa,baixa,media,1788,True,243,
2012,meia-idade,4,2,RN,89.0,140.0,media_vs_baixa,baixa,media,229,True,89,
2012,meia-idade,4,2,RO,20.0,61.0,media_vs_baixa,baixa,media,81,True,20,
2012,meia-idade,4,2,RR,9.0,27.0,media_vs_baixa,baixa,media,36,False,9,
2012,meia-idade,4,2,RS,26.0,106.0,media_vs_baixa,baixa,media,132,True,26,
2012,meia-idade,4,2,SC,9.0,55.0,media_vs_baixa,baixa,media,64,False,9,
2012,meia-idade,4,2,SE,81.0,186.0,media_vs_baixa,baixa,media,267,True,81,
2012,meia-idade,4,2,SP,361.0,1715.0,media_vs_baixa,baixa,media,2076,True,361,
2012,meia-idade,4,2,TO,34.0,92.0,media_vs_baixa,baixa,media,126,True,34,
2012,meia-idade,5,1,AC,1.0,0.0,media_vs_baixa,baixa,media,1,False,0,
2012,meia-idade,5,1,AL,0.0,2.0,media_vs_baixa,baixa,media,2,False,0,
2012,meia-idade,5,1,AM,10.0,14.0,media_vs_baixa,baixa,media,24,False,10,
2012,meia-idade,5,1,BA,2.0,4.0,media_vs_baixa,baixa,media,6,False,2,
2012,meia-idade,5,1,CE,1.0,1.0,media_vs_baixa,baixa,media,2,False,1,
2012,meia-idade,5,1,ES,0.0,1.0,media_vs_baixa,baixa,media,1,False,0,
2012,meia-idade,5,1,MA,3.0,1.0,media_vs_baixa,baixa,media,4,False,1,
2012,meia-idade,5,1,MG,1.0,4.0,media_vs_baixa,baixa,media,5,False,1,
2012,meia-idade,5,1,MS,7.0,11.0,media_vs_baixa,baixa,media,18,False,7,
2012,meia-idade,5,1,MT,0.0,2.0,media_vs_baixa,baixa,media,2,False,0,
2012,meia-idade,5,1,PA,1.0,2.0,media_vs_baixa,baixa,media,3,False,1,
2012,meia-idade,5,1,PB,0.0,2.0,media_vs_baixa,baixa,media,2,False,0,
2012,meia-idade,5,1,PE,3.0,3.0,media_vs_baixa,baixa,media,6,False,3,
2012,meia-idade,5,1,PR,3.0,5.0,media_vs_baixa,baixa,media,8,False,3,
2012,meia-idade,5,1,RJ,1.0,2.0,media_vs_baixa,baixa,media,3,False,1,
2012,meia-idade,5,1,RN,0.0,1.0,media_vs_baixa,baixa,media,1,False,0,
2012,meia-idade,5,1,RO,1.0,1.0,media_vs_baixa,baixa,media,2,False,1,
2012,meia-idade,5,1,RR,3.0,9.0,media_vs_baixa,baixa,media,12,False,3,
2012,meia-idade,5,1,RS,1.0,4.0,media_vs_baixa,baixa,media,5,False,1,
2012,meia-idade,5,1,SC,1.0,2.0,media_vs_baixa,baixa,media,3,False,1,
2012,meia-idade,5,1,SE,1.0,0.0,media_vs_baixa,baixa,media,1,False,0,
2012,meia-idade,5,1,SP,0.0,3.0,media_vs_baixa,baixa,media,3,False,0,
2012,meia-idade,5,2,AC,1.0,0.0,media_vs_baixa,baixa,media,1,False,0,
2012,meia-idade,5,2,AM,3.0,8.0,media_vs_baixa,baixa,media,11,False,3,
2012,meia-idade,5,2,MA,2.0,1.0,media_vs_baixa,baixa,media,3,False,1,
2012,meia-idade,5,2,MG,1.0,4.0,media_vs_baixa,baixa,media,5,False,1,
2012,meia-idade,5,2,MS,11.0,12.0,media_vs_baixa,baixa,media,23,False,11,
2012,meia-idade,5,2,MT,3.0,1.0,media_vs_baixa,baixa,media,4,False,1,
2012,meia-idade,5,2,PA,2.0,0.0,media_vs_baixa,baixa,media,2,False,0,
2012,meia-idade,5,2,PB,1.0,0.0,media_vs_baixa,baixa,media,1,False,0,
2012,meia-idade,5,2,PE,3.0,4.0,media_vs_baixa,baixa,media,7,False,3,
2012,meia-idade,5,2,PR,2.0,5.0,media_vs_baixa,baixa,media,7,False,2,
2012,meia-idade,5,2,RJ,0.0,3.0,media_vs_baixa,baixa,media,3,False,0,
2012,meia-idade,5,2,RR,2.0,2.0,media_vs_baixa,baixa,media,4,False,2,
2012,meia-idade,5,2,RS,0.0,2.0,media_vs_baixa,baixa,media,2,False,0,
2012,meia-idade,5,2,SC,0.0,1.0,media_vs_baixa,baixa,media,1,False,0,
2012,meia-idade,5,2,SE,1.0,0.0,media_vs_baixa,baixa,media,1,False,0,
2012,meia-idade,5,2,SP,0.0,5.0,media_vs_baixa,baixa,media,5,False,0,
2019,adulto,1,1,AC,7.0,9.0,media_vs_baixa,baixa,media,16,False,7,
2019,adulto,1,1,AL,7.0,43.0,media_vs_baixa,baixa,media,50,False,7,
2019,adulto,1,1,AM,9.0,84.0,media_vs_baixa,baixa,media,93,False,9,
2019,adulto,1,1,AP,2.0,9.0,media_vs_baixa,baixa,media,11,False,2,
2019,adulto,1,1,BA,27.0,245.0,media_vs_baixa,baixa,media,272,True,27,
2019,adulto,1,1,CE,32.0,207.0,media_vs_baixa,baixa,media,239,True,32,
2019,adulto,1,1,DF,5.0,116.0,media_vs_baixa,baixa,media,121,False,5,
2019,adulto,1,1,ES,11.0,82.0,media_vs_baixa,baixa,media,93,False,11,
2019,adulto,1,1,GO,23.0,332.0,media_vs_baixa,baixa,media,355,True,23,
2019,adulto,1,1,MA,18.0,144.0,media_vs_baixa,baixa,media,162,False,18,
2019,adulto,1,1,MG,90.0,935.0,media_vs_baixa,baixa,media,1025,True,90,
2019,adulto,1,1,MS,11.0,146.0,media_vs_baixa,baixa,media,157,False,11,
2019,adulto,1,1,MT,9.0,161.0,media_vs_baixa,baixa,media,170,False,9,
2019,adulto,1,1,PA,22.0,139.0,media_vs_baixa,baixa,media,161,True,22,
2019,adulto,1,1,PB,7.0,32.0,media_vs_baixa,baixa,media,39,False,7,
2019,adulto,1,1,PE,60.0,501.0,media_vs_baixa,baixa,media,561,True,60,
2019,adulto,1,1,PI,11.0,81.0,media_vs_baixa,baixa,media,92,False,11,
2019,adulto,1,1,PR,99.0,1246.0,media_vs_baixa,baixa,media,1345,True,99,
2019,adulto,1,1,RJ,58.0,752.0,media_vs_baixa,baixa,media,810,True,58,
2019,adulto,1,1,RN,18.0,88.0,media_vs_baixa,baixa,media,106,False,18,
2019,adulto,1,1,RO,5.0,64.0,media_vs_baixa,baixa,media,69,False,5,
2019,adulto,1,1,RR,0.0,18.0,media_vs_baixa,baixa,media,18,False,0,
2019,adulto,1,1,RS,60.0,839.0,media_vs_baixa,baixa,media,899,True,60,
2019,adulto,1,1,SC,31.0,747.0,media_vs_baixa,baixa,media,778,True,31,
2019,adulto,1,1,SE,3.0,48.0,media_vs_baixa,baixa,media,51,False,3,
2019,adulto,1,1,SP,202.0,2255.0,media_vs_baixa,baixa,media,2457,True,202,
2019,adulto,1,1,TO,1.0,50.0,media_vs_baixa,baixa,media,51,False,1,
2019,adulto,1,2,AC,1.0,13.0,media_vs_baixa,baixa,media,14,False,1,
2019,adulto,1,2,AL,7.0,26.0,media_vs_baixa,baixa,media,33,False,7,
2019,adulto,1,2,AM,2.0,38.0,media_vs_baixa,baixa,media,40,False,2,
2019,adulto,1,2,AP,1.0,8.0,media_vs_baixa,baixa,media,9,False,1,
2019,adulto,1,2,BA,19.0,121.0,media_vs_baixa,baixa,media,140,False,19,
2019,adulto,1,2,CE,18.0,128.0,media_vs_baixa,baixa,media,146,False,18,
2019,adulto,1,2,DF,3.0,88.0,media_vs_baixa,baixa,media,91,False,3,
2019,adulto,1,2,ES,6.0,46.0,media_vs_baixa,baixa,media,52,False,6,
2019,adulto,1,2,GO,11.0,190.0,media_vs_baixa,baixa,media,201,False,11,
2019,adulto,1,2,MA,17.0,73.0,media_vs_baixa,baixa,media,90,False,17,
2019,adulto,1,2,MG,53.0,494.0,media_vs_baixa,baixa,media,547,True,53,
2019,adulto,1,2,MS,9.0,98.0,media_vs_baixa,baixa,media,107,False,9,
2019,adulto,1,2,MT,9.0,87.0,media_vs_baixa,baixa,media,96,False,9,
2019,adulto,1,2,PA,8.0,87.0,media_vs_baixa,baixa,media,95,False,8,
2019,adulto,1,2,PB,5.0,31.0,media_vs_baixa,baixa,media,36,False,5,
2019,adulto,1,2,PE,37.0,208.0,media_vs_baixa,baixa,media,245,True,37,
2019,adulto,1,2,PI,2.0,43.0,media_vs_baixa,baixa,media,45,False,2,
2019,adulto,1,2,PR,54.0,556.0,media_vs_baixa,baixa,media,610,True,54,
2019,adulto,1,2,RJ,37.0,540.0,media_vs_baixa,baixa,media,577,True,37,
2019,adulto,1,2,RN,5.0,58.0,media_vs_baixa,baixa,media,63,False,5,
2019,adulto,1,2,RO,2.0,32.0,media_vs_baixa,baixa,media,34,False,2,
2019,adulto,1,2,RR,0.0,10.0,media_vs_baixa,baixa,media,10,False,0,
2019,adulto,1,2,RS,40.0,463.0,media_vs_baixa,baixa,media,503,True,40,
2019,adulto,1,2,SC,17.0,377.0,media_vs_baixa,baixa,media,394,False,17,
2019,adulto,1,2,SE,7.0,31.0,media_vs_baixa,baixa,media,38,False,7,
2019,adulto,1,2,SP,117.0,1485.0,media_vs_baixa,baixa,media,1602,True,117,
2019,adulto,1,2,TO,2.0,27.0,media_vs_baixa,baixa,media,29,False,2,
2019,adulto,2,1,AC,6.0,3.0,media_vs_baixa,baixa,media,9,False,3,
2019,adulto,2,1,AL,10.0,16.0,media_vs_baixa,baixa,media,26,False,10,
2019,adulto,2,1,AM,4.0,12.0,media_vs_baixa,baixa,media,16,False,4,
2019,adulto,2,1,AP,2.0,10.0,media_vs_baixa,baixa,media,12,False,2,
2019,adulto,2,1,BA,76.0,476.0,media_vs_baixa,baixa,media,552,True,76,
2019,adulto,2,1,CE,21.0,43.0,media_vs_baixa,baixa,media,64,True,21,
2019,adulto,2,1,DF,1.0,44.0,media_vs_baixa,baixa,media,45,False,1,
2019,adulto,2,1,ES,8.0,42.0,media_vs_baixa,baixa,media,50,False,8,
2019,adulto,2,1,GO,16.0,110.0,media_vs_baixa,baixa,media,126,False,16,
2019,adulto,2,1,MA,41.0,132.0,media_vs_baixa,baixa,media,173,True,41,
2019,adulto,2,1,MG,49.0,452.0,media_vs_baixa,baixa,media,501,True,49,
2019,adulto,2,1,MS,4.0,21.0,media_vs_baixa,baixa,media,25,False,4,
2019,adulto,2,1,MT,6.0,61.0,media_vs_baixa,baixa,media,67,False,6,
2019,adulto,2,1,PA,18.0,138.0,media_vs_baixa,baixa,media,156,False,18,
2019,adulto,2,1,PB,11.0,7.0,media_vs_baixa,baixa,media,18,False,7,
2019,adulto,2,1,PE,19.0,148.0,media_vs_baixa,baixa,media,167,False,19,
2019,adulto,2,1,PI,16.0,67.0,media_vs_baixa,baixa,media,83,False,16,
2019,adulto,2,1,PR,9.0,74.0,media_vs_baixa,baixa,media,83,False,9,
2019,adulto,2,1,RJ,34.0,569.0,media_vs_baixa,baixa,media,603,True,34,
2019,adulto,2,1,RN,4.0,14.0,media_vs_baixa,baixa,media,18,False,4,
2019,adulto,2,1,RO,2.0,14.0,media_vs_baixa,baixa,media,16,False,2,
2019,adulto,2,1,RR,1.0,4.0,media_vs_baixa,baixa,media,5,False,1,
2019,adulto,2,1,RS,12.0,123.0,media_vs_baixa,baixa,media,135,False,12,
2019,adulto,2,1,SC,1.0,52.0,media_vs_baixa,baixa,media,53,False,1,
2019,adulto,2,1,SE,10.0,37.0,media_vs_baixa,baixa,media,47,False,10,
2019,adulto,2,1,SP,34.0,379.0,media_vs_baixa,baixa,media,413,True,34,
2019,adulto,2,1,TO,3.0,39.0,media_vs_baixa,baixa,media,42,False,3,
2019,adulto,2,2,AC,1.0,3.0,media_vs_baixa,baixa,media,4,False,1,
2019,adulto,2,2,AL,4.0,9.0,media_vs_baixa,baixa,media,13,False,4,
2019,adulto,2,2,AM,0.0,11.0,media_vs_baixa,baixa,media,11,False,0,
2019,adulto,2,2,AP,0.0,2.0,media_vs_baixa,baixa,media,2,False,0,
2019,adulto,2,2,BA,28.0,169.0,media_vs_baixa,baixa,media,197,True,28,
2019,adulto,2,2,CE,3.0,19.0,media_vs_baixa,baixa,media,22,False,3,
2019,adulto,2,2,DF,1.0,11.0,media_vs_baixa,baixa,media,12,False,1,
2019,adulto,2,2,ES,1.0,25.0,media_vs_baixa,baixa,media,26,False,1,
2019,adulto,2,2,GO,1.0,38.0,media_vs_baixa,baixa,media,39,False,1,
2019,adulto,2,2,MA,13.0,46.0,media_vs_baixa,baixa,media,59,False,13,
2019,adulto,2,2,MG,17.0,171.0,media_vs_baixa,baixa,media,188,False,17,
2019,adulto,2,2,MS,1.0,9.0,media_vs_baixa,baixa,media,10,False,1,
2019,adulto,2,2,MT,1.0,25.0,media_vs_baixa,baixa,media,26,False,1,
2019,adulto,2,2,PA,4.0,40.0,media_vs_baixa,baixa,media,44,False,4,
2019,adulto,2,2,PB,0.0,5.0,media_vs_baixa,baixa,media,5,False,0,
2019,adulto,2,2,PE,10.0,44.0,media_vs_baixa,baixa,media,54,False,10,
2019,adulto,2,2,PI,3.0,14.0,media_vs_baixa,baixa,media,17,False,3,
2019,adulto,2,2,PR,3.0,38.0,media_vs_baixa,baixa,media,41,False,3,
2019,adulto,2,2,RJ,22.0,329.0,media_vs_baixa,baixa,media,351,True,22,
2019,adulto,2,2,RN,0.0,12.0,media_vs_baixa,baixa,media,12,False,0,
2019,adulto,2,2,RO,1.0,7.0,media_vs_baixa,baixa,media,8,False,1,
2019,adulto,2,2,RS,6.0,52.0,media_vs_baixa,baixa,media,58,False,6,
2019,adulto,2,2,SC,2.0,27.0,media_vs_baixa,baixa,media,29,False,2,
2019,adulto,2,2,SE,1.0,10.0,media_vs_baixa,baixa,media,11,False,1,
2019,adulto,2,2,SP,14.0,223.0,media_vs_baixa,baixa,media,237,False,14,
2019,adulto,2,2,TO,2.0,17.0,media_vs_baixa,baixa,media,19,False,2,
2019,adulto,3,1,AC,0.0,1.0,media_vs_baixa,baixa,media,1,False,0,
2019,adulto,3,1,AM,0.0,3.0,media_vs_baixa,baixa,media,3,False,0,
2019,adulto,3,1,BA,0.0,3.0,media_vs_baixa,baixa,media,3,False,0,
2019,adulto,3,1,CE,1.0,1.0,media_vs_baixa,baixa,media,2,False,1,
2019,adulto,3,1,DF,1.0,0.0,media_vs_baixa,baixa,media,1,False,0,
2019,adulto,3,1,ES,0.0,1.0,media_vs_baixa,baixa,media,1,False,0,
2019,adulto,3,1,GO,0.0,1.0,media_vs_baixa,baixa,media,1,False,0,
2019,adulto,3,1,MA,0.0,2.0,media_vs_baixa,baixa,media,2,False,0,
2019,adulto,3,1,MG,2.0,6.0,media_vs_baixa,baixa,media,8,False,2,
2019,adulto,3,1,MS,0.0,1.0,media_vs_baixa,baixa,media,1,False,0,
2019,adulto,3,1,MT,0.0,2.0,media_vs_baixa,baixa,media,2,False,0,
2019,adulto,3,1,PA,1.0,2.0,media_vs_baixa,baixa,media,3,False,1,
2019,adulto,3,1,PE,0.0,4.0,media_vs_baixa,baixa,media,4,False,0,
2019,adulto,3,1,PI,0.0,1.0,media_vs_baixa,baixa,media,1,False,0,
2019,adulto,3,1,PR,0.0,2.0,media_vs_baixa,baixa,media,2,False,0,
2019,adulto,3,1,RJ,1.0,1.0,media_vs_baixa,baixa,media,2,False,1,
2019,adulto,3,1,RN,1.0,0.0,media_vs_baixa,baixa,media,1,False,0,
2019,adulto,3,1,RO,0.0,1.0,media_vs_baixa,baixa,media,1,False,0,
2019,adulto,3,1,RS,0.0,1.0,media_vs_baixa,baixa,media,1,False,0,
2019,adulto,3,1,SP,1.0,11.0,media_vs_baixa,baixa,media,12,False,1,
2019,adulto,3,1,TO,0.0,2.0,media_vs_baixa,baixa,media,2,False,0,
2019,adulto,3,2,AP,0.0,1.0,media_vs_baixa,baixa,media,1,False,0,
2019,adulto,3,2,BA,0.0,1.0,media_vs_baixa,baixa,media,1,False,0,
2019,adulto,3,2,CE,0.0,2.0,media_vs_baixa,baixa,media,2,False,0,
2019,adulto,3,2,DF,0.0,1.0,media_vs_baixa,baixa,media,1,False,0,
2019,adulto,3,2,ES,0.0,2.0,media_vs_baixa,baixa,media,2,False,0,
2019,adulto,3,2,GO,0.0,4.0,media_vs_baixa,baixa,media,4,False,0,
2019,adulto,3,2,MA,0.0,2.0,media_vs_baixa,baixa,media,2,False,0,
2019,adulto,3,2,MG,0.0,4.0,media_vs_baixa,baixa,media,4,False,0,
2019,adulto,3,2,MS,0.0,1.0,media_vs_baixa,baixa,media,1,False,0,
2019,adulto,3,2,MT,1.0,0.0,media_vs_baixa,baixa,media,1,False,0,
2019,adulto,3,2,PE,0.0,2.0,media_vs_baixa,baixa,media,2,False,0,
2019,adulto,3,2,PR,0.0,2.0,media_vs_baixa,baixa,media,2,False,0,
2019,adulto,3,2,RJ,0.0,2.0,media_vs_baixa,baixa,media,2,False,0,
2019,adulto,3,2,RS,0.0,1.0,media_vs_baixa,baixa,media,1,False,0,
2019,adulto,3,2,SC,0.0,2.0,media_vs_baixa,baixa,media,2,False,0,
2019,adulto,3,2,SP,1.0,17.0,media_vs_baixa,baixa,media,18,False,1,
2019,adulto,4,1,AC,29.0,45.0,media_vs_baixa,baixa,media,74,True,29,
2019,adulto,4,1,AL,77.0,354.0,media_vs_baixa,baixa,media,431,True,77,
2019,adulto,4,1,AM,70.0,748.0,media_vs_baixa,baixa,media,818,True,70,
2019,adulto,4,1,AP,9.0,101.0,media_vs_baixa,baixa,media,110,False,9,
2019,adulto,4,1,BA,233.0,2018.0,media_vs_baixa,baixa,media,2251,True,233,
2019,adulto,4,1,CE,276.0,1652.0,media_vs_baixa,baixa,media,1928,True,276,
2019,adulto,4,1,DF,12.0,290.0,media_vs_baixa,baixa,media,302,False,12,
2019,adulto,4,1,ES,21.0,222.0,media_vs_baixa,baixa,media,243,True,21,
2019,adulto,4,1,GO,59.0,929.0,media_vs_baixa,baixa,media,988,True,59,
2019,adulto,4,1,MA,211.0,966.0,media_vs_baixa,baixa,media,1177,True,211,
2019,adulto,4,1,MG,150.0,1614.0,media_vs_baixa,baixa,media,1764,True,150,
2019,adulto,4,1,MS,23.0,283.0,media_vs_baixa,baixa,media,306,True,23,
2019,adulto,4,1,MT,41.0,411.0,media_vs_baixa,baixa,media,452,True,41,
2019,adulto,4,1,PA,133.0,1337.0,media_vs_baixa,baixa,media,1470,True,133,
2019,adulto,4,1,PB,53.0,179.0,media_vs_baixa,baixa,media,232,True,53,
2019,adulto,4,1,PE,302.0,2000.0,media_vs_baixa,baixa,media,2302,True,302,
2019,adulto,4,1,PI,104.0,459.0,media_vs_baixa,baixa,media,563,True,104,
2019,adulto,4,1,PR,33.0,446.0,media_vs_baixa,baixa,media,479,True,33,
2019,adulto,4,1,RJ,62.0,1281.0,media_vs_baixa,baixa,media,1343,True,62,
2019,adulto,4,1,RN,54.0,356.0,media_vs_baixa,baixa,media,410,True,54,
2019,adulto,4,1,RO,15.0,161.0,media_vs_baixa,baixa,media,176,False,15,
2019,adulto,4,1,RR,6.0,106.0,media_vs_baixa,baixa,media,112,False,6,
2019,adulto,4,1,RS,10.0,131.0,media_vs_baixa,baixa,media,141,False,10,
2019,adulto,4,1,SC,1.0,141.0,media_vs_baixa,baixa,media,142,False,1,
2019,adulto,4,1,SE,67.0,541.0,media_vs_baixa,baixa,media,608,True,67,
2019,adulto,4,1,SP,105.0,1701.0,media_vs_baixa,baixa,media,1806,True,105,
2019,adulto,4,1,TO,23.0,201.0,media_vs_baixa,baixa,media,224,True,23,
2019,adulto,4,2,AC,11.0,25.0,media_vs_baixa,baixa,media,36,False,11,
2019,adulto,4,2,AL,29.0,84.0,media_vs_baixa,baixa,media,113,True,29,
2019,adulto,4,2,AM,27.0,225.0,media_vs_baixa,baixa,media,252,True,27,
2019,adulto,4,2,AP,5.0,44.0,media_vs_baixa,baixa,media,49,False,5,
2019,adulto,4,2,BA,74.0,676.0,media_vs_baixa,baixa,media,750,True,74,
2019,adulto,4,2,CE,84.0,562.0,media_vs_baixa,baixa,media,646,True,84,
2019,adulto,4,2,DF,5.0,112.0,media_vs_baixa,baixa,media,117,False,5,
2019,adulto,4,2,ES,9.0,99.0,media_vs_baixa,baixa,media,108,False,9,
2019,adulto,4,2,GO,22.0,288.0,media_vs_baixa,baixa,media,310,True,22,
2019,adulto,4,2,MA,75.0,337.0,media_vs_baixa,baixa,media,412,True,75,
2019,adulto,4,2,MG,61.0,630.0,media_vs_baixa,baixa,media,691,True,61,
2019,adulto,4,2,MS,13.0,118.0,media_vs_baixa,baixa,media,131,False,13,
2019,adulto,4,2,MT,17.0,153.0,media_vs_baixa,baixa,media,170,False,17,
2019,adulto,4,2,PA,53.0,475.0,media_vs_baixa,baixa,media,528,True,53,
2019,adulto,4,2,PB,18.0,90.0,media_vs_baixa,baixa,media,108,False,18,
2019,adulto,4,2,PE,81.0,592.0,media_vs_baixa,baixa,media,673,True,81,
2019,adulto,4,2,PI,35.0,165.0,media_vs_baixa,baixa,media,200,True,35,
2019,adulto,4,2,PR,18.0,162.0,media_vs_baixa,baixa,media,180,False,18,
2019,adulto,4,2,RJ,35.0,626.0,media_vs_baixa,baixa,media,661,True,35,
2019,adulto,4,2,RN,18.0,113.0,media_vs_baixa,baixa,media,131,False,18,
2019,adulto,4,2,RO,5.0,64.0,media_vs_baixa,baixa,media,69,False,5,
2019,adulto,4,2,RR,1.0,37.0,media_vs_baixa,baixa,media,38,False,1,
2019,adulto,4,2,RS,4.0,47.0,media_vs_baixa,baixa,media,51,False,4,
2019,adulto,4,2,SC,2.0,41.0,media_vs_baixa,baixa,media,43,False,2,
2019,adulto,4,2,SE,18.0,135.0,media_vs_baixa,baixa,media,153,False,18,
2019,adulto,4,2,SP,52.0,720.0,media_vs_baixa,baixa,media,772,True,52,
2019,adulto,4,2,TO,8.0,73.0,media_vs_baixa,baixa,media,81,False,8,
2019,adulto,5,1,AC,2.0,4.0,media_vs_baixa,baixa,media,6,False,2,
2019,adulto,5,1,AL,0.0,1.0,media_vs_baixa,baixa,media,1,False,0,
2019,adulto,5,1,AM,13.0,29.0,media_vs_baixa,baixa,media,42,False,13,
2019,adulto,5,1,AP,0.0,3.0,media_vs_baixa,baixa,media,3,False,0,
2019,adulto,5,1,BA,0.0,3.0,media_vs_baixa,baixa,media,3,False,0,
2019,adulto,5,1,CE,0.0,3.0,media_vs_baixa,baixa,media,3,False,0,
2019,adulto,5,1,DF,0.0,1.0,media_vs_baixa,baixa,media,1,False,0,
2019,adulto,5,1,MA,4.0,12.0,media_vs_baixa,baixa,media,16,False,4,
2019,adulto,5,1,MG,3.0,1.0,media_vs_baixa,baixa,media,4,False,1,
2019,adulto,5,1,MS,1.0,34.0,media_vs_baixa,baixa,media,35,False,1,
2019,adulto,5,1,MT,4.0,5.0,media_vs_baixa,baixa,media,9,False,4,
2019,adulto,5,1,PA,1.0,3.0,media_vs_baixa,baixa,media,4,False,1,
2019,adulto,5,1,PB,0.0,1.0,media_vs_baixa,baixa,media,1,False,0,
2019,adulto,5,1,PE,1.0,3.0,media_vs_baixa,baixa,media,4,False,1,
2019,adulto,5,1,PR,1.0,6.0,media_vs_baixa,baixa,media,7,False,1,
2019,adulto,5,1,RO,1.0,2.0,media_vs_baixa,baixa,media,3,False,1,
2019,adulto,5,1,RR,6.0,12.0,media_vs_baixa,baixa,media,18,False,6,
2019,adulto,5,1,RS,1.0,4.0,media_vs_baixa,baixa,media,5,False,1,
2019,adulto,5,1,SC,0.0,1.0,media_vs_baixa,baixa,media,1,False,0,
2019,adulto,5,1,SP,0.0,1.0,media_vs_baixa,baixa,media,1,False,0,
2019,adulto,5,1,TO,0.0,2.0,media_vs_baixa,baixa,media,2,False,0,
2019,adulto,5,2,AC,1.0,0.0,media_vs_baixa,baixa,media,1,False,0,
2019,adulto,5,2,AM,5.0,19.0,media_vs_baixa,baixa,media,24,False,5,
2019,adulto,5,2,CE,0.0,1.0,media_vs_baixa,baixa,media,1,False,0,
2019,adulto,5,2,GO,0.0,1.0,media_vs_baixa,baixa,media,1,False,0,
2019,adulto,5,2,MA,3.0,5.0,media_vs_baixa,baixa,media,8,False,3,
2019,adulto,5,2,MG,0.0,1.0,media_vs_baixa,baixa,media,1,False,0,
2019,adulto,5,2,MS,8.0,21.0,media_vs_baixa,baixa,media,29,False,8,
2019,adulto,5,2,MT,2.0,6.0,media_vs_baixa,baixa,media,8,False,2,
2019,adulto,5,2,PA,1.0,1.0,media_vs_baixa,baixa,media,2,False,1,
2019,adulto,5,2,PB,0.0,1.0,media_vs_baixa,baixa,media,1,False,0,
2019,adulto,5,2,PE,0.0,3.0,media_vs_baixa,baixa,media,3,False,0,
2019,adulto,5,2,PR,2.0,4.0,media_vs_baixa,baixa,media,6,False,2,
2019,adulto,5,2,RN,0.0,2.0,media_vs_baixa,baixa,media,2,False,0,
2019,adulto,5,2,RO,0.0,1.0,media_vs_baixa,baixa,media,1,False,0,
2019,adulto,5,2,RR,0.0,5.0,media_vs_baixa,baixa,media,5,False,0,
2019,adulto,5,2,RS,1.0,5.0,media_vs_baixa,baixa,media,6,False,1,
2019,adulto,5,2,SP,0.0,3.0,media_vs_baixa,baixa,media,3,False,0,
2019,adulto,5,2,TO,0.0,1.0,media_vs_baixa,baixa,media,1,False,0,
2019,idoso,1,0,RJ,0.0,1.0,media_vs_baixa,baixa,media,1,False,0,
2019,idoso,1,0,SC,0.0,1.0,media_vs_baixa,baixa,media,1,False,0,
2019,idoso,1,0,SP,1.0,0.0,media_vs_baixa,baixa,media,1,False,0,
2019,idoso,1,1,AC,12.0,40.0,media_vs_baixa,baixa,media,52,False,12,
2019,idoso,1,1,AL,97.0,170.0,media_vs_baixa,baixa,media,267,True,97,
2019,idoso,1,1,AM,46.0,164.0,media_vs_baixa,baixa,media,210,True,46,
2019,idoso,1,1,AP,14.0,44.0,media_vs_baixa,baixa,media,58,False,14,
2019,idoso,1,1,BA,259.0,877.0,media_vs_baixa,baixa,media,1136,True,259,
2019,idoso,1,1,CE,313.0,778.0,media_vs_baixa,baixa,media,1091,True,313,
2019,idoso,1,1,DF,51.0,428.0,media_vs_baixa,baixa,media,479,True,51,
2019,idoso,1,1,ES,91.0,536.0,media_vs_baixa,baixa,media,627,True,91,
2019,idoso,1,1,GO,281.0,1305.0,media_vs_baixa,baixa,media,1586,True,281,
2019,idoso,1,1,MA,185.0,335.0,media_vs_baixa,baixa,media,520,True,185,
2019,idoso,1,1,MG,674.0,5231.0,media_vs_baixa,baixa,media,5905,True,674,
2019,idoso,1,1,MS,112.0,751.0,media_vs_baixa,baixa,media,863,True,112,
2019,idoso,1,1,MT,99.0,627.0,media_vs_baixa,baixa,media,726,True,99,
2019,idoso,1,1,PA,111.0,416.0,media_vs_baixa,baixa,media,527,True,111,
2019,idoso,1,1,PB,97.0,200.0,media_vs_baixa,baixa,media,297,True,97,
2019,idoso,1,1,PE,402.0,1225.0,media_vs_baixa,baixa,media,1627,True,402,
2019,idoso,1,1,PI,102.0,200.0,media_vs_baixa,baixa,media,302,True,102,
2019,idoso,1,1,PR,746.0,5823.0,media_vs_baixa,baixa,media,6569,True,746,
2019,idoso,1,1,RJ,398.0,5289.0,media_vs_baixa,baixa,media,5687,True,398,
2019,idoso,1,1,RN,178.0,380.0,media_vs_baixa,baixa,media,558,True,178,
2019,idoso,1,1,RO,59.0,228.0,media_vs_baixa,baixa,media,287,True,59,
2019,idoso,1,1,RR,13.0,41.0,media_vs_baixa,baixa,media,54,False,13,
2019,idoso,1,1,RS,591.0,5917.0,media_vs_baixa,baixa,media,6508,True,591,
2019,idoso,1,1,SC,292.0,4200.0,media_vs_baixa,baixa,media,4492,True,292,
2019,idoso,1,1,SE,67.0,203.0,media_vs_baixa,baixa,media,270,True,67,
2019,idoso,1,1,SP,1308.0,18052.0,media_vs_baixa,baixa,media,19360,True,1308,
2019,idoso,1,1,TO,34.0,126.0,media_vs_baixa,baixa,media,160,True,34,
2019,idoso,1,2,AC,13.0,17.0,media_vs_baixa,baixa,media,30,False,13,
2019,idoso,1,2,AL,105.0,167.0,media_vs_baixa,baixa,media,272,True,105,
2019,idoso,1,2,AM,31.0,129.0,media_vs_baixa,baixa,media,160,True,31,
2019,idoso,1,2,AP,16.0,26.0,media_vs_baixa,baixa,media,42,False,16,
2019,idoso,1,2,BA,266.0,636.0,media_vs_baixa,baixa,media,902,True,266,
2019,idoso,1,2,CE,283.0,784.0,media_vs_baixa,baixa,media,1067,True,283,
2019,idoso,1,2,DF,67.0,401.0,media_vs_baixa,baixa,media,468,True,67,
2019,idoso,1,2,ES,89.0,307.0,media_vs_baixa,baixa,media,396,True,89,
2019,idoso,1,2,GO,281.0,946.0,media_vs_baixa,baixa,media,1227,True,281,
2019,idoso,1,2,MA,173.0,280.0,media_vs_baixa,baixa,media,453,True,173,
2019,idoso,1,2,MG,755.0,3940.0,media_vs_baixa,baixa,media,4695,True,755,
2019,idoso,1,2,MS,157.0,542.0,media_vs_baixa,baixa,media,699,True,157,
2019,idoso,1,2,MT,97.0,360.0,media_vs_baixa,baixa,media,457,True,97,
2019,idoso,1,2,PA,107.0,327.0,media_vs_baixa,baixa,media,434,True,107,
2019,idoso,1,2,PB,87.0,197.0,media_vs_baixa,baixa,media,284,True,87,
2019,idoso,1,2,PE,504.0,1127.0,media_vs_baixa,baixa,media,1631,True,504,
2019,idoso,1,2,PI,101.0,135.0,media_vs_baixa,baixa,media,236,True,101,
2019,idoso,1,2,PR,1005.0,3951.0,media_vs_baixa,baixa,media,4956,True,1005,
2019,idoso,1,2,RJ,583.0,4803.0,media_vs_baixa,baixa,media,5386,True,583,
2019,idoso,1,2,RN,157.0,338.0,media_vs_baixa,baixa,media,495,True,157,
2019,idoso,1,2,RO,81.0,142.0,media_vs_baixa,baixa,media,223,True,81,
2019,idoso,1,2,RR,10.0,26.0,media_vs_baixa,baixa,media,36,False,10,
2019,idoso,1,2,RS,550.0,4099.0,media_vs_baixa,baixa,media,4649,True,550,
2019,idoso,1,2,SC,311.0,2749.0,media_vs_baixa,baixa,media,3060,True,311,
2019,idoso,1,2,SE,88.0,155.0,media_vs_baixa,baixa,media,243,True,88,
2019,idoso,1,2,SP,1850.0,13610.0,media_vs_baixa,baixa,media,15460,True,1850,
2019,idoso,1,2,TO,32.0,87.0,media_vs_baixa,baixa,media,119,True,32,
2019,idoso,2,1,AC,3.0,6.0,media_vs_baixa,baixa,media,9,False,3,
2019,idoso,2,1,AL,40.0,36.0,media_vs_baixa,baixa,media,76,True,36,
2019,idoso,2,1,AM,13.0,30.0,media_vs_baixa,baixa,media,43,False,13,
2019,idoso,2,1,AP,7.0,14.0,media_vs_baixa,baixa,media,21,False,7,
2019,idoso,2,1,BA,413.0,664.0,media_vs_baixa,baixa,media,1077,True,413,
2019,idoso,2,1,CE,101.0,111.0,media_vs_baixa,baixa,media,212,True,101,
2019,idoso,2,1,DF,18.0,90.0,media_vs_baixa,baixa,media,108,False,18,
2019,idoso,2,1,ES,48.0,98.0,media_vs_baixa,baixa,media,146,True,48,
2019,idoso,2,1,GO,121.0,212.0,media_vs_baixa,baixa,media,333,True,121,
2019,idoso,2,1,MA,205.0,208.0,media_vs_baixa,baixa,media,413,True,205,
2019,idoso,2,1,MG,359.0,1255.0,media_vs_baixa,baixa,media,1614,True,359,
2019,idoso,2,1,MS,27.0,72.0,media_vs_baixa,baixa,media,99,True,27,
2019,idoso,2,1,MT,69.0,102.0,media_vs_baixa,baixa,media,171,True,69,
2019,idoso,2,1,PA,94.0,143.0,media_vs_baixa,baixa,media,237,True,94,
2019,idoso,2,1,PB,32.0,34.0,media_vs_baixa,baixa,media,66,True,32,
2019,idoso,2,1,PE,157.0,307.0,media_vs_baixa,baixa,media,464,True,157,
2019,idoso,2,1,PI,98.0,67.0,media_vs_baixa,baixa,media,165,True,67,
2019,idoso,2,1,PR,98.0,286.0,media_vs_baixa,baixa,media,384,True,98,
2019,idoso,2,1,RJ,234.0,1582.0,media_vs_baixa,baixa,media,1816,True,234,
2019,idoso,2,1,RN,45.0,45.0,media_vs_baixa,baixa,media,90,True,45,
2019,idoso,2,1,RO,28.0,36.0,media_vs_baixa,baixa,media,64,True,28,
2019,idoso,2,1,RR,9.0,15.0,media_vs_baixa,baixa,media,24,False,9,
2019,idoso,2,1,RS,79.0,346.0,media_vs_baixa,baixa,media,425,True,79,
2019,idoso,2,1,SC,23.0,135.0,media_vs_baixa,baixa,media,158,True,23,
2019,idoso,2,1,SE,66.0,78.0,media_vs_baixa,baixa,media,144,True,66,
2019,idoso,2,1,SP,262.0,1839.0,media_vs_baixa,baixa,media,2101,True,262,
2019,idoso,2,1,TO,43.0,55.0,media_vs_baixa,baixa,media,98,True,43,
2019,idoso,2,2,AC,8.0,6.0,media_vs_baixa,baixa,media,14,False,6,
2019,idoso,2,2,AL,40.0,24.0,media_vs_baixa,baixa,media,64,True,24,
2019,idoso,2,2,AM,6.0,21.0,media_vs_baixa,baixa,media,27,False,6,
2019,idoso,2,2,AP,6.0,12.0,media_vs_baixa,baixa,media,18,False,6,
2019,idoso,2,2,BA,382.0,507.0,media_vs_baixa,baixa,media,889,True,382,
2019,idoso,2,2,CE,64.0,50.0,media_vs_baixa,baixa,media,114,True,50,
2019,idoso,2,2,DF,22.0,74.0,media_vs_baixa,baixa,media,96,True,22,
2019,idoso,2,2,ES,40.0,66.0,media_vs_baixa,baixa,media,106,True,40,
2019,idoso,2,2,GO,107.0,160.0,media_vs_baixa,baixa,media,267,True,107,
2019,idoso,2,2,MA,140.0,145.0,media_vs_baixa,baixa,media,285,True,140,
2019,idoso,2,2,MG,343.0,793.0,media_vs_baixa,baixa,media,1136,True,343,
2019,idoso,2,2,MS,29.0,47.0,media_vs_baixa,baixa,media,76,True,29,
2019,idoso,2,2,MT,41.0,52.0,media_vs_baixa,baixa,media,93,True,41,
2019,idoso,2,2,PA,56.0,104.0,media_vs_baixa,baixa,media,160,True,56,
2019,idoso,2,2,PB,24.0,22.0,media_vs_baixa,baixa,media,46,True,22,
2019,idoso,2,2,PE,151.0,205.0,media_vs_baixa,baixa,media,356,True,151,
2019,idoso,2,2,PI,87.0,54.0,media_vs_baixa,baixa,media,141,True,54,
2019,idoso,2,2,PR,106.0,164.0,media_vs_baixa,baixa,media,270,True,106,
2019,idoso,2,2,RJ,359.0,1641.0,media_vs_baixa,baixa,media,2000,True,359,
2019,idoso,2,2,RN,22.0,40.0,media_vs_baixa,baixa,media,62,True,22,
2019,idoso,2,2,RO,26.0,18.0,media_vs_baixa,baixa,media,44,False,18,
2019,idoso,2,2,RR,3.0,4.0,media_vs_baixa,baixa,media,7,False,3,
2019,idoso,2,2,RS,79.0,278.0,media_vs_baixa,baixa,media,357,True,79,
2019,idoso,2,2,SC,22.0,102.0,media_vs_baixa,baixa,media,124,True,22,
2019,idoso,2,2,SE,51.0,47.0,media_vs_baixa,baixa,media,98,True,47,
2019,idoso,2,2,SP,319.0,1383.0,media_vs_baixa,baixa,media,1702,True,319,
2019,idoso,2,2,TO,37.0,27.0,media_vs_baixa,baixa,media,64,True,27,
2019,idoso,3,1,AL,2.0,2.0,media_vs_baixa,baixa,media,4,False,2,
2019,idoso,3,1,AM,3.0,2.0,media_vs_baixa,baixa,media,5,False,2,
2019,idoso,3,1,AP,1.0,0.0,media_vs_baixa,baixa,media,1,False,0,
2019,idoso,3,1,BA,3.0,9.0,media_vs_baixa,baixa,media,12,False,3,
2019,idoso,3,1,CE,4.0,5.0,media_vs_baixa,baixa,media,9,False,4,
2019,idoso,3,1,DF,1.0,4.0,media_vs_baixa,baixa,media,5,False,1,
2019,idoso,3,1,ES,0.0,3.0,media_vs_baixa,baixa,media,3,False,0,
2019,idoso,3,1,GO,6.0,11.0,media_vs_baixa,baixa,media,17,False,6,
2019,idoso,3,1,MA,5.0,5.0,media_vs_baixa,baixa,media,10,False,5,
2019,idoso,3,1,MG,9.0,28.0,media_vs_baixa,baixa,media,37,False,9,
2019,idoso,3,1,MS,3.0,14.0,media_vs_baixa,baixa,media,17,False,3,
2019,idoso,3,1,MT,0.0,5.0,media_vs_baixa,baixa,media,5,False,0,
2019,idoso,3,1,PA,2.0,12.0,media_vs_baixa,baixa,media,14,False,2,
2019,idoso,3,1,PB,0.0,5.0,media_vs_baixa,baixa,media,5,False,0,
2019,idoso,3,1,PE,1.0,7.0,media_vs_baixa,baixa,media,8,False,1,
2019,idoso,3,1,PI,2.0,7.0,media_vs_baixa,baixa,media,9,False,2,
2019,idoso,3,1,PR,1.0,50.0,media_vs_baixa,baixa,media,51,False,1,
2019,idoso,3,1,RJ,1.0,13.0,media_vs_baixa,baixa,media,14,False,1,
2019,idoso,3,1,RO,1.0,1.0,media_vs_baixa,baixa,media,2,False,1,
2019,idoso,3,1,RS,0.0,4.0,media_vs_baixa,baixa,media,4,False,0,
2019,idoso,3,1,SC,0.0,6.0,media_vs_baixa,baixa,media,6,False,0,
2019,idoso,3,1,SP,3.0,286.0,media_vs_baixa,baixa,media,289,False,3,
2019,idoso,3,1,TO,2.0,1.0,media_vs_baixa,baixa,media,3,False,1,
2019,idoso,3,2,AL,2.0,1.0,media_vs_baixa,baixa,media,3,False,1,
2019,idoso,3,2,AM,0.0,3.0,media_vs_baixa,baixa,media,3,False,0,
2019,idoso,3,2,AP,0.0,1.0,media_vs_baixa,baixa,media,1,False,0,
2019,idoso,3,2,BA,3.0,6.0,media_vs_baixa,baixa,media,9,False,3,
2019,idoso,3,2,CE,2.0,3.0,media_vs_baixa,baixa,media,5,False,2,
2019,idoso,3,2,DF,0.0,3.0,media_vs_baixa,baixa,media,3,False,0,
2019,idoso,3,2,GO,5.0,11.0,media_vs_baixa,baixa,media,16,False,5,
2019,idoso,3,2,MA,7.0,8.0,media_vs_baixa,baixa,media,15,False,7,
2019,idoso,3,2,MG,8.0,25.0,media_vs_baixa,baixa,media,33,False,8,
2019,idoso,3,2,MS,1.0,7.0,media_vs_baixa,baixa,media,8,False,1,
2019,idoso,3,2,MT,1.0,9.0,media_vs_baixa,baixa,media,10,False,1,
2019,idoso,3,2,PA,3.0,4.0,media_vs_baixa,baixa,media,7,False,3,
2019,idoso,3,2,PB,1.0,4.0,media_vs_baixa,baixa,media,5,False,1,
2019,idoso,3,2,PE,2.0,5.0,media_vs_baixa,baixa,media,7,False,2,
2019,idoso,3,2,PI,1.0,2.0,media_vs_baixa,baixa,media,3,False,1,
2019,idoso,3,2,PR,3.0,32.0,media_vs_baixa,baixa,media,35,False,3,
2019,idoso,3,2,RJ,5.0,14.0,media_vs_baixa,baixa,media,19,False,5,
2019,idoso,3,2,RN,1.0,1.0,media_vs_baixa,baixa,media,2,False,1,
2019,idoso,3,2,RS,1.0,5.0,media_vs_baixa,baixa,media,6,False,1,
2019,idoso,3,2,SC,2.0,7.0,media_vs_baixa,baixa,media,9,False,2,
2019,idoso,3,2,SE,1.0,0.0,media_vs_baixa,baixa,media,1,False,0,
2019,idoso,3,2,SP,3.0,197.0,media_vs_baixa,baixa,media,200,False,3,
2019,idoso,3,2,TO,1.0,1.0,media_vs_baixa,baixa,media,2,False,1,
2019,idoso,4,0,PI,1.0,0.0,media_vs_baixa,baixa,media,1,False,0,
2019,idoso,4,1,AC,102.0,100.0,media_vs_baixa,baixa,media,202,True,100,
2019,idoso,4,1,AL,336.0,380.0,media_vs_baixa,baixa,media,716,True,336,
2019,idoso,4,1,AM,372.0,828.0,media_vs_baixa,baixa,media,1200,True,372,
2019,idoso,4,1,AP,50.0,117.0,media_vs_baixa,baixa,media,167,True,50,
2019,idoso,4,1,BA,1243.0,2739.0,media_vs_baixa,baixa,media,3982,True,1243,
2019,idoso,4,1,CE,1552.0,2490.0,media_vs_baixa,baixa,media,4042,True,1552,
2019,idoso,4,1,DF,92.0,432.0,media_vs_baixa,baixa,media,524,True,92,
2019,idoso,4,1,ES,134.0,458.0,media_vs_baixa,baixa,media,592,True,134,
2019,idoso,4,1,GO,491.0,1483.0,media_vs_baixa,baixa,media,1974,True,491,
2019,idoso,4,1,MA,1058.0,1278.0,media_vs_baixa,baixa,media,2336,True,1058,
2019,idoso,4,1,MG,1063.0,4208.0,media_vs_baixa,baixa,media,5271,True,1063,
2019,idoso,4,1,MS,197.0,733.0,media_vs_baixa,baixa,media,930,True,197,
2019,idoso,4,1,MT,287.0,794.0,media_vs_baixa,baixa,media,1081,True,287,
2019,idoso,4,1,PA,676.0,1791.0,media_vs_baixa,baixa,media,2467,True,676,
2019,idoso,4,1,PB,364.0,501.0,media_vs_baixa,baixa,media,865,True,364,
2019,idoso,4,1,PE,1223.0,2655.0,media_vs_baixa,baixa,media,3878,True,1223,
2019,idoso,4,1,PI,492.0,637.0,media_vs_baixa,baixa,media,1129,True,492,
2019,idoso,4,1,PR,294.0,1180.0,media_vs_baixa,baixa,media,1474,True,294,
2019,idoso,4,1,RJ,441.0,3517.0,media_vs_baixa,baixa,media,3958,True,441,
2019,idoso,4,1,RN,397.0,512.0,media_vs_baixa,baixa,media,909,True,397,
2019,idoso,4,1,RO,115.0,301.0,media_vs_baixa,baixa,media,416,True,115,
2019,idoso,4,1,RR,58.0,123.0,media_vs_baixa,baixa,media,181,True,58,
2019,idoso,4,1,RS,86.0,362.0,media_vs_baixa,baixa,media,448,True,86,
2019,idoso,4,1,SC,35.0,224.0,media_vs_baixa,baixa,media,259,True,35,
2019,idoso,4,1,SE,282.0,471.0,media_vs_baixa,baixa,media,753,True,282,
2019,idoso,4,1,SP,757.0,5674.0,media_vs_baixa,baixa,media,6431,True,757,
2019,idoso,4,1,TO,176.0,311.0,media_vs_baixa,baixa,media,487,True,176,
2019,idoso,4,2,AC,77.0,81.0,media_vs_baixa,baixa,media,158,True,77,
2019,idoso,4,2,AL,317.0,243.0,media_vs_baixa,baixa,media,560,True,243,
2019,idoso,4,2,AM,235.0,586.0,media_vs_baixa,baixa,media,821,True,235,
2019,idoso,4,2,AP,47.0,76.0,media_vs_baixa,baixa,media,123,True,47,
2019,idoso,4,2,BA,1066.0,1841.0,media_vs_baixa,baixa,media,2907,True,1066,
2019,idoso,4,2,CE,1260.0,1883.0,media_vs_baixa,baixa,media,3143,True,1260,
2019,idoso,4,2,DF,83.0,327.0,media_vs_baixa,baixa,media,410,True,83,
2019,idoso,4,2,ES,159.0,267.0,media_vs_baixa,baixa,media,426,True,159,
2019,idoso,4,2,GO,437.0,910.0,media_vs_baixa,baixa,media,1347,True,437,
2019,idoso,4,2,MA,845.0,912.0,media_vs_baixa,baixa,media,1757,True,845,
2019,idoso,4,2,MG,1031.0,2771.0,media_vs_baixa,baixa,media,3802,True,1031,
2019,idoso,4,2,MS,219.0,446.0,media_vs_baixa,baixa,media,665,True,219,
2019,idoso,4,2,MT,240.0,469.0,media_vs_baixa,baixa,media,709,True,240,
2019,idoso,4,2,PA,586.0,1201.0,media_vs_baixa,baixa,media,1787,True,586,
2019,idoso,4,2,PB,261.0,386.0,media_vs_baixa,baixa,media,647,True,261,
2019,idoso,4,2,PE,1276.0,1780.0,media_vs_baixa,baixa,media,3056,True,1276,
2019,idoso,4,2,PI,476.0,439.0,media_vs_baixa,baixa,media,915,True,439,
2019,idoso,4,2,PR,384.0,680.0,media_vs_baixa,baixa,media,1064,True,384,
2019,idoso,4,2,RJ,577.0,3172.0,media_vs_baixa,baixa,media,3749,True,577,
2019,idoso,4,2,RN,260.0,422.0,media_vs_baixa,baixa,media,682,True,260,
2019,idoso,4,2,RO,97.0,182.0,media_vs_baixa,baixa,media,279,True,97,
2019,idoso,4,2,RR,33.0,59.0,media_vs_baixa,baixa,media,92,True,33,
2019,idoso,4,2,RS,84.0,265.0,media_vs_baixa,baixa,media,349,True,84,
2019,idoso,4,2,SC,49.0,137.0,media_vs_baixa,baixa,media,186,True,49,
2019,idoso,4,2,SE,283.0,354.0,media_vs_baixa,baixa,media,637,True,283,
2019,idoso,4,2,SP,941.0,3943.0,media_vs_baixa,baixa,media,4884,True,941,
2019,idoso,4,2,TO,124.0,203.0,media_vs_baixa,baixa,media,327,True,124,
2019,idoso,5,1,AC,2.0,3.0,media_vs_baixa,baixa,media,5,False,2,
2019,idoso,5,1,AL,1.0,4.0,media_vs_baixa,baixa,media,5,False,1,
2019,idoso,5,1,AM,23.0,15.0,media_vs_baixa,baixa,media,38,False,15,
2019,idoso,5,1,AP,1.0,2.0,media_vs_baixa,baixa,media,3,False,1,
2019,idoso,5,1,BA,3.0,7.0,media_vs_baixa,baixa,media,10,False,3,
2019,idoso,5,1,CE,3.0,3.0,media_vs_baixa,baixa,media,6,False,3,
2019,idoso,5,1,DF,0.0,1.0,media_vs_baixa,baixa,media,1,False,0,
2019,idoso,5,1,ES,0.0,2.0,media_vs_baixa,baixa,media,2,False,0,
2019,idoso,5,1,GO,0.0,1.0,media_vs_baixa,baixa,media,1,False,0,
2019,idoso,5,1,MA,8.0,2.0,media_vs_baixa,baixa,media,10,False,2,
2019,idoso,5,1,MG,5.0,7.0,media_vs_baixa,baixa,media,12,False,5,
2019,idoso,5,1,MS,13.0,23.0,media_vs_baixa,baixa,media,36,False,13,
2019,idoso,5,1,MT,6.0,3.0,media_vs_baixa,baixa,media,9,False,3,
2019,idoso,5,1,PA,7.0,2.0,media_vs_baixa,baixa,media,9,False,2,
2019,idoso,5,1,PB,1.0,1.0,media_vs_baixa,baixa,media,2,False,1,
2019,idoso,5,1,PE,8.0,14.0,media_vs_baixa,baixa,media,22,False,8,
2019,idoso,5,1,PI,1.0,0.0,media_vs_baixa,baixa,media,1,False,0,
2019,idoso,5,1,PR,4.0,5.0,media_vs_baixa,baixa,media,9,False,4,
2019,idoso,5,1,RJ,2.0,7.0,media_vs_baixa,baixa,media,9,False,2,
2019,idoso,5,1,RN,0.0,1.0,media_vs_baixa,baixa,media,1,False,0,
2019,idoso,5,1,RO,3.0,1.0,media_vs_baixa,baixa,media,4,False,1,
2019,idoso,5,1,RR,13.0,5.0,media_vs_baixa,baixa,media,18,False,5,
2019,idoso,5,1,RS,1.0,9.0,media_vs_baixa,baixa,media,10,False,1,
2019,idoso,5,1,SC,3.0,5.0,media_vs_baixa,baixa,media,8,False,3,
2019,idoso,5,1,SE,0.0,1.0,media_vs_baixa,baixa,media,1,False,0,
2019,idoso,5,1,SP,2.0,9.0,media_vs_baixa,baixa,media,11,False,2,
2019,idoso,5,1,TO,3.0,0.0,media_vs_baixa,baixa,media,3,False,0,
2019,idoso,5,2,AC,1.0,0.0,media_vs_baixa,baixa,media,1,False,0,
2019,idoso,5,2,AL,1.0,0.0,media_vs_baixa,baixa,media,1,False,0,
2019,idoso,5,2,AM,22.0,7.0,media_vs_baixa,baixa,media,29,False,7,
2019,idoso,5,2,BA,5.0,7.0,media_vs_baixa,baixa,media,12,False,5,
2019,idoso,5,2,CE,2.0,5.0,media_vs_baixa,baixa,media,7,False,2,
2019,idoso,5,2,DF,1.0,1.0,media_vs_baixa,baixa,media,2,False,1,
2019,idoso,5,2,GO,0.0,3.0,media_vs_baixa,baixa,media,3,False,0,
2019,idoso,5,2,MA,2.0,3.0,media_vs_baixa,baixa,media,5,False,2,
2019,idoso,5,2,MG,2.0,7.0,media_vs_baixa,baixa,media,9,False,2,
2019,idoso,5,2,MS,14.0,11.0,media_vs_baixa,baixa,media,25,False,11,
2019,idoso,5,2,MT,5.0,1.0,media_vs_baixa,baixa,media,6,False,1,
2019,idoso,5,2,PA,2.0,3.0,media_vs_baixa,baixa,media,5,False,2,
2019,idoso,5,2,PB,1.0,1.0,media_vs_baixa,baixa,media,2,False,1,
2019,idoso,5,2,PE,8.0,6.0,media_vs_baixa,baixa,media,14,False,6,
2019,idoso,5,2,PI,1.0,0.0,media_vs_baixa,baixa,media,1,False,0,
2019,idoso,5,2,PR,1.0,1.0,media_vs_baixa,baixa,media,2,False,1,
2019,idoso,5,2,RJ,0.0,3.0,media_vs_baixa,baixa,media,3,False,0,
2019,idoso,5,2,RN,4.0,1.0,media_vs_baixa,baixa,media,5,False,1,
2019,idoso,5,2,RO,3.0,0.0,media_vs_baixa,baixa,media,3,False,0,
2019,idoso,5,2,RR,12.0,8.0,media_vs_baixa,baixa,media,20,False,8,
2019,idoso,5,2,RS,2.0,0.0,media_vs_baixa,baixa,media,2,False,0,
2019,idoso,5,2,SC,3.0,3.0,media_vs_baixa,baixa,media,6,False,3,
2019,idoso,5,2,SE,1.0,1.0,media_vs_baixa,baixa,media,2,False,1,
2019,idoso,5,2,SP,2.0,9.0,media_vs_baixa,baixa,media,11,False,2,
2019,idoso,5,2,TO,1.0,0.0,media_vs_baixa,baixa,media,1,False,0,
2019,jovem,1,0,SP,0.0,1.0,media_vs_baixa,baixa,media,1,False,0,
2019,jovem,1,1,AC,0.0,5.0,media_vs_baixa,baixa,media,5,False,0,
2019,jovem,1,1,AL,3.0,8.0,media_vs_baixa,baixa,media,11,False,3,
2019,jovem,1,1,AM,3.0,47.0,media_vs_baixa,baixa,media,50,False,3,
2019,jovem,1,1,AP,0.0,3.0,media_vs_baixa,baixa,media,3,False,0,
2019,jovem,1,1,BA,14.0,122.0,media_vs_baixa,baixa,media,136,False,14,
2019,jovem,1,1,CE,18.0,69.0,media_vs_baixa,baixa,media,87,False,18,
2019,jovem,1,1,DF,4.0,36.0,media_vs_baixa,baixa,media,40,False,4,
2019,jovem,1,1,ES,1.0,16.0,media_vs_baixa,baixa,media,17,False,1,
2019,jovem,1,1,GO,11.0,141.0,media_vs_baixa,baixa,media,152,False,11,
2019,jovem,1,1,MA,11.0,65.0,media_vs_baixa,baixa,media,76,False,11,
2019,jovem,1,1,MG,38.0,238.0,media_vs_baixa,baixa,media,276,True,38,
2019,jovem,1,1,MS,4.0,53.0,media_vs_baixa,baixa,media,57,False,4,
2019,jovem,1,1,MT,3.0,44.0,media_vs_baixa,baixa,media,47,False,3,
2019,jovem,1,1,PA,13.0,66.0,media_vs_baixa,baixa,media,79,False,13,
2019,jovem,1,1,PB,5.0,10.0,media_vs_baixa,baixa,media,15,False,5,
2019,jovem,1,1,PE,21.0,254.0,media_vs_baixa,baixa,media,275,True,21,
2019,jovem,1,1,PI,5.0,26.0,media_vs_baixa,baixa,media,31,False,5,
2019,jovem,1,1,PR,51.0,378.0,media_vs_baixa,baixa,media,429,True,51,
2019,jovem,1,1,RJ,12.0,339.0,media_vs_baixa,baixa,media,351,False,12,
2019,jovem,1,1,RN,6.0,33.0,media_vs_baixa,baixa,media,39,False,6,
2019,jovem,1,1,RO,2.0,21.0,media_vs_baixa,baixa,media,23,False,2,
2019,jovem,1,1,RR,1.0,9.0,media_vs_baixa,baixa,media,10,False,1,
2019,jovem,1,1,RS,31.0,269.0,media_vs_baixa,baixa,media,300,True,31,
2019,jovem,1,1,SC,19.0,232.0,media_vs_baixa,baixa,media,251,False,19,
2019,jovem,1,1,SE,3.0,30.0,media_vs_baixa,baixa,media,33,False,3,
2019,jovem,1,1,SP,110.0,545.0,media_vs_baixa,baixa,media,655,True,110,
2019,jovem,1,1,TO,1.0,19.0,media_vs_baixa,baixa,media,20,False,1,
2019,jovem,1,2,AC,1.0,4.0,media_vs_baixa,baixa,media,5,False,1,
2019,jovem,1,2,AL,4.0,7.0,media_vs_baixa,baixa,media,11,False,4,
2019,jovem,1,2,AM,0.0,13.0,media_vs_baixa,baixa,media,13,False,0,
2019,jovem,1,2,AP,4.0,3.0,media_vs_baixa,baixa,media,7,False,3,
2019,jovem,1,2,BA,15.0,34.0,media_vs_baixa,baixa,media,49,False,15,
2019,jovem,1,2,CE,14.0,31.0,media_vs_baixa,baixa,media,45,False,14,
2019,jovem,1,2,DF,4.0,13.0,media_vs_baixa,baixa,media,17,False,4,
2019,jovem,1,2,ES,1.0,14.0,media_vs_baixa,baixa,media,15,False,1,
2019,jovem,1,2,GO,5.0,39.0,media_vs_baixa,baixa,media,44,False,5,
2019,jovem,1,2,MA,6.0,27.0,media_vs_baixa,baixa,media,33,False,6,
2019,jovem,1,2,MG,28.0,109.0,media_vs_baixa,baixa,media,137,True,28,
2019,jovem,1,2,MS,7.0,20.0,media_vs_baixa,baixa,media,27,False,7,
2019,jovem,1,2,MT,9.0,24.0,media_vs_baixa,baixa,media,33,False,9,
2019,jovem,1,2,PA,11.0,26.0,media_vs_baixa,baixa,media,37,False,11,
2019,jovem,1,2,PB,2.0,8.0,media_vs_baixa,baixa,media,10,False,2,
2019,jovem,1,2,PE,11.0,61.0,media_vs_baixa,baixa,media,72,False,11,
2019,jovem,1,2,PI,4.0,11.0,media_vs_baixa,baixa,media,15,False,4,
2019,jovem,1,2,PR,35.0,133.0,media_vs_baixa,baixa,media,168,True,35,
2019,jovem,1,2,RJ,11.0,133.0,media_vs_baixa,baixa,media,144,False,11,
2019,jovem,1,2,RN,1.0,19.0,media_vs_baixa,baixa,media,20,False,1,
2019,jovem,1,2,RO,2.0,9.0,media_vs_baixa,baixa,media,11,False,2,
2019,jovem,1,2,RR,1.0,2.0,media_vs_baixa,baixa,media,3,False,1,
2019,jovem,1,2,RS,17.0,100.0,media_vs_baixa,baixa,media,117,False,17,
2019,jovem,1,2,SC,23.0,74.0,media_vs_baixa,baixa,media,97,True,23,
2019,jovem,1,2,SE,4.0,4.0,media_vs_baixa,baixa,media,8,False,4,
2019,jovem,1,2,SP,82.0,255.0,media_vs_baixa,baixa,media,337,True,82,
2019,jovem,1,2,TO,1.0,5.0,media_vs_baixa,baixa,media,6,False,1,
2019,jovem,2,1,AC,0.0,1.0,media_vs_baixa,baixa,media,1,False,0,
2019,jovem,2,1,AL,1.0,5.0,media_vs_baixa,baixa,media,6,False,1,
2019,jovem,2,1,AM,0.0,3.0,media_vs_baixa,baixa,media,3,False,0,
2019,jovem,2,1,AP,0.0,4.0,media_vs_baixa,baixa,media,4,False,0,
2019,jovem,2,1,BA,11.0,270.0,media_vs_baixa,baixa,media,281,False,11,
2019,jovem,2,1,CE,2.0,7.0,media_vs_baixa,baixa,media,9,False,2,
2019,jovem,2,1,DF,0.0,21.0,media_vs_baixa,baixa,media,21,False,0,
2019,jovem,2,1,ES,0.0,10.0,media_vs_baixa,baixa,media,10,False,0,
2019,jovem,2,1,GO,0.0,32.0,media_vs_baixa,baixa,media,32,False,0,
2019,jovem,2,1,MA,3.0,41.0,media_vs_baixa,baixa,media,44,False,3,
2019,jovem,2,1,MG,10.0,94.0,media_vs_baixa,baixa,media,104,False,10,
2019,jovem,2,1,MS,1.0,4.0,media_vs_baixa,baixa,media,5,False,1,
2019,jovem,2,1,MT,0.0,20.0,media_vs_baixa,baixa,media,20,False,0,
2019,jovem,2,1,PA,3.0,47.0,media_vs_baixa,baixa,media,50,False,3,
2019,jovem,2,1,PB,0.0,1.0,media_vs_baixa,baixa,media,1,False,0,
2019,jovem,2,1,PE,0.0,48.0,media_vs_baixa,baixa,media,48,False,0,
2019,jovem,2,1,PI,2.0,13.0,media_vs_baixa,baixa,media,15,False,2,
2019,jovem,2,1,PR,1.0,13.0,media_vs_baixa,baixa,media,14,False,1,
2019,jovem,2,1,RJ,5.0,336.0,media_vs_baixa,baixa,media,341,False,5,
2019,jovem,2,1,RN,0.0,4.0,media_vs_baixa,baixa,media,4,False,0,
2019,jovem,2,1,RO,1.0,6.0,media_vs_baixa,baixa,media,7,False,1,
2019,jovem,2,1,RR,0.0,2.0,media_vs_baixa,baixa,media,2,False,0,
2019,jovem,2,1,RS,0.0,55.0,media_vs_baixa,baixa,media,55,False,0,
2019,jovem,2,1,SC,1.0,24.0,media_vs_baixa,baixa,media,25,False,1,
2019,jovem,2,1,SE,1.0,17.0,media_vs_baixa,baixa,media,18,False,1,
2019,jovem,2,1,SP,3.0,88.0,media_vs_baixa,baixa,media,91,False,3,
2019,jovem,2,1,TO,0.0,16.0,media_vs_baixa,baixa,media,16,False,0,
2019,jovem,2,2,AL,0.0,1.0,media_vs_baixa,baixa,media,1,False,0,
2019,jovem,2,2,AM,0.0,1.0,media_vs_baixa,baixa,media,1,False,0,
2019,jovem,2,2,AP,0.0,1.0,media_vs_baixa,baixa,media,1,False,0,
2019,jovem,2,2,BA,7.0,38.0,media_vs_baixa,baixa,media,45,False,7,
2019,jovem,2,2,DF,0.0,1.0,media_vs_baixa,baixa,media,1,False,0,
2019,jovem,2,2,ES,0.0,5.0,media_vs_baixa,baixa,media,5,False,0,
2019,jovem,2,2,GO,1.0,9.0,media_vs_baixa,baixa,media,10,False,1,
2019,jovem,2,2,MA,1.0,11.0,media_vs_baixa,baixa,media,12,False,1,
2019,jovem,2,2,MG,3.0,23.0,media_vs_baixa,baixa,media,26,False,3,
2019,jovem,2,2,MS,1.0,2.0,media_vs_baixa,baixa,media,3,False,1,
2019,jovem,2,2,MT,0.0,5.0,media_vs_baixa,baixa,media,5,False,0,
2019,jovem,2,2,PA,0.0,9.0,media_vs_baixa,baixa,media,9,False,0,
2019,jovem,2,2,PE,0.0,10.0,media_vs_baixa,baixa,media,10,False,0,
2019,jovem,2,2,PI,0.0,5.0,media_vs_baixa,baixa,media,5,False,0,
2019,jovem,2,2,PR,3.0,6.0,media_vs_baixa,baixa,media,9,False,3,
2019,jovem,2,2,RJ,2.0,69.0,media_vs_baixa,baixa,media,71,False,2,
2019,jovem,2,2,RN,0.0,1.0,media_vs_baixa,baixa,media,1,False,0,
2019,jovem,2,2,RS,1.0,13.0,media_vs_baixa,baixa,media,14,False,1,
2019,jovem,2,2,SC,0.0,6.0,media_vs_baixa,baixa,media,6,False,0,
2019,jovem,2,2,SE,0.0,3.0,media_vs_baixa,baixa,media,3,False,0,
2019,jovem,2,2,SP,5.0,24.0,media_vs_baixa,baixa,media,29,False,5,
2019,jovem,3,1,AM,0.0,4.0,media_vs_baixa,baixa,media,4,False,0,
2019,jovem,3,1,AP,0.0,3.0,media_vs_baixa,baixa,media,3,False,0,
2019,jovem,3,1,CE,1.0,2.0,media_vs_baixa,baixa,media,3,False,1,
2019,jovem,3,1,GO,0.0,3.0,media_vs_baixa,baixa,media,3,False,0,
2019,jovem,3,1,MA,1.0,3.0,media_vs_baixa,baixa,media,4,False,1,
2019,jovem,3,1,MG,0.0,2.0,media_vs_baixa,baixa,media,2,False,0,
2019,jovem,3,1,MS,1.0,0.0,media_vs_baixa,baixa,media,1,False,0,
2019,jovem,3,1,PA,0.0,2.0,media_vs_baixa,baixa,media,2,False,0,
2019,jovem,3,1,PE,0.0,1.0,media_vs_baixa,baixa,media,1,False,0,
2019,jovem,3,1,RJ,0.0,1.0,media_vs_baixa,baixa,media,1,False,0,
2019,jovem,3,1,RR,0.0,1.0,media_vs_baixa,baixa,media,1,False,0,
2019,jovem,3,1,SP,1.0,4.0,media_vs_baixa,baixa,media,5,False,1,
2019,jovem,3,2,AC,1.0,0.0,media_vs_baixa,baixa,media,1,False,0,
2019,jovem,3,2,CE,0.0,1.0,media_vs_baixa,baixa,media,1,False,0,
2019,jovem,3,2,GO,0.0,1.0,media_vs_baixa,baixa,media,1,False,0,
2019,jovem,3,2,MG,0.0,1.0,media_vs_baixa,baixa,media,1,False,0,
2019,jovem,3,2,MS,0.0,1.0,media_vs_baixa,baixa,media,1,False,0,
2019,jovem,4,1,AC,10.0,26.0,media_vs_baixa,baixa,media,36,False,10,
2019,jovem,4,1,AL,7.0,183.0,media_vs_baixa,baixa,media,190,False,7,
2019,jovem,4,1,AM,28.0,455.0,media_vs_baixa,baixa,media,483,True,28,
2019,jovem,4,1,AP,7.0,142.0,media_vs_baixa,baixa,media,149,False,7,
2019,jovem,4,1,BA,45.0,1293.0,media_vs_baixa,baixa,media,1338,True,45,
2019,jovem,4,1,CE,53.0,692.0,media_vs_baixa,baixa,media,745,True,53,
2019,jovem,4,1,DF,2.0,106.0,media_vs_baixa,baixa,media,108,False,2,
2019,jovem,4,1,ES,5.0,131.0,media_vs_baixa,baixa,media,136,False,5,
2019,jovem,4,1,GO,7.0,372.0,media_vs_baixa,baixa,media,379,False,7,
2019,jovem,4,1,MA,38.0,367.0,media_vs_baixa,baixa,media,405,True,38,
2019,jovem,4,1,MG,29.0,486.0,media_vs_baixa,baixa,media,515,True,29,
2019,jovem,4,1,MS,2.0,91.0,media_vs_baixa,baixa,media,93,False,2,
2019,jovem,4,1,MT,10.0,142.0,media_vs_baixa,baixa,media,152,False,10,
2019,jovem,4,1,PA,37.0,747.0,media_vs_baixa,baixa,media,784,True,37,
2019,jovem,4,1,PB,4.0,72.0,media_vs_baixa,baixa,media,76,False,4,
2019,jovem,4,1,PE,47.0,1031.0,media_vs_baixa,baixa,media,1078,True,47,
2019,jovem,4,1,PI,11.0,166.0,media_vs_baixa,baixa,media,177,False,11,
2019,jovem,4,1,PR,8.0,180.0,media_vs_baixa,baixa,media,188,False,8,
2019,jovem,4,1,RJ,15.0,862.0,media_vs_baixa,baixa,media,877,False,15,
2019,jovem,4,1,RN,10.0,129.0,media_vs_baixa,baixa,media,139,False,10,
2019,jovem,4,1,RO,5.0,77.0,media_vs_baixa,baixa,media,82,False,5,
2019,jovem,4,1,RR,2.0,54.0,media_vs_baixa,baixa,media,56,False,2,
2019,jovem,4,1,RS,2.0,66.0,media_vs_baixa,baixa,media,68,False,2,
2019,jovem,4,1,SC,1.0,56.0,media_vs_baixa,baixa,media,57,False,1,
2019,jovem,4,1,SE,18.0,332.0,media_vs_baixa,baixa,media,350,False,18,
2019,jovem,4,1,SP,28.0,565.0,media_vs_baixa,baixa,media,593,True,28,
2019,jovem,4,1,TO,7.0,78.0,media_vs_baixa,baixa,media,85,False,7,
2019,jovem,4,2,AC,3.0,13.0,media_vs_baixa,baixa,media,16,False,3,
2019,jovem,4,2,AL,4.0,34.0,media_vs_baixa,baixa,media,38,False,4,
2019,jovem,4,2,AM,5.0,83.0,media_vs_baixa,baixa,media,88,False,5,
2019,jovem,4,2,AP,2.0,18.0,media_vs_baixa,baixa,media,20,False,2,
2019,jovem,4,2,BA,18.0,172.0,media_vs_baixa,baixa,media,190,False,18,
2019,jovem,4,2,CE,22.0,167.0,media_vs_baixa,baixa,media,189,True,22,
2019,jovem,4,2,DF,1.0,29.0,media_vs_baixa,baixa,media,30,False,1,
2019,jovem,4,2,ES,2.0,22.0,media_vs_baixa,baixa,media,24,False,2,
2019,jovem,4,2,GO,3.0,75.0,media_vs_baixa,baixa,media,78,False,3,
2019,jovem,4,2,MA,21.0,92.0,media_vs_baixa,baixa,media,113,True,21,
2019,jovem,4,2,MG,21.0,124.0,media_vs_baixa,baixa,media,145,True,21,
2019,jovem,4,2,MS,5.0,24.0,media_vs_baixa,baixa,media,29,False,5,
2019,jovem,4,2,MT,7.0,44.0,media_vs_baixa,baixa,media,51,False,7,
2019,jovem,4,2,PA,18.0,182.0,media_vs_baixa,baixa,media,200,False,18,
2019,jovem,4,2,PB,3.0,26.0,media_vs_baixa,baixa,media,29,False,3,
2019,jovem,4,2,PE,13.0,150.0,media_vs_baixa,baixa,media,163,False,13,
2019,jovem,4,2,PI,3.0,37.0,media_vs_baixa,baixa,media,40,False,3,
2019,jovem,4,2,PR,8.0,41.0,media_vs_baixa,baixa,media,49,False,8,
2019,jovem,4,2,RJ,8.0,190.0,media_vs_baixa,baixa,media,198,False,8,
2019,jovem,4,2,RN,0.0,21.0,media_vs_baixa,baixa,media,21,False,0,
2019,jovem,4,2,RO,1.0,12.0,media_vs_baixa,baixa,media,13,False,1,
2019,jovem,4,2,RR,0.0,14.0,media_vs_baixa,baixa,media,14,False,0,
2019,jovem,4,2,RS,0.0,13.0,media_vs_baixa,baixa,media,13,False,0,
2019,jovem,4,2,SC,1.0,16.0,media_vs_baixa,baixa,media,17,False,1,
2019,jovem,4,2,SE,7.0,43.0,media_vs_baixa,baixa,media,50,False,7,
2019,jovem,4,2,SP,24.0,173.0,media_vs_baixa,baixa,media,197,True,24,
2019,jovem,4,2,TO,0.0,22.0,media_vs_baixa,baixa,media,22,False,0,
2019,jovem,5,1,AC,0.0,2.0,media_vs_baixa,baixa,media,2,False,0,
2019,jovem,5,1,AM,14.0,26.0,media_vs_baixa,baixa,media,40,False,14,
2019,jovem,5,1,BA,0.0,1.0,media_vs_baixa,baixa,media,1,False,0,
2019,jovem,5,1,CE,0.0,2.0,media_vs_baixa,baixa,media,2,False,0,
2019,jovem,5,1,MA,0.0,6.0,media_vs_baixa,baixa,media,6,False,0,
2019,jovem,5,1,MS,2.0,37.0,media_vs_baixa,baixa,media,39,False,2,
2019,jovem,5,1,MT,0.0,1.0,media_vs_baixa,baixa,media,1,False,0,
2019,jovem,5,1,PA,0.0,4.0,media_vs_baixa,baixa,media,4,False,0,
2019,jovem,5,1,PE,1.0,1.0,media_vs_baixa,baixa,media,2,False,1,
2019,jovem,5,1,PR,0.0,5.0,media_vs_baixa,baixa,media,5,False,0,
2019,jovem,5,1,RO,0.0,1.0,media_vs_baixa,baixa,media,1,False,0,
2019,jovem,5,1,RR,8.0,7.0,media_vs_baixa,baixa,media,15,False,7,
2019,jovem,5,1,RS,1.0,2.0,media_vs_baixa,baixa,media,3,False,1,
2019,jovem,5,1,SC,0.0,2.0,media_vs_baixa,baixa,media,2,False,0,
2019,jovem,5,1,SP,0.0,1.0,media_vs_baixa,baixa,media,1,False,0,
2019,jovem,5,1,TO,0.0,2.0,media_vs_baixa,baixa,media,2,False,0,
2019,jovem,5,2,AM,4.0,9.0,media_vs_baixa,baixa,media,13,False,4,
2019,jovem,5,2,MA,2.0,1.0,media_vs_baixa,baixa,media,3,False,1,
2019,jovem,5,2,MG,0.0,2.0,media_vs_baixa,baixa,media,2,False,0,
2019,jovem,5,2,MS,1.0,7.0,media_vs_baixa,baixa,media,8,False,1,
2019,jovem,5,2,MT,1.0,4.0,media_vs_baixa,baixa,media,5,False,1,
2019,jovem,5,2,PA,0.0,4.0,media_vs_baixa,baixa,media,4,False,0,
2019,jovem,5,2,PE,0.0,1.0,media_vs_baixa,baixa,media,1,False,0,
2019,jovem,5,2,PR,0.0,2.0,media_vs_baixa,baixa,media,2,False,0,
2019,jovem,5,2,RO,0.0,1.0,media_vs_baixa,baixa,media,1,False,0,
2019,jovem,5,2,RR,3.0,4.0,media_vs_baixa,baixa,media,7,False,3,
2019,jovem,5,2,RS,0.0,1.0,media_vs_baixa,baixa,media,1,False,0,
2019,jovem,5,2,TO,0.0,2.0,media_vs_baixa,baixa,media,2,False,0,
2019,meia-idade,1,1,AC,1.0,16.0,media_vs_baixa,baixa,media,17,False,1,
2019,meia-idade,1,1,AL,27.0,88.0,media_vs_baixa,baixa,media,115,True,27,
2019,meia-idade,1,1,AM,10.0,91.0,media_vs_baixa,baixa,media,101,False,10,
2019,meia-idade,1,1,AP,4.0,18.0,media_vs_baixa,baixa,media,22,False,4,
2019,meia-idade,1,1,BA,68.0,385.0,media_vs_baixa,baixa,media,453,True,68,
2019,meia-idade,1,1,CE,98.0,333.0,media_vs_baixa,baixa,media,431,True,98,
2019,meia-idade,1,1,DF,8.0,230.0,media_vs_baixa,baixa,media,238,False,8,
2019,meia-idade,1,1,ES,24.0,207.0,media_vs_baixa,baixa,media,231,True,24,
2019,meia-idade,1,1,GO,66.0,560.0,media_vs_baixa,baixa,media,626,True,66,
2019,meia-idade,1,1,MA,42.0,154.0,media_vs_baixa,baixa,media,196,True,42,
2019,meia-idade,1,1,MG,211.0,2351.0,media_vs_baixa,baixa,media,2562,True,211,
2019,meia-idade,1,1,MS,33.0,324.0,media_vs_baixa,baixa,media,357,True,33,
2019,meia-idade,1,1,MT,23.0,313.0,media_vs_baixa,baixa,media,336,True,23,
2019,meia-idade,1,1,PA,39.0,157.0,media_vs_baixa,baixa,media,196,True,39,
2019,meia-idade,1,1,PB,31.0,88.0,media_vs_baixa,baixa,media,119,True,31,
2019,meia-idade,1,1,PE,157.0,603.0,media_vs_baixa,baixa,media,760,True,157,
2019,meia-idade,1,1,PI,31.0,88.0,media_vs_baixa,baixa,media,119,True,31,
2019,meia-idade,1,1,PR,214.0,2645.0,media_vs_baixa,baixa,media,2859,True,214,
2019,meia-idade,1,1,RJ,115.0,1857.0,media_vs_baixa,baixa,media,1972,True,115,
2019,meia-idade,1,1,RN,49.0,184.0,media_vs_baixa,baixa,media,233,True,49,
2019,meia-idade,1,1,RO,17.0,109.0,media_vs_baixa,baixa,media,126,False,17,
2019,meia-idade,1,1,RR,4.0,24.0,media_vs_baixa,baixa,media,28,False,4,
2019,meia-idade,1,1,RS,136.0,2224.0,media_vs_baixa,baixa,media,2360,True,136,
2019,meia-idade,1,1,SC,87.0,1810.0,media_vs_baixa,baixa,media,1897,True,87,
2019,meia-idade,1,1,SE,21.0,92.0,media_vs_baixa,baixa,media,113,True,21,
2019,meia-idade,1,1,SP,414.0,7066.0,media_vs_baixa,baixa,media,7480,True,414,
2019,meia-idade,1,1,TO,10.0,53.0,media_vs_baixa,baixa,media,63,False,10,
2019,meia-idade,1,2,AC,5.0,9.0,media_vs_baixa,baixa,media,14,False,5,
2019,meia-idade,1,2,AL,25.0,60.0,media_vs_baixa,baixa,media,85,True,25,
2019,meia-idade,1,2,AM,7.0,73.0,media_vs_baixa,baixa,media,80,False,7,
2019,meia-idade,1,2,AP,5.0,6.0,media_vs_baixa,baixa,media,11,False,5,
2019,meia-idade,1,2,BA,66.0,271.0,media_vs_baixa,baixa,media,337,True,66,
2019,meia-idade,1,2,CE,65.0,279.0,media_vs_baixa,baixa,media,344,True,65,
2019,meia-idade,1,2,DF,20.0,176.0,media_vs_baixa,baixa,media,196,True,20,
2019,meia-idade,1,2,ES,18.0,140.0,media_vs_baixa,baixa,media,158,False,18,
2019,meia-idade,1,2,GO,54.0,435.0,media_vs_baixa,baixa,media,489,True,54,
2019,meia-idade,1,2,MA,55.0,142.0,media_vs_baixa,baixa,media,197,True,55,
2019,meia-idade,1,2,MG,173.0,1553.0,media_vs_baixa,baixa,media,1726,True,173,
2019,meia-idade,1,2,MS,24.0,211.0,media_vs_baixa,baixa,media,235,True,24,
2019,meia-idade,1,2,MT,23.0,159.0,media_vs_baixa,baixa,media,182,True,23,
2019,meia-idade,1,2,PA,32.0,141.0,media_vs_baixa,baixa,media,173,True,32,
2019,meia-idade,1,2,PB,29.0,78.0,media_vs_baixa,baixa,media,107,True,29,
2019,meia-idade,1,2,PE,109.0,515.0,media_vs_baixa,baixa,media,624,True,109,
2019,meia-idade,1,2,PI,23.0,83.0,media_vs_baixa,baixa,media,106,True,23,
2019,meia-idade,1,2,PR,205.0,1619.0,media_vs_baixa,baixa,media,1824,True,205,
2019,meia-idade,1,2,RJ,121.0,1596.0,media_vs_baixa,baixa,media,1717,True,121,
2019,meia-idade,1,2,RN,40.0,150.0,media_vs_baixa,baixa,media,190,True,40,
2019,meia-idade,1,2,RO,10.0,75.0,media_vs_baixa,baixa,media,85,False,10,
2019,meia-idade,1,2,RR,0.0,8.0,media_vs_baixa,baixa,media,8,False,0,
2019,meia-idade,1,2,RS,126.0,1396.0,media_vs_baixa,baixa,media,1522,True,126,
2019,meia-idade,1,2,SC,66.0,1203.0,media_vs_baixa,baixa,media,1269,True,66,
2019,meia-idade,1,2,SE,18.0,72.0,media_vs_baixa,baixa,media,90,False,18,
2019,meia-idade,1,2,SP,355.0,4619.0,media_vs_baixa,baixa,media,4974,True,355,
2019,meia-idade,1,2,TO,8.0,53.0,media_vs_baixa,baixa,media,61,False,8,
2019,meia-idade,2,1,AC,6.0,3.0,media_vs_baixa,baixa,media,9,False,3,
2019,meia-idade,2,1,AL,17.0,28.0,media_vs_baixa,baixa,media,45,False,17,
2019,meia-idade,2,1,AM,2.0,10.0,media_vs_baixa,baixa,media,12,False,2,
2019,meia-idade,2,1,AP,5.0,10.0,media_vs_baixa,baixa,media,15,False,5,
2019,meia-idade,2,1,BA,167.0,489.0,media_vs_baixa,baixa,media,656,True,167,
2019,meia-idade,2,1,CE,62.0,92.0,media_vs_baixa,baixa,media,154,True,62,
2019,meia-idade,2,1,DF,8.0,65.0,media_vs_baixa,baixa,media,73,False,8,
2019,meia-idade,2,1,ES,18.0,74.0,media_vs_baixa,baixa,media,92,False,18,
2019,meia-idade,2,1,GO,70.0,214.0,media_vs_baixa,baixa,media,284,True,70,
2019,meia-idade,2,1,MA,85.0,156.0,media_vs_baixa,baixa,media,241,True,85,
2019,meia-idade,2,1,MG,153.0,854.0,media_vs_baixa,baixa,media,1007,True,153,
2019,meia-idade,2,1,MS,11.0,48.0,media_vs_baixa,baixa,media,59,False,11,
2019,meia-idade,2,1,MT,22.0,89.0,media_vs_baixa,baixa,media,111,True,22,
2019,meia-idade,2,1,PA,43.0,98.0,media_vs_baixa,baixa,media,141,True,43,
2019,meia-idade,2,1,PB,14.0,24.0,media_vs_baixa,baixa,media,38,False,14,
2019,meia-idade,2,1,PE,73.0,236.0,media_vs_baixa,baixa,media,309,True,73,
2019,meia-idade,2,1,PI,45.0,61.0,media_vs_baixa,baixa,media,106,True,45,
2019,meia-idade,2,1,PR,27.0,196.0,media_vs_baixa,baixa,media,223,True,27,
2019,meia-idade,2,1,RJ,98.0,923.0,media_vs_baixa,baixa,media,1021,True,98,
2019,meia-idade,2,1,RN,14.0,41.0,media_vs_baixa,baixa,media,55,False,14,
2019,meia-idade,2,1,RO,10.0,37.0,media_vs_baixa,baixa,media,47,False,10,
2019,meia-idade,2,1,RR,1.0,12.0,media_vs_baixa,baixa,media,13,False,1,
2019,meia-idade,2,1,RS,40.0,215.0,media_vs_baixa,baixa,media,255,True,40,
2019,meia-idade,2,1,SC,11.0,69.0,media_vs_baixa,baixa,media,80,False,11,
2019,meia-idade,2,1,SE,31.0,70.0,media_vs_baixa,baixa,media,101,True,31,
2019,meia-idade,2,1,SP,82.0,991.0,media_vs_baixa,baixa,media,1073,True,82,
2019,meia-idade,2,1,TO,18.0,40.0,media_vs_baixa,baixa,media,58,False,18,
2019,meia-idade,2,2,AC,3.0,5.0,media_vs_baixa,baixa,media,8,False,3,
2019,meia-idade,2,2,AL,14.0,18.0,media_vs_baixa,baixa,media,32,False,14,
2019,meia-idade,2,2,AM,7.0,9.0,media_vs_baixa,baixa,media,16,False,7,
2019,meia-idade,2,2,AP,1.0,10.0,media_vs_baixa,baixa,media,11,False,1,
2019,meia-idade,2,2,BA,111.0,354.0,media_vs_baixa,baixa,media,465,True,111,
2019,meia-idade,2,2,CE,16.0,51.0,media_vs_baixa,baixa,media,67,False,16,
2019,meia-idade,2,2,DF,9.0,43.0,media_vs_baixa,baixa,media,52,False,9,
2019,meia-idade,2,2,ES,16.0,58.0,media_vs_baixa,baixa,media,74,False,16,
2019,meia-idade,2,2,GO,36.0,84.0,media_vs_baixa,baixa,media,120,True,36,
2019,meia-idade,2,2,MA,46.0,79.0,media_vs_baixa,baixa,media,125,True,46,
2019,meia-idade,2,2,MG,82.0,460.0,media_vs_baixa,baixa,media,542,True,82,
2019,meia-idade,2,2,MS,6.0,28.0,media_vs_baixa,baixa,media,34,False,6,
2019,meia-idade,2,2,MT,24.0,40.0,media_vs_baixa,baixa,media,64,True,24,
2019,meia-idade,2,2,PA,30.0,62.0,media_vs_baixa,baixa,media,92,True,30,
2019,meia-idade,2,2,PB,8.0,9.0,media_vs_baixa,baixa,media,17,False,8,
2019,meia-idade,2,2,PE,57.0,126.0,media_vs_baixa,baixa,media,183,True,57,
2019,meia-idade,2,2,PI,18.0,38.0,media_vs_baixa,baixa,media,56,False,18,
2019,meia-idade,2,2,PR,33.0,93.0,media_vs_baixa,baixa,media,126,True,33,
2019,meia-idade,2,2,RJ,69.0,843.0,media_vs_baixa,baixa,media,912,True,69,
2019,meia-idade,2,2,RN,10.0,24.0,media_vs_baixa,baixa,media,34,False,10,
2019,meia-idade,2,2,RO,5.0,19.0,media_vs_baixa,baixa,media,24,False,5,
2019,meia-idade,2,2,RR,2.0,4.0,media_vs_baixa,baixa,media,6,False,2,
2019,meia-idade,2,2,RS,16.0,152.0,media_vs_baixa,baixa,media,168,False,16,
2019,meia-idade,2,2,SC,8.0,61.0,media_vs_baixa,baixa,media,69,False,8,
2019,meia-idade,2,2,SE,19.0,40.0,media_vs_baixa,baixa,media,59,False,19,
2019,meia-idade,2,2,SP,83.0,643.0,media_vs_baixa,baixa,media,726,True,83,
2019,meia-idade,2,2,TO,9.0,20.0,media_vs_baixa,baixa,media,29,False,9,
2019,meia-idade,3,1,AL,0.0,2.0,media_vs_baixa,baixa,media,2,False,0,
2019,meia-idade,3,1,AM,0.0,1.0,media_vs_baixa,baixa,media,1,False,0,
2019,meia-idade,3,1,BA,1.0,6.0,media_vs_baixa,baixa,media,7,False,1,
2019,meia-idade,3,1,CE,1.0,3.0,media_vs_baixa,baixa,media,4,False,1,
2019,meia-idade,3,1,DF,0.0,4.0,media_vs_baixa,baixa,media,4,False,0,
2019,meia-idade,3,1,ES,0.0,1.0,media_vs_baixa,baixa,media,1,False,0,
2019,meia-idade,3,1,GO,1.0,19.0,media_vs_baixa,baixa,media,20,False,1,
2019,meia-idade,3,1,MA,3.0,5.0,media_vs_baixa,baixa,media,8,False,3,
2019,meia-idade,3,1,MG,2.0,10.0,media_vs_baixa,baixa,media,12,False,2,
2019,meia-idade,3,1,MS,1.0,4.0,media_vs_baixa,baixa,media,5,False,1,
2019,meia-idade,3,1,MT,1.0,2.0,media_vs_baixa,baixa,media,3,False,1,
2019,meia-idade,3,1,PA,1.0,5.0,media_vs_baixa,baixa,media,6,False,1,
2019,meia-idade,3,1,PB,1.0,1.0,media_vs_baixa,baixa,media,2,False,1,
2019,meia-idade,3,1,PE,1.0,8.0,media_vs_baixa,baixa,media,9,False,1,
2019,meia-idade,3,1,PI,0.0,2.0,media_vs_baixa,baixa,media,2,False,0,
2019,meia-idade,3,1,PR,2.0,14.0,media_vs_baixa,baixa,media,16,False,2,
2019,meia-idade,3,1,RJ,0.0,8.0,media_vs_baixa,baixa,media,8,False,0,
2019,meia-idade,3,1,RN,0.0,2.0,media_vs_baixa,baixa,media,2,False,0,
2019,meia-idade,3,1,RS,1.0,4.0,media_vs_baixa,baixa,media,5,False,1,
2019,meia-idade,3,1,SC,0.0,2.0,media_vs_baixa,baixa,media,2,False,0,
2019,meia-idade,3,1,SP,3.0,66.0,media_vs_baixa,baixa,media,69,False,3,
2019,meia-idade,3,1,TO,0.0,1.0,media_vs_baixa,baixa,media,1,False,0,
2019,meia-idade,3,2,AC,1.0,0.0,media_vs_baixa,baixa,media,1,False,0,
2019,meia-idade,3,2,BA,2.0,6.0,media_vs_baixa,baixa,media,8,False,2,
2019,meia-idade,3,2,CE,1.0,0.0,media_vs_baixa,baixa,media,1,False,0,
2019,meia-idade,3,2,DF,0.0,1.0,media_vs_baixa,baixa,media,1,False,0,
2019,meia-idade,3,2,GO,1.0,6.0,media_vs_baixa,baixa,media,7,False,1,
2019,meia-idade,3,2,MA,1.0,3.0,media_vs_baixa,baixa,media,4,False,1,
2019,meia-idade,3,2,MG,2.0,12.0,media_vs_baixa,baixa,media,14,False,2,
2019,meia-idade,3,2,MS,0.0,2.0,media_vs_baixa,baixa,media,2,False,0,
2019,meia-idade,3,2,MT,0.0,3.0,media_vs_baixa,baixa,media,3,False,0,
2019,meia-idade,3,2,PA,0.0,3.0,media_vs_baixa,baixa,media,3,False,0,
2019,meia-idade,3,2,PB,0.0,3.0,media_vs_baixa,baixa,media,3,False,0,
2019,meia-idade,3,2,PE,2.0,2.0,media_vs_baixa,baixa,media,4,False,2,
2019,meia-idade,3,2,PI,0.0,1.0,media_vs_baixa,baixa,media,1,False,0,
2019,meia-idade,3,2,PR,1.0,10.0,media_vs_baixa,baixa,media,11,False,1,
2019,meia-idade,3,2,RJ,1.0,5.0,media_vs_baixa,baixa,media,6,False,1,
2019,meia-idade,3,2,RO,1.0,0.0,media_vs_baixa,baixa,media,1,False,0,
2019,meia-idade,3,2,RS,0.0,1.0,media_vs_baixa,baixa,media,1,False,0,
2019,meia-idade,3,2,SC,0.0,2.0,media_vs_baixa,baixa,media,2,False,0,
2019,meia-idade,3,2,SE,0.0,1.0,media_vs_baixa,baixa,media,1,False,0,
2019,meia-idade,3,2,SP,2.0,52.0,media_vs_baixa,baixa,media,54,False,2,
2019,meia-idade,4,0,AL,0.0,1.0,media_vs_baixa,baixa,media,1,False,0,
2019,meia-idade,4,1,AC,39.0,64.0,media_vs_baixa,baixa,media,103,True,39,
2019,meia-idade,4,1,AL,176.0,349.0,media_vs_baixa,baixa,media,525,True,176,
2019,meia-idade,4,1,AM,133.0,558.0,media_vs_baixa,baixa,media,691,True,133,
2019,meia-idade,4,1,AP,17.0,81.0,media_vs_baixa,baixa,media,98,False,17,
2019,meia-idade,4,1,BA,537.0,1994.0,media_vs_baixa,baixa,media,2531,True,537,
2019,meia-idade,4,1,CE,705.0,2049.0,media_vs_baixa,baixa,media,2754,True,705,
2019,meia-idade,4,1,DF,29.0,345.0,media_vs_baixa,baixa,media,374,True,29,
2019,meia-idade,4,1,ES,58.0,350.0,media_vs_baixa,baixa,media,408,True,58,
2019,meia-idade,4,1,GO,185.0,1171.0,media_vs_baixa,baixa,media,1356,True,185,
2019,meia-idade,4,1,MA,414.0,877.0,media_vs_baixa,baixa,media,1291,True,414,
2019,meia-idade,4,1,MG,447.0,2840.0,media_vs_baixa,baixa,media,3287,True,447,
2019,meia-idade,4,1,MS,80.0,492.0,media_vs_baixa,baixa,media,572,True,80,
2019,meia-idade,4,1,MT,104.0,564.0,media_vs_baixa,baixa,media,668,True,104,
2019,meia-idade,4,1,PA,274.0,1149.0,media_vs_baixa,baixa,media,1423,True,274,
2019,meia-idade,4,1,PB,138.0,337.0,media_vs_baixa,baixa,media,475,True,138,
2019,meia-idade,4,1,PE,641.0,2085.0,media_vs_baixa,baixa,media,2726,True,641,
2019,meia-idade,4,1,PI,211.0,494.0,media_vs_baixa,baixa,media,705,True,211,
2019,meia-idade,4,1,PR,103.0,794.0,media_vs_baixa,baixa,media,897,True,103,
2019,meia-idade,4,1,RJ,173.0,1942.0,media_vs_baixa,baixa,media,2115,True,173,
2019,meia-idade,4,1,RN,180.0,413.0,media_vs_baixa,baixa,media,593,True,180,
2019,meia-idade,4,1,RO,43.0,230.0,media_vs_baixa,baixa,media,273,True,43,
2019,meia-idade,4,1,RR,25.0,87.0,media_vs_baixa,baixa,media,112,True,25,
2019,meia-idade,4,1,RS,24.0,209.0,media_vs_baixa,baixa,media,233,True,24,
2019,meia-idade,4,1,SC,11.0,144.0,media_vs_baixa,baixa,media,155,False,11,
2019,meia-idade,4,1,SE,127.0,385.0,media_vs_baixa,baixa,media,512,True,127,
2019,meia-idade,4,1,SP,269.0,3628.0,media_vs_baixa,baixa,media,3897,True,269,
2019,meia-idade,4,1,TO,69.0,210.0,media_vs_baixa,baixa,media,279,True,69,
2019,meia-idade,4,2,AC,26.0,60.0,media_vs_baixa,baixa,media,86,True,26,
2019,meia-idade,4,2,AL,115.0,154.0,media_vs_baixa,baixa,media,269,True,115,
2019,meia-idade,4,2,AM,85.0,357.0,media_vs_baixa,baixa,media,442,True,85,
2019,meia-idade,4,2,AP,25.0,55.0,media_vs_baixa,baixa,media,80,True,25,
2019,meia-idade,4,2,BA,315.0,1121.0,media_vs_baixa,baixa,media,1436,True,315,
2019,meia-idade,4,2,CE,338.0,1131.0,media_vs_baixa,baixa,media,1469,True,338,
2019,meia-idade,4,2,DF,12.0,211.0,media_vs_baixa,baixa,media,223,False,12,
2019,meia-idade,4,2,ES,29.0,185.0,media_vs_baixa,baixa,media,214,True,29,
2019,meia-idade,4,2,GO,113.0,597.0,media_vs_baixa,baixa,media,710,True,113,
2019,meia-idade,4,2,MA,242.0,572.0,media_vs_baixa,baixa,media,814,True,242,
2019,meia-idade,4,2,MG,261.0,1706.0,media_vs_baixa,baixa,media,1967,True,261,
2019,meia-idade,4,2,MS,57.0,283.0,media_vs_baixa,baixa,media,340,True,57,
2019,meia-idade,4,2,MT,68.0,305.0,media_vs_baixa,baixa,media,373,True,68,
2019,meia-idade,4,2,PA,143.0,736.0,media_vs_baixa,baixa,media,879,True,143,
2019,meia-idade,4,2,PB,74.0,219.0,media_vs_baixa,baixa,media,293,True,74,
2019,meia-idade,4,2,PE,354.0,1133.0,media_vs_baixa,baixa,media,1487,True,354,
2019,meia-idade,4,2,PI,114.0,275.0,media_vs_baixa,baixa,media,389,True,114,
2019,meia-idade,4,2,PR,102.0,463.0,media_vs_baixa,baixa,media,565,True,102,
2019,meia-idade,4,2,RJ,134.0,1598.0,media_vs_baixa,baixa,media,1732,True,134,
2019,meia-idade,4,2,RN,88.0,233.0,media_vs_baixa,baixa,media,321,True,88,
2019,meia-idade,4,2,RO,40.0,107.0,media_vs_baixa,baixa,media,147,True,40,
2019,meia-idade,4,2,RR,9.0,44.0,media_vs_baixa,baixa,media,53,False,9,
2019,meia-idade,4,2,RS,18.0,127.0,media_vs_baixa,baixa,media,145,False,18,
2019,meia-idade,4,2,SC,21.0,93.0,media_vs_baixa,baixa,media,114,True,21,
2019,meia-idade,4,2,SE,77.0,257.0,media_vs_baixa,baixa,media,334,True,77,
2019,meia-idade,4,2,SP,246.0,2099.0,media_vs_baixa,baixa,media,2345,True,246,
2019,meia-idade,4,2,TO,43.0,105.0,media_vs_baixa,baixa,media,148,True,43,
2019,meia-idade,5,1,AL,0.0,1.0,media_vs_baixa,baixa,media,1,False,0,
2019,meia-idade,5,1,AM,11.0,17.0,media_vs_baixa,baixa,media,28,False,11,
2019,meia-idade,5,1,BA,3.0,6.0,media_vs_baixa,baixa,media,9,False,3,
2019,meia-idade,5,1,CE,0.0,2.0,media_vs_baixa,baixa,media,2,False,0,
2019,meia-idade,5,1,DF,0.0,3.0,media_vs_baixa,baixa,media,3,False,0,
2019,meia-idade,5,1,ES,1.0,1.0,media_vs_baixa,baixa,media,2,False,1,
2019,meia-idade,5,1,GO,0.0,1.0,media_vs_baixa,baixa,media,1,False,0,
2019,meia-idade,5,1,MA,4.0,6.0,media_vs_baixa,baixa,media,10,False,4,
2019,meia-idade,5,1,MG,1.0,6.0,media_vs_baixa,baixa,media,7,False,1,
2019,meia-idade,5,1,MS,14.0,21.0,media_vs_baixa,baixa,media,35,False,14,
2019,meia-idade,5,1,MT,2.0,4.0,media_vs_baixa,baixa,media,6,False,2,
2019,meia-idade,5,1,PA,1.0,6.0,media_vs_baixa,baixa,media,7,False,1,
2019,meia-idade,5,1,PB,1.0,0.0,media_vs_baixa,baixa,media,1,False,0,
2019,meia-idade,5,1,PE,4.0,8.0,media_vs_baixa,baixa,media,12,False,4,
2019,meia-idade,5,1,PR,1.0,3.0,media_vs_baixa,baixa,media,4,False,1,
2019,meia-idade,5,1,RJ,0.0,1.0,media_vs_baixa,baixa,media,1,False,0,
2019,meia-idade,5,1,RN,1.0,1.0,media_vs_baixa,baixa,media,2,False,1,
2019,meia-idade,5,1,RO,0.0,1.0,media_vs_baixa,baixa,media,1,False,0,
2019,meia-idade,5,1,RR,5.0,5.0,media_vs_baixa,baixa,media,10,False,5,
2019,meia-idade,5,1,RS,0.0,5.0,media_vs_baixa,baixa,media,5,False,0,
2019,meia-idade,5,1,SC,0.0,4.0,media_vs_baixa,baixa,media,4,False,0,
2019,meia-idade,5,1,SE,0.0,1.0,media_vs_baixa,baixa,media,1,False,0,
2019,meia-idade,5,1,SP,0.0,7.0,media_vs_baixa,baixa,media,7,False,0,
2019,meia-idade,5,1,TO,0.0,2.0,media_vs_baixa,baixa,media,2,False,0,
2019,meia-idade,5,2,AC,0.0,1.0,media_vs_baixa,baixa,media,1,False,0,
2019,meia-idade,5,2,AM,8.0,9.0,media_vs_baixa,baixa,media,17,False,8,
2019,meia-idade,5,2,BA,2.0,1.0,media_vs_baixa,baixa,media,3,False,1,
2019,meia-idade,5,2,CE,2.0,2.0,media_vs_baixa,baixa,media,4,False,2,
2019,meia-idade,5,2,DF,0.0,1.0,media_vs_baixa,baixa,media,1,False,0,
2019,meia-idade,5,2,GO,0.0,1.0,media_vs_baixa,baixa,media,1,False,0,
2019,meia-idade,5,2,MA,3.0,2.0,media_vs_baixa,baixa,media,5,False,2,
2019,meia-idade,5,2,MG,1.0,0.0,media_vs_baixa,baixa,media,1,False,0,
2019,meia-idade,5,2,MS,15.0,16.0,media_vs_baixa,baixa,media,31,False,15,
2019,meia-idade,5,2,MT,2.0,2.0,media_vs_baixa,baixa,media,4,False,2,
2019,meia-idade,5,2,PA,2.0,3.0,media_vs_baixa,baixa,media,5,False,2,
2019,meia-idade,5,2,PB,2.0,2.0,media_vs_baixa,baixa,media,4,False,2,
2019,meia-idade,5,2,PE,1.0,4.0,media_vs_baixa,baixa,media,5,False,1,
2019,meia-idade,5,2,PI,0.0,2.0,media_vs_baixa,baixa,media,2,False,0,
2019,meia-idade,5,2,PR,2.0,7.0,media_vs_baixa,baixa,media,9,False,2,
2019,meia-idade,5,2,RN,0.0,3.0,media_vs_baixa,baixa,media,3,False,0,
2019,meia-idade,5,2,RO,2.0,1.0,media_vs_baixa,baixa,media,3,False,1,
2019,meia-idade,5,2,RR,3.0,4.0,media_vs_baixa,baixa,media,7,False,3,
2019,meia-idade,5,2,RS,1.0,6.0,media_vs_baixa,baixa,media,7,False,1,
2019,meia-idade,5,2,SC,1.0,4.0,media_vs_baixa,baixa,media,5,False,1,
2019,meia-idade,5,2,SP,1.0,8.0,media_vs_baixa,baixa,media,9,False,1,
2020,adulto,1,0,PA,0.0,1.0,media_vs_baixa,baixa,media,1,False,0,
2020,adulto,1,1,AC,1.0,13.0,media_vs_baixa,baixa,media,14,False,1,
2020,adulto,1,1,AL,8.0,27.0,media_vs_baixa,baixa,media,35,False,8,
2020,adulto,1,1,AM,5.0,78.0,media_vs_baixa,baixa,media,83,False,5,
2020,adulto,1,1,AP,2.0,17.0,media_vs_baixa,baixa,media,19,False,2,
2020,adulto,1,1,BA,32.0,280.0,media_vs_baixa,baixa,media,312,True,32,
2020,adulto,1,1,CE,34.0,243.0,media_vs_baixa,baixa,media,277,True,34,
2020,adulto,1,1,DF,5.0,172.0,media_vs_baixa,baixa,media,177,False,5,
2020,adulto,1,1,ES,3.0,61.0,media_vs_baixa,baixa,media,64,False,3,
2020,adulto,1,1,GO,23.0,378.0,media_vs_baixa,baixa,media,401,True,23,
2020,adulto,1,1,MA,29.0,147.0,media_vs_baixa,baixa,media,176,True,29,
2020,adulto,1,1,MG,93.0,873.0,media_vs_baixa,baixa,media,966,True,93,
2020,adulto,1,1,MS,11.0,145.0,media_vs_baixa,baixa,media,156,False,11,
2020,adulto,1,1,MT,4.0,181.0,media_vs_baixa,baixa,media,185,False,4,
2020,adulto,1,1,PA,10.0,173.0,media_vs_baixa,baixa,media,183,False,10,
2020,adulto,1,1,PB,9.0,43.0,media_vs_baixa,baixa,media,52,False,9,
2020,adulto,1,1,PE,64.0,505.0,media_vs_baixa,baixa,media,569,True,64,
2020,adulto,1,1,PI,19.0,61.0,media_vs_baixa,baixa,media,80,False,19,
2020,adulto,1,1,PR,74.0,1298.0,media_vs_baixa,baixa,media,1372,True,74,
2020,adulto,1,1,RJ,59.0,863.0,media_vs_baixa,baixa,media,922,True,59,
2020,adulto,1,1,RN,14.0,88.0,media_vs_baixa,baixa,media,102,False,14,
2020,adulto,1,1,RO,7.0,74.0,media_vs_baixa,baixa,media,81,False,7,
2020,adulto,1,1,RR,1.0,15.0,media_vs_baixa,baixa,media,16,False,1,
2020,adulto,1,1,RS,54.0,821.0,media_vs_baixa,baixa,media,875,True,54,
2020,adulto,1,1,SC,35.0,720.0,media_vs_baixa,baixa,media,755,True,35,
2020,adulto,1,1,SE,9.0,74.0,media_vs_baixa,baixa,media,83,False,9,
2020,adulto,1,1,SP,175.0,2595.0,media_vs_baixa,baixa,media,2770,True,175,
2020,adulto,1,1,TO,2.0,52.0,media_vs_baixa,baixa,media,54,False,2,
2020,adulto,1,2,AC,2.0,14.0,media_vs_baixa,baixa,media,16,False,2,
2020,adulto,1,2,AL,4.0,22.0,media_vs_baixa,baixa,media,26,False,4,
2020,adulto,1,2,AM,1.0,44.0,media_vs_baixa,baixa,media,45,False,1,
2020,adulto,1,2,AP,0.0,16.0,media_vs_baixa,baixa,media,16,False,0,
2020,adulto,1,2,BA,19.0,147.0,media_vs_baixa,baixa,media,166,False,19,
2020,adulto,1,2,CE,24.0,165.0,media_vs_baixa,baixa,media,189,True,24,
2020,adulto,1,2,DF,1.0,102.0,media_vs_baixa,baixa,media,103,False,1,
2020,adulto,1,2,ES,9.0,48.0,media_vs_baixa,baixa,media,57,False,9,
2020,adulto,1,2,GO,17.0,221.0,media_vs_baixa,baixa,media,238,False,17,
2020,adulto,1,2,MA,14.0,94.0,media_vs_baixa,baixa,media,108,False,14,
2020,adulto,1,2,MG,42.0,516.0,media_vs_baixa,baixa,media,558,True,42,
2020,adulto,1,2,MS,9.0,94.0,media_vs_baixa,baixa,media,103,False,9,
2020,adulto,1,2,MT,7.0,82.0,media_vs_baixa,baixa,media,89,False,7,
2020,adulto,1,2,PA,11.0,122.0,media_vs_baixa,baixa,media,133,False,11,
2020,adulto,1,2,PB,11.0,27.0,media_vs_baixa,baixa,media,38,False,11,
2020,adulto,1,2,PE,34.0,220.0,media_vs_baixa,baixa,media,254,True,34,
2020,adulto,1,2,PI,3.0,34.0,media_vs_baixa,baixa,media,37,False,3,
2020,adulto,1,2,PR,49.0,551.0,media_vs_baixa,baixa,media,600,True,49,
2020,adulto,1,2,RJ,38.0,601.0,media_vs_baixa,baixa,media,639,True,38,
2020,adulto,1,2,RN,6.0,65.0,media_vs_baixa,baixa,media,71,False,6,
2020,adulto,1,2,RO,3.0,42.0,media_vs_baixa,baixa,media,45,False,3,
2020,adulto,1,2,RR,0.0,10.0,media_vs_baixa,baixa,media,10,False,0,
2020,adulto,1,2,RS,39.0,466.0,media_vs_baixa,baixa,media,505,True,39,
2020,adulto,1,2,SC,22.0,385.0,media_vs_baixa,baixa,media,407,True,22,
2020,adulto,1,2,SE,7.0,50.0,media_vs_baixa,baixa,media,57,False,7,
2020,adulto,1,2,SP,129.0,1557.0,media_vs_baixa,baixa,media,1686,True,129,
2020,adulto,1,2,TO,1.0,28.0,media_vs_baixa,baixa,media,29,False,1,
2020,adulto,2,1,AC,1.0,5.0,media_vs_baixa,baixa,media,6,False,1,
2020,adulto,2,1,AL,6.0,19.0,media_vs_baixa,baixa,media,25,False,6,
2020,adulto,2,1,AM,2.0,20.0,media_vs_baixa,baixa,media,22,False,2,
2020,adulto,2,1,AP,1.0,10.0,media_vs_baixa,baixa,media,11,False,1,
2020,adulto,2,1,BA,75.0,538.0,media_vs_baixa,baixa,media,613,True,75,
2020,adulto,2,1,CE,24.0,60.0,media_vs_baixa,baixa,media,84,True,24,
2020,adulto,2,1,DF,4.0,52.0,media_vs_baixa,baixa,media,56,False,4,
2020,adulto,2,1,ES,5.0,44.0,media_vs_baixa,baixa,media,49,False,5,
2020,adulto,2,1,GO,9.0,115.0,media_vs_baixa,baixa,media,124,False,9,
2020,adulto,2,1,MA,37.0,189.0,media_vs_baixa,baixa,media,226,True,37,
2020,adulto,2,1,MG,44.0,448.0,media_vs_baixa,baixa,media,492,True,44,
2020,adulto,2,1,MS,3.0,35.0,media_vs_baixa,baixa,media,38,False,3,
2020,adulto,2,1,MT,6.0,52.0,media_vs_baixa,baixa,media,58,False,6,
2020,adulto,2,1,PA,19.0,130.0,media_vs_baixa,baixa,media,149,False,19,
2020,adulto,2,1,PB,5.0,8.0,media_vs_baixa,baixa,media,13,False,5,
2020,adulto,2,1,PE,24.0,135.0,media_vs_baixa,baixa,media,159,True,24,
2020,adulto,2,1,PI,20.0,48.0,media_vs_baixa,baixa,media,68,True,20,
2020,adulto,2,1,PR,5.0,113.0,media_vs_baixa,baixa,media,118,False,5,
2020,adulto,2,1,RJ,38.0,598.0,media_vs_baixa,baixa,media,636,True,38,
2020,adulto,2,1,RN,5.0,20.0,media_vs_baixa,baixa,media,25,False,5,
2020,adulto,2,1,RO,4.0,27.0,media_vs_baixa,baixa,media,31,False,4,
2020,adulto,2,1,RR,0.0,4.0,media_vs_baixa,baixa,media,4,False,0,
2020,adulto,2,1,RS,9.0,123.0,media_vs_baixa,baixa,media,132,False,9,
2020,adulto,2,1,SC,3.0,44.0,media_vs_baixa,baixa,media,47,False,3,
2020,adulto,2,1,SE,16.0,45.0,media_vs_baixa,baixa,media,61,False,16,
2020,adulto,2,1,SP,40.0,462.0,media_vs_baixa,baixa,media,502,True,40,
2020,adulto,2,1,TO,1.0,38.0,media_vs_baixa,baixa,media,39,False,1,
2020,adulto,2,2,AC,1.0,3.0,media_vs_baixa,baixa,media,4,False,1,
2020,adulto,2,2,AL,2.0,13.0,media_vs_baixa,baixa,media,15,False,2,
2020,adulto,2,2,AM,2.0,8.0,media_vs_baixa,baixa,media,10,False,2,
2020,adulto,2,2,AP,2.0,6.0,media_vs_baixa,baixa,media,8,False,2,
2020,adulto,2,2,BA,25.0,221.0,media_vs_baixa,baixa,media,246,True,25,
2020,adulto,2,2,CE,3.0,28.0,media_vs_baixa,baixa,media,31,False,3,
2020,adulto,2,2,DF,2.0,22.0,media_vs_baixa,baixa,media,24,False,2,
2020,adulto,2,2,ES,2.0,32.0,media_vs_baixa,baixa,media,34,False,2,
2020,adulto,2,2,GO,2.0,61.0,media_vs_baixa,baixa,media,63,False,2,
2020,adulto,2,2,MA,12.0,56.0,media_vs_baixa,baixa,media,68,False,12,
2020,adulto,2,2,MG,26.0,214.0,media_vs_baixa,baixa,media,240,True,26,
2020,adulto,2,2,MS,2.0,9.0,media_vs_baixa,baixa,media,11,False,2,
2020,adulto,2,2,MT,4.0,13.0,media_vs_baixa,baixa,media,17,False,4,
2020,adulto,2,2,PA,6.0,53.0,media_vs_baixa,baixa,media,59,False,6,
2020,adulto,2,2,PB,0.0,5.0,media_vs_baixa,baixa,media,5,False,0,
2020,adulto,2,2,PE,6.0,62.0,media_vs_baixa,baixa,media,68,False,6,
2020,adulto,2,2,PI,3.0,22.0,media_vs_baixa,baixa,media,25,False,3,
2020,adulto,2,2,PR,7.0,48.0,media_vs_baixa,baixa,media,55,False,7,
2020,adulto,2,2,RJ,19.0,414.0,media_vs_baixa,baixa,media,433,False,19,
2020,adulto,2,2,RN,2.0,11.0,media_vs_baixa,baixa,media,13,False,2,
2020,adulto,2,2,RO,1.0,14.0,media_vs_baixa,baixa,media,15,False,1,
2020,adulto,2,2,RR,1.0,1.0,media_vs_baixa,baixa,media,2,False,1,
2020,adulto,2,2,RS,7.0,70.0,media_vs_baixa,baixa,media,77,False,7,
2020,adulto,2,2,SC,3.0,29.0,media_vs_baixa,baixa,media,32,False,3,
2020,adulto,2,2,SE,6.0,18.0,media_vs_baixa,baixa,media,24,False,6,
2020,adulto,2,2,SP,16.0,253.0,media_vs_baixa,baixa,media,269,False,16,
2020,adulto,2,2,TO,2.0,18.0,media_vs_baixa,baixa,media,20,False,2,
2020,adulto,3,1,AL,1.0,2.0,media_vs_baixa,baixa,media,3,False,1,
2020,adulto,3,1,AM,0.0,5.0,media_vs_baixa,baixa,media,5,False,0,
2020,adulto,3,1,AP,0.0,2.0,media_vs_baixa,baixa,media,2,False,0,
2020,adulto,3,1,BA,0.0,4.0,media_vs_baixa,baixa,media,4,False,0,
2020,adulto,3,1,CE,1.0,9.0,media_vs_baixa,baixa,media,10,False,1,
2020,adulto,3,1,DF,0.0,6.0,media_vs_baixa,baixa,media,6,False,0,
2020,adulto,3,1,ES,0.0,1.0,media_vs_baixa,baixa,media,1,False,0,
2020,adulto,3,1,GO,0.0,3.0,media_vs_baixa,baixa,media,3,False,0,
2020,adulto,3,1,MA,0.0,1.0,media_vs_baixa,baixa,media,1,False,0,
2020,adulto,3,1,MG,1.0,5.0,media_vs_baixa,baixa,media,6,False,1,
2020,adulto,3,1,MS,0.0,1.0,media_vs_baixa,baixa,media,1,False,0,
2020,adulto,3,1,MT,0.0,3.0,media_vs_baixa,baixa,media,3,False,0,
2020,adulto,3,1,PA,2.0,2.0,media_vs_baixa,baixa,media,4,False,2,
2020,adulto,3,1,PB,0.0,1.0,media_vs_baixa,baixa,media,1,False,0,
2020,adulto,3,1,PE,1.0,6.0,media_vs_baixa,baixa,media,7,False,1,
2020,adulto,3,1,PI,2.0,1.0,media_vs_baixa,baixa,media,3,False,1,
2020,adulto,3,1,PR,1.0,3.0,media_vs_baixa,baixa,media,4,False,1,
2020,adulto,3,1,RJ,0.0,3.0,media_vs_baixa,baixa,media,3,False,0,
2020,adulto,3,1,RN,0.0,1.0,media_vs_baixa,baixa,media,1,False,0,
2020,adulto,3,1,RR,1.0,1.0,media_vs_baixa,baixa,media,2,False,1,
2020,adulto,3,1,RS,0.0,1.0,media_vs_baixa,baixa,media,1,False,0,
2020,adulto,3,1,SP,2.0,26.0,media_vs_baixa,baixa,media,28,False,2,
2020,adulto,3,1,TO,0.0,2.0,media_vs_baixa,baixa,media,2,False,0,
2020,adulto,3,2,AM,0.0,1.0,media_vs_baixa,baixa,media,1,False,0,
2020,adulto,3,2,AP,0.0,3.0,media_vs_baixa,baixa,media,3,False,0,
2020,adulto,3,2,BA,1.0,1.0,media_vs_baixa,baixa,media,2,False,1,
2020,adulto,3,2,CE,2.0,6.0,media_vs_baixa,baixa,media,8,False,2,
2020,adulto,3,2,DF,0.0,2.0,media_vs_baixa,baixa,media,2,False,0,
2020,adulto,3,2,GO,1.0,3.0,media_vs_baixa,baixa,media,4,False,1,
2020,adulto,3,2,MA,0.0,1.0,media_vs_baixa,baixa,media,1,False,0,
2020,adulto,3,2,MG,0.0,6.0,media_vs_baixa,baixa,media,6,False,0,
2020,adulto,3,2,MS,0.0,3.0,media_vs_baixa,baixa,media,3,False,0,
2020,adulto,3,2,MT,0.0,3.0,media_vs_baixa,baixa,media,3,False,0,
2020,adulto,3,2,PB,0.0,1.0,media_vs_baixa,baixa,media,1,False,0,
2020,adulto,3,2,PE,0.0,2.0,media_vs_baixa,baixa,media,2,False,0,
2020,adulto,3,2,PI,0.0,1.0,media_vs_baixa,baixa,media,1,False,0,
2020,adulto,3,2,PR,0.0,1.0,media_vs_baixa,baixa,media,1,False,0,
2020,adulto,3,2,RJ,0.0,1.0,media_vs_baixa,baixa,media,1,False,0,
2020,adulto,3,2,RN,0.0,2.0,media_vs_baixa,baixa,media,2,False,0,
2020,adulto,3,2,RO,0.0,1.0,media_vs_baixa,baixa,media,1,False,0,
2020,adulto,3,2,SC,0.0,3.0,media_vs_baixa,baixa,media,3,False,0,
2020,adulto,3,2,SE,0.0,1.0,media_vs_baixa,baixa,media,1,False,0,
2020,adulto,3,2,SP,1.0,15.0,media_vs_baixa,baixa,media,16,False,1,
2020,adulto,4,1,AC,22.0,70.0,media_vs_baixa,baixa,media,92,True,22,
2020,adulto,4,1,AL,96.0,439.0,media_vs_baixa,baixa,media,535,True,96,
2020,adulto,4,1,AM,90.0,691.0,media_vs_baixa,baixa,media,781,True,90,
2020,adulto,4,1,AP,4.0,106.0,media_vs_baixa,baixa,media,110,False,4,
2020,adulto,4,1,BA,250.0,2229.0,media_vs_baixa,baixa,media,2479,True,250,
2020,adulto,4,1,CE,268.0,2067.0,media_vs_baixa,baixa,media,2335,True,268,
2020,adulto,4,1,DF,11.0,304.0,media_vs_baixa,baixa,media,315,False,11,
2020,adulto,4,1,ES,23.0,206.0,media_vs_baixa,baixa,media,229,True,23,
2020,adulto,4,1,GO,59.0,1032.0,media_vs_baixa,baixa,media,1091,True,59,
2020,adulto,4,1,MA,220.0,1061.0,media_vs_baixa,baixa,media,1281,True,220,
2020,adulto,4,1,MG,136.0,1543.0,media_vs_baixa,baixa,media,1679,True,136,
2020,adulto,4,1,MS,22.0,265.0,media_vs_baixa,baixa,media,287,True,22,
2020,adulto,4,1,MT,30.0,412.0,media_vs_baixa,baixa,media,442,True,30,
2020,adulto,4,1,PA,146.0,1250.0,media_vs_baixa,baixa,media,1396,True,146,
2020,adulto,4,1,PB,50.0,233.0,media_vs_baixa,baixa,media,283,True,50,
2020,adulto,4,1,PE,333.0,2199.0,media_vs_baixa,baixa,media,2532,True,333,
2020,adulto,4,1,PI,86.0,501.0,media_vs_baixa,baixa,media,587,True,86,
2020,adulto,4,1,PR,37.0,565.0,media_vs_baixa,baixa,media,602,True,37,
2020,adulto,4,1,RJ,61.0,1339.0,media_vs_baixa,baixa,media,1400,True,61,
2020,adulto,4,1,RN,58.0,338.0,media_vs_baixa,baixa,media,396,True,58,
2020,adulto,4,1,RO,26.0,180.0,media_vs_baixa,baixa,media,206,True,26,
2020,adulto,4,1,RR,4.0,86.0,media_vs_baixa,baixa,media,90,False,4,
2020,adulto,4,1,RS,14.0,133.0,media_vs_baixa,baixa,media,147,False,14,
2020,adulto,4,1,SC,11.0,129.0,media_vs_baixa,baixa,media,140,False,11,
2020,adulto,4,1,SE,67.0,582.0,media_vs_baixa,baixa,media,649,True,67,
2020,adulto,4,1,SP,129.0,1952.0,media_vs_baixa,baixa,media,2081,True,129,
2020,adulto,4,1,TO,20.0,228.0,media_vs_baixa,baixa,media,248,True,20,
2020,adulto,4,2,AC,6.0,28.0,media_vs_baixa,baixa,media,34,False,6,
2020,adulto,4,2,AL,19.0,111.0,media_vs_baixa,baixa,media,130,False,19,
2020,adulto,4,2,AM,26.0,225.0,media_vs_baixa,baixa,media,251,True,26,
2020,adulto,4,2,AP,7.0,51.0,media_vs_baixa,baixa,media,58,False,7,
2020,adulto,4,2,BA,93.0,670.0,media_vs_baixa,baixa,media,763,True,93,
2020,adulto,4,2,CE,86.0,626.0,media_vs_baixa,baixa,media,712,True,86,
2020,adulto,4,2,DF,4.0,100.0,media_vs_baixa,baixa,media,104,False,4,
2020,adulto,4,2,ES,9.0,83.0,media_vs_baixa,baixa,media,92,False,9,
2020,adulto,4,2,GO,20.0,332.0,media_vs_baixa,baixa,media,352,True,20,
2020,adulto,4,2,MA,77.0,411.0,media_vs_baixa,baixa,media,488,True,77,
2020,adulto,4,2,MG,64.0,619.0,media_vs_baixa,baixa,media,683,True,64,
2020,adulto,4,2,MS,13.0,110.0,media_vs_baixa,baixa,media,123,False,13,
2020,adulto,4,2,MT,13.0,171.0,media_vs_baixa,baixa,media,184,False,13,
2020,adulto,4,2,PA,55.0,538.0,media_vs_baixa,baixa,media,593,True,55,
2020,adulto,4,2,PB,18.0,95.0,media_vs_baixa,baixa,media,113,False,18,
2020,adulto,4,2,PE,100.0,600.0,media_vs_baixa,baixa,media,700,True,100,
2020,adulto,4,2,PI,27.0,144.0,media_vs_baixa,baixa,media,171,True,27,
2020,adulto,4,2,PR,19.0,182.0,media_vs_baixa,baixa,media,201,False,19,
2020,adulto,4,2,RJ,40.0,674.0,media_vs_baixa,baixa,media,714,True,40,
2020,adulto,4,2,RN,13.0,119.0,media_vs_baixa,baixa,media,132,False,13,
2020,adulto,4,2,RO,11.0,65.0,media_vs_baixa,baixa,media,76,False,11,
2020,adulto,4,2,RR,2.0,45.0,media_vs_baixa,baixa,media,47,False,2,
2020,adulto,4,2,RS,6.0,61.0,media_vs_baixa,baixa,media,67,False,6,
2020,adulto,4,2,SC,9.0,34.0,media_vs_baixa,baixa,media,43,False,9,
2020,adulto,4,2,SE,25.0,138.0,media_vs_baixa,baixa,media,163,True,25,
2020,adulto,4,2,SP,56.0,755.0,media_vs_baixa,baixa,media,811,True,56,
2020,adulto,4,2,TO,9.0,76.0,media_vs_baixa,baixa,media,85,False,9,
2020,adulto,5,1,AC,0.0,1.0,media_vs_baixa,baixa,media,1,False,0,
2020,adulto,5,1,AL,3.0,4.0,media_vs_baixa,baixa,media,7,False,3,
2020,adulto,5,1,AM,9.0,25.0,media_vs_baixa,baixa,media,34,False,9,
2020,adulto,5,1,AP,0.0,1.0,media_vs_baixa,baixa,media,1,False,0,
2020,adulto,5,1,BA,0.0,3.0,media_vs_baixa,baixa,media,3,False,0,
2020,adulto,5,1,CE,0.0,2.0,media_vs_baixa,baixa,media,2,False,0,
2020,adulto,5,1,ES,0.0,1.0,media_vs_baixa,baixa,media,1,False,0,
2020,adulto,5,1,GO,0.0,1.0,media_vs_baixa,baixa,media,1,False,0,
2020,adulto,5,1,MA,3.0,7.0,media_vs_baixa,baixa,media,10,False,3,
2020,adulto,5,1,MG,0.0,3.0,media_vs_baixa,baixa,media,3,False,0,
2020,adulto,5,1,MS,4.0,24.0,media_vs_baixa,baixa,media,28,False,4,
2020,adulto,5,1,MT,1.0,1.0,media_vs_baixa,baixa,media,2,False,1,
2020,adulto,5,1,PA,0.0,5.0,media_vs_baixa,baixa,media,5,False,0,
2020,adulto,5,1,PB,0.0,2.0,media_vs_baixa,baixa,media,2,False,0,
2020,adulto,5,1,PE,3.0,4.0,media_vs_baixa,baixa,media,7,False,3,
2020,adulto,5,1,PI,0.0,1.0,media_vs_baixa,baixa,media,1,False,0,
2020,adulto,5,1,PR,3.0,1.0,media_vs_baixa,baixa,media,4,False,1,
2020,adulto,5,1,RN,0.0,1.0,media_vs_baixa,baixa,media,1,False,0,
2020,adulto,5,1,RO,0.0,3.0,media_vs_baixa,baixa,media,3,False,0,
2020,adulto,5,1,RR,10.0,16.0,media_vs_baixa,baixa,media,26,False,10,
2020,adulto,5,1,RS,1.0,7.0,media_vs_baixa,baixa,media,8,False,1,
2020,adulto,5,1,SC,0.0,3.0,media_vs_baixa,baixa,media,3,False,0,
2020,adulto,5,1,SP,0.0,2.0,media_vs_baixa,baixa,media,2,False,0,
2020,adulto,5,2,AC,2.0,0.0,media_vs_baixa,baixa,media,2,False,0,
2020,adulto,5,2,AL,0.0,1.0,media_vs_baixa,baixa,media,1,False,0,
2020,adulto,5,2,AM,8.0,17.0,media_vs_baixa,baixa,media,25,False,8,
2020,adulto,5,2,BA,0.0,2.0,media_vs_baixa,baixa,media,2,False,0,
2020,adulto,5,2,CE,0.0,1.0,media_vs_baixa,baixa,media,1,False,0,
2020,adulto,5,2,GO,2.0,1.0,media_vs_baixa,baixa,media,3,False,1,
2020,adulto,5,2,MA,4.0,4.0,media_vs_baixa,baixa,media,8,False,4,
2020,adulto,5,2,MG,1.0,3.0,media_vs_baixa,baixa,media,4,False,1,
2020,adulto,5,2,MS,8.0,19.0,media_vs_baixa,baixa,media,27,False,8,
2020,adulto,5,2,MT,1.0,3.0,media_vs_baixa,baixa,media,4,False,1,
2020,adulto,5,2,PA,0.0,3.0,media_vs_baixa,baixa,media,3,False,0,
2020,adulto,5,2,PE,1.0,5.0,media_vs_baixa,baixa,media,6,False,1,
2020,adulto,5,2,PR,0.0,3.0,media_vs_baixa,baixa,media,3,False,0,
2020,adulto,5,2,RJ,0.0,1.0,media_vs_baixa,baixa,media,1,False,0,
2020,adulto,5,2,RO,0.0,1.0,media_vs_baixa,baixa,media,1,False,0,
2020,adulto,5,2,RR,6.0,8.0,media_vs_baixa,baixa,media,14,False,6,
2020,adulto,5,2,RS,1.0,8.0,media_vs_baixa,baixa,media,9,False,1,
2020,adulto,5,2,SC,0.0,1.0,media_vs_baixa,baixa,media,1,False,0,
2020,adulto,5,2,SP,0.0,3.0,media_vs_baixa,baixa,media,3,False,0,
2020,adulto,5,2,TO,2.0,3.0,media_vs_baixa,baixa,media,5,False,2,
2020,idoso,1,0,MT,0.0,1.0,media_vs_baixa,baixa,media,1,False,0,
2020,idoso,1,0,SP,0.0,1.0,media_vs_baixa,baixa,media,1,False,0,
2020,idoso,1,1,AC,9.0,40.0,media_vs_baixa,baixa,media,49,False,9,
2020,idoso,1,1,AL,98.0,174.0,media_vs_baixa,baixa,media,272,True,98,
2020,idoso,1,1,AM,57.0,277.0,media_vs_baixa,baixa,media,334,True,57,
2020,idoso,1,1,AP,9.0,53.0,media_vs_baixa,baixa,media,62,False,9,
2020,idoso,1,1,BA,286.0,981.0,media_vs_baixa,baixa,media,1267,True,286,
2020,idoso,1,1,CE,331.0,901.0,media_vs_baixa,baixa,media,1232,True,331,
2020,idoso,1,1,DF,56.0,682.0,media_vs_baixa,baixa,media,738,True,56,
2020,idoso,1,1,ES,79.0,559.0,media_vs_baixa,baixa,media,638,True,79,
2020,idoso,1,1,GO,314.0,1531.0,media_vs_baixa,baixa,media,1845,True,314,
2020,idoso,1,1,MA,190.0,473.0,media_vs_baixa,baixa,media,663,True,190,
2020,idoso,1,1,MG,694.0,5804.0,media_vs_baixa,baixa,media,6498,True,694,
2020,idoso,1,1,MS,115.0,816.0,media_vs_baixa,baixa,media,931,True,115,
2020,idoso,1,1,MT,117.0,757.0,media_vs_baixa,baixa,media,874,True,117,
2020,idoso,1,1,PA,138.0,648.0,media_vs_baixa,baixa,media,786,True,138,
2020,idoso,1,1,PB,95.0,249.0,media_vs_baixa,baixa,media,344,True,95,
2020,idoso,1,1,PE,420.0,1594.0,media_vs_baixa,baixa,media,2014,True,420,
2020,idoso,1,1,PI,110.0,221.0,media_vs_baixa,baixa,media,331,True,110,
2020,idoso,1,1,PR,776.0,6282.0,media_vs_baixa,baixa,media,7058,True,776,
2020,idoso,1,1,RJ,479.0,6609.0,media_vs_baixa,baixa,media,7088,True,479,
2020,idoso,1,1,RN,184.0,426.0,media_vs_baixa,baixa,media,610,True,184,
2020,idoso,1,1,RO,83.0,261.0,media_vs_baixa,baixa,media,344,True,83,
2020,idoso,1,1,RR,10.0,47.0,media_vs_baixa,baixa,media,57,False,10,
2020,idoso,1,1,RS,534.0,6160.0,media_vs_baixa,baixa,media,6694,True,534,
2020,idoso,1,1,SC,298.0,4725.0,media_vs_baixa,baixa,media,5023,True,298,
2020,idoso,1,1,SE,74.0,236.0,media_vs_baixa,baixa,media,310,True,74,
2020,idoso,1,1,SP,1338.0,20505.0,media_vs_baixa,baixa,media,21843,True,1338,
2020,idoso,1,1,TO,36.0,159.0,media_vs_baixa,baixa,media,195,True,36,
2020,idoso,1,2,AC,13.0,30.0,media_vs_baixa,baixa,media,43,False,13,
2020,idoso,1,2,AL,100.0,143.0,media_vs_baixa,baixa,media,243,True,100,
2020,idoso,1,2,AM,48.0,197.0,media_vs_baixa,baixa,media,245,True,48,
2020,idoso,1,2,AP,9.0,26.0,media_vs_baixa,baixa,media,35,False,9,
2020,idoso,1,2,BA,303.0,740.0,media_vs_baixa,baixa,media,1043,True,303,
2020,idoso,1,2,CE,342.0,907.0,media_vs_baixa,baixa,media,1249,True,342,
2020,idoso,1,2,DF,59.0,494.0,media_vs_baixa,baixa,media,553,True,59,
2020,idoso,1,2,ES,101.0,374.0,media_vs_baixa,baixa,media,475,True,101,
2020,idoso,1,2,GO,331.0,1170.0,media_vs_baixa,baixa,media,1501,True,331,
2020,idoso,1,2,MA,183.0,371.0,media_vs_baixa,baixa,media,554,True,183,
2020,idoso,1,2,MG,740.0,4319.0,media_vs_baixa,baixa,media,5059,True,740,
2020,idoso,1,2,MS,110.0,602.0,media_vs_baixa,baixa,media,712,True,110,
2020,idoso,1,2,MT,117.0,464.0,media_vs_baixa,baixa,media,581,True,117,
2020,idoso,1,2,PA,131.0,477.0,media_vs_baixa,baixa,media,608,True,131,
2020,idoso,1,2,PB,105.0,246.0,media_vs_baixa,baixa,media,351,True,105,
2020,idoso,1,2,PE,509.0,1362.0,media_vs_baixa,baixa,media,1871,True,509,
2020,idoso,1,2,PI,102.0,197.0,media_vs_baixa,baixa,media,299,True,102,
2020,idoso,1,2,PR,1032.0,4264.0,media_vs_baixa,baixa,media,5296,True,1032,
2020,idoso,1,2,RJ,591.0,5789.0,media_vs_baixa,baixa,media,6380,True,591,
2020,idoso,1,2,RN,185.0,422.0,media_vs_baixa,baixa,media,607,True,185,
2020,idoso,1,2,RO,65.0,151.0,media_vs_baixa,baixa,media,216,True,65,
2020,idoso,1,2,RR,10.0,29.0,media_vs_baixa,baixa,media,39,False,10,
2020,idoso,1,2,RS,516.0,4151.0,media_vs_baixa,baixa,media,4667,True,516,
2020,idoso,1,2,SC,310.0,2962.0,media_vs_baixa,baixa,media,3272,True,310,
2020,idoso,1,2,SE,96.0,218.0,media_vs_baixa,baixa,media,314,True,96,
2020,idoso,1,2,SP,1863.0,15202.0,media_vs_baixa,baixa,media,17065,True,1863,
2020,idoso,1,2,TO,38.0,113.0,media_vs_baixa,baixa,media,151,True,38,
2020,idoso,2,1,AC,5.0,8.0,media_vs_baixa,baixa,media,13,False,5,
2020,idoso,2,1,AL,48.0,51.0,media_vs_baixa,baixa,media,99,True,48,
2020,idoso,2,1,AM,22.0,62.0,media_vs_baixa,baixa,media,84,True,22,
2020,idoso,2,1,AP,13.0,22.0,media_vs_baixa,baixa,media,35,False,13,
2020,idoso,2,1,BA,494.0,964.0,media_vs_baixa,baixa,media,1458,True,494,
2020,idoso,2,1,CE,126.0,124.0,media_vs_baixa,baixa,media,250,True,124,
2020,idoso,2,1,DF,18.0,118.0,media_vs_baixa,baixa,media,136,False,18,
2020,idoso,2,1,ES,51.0,136.0,media_vs_baixa,baixa,media,187,True,51,
2020,idoso,2,1,GO,161.0,269.0,media_vs_baixa,baixa,media,430,True,161,
2020,idoso,2,1,MA,238.0,300.0,media_vs_baixa,baixa,media,538,True,238,
2020,idoso,2,1,MG,360.0,1456.0,media_vs_baixa,baixa,media,1816,True,360,
2020,idoso,2,1,MS,36.0,112.0,media_vs_baixa,baixa,media,148,True,36,
2020,idoso,2,1,MT,82.0,157.0,media_vs_baixa,baixa,media,239,True,82,
2020,idoso,2,1,PA,154.0,247.0,media_vs_baixa,baixa,media,401,True,154,
2020,idoso,2,1,PB,32.0,37.0,media_vs_baixa,baixa,media,69,True,32,
2020,idoso,2,1,PE,179.0,374.0,media_vs_baixa,baixa,media,553,True,179,
2020,idoso,2,1,PI,135.0,110.0,media_vs_baixa,baixa,media,245,True,110,
2020,idoso,2,1,PR,101.0,339.0,media_vs_baixa,baixa,media,440,True,101,
2020,idoso,2,1,RJ,257.0,2029.0,media_vs_baixa,baixa,media,2286,True,257,
2020,idoso,2,1,RN,49.0,57.0,media_vs_baixa,baixa,media,106,True,49,
2020,idoso,2,1,RO,37.0,45.0,media_vs_baixa,baixa,media,82,True,37,
2020,idoso,2,1,RR,3.0,10.0,media_vs_baixa,baixa,media,13,False,3,
2020,idoso,2,1,RS,68.0,404.0,media_vs_baixa,baixa,media,472,True,68,
2020,idoso,2,1,SC,13.0,128.0,media_vs_baixa,baixa,media,141,False,13,
2020,idoso,2,1,SE,67.0,107.0,media_vs_baixa,baixa,media,174,True,67,
2020,idoso,2,1,SP,279.0,2379.0,media_vs_baixa,baixa,media,2658,True,279,
2020,idoso,2,1,TO,55.0,62.0,media_vs_baixa,baixa,media,117,True,55,
2020,idoso,2,2,AC,6.0,6.0,media_vs_baixa,baixa,media,12,False,6,
2020,idoso,2,2,AL,37.0,26.0,media_vs_baixa,baixa,media,63,True,26,
2020,idoso,2,2,AM,11.0,29.0,media_vs_baixa,baixa,media,40,False,11,
2020,idoso,2,2,AP,10.0,12.0,media_vs_baixa,baixa,media,22,False,10,
2020,idoso,2,2,BA,409.0,597.0,media_vs_baixa,baixa,media,1006,True,409,
2020,idoso,2,2,CE,79.0,76.0,media_vs_baixa,baixa,media,155,True,76,
2020,idoso,2,2,DF,31.0,85.0,media_vs_baixa,baixa,media,116,True,31,
2020,idoso,2,2,ES,42.0,85.0,media_vs_baixa,baixa,media,127,True,42,
2020,idoso,2,2,GO,133.0,167.0,media_vs_baixa,baixa,media,300,True,133,
2020,idoso,2,2,MA,189.0,136.0,media_vs_baixa,baixa,media,325,True,136,
2020,idoso,2,2,MG,390.0,954.0,media_vs_baixa,baixa,media,1344,True,390,
2020,idoso,2,2,MS,19.0,49.0,media_vs_baixa,baixa,media,68,False,19,
2020,idoso,2,2,MT,61.0,65.0,media_vs_baixa,baixa,media,126,True,61,
2020,idoso,2,2,PA,82.0,146.0,media_vs_baixa,baixa,media,228,True,82,
2020,idoso,2,2,PB,28.0,20.0,media_vs_baixa,baixa,media,48,True,20,
2020,idoso,2,2,PE,180.0,270.0,media_vs_baixa,baixa,media,450,True,180,
2020,idoso,2,2,PI,83.0,41.0,media_vs_baixa,baixa,media,124,True,41,
2020,idoso,2,2,PR,107.0,242.0,media_vs_baixa,baixa,media,349,True,107,
2020,idoso,2,2,RJ,381.0,2107.0,media_vs_baixa,baixa,media,2488,True,381,
2020,idoso,2,2,RN,31.0,39.0,media_vs_baixa,baixa,media,70,True,31,
2020,idoso,2,2,RO,21.0,34.0,media_vs_baixa,baixa,media,55,True,21,
2020,idoso,2,2,RR,4.0,3.0,media_vs_baixa,baixa,media,7,False,3,
2020,idoso,2,2,RS,65.0,333.0,media_vs_baixa,baixa,media,398,True,65,
2020,idoso,2,2,SC,30.0,112.0,media_vs_baixa,baixa,media,142,True,30,
2020,idoso,2,2,SE,55.0,75.0,media_vs_baixa,baixa,media,130,True,55,
2020,idoso,2,2,SP,393.0,1759.0,media_vs_baixa,baixa,media,2152,True,393,
2020,idoso,2,2,TO,28.0,48.0,media_vs_baixa,baixa,media,76,True,28,
2020,idoso,3,1,AC,0.0,1.0,media_vs_baixa,baixa,media,1,False,0,
2020,idoso,3,1,AL,0.0,1.0,media_vs_baixa,baixa,media,1,False,0,
2020,idoso,3,1,AM,3.0,6.0,media_vs_baixa,baixa,media,9,False,3,
2020,idoso,3,1,AP,0.0,7.0,media_vs_baixa,baixa,media,7,False,0,
2020,idoso,3,1,BA,4.0,10.0,media_vs_baixa,baixa,media,14,False,4,
2020,idoso,3,1,CE,11.0,18.0,media_vs_baixa,baixa,media,29,False,11,
2020,idoso,3,1,DF,2.0,16.0,media_vs_baixa,baixa,media,18,False,2,
2020,idoso,3,1,ES,2.0,4.0,media_vs_baixa,baixa,media,6,False,2,
2020,idoso,3,1,GO,6.0,24.0,media_vs_baixa,baixa,media,30,False,6,
2020,idoso,3,1,MA,9.0,5.0,media_vs_baixa,baixa,media,14,False,5,
2020,idoso,3,1,MG,11.0,35.0,media_vs_baixa,baixa,media,46,False,11,
2020,idoso,3,1,MS,1.0,19.0,media_vs_baixa,baixa,media,20,False,1,
2020,idoso,3,1,MT,5.0,28.0,media_vs_baixa,baixa,media,33,False,5,
2020,idoso,3,1,PA,3.0,15.0,media_vs_baixa,baixa,media,18,False,3,
2020,idoso,3,1,PB,2.0,3.0,media_vs_baixa,baixa,media,5,False,2,
2020,idoso,3,1,PE,5.0,16.0,media_vs_baixa,baixa,media,21,False,5,
2020,idoso,3,1,PI,4.0,3.0,media_vs_baixa,baixa,media,7,False,3,
2020,idoso,3,1,PR,4.0,63.0,media_vs_baixa,baixa,media,67,False,4,
2020,idoso,3,1,RJ,2.0,26.0,media_vs_baixa,baixa,media,28,False,2,
2020,idoso,3,1,RN,2.0,4.0,media_vs_baixa,baixa,media,6,False,2,
2020,idoso,3,1,RO,0.0,8.0,media_vs_baixa,baixa,media,8,False,0,
2020,idoso,3,1,RR,1.0,4.0,media_vs_baixa,baixa,media,5,False,1,
2020,idoso,3,1,RS,1.0,5.0,media_vs_baixa,baixa,media,6,False,1,
2020,idoso,3,1,SC,0.0,8.0,media_vs_baixa,baixa,media,8,False,0,
2020,idoso,3,1,SE,2.0,1.0,media_vs_baixa,baixa,media,3,False,1,
2020,idoso,3,1,SP,9.0,372.0,media_vs_baixa,baixa,media,381,False,9,
2020,idoso,3,1,TO,1.0,1.0,media_vs_baixa,baixa,media,2,False,1,
2020,idoso,3,2,AC,2.0,0.0,media_vs_baixa,baixa,media,2,False,0,
2020,idoso,3,2,AL,0.0,1.0,media_vs_baixa,baixa,media,1,False,0,
2020,idoso,3,2,AM,1.0,2.0,media_vs_baixa,baixa,media,3,False,1,
2020,idoso,3,2,AP,2.0,2.0,media_vs_baixa,baixa,media,4,False,2,
2020,idoso,3,2,BA,2.0,3.0,media_vs_baixa,baixa,media,5,False,2,
2020,idoso,3,2,CE,11.0,19.0,media_vs_baixa,baixa,media,30,False,11,
2020,idoso,3,2,DF,2.0,7.0,media_vs_baixa,baixa,media,9,False,2,
2020,idoso,3,2,ES,2.0,2.0,media_vs_baixa,baixa,media,4,False,2,
2020,idoso,3,2,GO,5.0,17.0,media_vs_baixa,baixa,media,22,False,5,
2020,idoso,3,2,MA,7.0,8.0,media_vs_baixa,baixa,media,15,False,7,
2020,idoso,3,2,MG,7.0,22.0,media_vs_baixa,baixa,media,29,False,7,
2020,idoso,3,2,MS,1.0,14.0,media_vs_baixa,baixa,media,15,False,1,
2020,idoso,3,2,MT,9.0,17.0,media_vs_baixa,baixa,media,26,False,9,
2020,idoso,3,2,PA,2.0,6.0,media_vs_baixa,baixa,media,8,False,2,
2020,idoso,3,2,PB,1.0,1.0,media_vs_baixa,baixa,media,2,False,1,
2020,idoso,3,2,PE,3.0,9.0,media_vs_baixa,baixa,media,12,False,3,
2020,idoso,3,2,PI,4.0,3.0,media_vs_baixa,baixa,media,7,False,3,
2020,idoso,3,2,PR,7.0,37.0,media_vs_baixa,baixa,media,44,False,7,
2020,idoso,3,2,RJ,4.0,19.0,media_vs_baixa,baixa,media,23,False,4,
2020,idoso,3,2,RN,0.0,5.0,media_vs_baixa,baixa,media,5,False,0,
2020,idoso,3,2,RO,1.0,2.0,media_vs_baixa,baixa,media,3,False,1,
2020,idoso,3,2,RR,0.0,1.0,media_vs_baixa,baixa,media,1,False,0,
2020,idoso,3,2,RS,0.0,4.0,media_vs_baixa,baixa,media,4,False,0,
2020,idoso,3,2,SC,1.0,6.0,media_vs_baixa,baixa,media,7,False,1,
2020,idoso,3,2,SE,0.0,1.0,media_vs_baixa,baixa,media,1,False,0,
2020,idoso,3,2,SP,9.0,221.0,media_vs_baixa,baixa,media,230,False,9,
2020,idoso,3,2,TO,1.0,1.0,media_vs_baixa,baixa,media,2,False,1,
2020,idoso,4,0,ES,1.0,0.0,media_vs_baixa,baixa,media,1,False,0,
2020,idoso,4,0,MG,0.0,2.0,media_vs_baixa,baixa,media,2,False,0,
2020,idoso,4,0,PA,0.0,1.0,media_vs_baixa,baixa,media,1,False,0,
2020,idoso,4,0,SP,0.0,1.0,media_vs_baixa,baixa,media,1,False,0,
2020,idoso,4,1,AC,107.0,155.0,media_vs_baixa,baixa,media,262,True,107,
2020,idoso,4,1,AL,396.0,436.0,media_vs_baixa,baixa,media,832,True,396,
2020,idoso,4,1,AM,465.0,1256.0,media_vs_baixa,baixa,media,1721,True,465,
2020,idoso,4,1,AP,77.0,148.0,media_vs_baixa,baixa,media,225,True,77,
2020,idoso,4,1,BA,1364.0,3236.0,media_vs_baixa,baixa,media,4600,True,1364,
2020,idoso,4,1,CE,1785.0,3209.0,media_vs_baixa,baixa,media,4994,True,1785,
2020,idoso,4,1,DF,107.0,596.0,media_vs_baixa,baixa,media,703,True,107,
2020,idoso,4,1,ES,148.0,537.0,media_vs_baixa,baixa,media,685,True,148,
2020,idoso,4,1,GO,544.0,1766.0,media_vs_baixa,baixa,media,2310,True,544,
2020,idoso,4,1,MA,1276.0,1723.0,media_vs_baixa,baixa,media,2999,True,1276,
2020,idoso,4,1,MG,1117.0,4842.0,media_vs_baixa,baixa,media,5959,True,1117,
2020,idoso,4,1,MS,196.0,866.0,media_vs_baixa,baixa,media,1062,True,196,
2020,idoso,4,1,MT,329.0,871.0,media_vs_baixa,baixa,media,1200,True,329,
2020,idoso,4,1,PA,937.0,2532.0,media_vs_baixa,baixa,media,3469,True,937,
2020,idoso,4,1,PB,368.0,538.0,media_vs_baixa,baixa,media,906,True,368,
2020,idoso,4,1,PE,1402.0,3267.0,media_vs_baixa,baixa,media,4669,True,1402,
2020,idoso,4,1,PI,566.0,745.0,media_vs_baixa,baixa,media,1311,True,566,
2020,idoso,4,1,PR,346.0,1399.0,media_vs_baixa,baixa,media,1745,True,346,
2020,idoso,4,1,RJ,473.0,4332.0,media_vs_baixa,baixa,media,4805,True,473,
2020,idoso,4,1,RN,431.0,625.0,media_vs_baixa,baixa,media,1056,True,431,
2020,idoso,4,1,RO,166.0,384.0,media_vs_baixa,baixa,media,550,True,166,
2020,idoso,4,1,RR,49.0,153.0,media_vs_baixa,baixa,media,202,True,49,
2020,idoso,4,1,RS,90.0,436.0,media_vs_baixa,baixa,media,526,True,90,
2020,idoso,4,1,SC,32.0,233.0,media_vs_baixa,baixa,media,265,True,32,
2020,idoso,4,1,SE,321.0,647.0,media_vs_baixa,baixa,media,968,True,321,
2020,idoso,4,1,SP,924.0,6828.0,media_vs_baixa,baixa,media,7752,True,924,
2020,idoso,4,1,TO,237.0,401.0,media_vs_baixa,baixa,media,638,True,237,
2020,idoso,4,2,AC,74.0,86.0,media_vs_baixa,baixa,media,160,True,74,
2020,idoso,4,2,AL,327.0,293.0,media_vs_baixa,baixa,media,620,True,293,
2020,idoso,4,2,AM,331.0,760.0,media_vs_baixa,baixa,media,1091,True,331,
2020,idoso,4,2,AP,43.0,75.0,media_vs_baixa,baixa,media,118,True,43,
2020,idoso,4,2,BA,1283.0,2032.0,media_vs_baixa,baixa,media,3315,True,1283,
2020,idoso,4,2,CE,1296.0,2424.0,media_vs_baixa,baixa,media,3720,True,1296,
2020,idoso,4,2,DF,129.0,445.0,media_vs_baixa,baixa,media,574,True,129,
2020,idoso,4,2,ES,159.0,397.0,media_vs_baixa,baixa,media,556,True,159,
2020,idoso,4,2,GO,452.0,1121.0,media_vs_baixa,baixa,media,1573,True,452,
2020,idoso,4,2,MA,963.0,1135.0,media_vs_baixa,baixa,media,2098,True,963,
2020,idoso,4,2,MG,1042.0,2965.0,media_vs_baixa,baixa,media,4007,True,1042,
2020,idoso,4,2,MS,187.0,585.0,media_vs_baixa,baixa,media,772,True,187,
2020,idoso,4,2,MT,247.0,562.0,media_vs_baixa,baixa,media,809,True,247,
2020,idoso,4,2,PA,645.0,1562.0,media_vs_baixa,baixa,media,2207,True,645,
2020,idoso,4,2,PB,300.0,451.0,media_vs_baixa,baixa,media,751,True,300,
2020,idoso,4,2,PE,1349.0,2299.0,media_vs_baixa,baixa,media,3648,True,1349,
2020,idoso,4,2,PI,426.0,491.0,media_vs_baixa,baixa,media,917,True,426,
2020,idoso,4,2,PR,422.0,811.0,media_vs_baixa,baixa,media,1233,True,422,
2020,idoso,4,2,RJ,707.0,3898.0,media_vs_baixa,baixa,media,4605,True,707,
2020,idoso,4,2,RN,251.0,435.0,media_vs_baixa,baixa,media,686,True,251,
2020,idoso,4,2,RO,117.0,220.0,media_vs_baixa,baixa,media,337,True,117,
2020,idoso,4,2,RR,38.0,103.0,media_vs_baixa,baixa,media,141,True,38,
2020,idoso,4,2,RS,75.0,294.0,media_vs_baixa,baixa,media,369,True,75,
2020,idoso,4,2,SC,41.0,155.0,media_vs_baixa,baixa,media,196,True,41,
2020,idoso,4,2,SE,266.0,436.0,media_vs_baixa,baixa,media,702,True,266,
2020,idoso,4,2,SP,1222.0,4843.0,media_vs_baixa,baixa,media,6065,True,1222,
2020,idoso,4,2,TO,162.0,222.0,media_vs_baixa,baixa,media,384,True,162,
2020,idoso,5,1,AC,2.0,1.0,media_vs_baixa,baixa,media,3,False,1,
2020,idoso,5,1,AL,2.0,0.0,media_vs_baixa,baixa,media,2,False,0,
2020,idoso,5,1,AM,40.0,40.0,media_vs_baixa,baixa,media,80,True,40,
2020,idoso,5,1,AP,1.0,0.0,media_vs_baixa,baixa,media,1,False,0,
2020,idoso,5,1,BA,6.0,7.0,media_vs_baixa,baixa,media,13,False,6,
2020,idoso,5,1,CE,6.0,4.0,media_vs_baixa,baixa,media,10,False,4,
2020,idoso,5,1,ES,1.0,3.0,media_vs_baixa,baixa,media,4,False,1,
2020,idoso,5,1,GO,1.0,1.0,media_vs_baixa,baixa,media,2,False,1,
2020,idoso,5,1,MA,8.0,2.0,media_vs_baixa,baixa,media,10,False,2,
2020,idoso,5,1,MG,3.0,8.0,media_vs_baixa,baixa,media,11,False,3,
2020,idoso,5,1,MS,18.0,32.0,media_vs_baixa,baixa,media,50,False,18,
2020,idoso,5,1,MT,7.0,10.0,media_vs_baixa,baixa,media,17,False,7,
2020,idoso,5,1,PA,9.0,14.0,media_vs_baixa,baixa,media,23,False,9,
2020,idoso,5,1,PB,3.0,1.0,media_vs_baixa,baixa,media,4,False,1,
2020,idoso,5,1,PE,6.0,9.0,media_vs_baixa,baixa,media,15,False,6,
2020,idoso,5,1,PI,1.0,0.0,media_vs_baixa,baixa,media,1,False,0,
2020,idoso,5,1,PR,2.0,4.0,media_vs_baixa,baixa,media,6,False,2,
2020,idoso,5,1,RJ,0.0,9.0,media_vs_baixa,baixa,media,9,False,0,
2020,idoso,5,1,RN,5.0,2.0,media_vs_baixa,baixa,media,7,False,2,
2020,idoso,5,1,RO,6.0,2.0,media_vs_baixa,baixa,media,8,False,2,
2020,idoso,5,1,RR,12.0,17.0,media_vs_baixa,baixa,media,29,False,12,
2020,idoso,5,1,RS,2.0,8.0,media_vs_baixa,baixa,media,10,False,2,
2020,idoso,5,1,SC,2.0,6.0,media_vs_baixa,baixa,media,8,False,2,
2020,idoso,5,1,SP,3.0,10.0,media_vs_baixa,baixa,media,13,False,3,
2020,idoso,5,1,TO,0.0,1.0,media_vs_baixa,baixa,media,1,False,0,
2020,idoso,5,2,AC,1.0,0.0,media_vs_baixa,baixa,media,1,False,0,
2020,idoso,5,2,AL,2.0,3.0,media_vs_baixa,baixa,media,5,False,2,
2020,idoso,5,2,AM,31.0,18.0,media_vs_baixa,baixa,media,49,False,18,
2020,idoso,5,2,AP,2.0,0.0,media_vs_baixa,baixa,media,2,False,0,
2020,idoso,5,2,BA,11.0,3.0,media_vs_baixa,baixa,media,14,False,3,
2020,idoso,5,2,CE,4.0,3.0,media_vs_baixa,baixa,media,7,False,3,
2020,idoso,5,2,DF,1.0,2.0,media_vs_baixa,baixa,media,3,False,1,
2020,idoso,5,2,ES,1.0,0.0,media_vs_baixa,baixa,media,1,False,0,
2020,idoso,5,2,GO,1.0,1.0,media_vs_baixa,baixa,media,2,False,1,
2020,idoso,5,2,MA,6.0,4.0,media_vs_baixa,baixa,media,10,False,4,
2020,idoso,5,2,MG,5.0,7.0,media_vs_baixa,baixa,media,12,False,5,
2020,idoso,5,2,MS,21.0,24.0,media_vs_baixa,baixa,media,45,True,21,
2020,idoso,5,2,MT,8.0,3.0,media_vs_baixa,baixa,media,11,False,3,
2020,idoso,5,2,PA,8.0,3.0,media_vs_baixa,baixa,media,11,False,3,
2020,idoso,5,2,PB,1.0,2.0,media_vs_baixa,baixa,media,3,False,1,
2020,idoso,5,2,PE,6.0,11.0,media_vs_baixa,baixa,media,17,False,6,
2020,idoso,5,2,PR,2.0,5.0,media_vs_baixa,baixa,media,7,False,2,
2020,idoso,5,2,RJ,1.0,5.0,media_vs_baixa,baixa,media,6,False,1,
2020,idoso,5,2,RN,0.0,4.0,media_vs_baixa,baixa,media,4,False,0,
2020,idoso,5,2,RO,3.0,2.0,media_vs_baixa,baixa,media,5,False,2,
2020,idoso,5,2,RR,13.0,12.0,media_vs_baixa,baixa,media,25,False,12,
2020,idoso,5,2,RS,5.0,8.0,media_vs_baixa,baixa,media,13,False,5,
2020,idoso,5,2,SC,2.0,1.0,media_vs_baixa,baixa,media,3,False,1,
2020,idoso,5,2,SP,0.0,16.0,media_vs_baixa,baixa,media,16,False,0,
2020,idoso,5,2,TO,3.0,3.0,media_vs_baixa,baixa,media,6,False,3,
2020,jovem,1,1,AC,0.0,3.0,media_vs_baixa,baixa,media,3,False,0,
2020,jovem,1,1,AL,3.0,8.0,media_vs_baixa,baixa,media,11,False,3,
2020,jovem,1,1,AM,6.0,24.0,media_vs_baixa,baixa,media,30,False,6,
2020,jovem,1,1,AP,1.0,7.0,media_vs_baixa,baixa,media,8,False,1,
2020,jovem,1,1,BA,14.0,128.0,media_vs_baixa,baixa,media,142,False,14,
2020,jovem,1,1,CE,10.0,75.0,media_vs_baixa,baixa,media,85,False,10,
2020,jovem,1,1,DF,2.0,44.0,media_vs_baixa,baixa,media,46,False,2,
2020,jovem,1,1,ES,3.0,18.0,media_vs_baixa,baixa,media,21,False,3,
2020,jovem,1,1,GO,7.0,117.0,media_vs_baixa,baixa,media,124,False,7,
2020,jovem,1,1,MA,4.0,67.0,media_vs_baixa,baixa,media,71,False,4,
2020,jovem,1,1,MG,25.0,211.0,media_vs_baixa,baixa,media,236,True,25,
2020,jovem,1,1,MS,11.0,30.0,media_vs_baixa,baixa,media,41,False,11,
2020,jovem,1,1,MT,10.0,47.0,media_vs_baixa,baixa,media,57,False,10,
2020,jovem,1,1,PA,4.0,59.0,media_vs_baixa,baixa,media,63,False,4,
2020,jovem,1,1,PB,1.0,14.0,media_vs_baixa,baixa,media,15,False,1,
2020,jovem,1,1,PE,20.0,213.0,media_vs_baixa,baixa,media,233,True,20,
2020,jovem,1,1,PI,5.0,39.0,media_vs_baixa,baixa,media,44,False,5,
2020,jovem,1,1,PR,54.0,412.0,media_vs_baixa,baixa,media,466,True,54,
2020,jovem,1,1,RJ,15.0,300.0,media_vs_baixa,baixa,media,315,False,15,
2020,jovem,1,1,RN,3.0,35.0,media_vs_baixa,baixa,media,38,False,3,
2020,jovem,1,1,RO,6.0,15.0,media_vs_baixa,baixa,media,21,False,6,
2020,jovem,1,1,RR,2.0,10.0,media_vs_baixa,baixa,media,12,False,2,
2020,jovem,1,1,RS,13.0,243.0,media_vs_baixa,baixa,media,256,False,13,
2020,jovem,1,1,SC,14.0,201.0,media_vs_baixa,baixa,media,215,False,14,
2020,jovem,1,1,SE,3.0,24.0,media_vs_baixa,baixa,media,27,False,3,
2020,jovem,1,1,SP,84.0,523.0,media_vs_baixa,baixa,media,607,True,84,
2020,jovem,1,1,TO,4.0,12.0,media_vs_baixa,baixa,media,16,False,4,
2020,jovem,1,2,AC,1.0,7.0,media_vs_baixa,baixa,media,8,False,1,
2020,jovem,1,2,AL,0.0,4.0,media_vs_baixa,baixa,media,4,False,0,
2020,jovem,1,2,AM,5.0,9.0,media_vs_baixa,baixa,media,14,False,5,
2020,jovem,1,2,AP,0.0,2.0,media_vs_baixa,baixa,media,2,False,0,
2020,jovem,1,2,BA,5.0,35.0,media_vs_baixa,baixa,media,40,False,5,
2020,jovem,1,2,CE,6.0,31.0,media_vs_baixa,baixa,media,37,False,6,
2020,jovem,1,2,DF,2.0,16.0,media_vs_baixa,baixa,media,18,False,2,
2020,jovem,1,2,ES,0.0,9.0,media_vs_baixa,baixa,media,9,False,0,
2020,jovem,1,2,GO,3.0,41.0,media_vs_baixa,baixa,media,44,False,3,
2020,jovem,1,2,MA,8.0,29.0,media_vs_baixa,baixa,media,37,False,8,
2020,jovem,1,2,MG,16.0,92.0,media_vs_baixa,baixa,media,108,False,16,
2020,jovem,1,2,MS,2.0,15.0,media_vs_baixa,baixa,media,17,False,2,
2020,jovem,1,2,MT,4.0,31.0,media_vs_baixa,baixa,media,35,False,4,
2020,jovem,1,2,PA,2.0,32.0,media_vs_baixa,baixa,media,34,False,2,
2020,jovem,1,2,PB,0.0,14.0,media_vs_baixa,baixa,media,14,False,0,
2020,jovem,1,2,PE,16.0,52.0,media_vs_baixa,baixa,media,68,False,16,
2020,jovem,1,2,PI,3.0,9.0,media_vs_baixa,baixa,media,12,False,3,
2020,jovem,1,2,PR,37.0,139.0,media_vs_baixa,baixa,media,176,True,37,
2020,jovem,1,2,RJ,15.0,109.0,media_vs_baixa,baixa,media,124,False,15,
2020,jovem,1,2,RN,3.0,12.0,media_vs_baixa,baixa,media,15,False,3,
2020,jovem,1,2,RO,2.0,8.0,media_vs_baixa,baixa,media,10,False,2,
2020,jovem,1,2,RR,0.0,1.0,media_vs_baixa,baixa,media,1,False,0,
2020,jovem,1,2,RS,20.0,58.0,media_vs_baixa,baixa,media,78,True,20,
2020,jovem,1,2,SC,9.0,72.0,media_vs_baixa,baixa,media,81,False,9,
2020,jovem,1,2,SE,3.0,9.0,media_vs_baixa,baixa,media,12,False,3,
2020,jovem,1,2,SP,54.0,254.0,media_vs_baixa,baixa,media,308,True,54,
2020,jovem,1,2,TO,1.0,8.0,media_vs_baixa,baixa,media,9,False,1,
2020,jovem,2,1,AL,1.0,3.0,media_vs_baixa,baixa,media,4,False,1,
2020,jovem,2,1,AM,1.0,4.0,media_vs_baixa,baixa,media,5,False,1,
2020,jovem,2,1,AP,0.0,3.0,media_vs_baixa,baixa,media,3,False,0,
2020,jovem,2,1,BA,8.0,294.0,media_vs_baixa,baixa,media,302,False,8,
2020,jovem,2,1,CE,1.0,17.0,media_vs_baixa,baixa,media,18,False,1,
2020,jovem,2,1,DF,1.0,13.0,media_vs_baixa,baixa,media,14,False,1,
2020,jovem,2,1,ES,1.0,10.0,media_vs_baixa,baixa,media,11,False,1,
2020,jovem,2,1,GO,0.0,35.0,media_vs_baixa,baixa,media,35,False,0,
2020,jovem,2,1,MA,6.0,57.0,media_vs_baixa,baixa,media,63,False,6,
2020,jovem,2,1,MG,3.0,113.0,media_vs_baixa,baixa,media,116,False,3,
2020,jovem,2,1,MS,0.0,2.0,media_vs_baixa,baixa,media,2,False,0,
2020,jovem,2,1,MT,1.0,18.0,media_vs_baixa,baixa,media,19,False,1,
2020,jovem,2,1,PA,3.0,53.0,media_vs_baixa,baixa,media,56,False,3,
2020,jovem,2,1,PB,0.0,4.0,media_vs_baixa,baixa,media,4,False,0,
2020,jovem,2,1,PE,2.0,47.0,media_vs_baixa,baixa,media,49,False,2,
2020,jovem,2,1,PI,3.0,21.0,media_vs_baixa,baixa,media,24,False,3,
2020,jovem,2,1,PR,2.0,32.0,media_vs_baixa,baixa,media,34,False,2,
2020,jovem,2,1,RJ,5.0,263.0,media_vs_baixa,baixa,media,268,False,5,
2020,jovem,2,1,RN,0.0,7.0,media_vs_baixa,baixa,media,7,False,0,
2020,jovem,2,1,RO,0.0,5.0,media_vs_baixa,baixa,media,5,False,0,
2020,jovem,2,1,RR,0.0,1.0,media_vs_baixa,baixa,media,1,False,0,
2020,jovem,2,1,RS,2.0,58.0,media_vs_baixa,baixa,media,60,False,2,
2020,jovem,2,1,SC,0.0,16.0,media_vs_baixa,baixa,media,16,False,0,
2020,jovem,2,1,SE,1.0,15.0,media_vs_baixa,baixa,media,16,False,1,
2020,jovem,2,1,SP,5.0,96.0,media_vs_baixa,baixa,media,101,False,5,
2020,jovem,2,1,TO,1.0,19.0,media_vs_baixa,baixa,media,20,False,1,
2020,jovem,2,2,AL,0.0,1.0,media_vs_baixa,baixa,media,1,False,0,
2020,jovem,2,2,AM,0.0,1.0,media_vs_baixa,baixa,media,1,False,0,
2020,jovem,2,2,BA,6.0,40.0,media_vs_baixa,baixa,media,46,False,6,
2020,jovem,2,2,CE,0.0,4.0,media_vs_baixa,baixa,media,4,False,0,
2020,jovem,2,2,DF,0.0,2.0,media_vs_baixa,baixa,media,2,False,0,
2020,jovem,2,2,ES,1.0,1.0,media_vs_baixa,baixa,media,2,False,1,
2020,jovem,2,2,GO,0.0,5.0,media_vs_baixa,baixa,media,5,False,0,
2020,jovem,2,2,MA,1.0,8.0,media_vs_baixa,baixa,media,9,False,1,
2020,jovem,2,2,MG,4.0,25.0,media_vs_baixa,baixa,media,29,False,4,
2020,jovem,2,2,MT,0.0,8.0,media_vs_baixa,baixa,media,8,False,0,
2020,jovem,2,2,PA,1.0,10.0,media_vs_baixa,baixa,media,11,False,1,
2020,jovem,2,2,PB,0.0,1.0,media_vs_baixa,baixa,media,1,False,0,
2020,jovem,2,2,PE,0.0,5.0,media_vs_baixa,baixa,media,5,False,0,
2020,jovem,2,2,PI,0.0,7.0,media_vs_baixa,baixa,media,7,False,0,
2020,jovem,2,2,PR,1.0,4.0,media_vs_baixa,baixa,media,5,False,1,
2020,jovem,2,2,RJ,4.0,80.0,media_vs_baixa,baixa,media,84,False,4,
2020,jovem,2,2,RN,0.0,1.0,media_vs_baixa,baixa,media,1,False,0,
2020,jovem,2,2,RO,0.0,1.0,media_vs_baixa,baixa,media,1,False,0,
2020,jovem,2,2,RR,0.0,1.0,media_vs_baixa,baixa,media,1,False,0,
2020,jovem,2,2,RS,0.0,3.0,media_vs_baixa,baixa,media,3,False,0,
2020,jovem,2,2,SC,1.0,4.0,media_vs_baixa,baixa,media,5,False,1,
2020,jovem,2,2,SP,4.0,26.0,media_vs_baixa,baixa,media,30,False,4,
2020,jovem,2,2,TO,0.0,6.0,media_vs_baixa,baixa,media,6,False,0,
2020,jovem,3,1,AM,0.0,3.0,media_vs_baixa,baixa,media,3,False,0,
2020,jovem,3,1,AP,0.0,1.0,media_vs_baixa,baixa,media,1,False,0,
2020,jovem,3,1,CE,0.0,2.0,media_vs_baixa,baixa,media,2,False,0,
2020,jovem,3,1,DF,0.0,1.0,media_vs_baixa,baixa,media,1,False,0,
2020,jovem,3,1,GO,0.0,1.0,media_vs_baixa,baixa,media,1,False,0,
2020,jovem,3,1,MA,0.0,4.0,media_vs_baixa,baixa,media,4,False,0,
2020,jovem,3,1,MG,0.0,1.0,media_vs_baixa,baixa,media,1,False,0,
2020,jovem,3,1,PE,0.0,3.0,media_vs_baixa,baixa,media,3,False,0,
2020,jovem,3,1,PI,0.0,1.0,media_vs_baixa,baixa,media,1,False,0,
2020,jovem,3,1,PR,0.0,1.0,media_vs_baixa,baixa,media,1,False,0,
2020,jovem,3,1,RJ,0.0,4.0,media_vs_baixa,baixa,media,4,False,0,
2020,jovem,3,1,RN,0.0,1.0,media_vs_baixa,baixa,media,1,False,0,
2020,jovem,3,1,RO,0.0,1.0,media_vs_baixa,baixa,media,1,False,0,
2020,jovem,3,1,RR,0.0,4.0,media_vs_baixa,baixa,media,4,False,0,
2020,jovem,3,1,SP,1.0,1.0,media_vs_baixa,baixa,media,2,False,1,
2020,jovem,3,2,AM,0.0,1.0,media_vs_baixa,baixa,media,1,False,0,
2020,jovem,3,2,DF,0.0,1.0,media_vs_baixa,baixa,media,1,False,0,
2020,jovem,3,2,MG,0.0,1.0,media_vs_baixa,baixa,media,1,False,0,
2020,jovem,3,2,MT,1.0,1.0,media_vs_baixa,baixa,media,2,False,1,
2020,jovem,3,2,PE,0.0,1.0,media_vs_baixa,baixa,media,1,False,0,
2020,jovem,3,2,PR,0.0,1.0,media_vs_baixa,baixa,media,1,False,0,
2020,jovem,3,2,RJ,0.0,1.0,media_vs_baixa,baixa,media,1,False,0,
2020,jovem,3,2,SP,0.0,2.0,media_vs_baixa,baixa,media,2,False,0,
2020,jovem,4,1,AC,1.0,27.0,media_vs_baixa,baixa,media,28,False,1,
2020,jovem,4,1,AL,14.0,317.0,media_vs_baixa,baixa,media,331,False,14,
2020,jovem,4,1,AM,22.0,339.0,media_vs_baixa,baixa,media,361,True,22,
2020,jovem,4,1,AP,2.0,93.0,media_vs_baixa,baixa,media,95,False,2,
2020,jovem,4,1,BA,52.0,1305.0,media_vs_baixa,baixa,media,1357,True,52,
2020,jovem,4,1,CE,39.0,946.0,media_vs_baixa,baixa,media,985,True,39,
2020,jovem,4,1,DF,1.0,74.0,media_vs_baixa,baixa,media,75,False,1,
2020,jovem,4,1,ES,1.0,103.0,media_vs_baixa,baixa,media,104,False,1,
2020,jovem,4,1,GO,6.0,379.0,media_vs_baixa,baixa,media,385,False,6,
2020,jovem,4,1,MA,34.0,438.0,media_vs_baixa,baixa,media,472,True,34,
2020,jovem,4,1,MG,22.0,438.0,media_vs_baixa,baixa,media,460,True,22,
2020,jovem,4,1,MS,6.0,74.0,media_vs_baixa,baixa,media,80,False,6,
2020,jovem,4,1,MT,10.0,140.0,media_vs_baixa,baixa,media,150,False,10,
2020,jovem,4,1,PA,32.0,689.0,media_vs_baixa,baixa,media,721,True,32,
2020,jovem,4,1,PB,4.0,83.0,media_vs_baixa,baixa,media,87,False,4,
2020,jovem,4,1,PE,41.0,1066.0,media_vs_baixa,baixa,media,1107,True,41,
2020,jovem,4,1,PI,10.0,188.0,media_vs_baixa,baixa,media,198,False,10,
2020,jovem,4,1,PR,9.0,214.0,media_vs_baixa,baixa,media,223,False,9,
2020,jovem,4,1,RJ,16.0,729.0,media_vs_baixa,baixa,media,745,False,16,
2020,jovem,4,1,RN,9.0,120.0,media_vs_baixa,baixa,media,129,False,9,
2020,jovem,4,1,RO,3.0,51.0,media_vs_baixa,baixa,media,54,False,3,
2020,jovem,4,1,RR,0.0,43.0,media_vs_baixa,baixa,media,43,False,0,
2020,jovem,4,1,RS,8.0,54.0,media_vs_baixa,baixa,media,62,False,8,
2020,jovem,4,1,SC,1.0,54.0,media_vs_baixa,baixa,media,55,False,1,
2020,jovem,4,1,SE,14.0,323.0,media_vs_baixa,baixa,media,337,False,14,
2020,jovem,4,1,SP,28.0,502.0,media_vs_baixa,baixa,media,530,True,28,
2020,jovem,4,1,TO,5.0,111.0,media_vs_baixa,baixa,media,116,False,5,
2020,jovem,4,2,AC,1.0,7.0,media_vs_baixa,baixa,media,8,False,1,
2020,jovem,4,2,AL,3.0,30.0,media_vs_baixa,baixa,media,33,False,3,
2020,jovem,4,2,AM,5.0,63.0,media_vs_baixa,baixa,media,68,False,5,
2020,jovem,4,2,AP,0.0,24.0,media_vs_baixa,baixa,media,24,False,0,
2020,jovem,4,2,BA,26.0,197.0,media_vs_baixa,baixa,media,223,True,26,
2020,jovem,4,2,CE,12.0,163.0,media_vs_baixa,baixa,media,175,False,12,
2020,jovem,4,2,DF,1.0,15.0,media_vs_baixa,baixa,media,16,False,1,
2020,jovem,4,2,ES,3.0,34.0,media_vs_baixa,baixa,media,37,False,3,
2020,jovem,4,2,GO,4.0,70.0,media_vs_baixa,baixa,media,74,False,4,
2020,jovem,4,2,MA,9.0,100.0,media_vs_baixa,baixa,media,109,False,9,
2020,jovem,4,2,MG,8.0,110.0,media_vs_baixa,baixa,media,118,False,8,
2020,jovem,4,2,MS,3.0,28.0,media_vs_baixa,baixa,media,31,False,3,
2020,jovem,4,2,MT,3.0,42.0,media_vs_baixa,baixa,media,45,False,3,
2020,jovem,4,2,PA,14.0,199.0,media_vs_baixa,baixa,media,213,False,14,
2020,jovem,4,2,PB,4.0,25.0,media_vs_baixa,baixa,media,29,False,4,
2020,jovem,4,2,PE,16.0,169.0,media_vs_baixa,baixa,media,185,False,16,
2020,jovem,4,2,PI,3.0,53.0,media_vs_baixa,baixa,media,56,False,3,
2020,jovem,4,2,PR,7.0,25.0,media_vs_baixa,baixa,media,32,False,7,
2020,jovem,4,2,RJ,8.0,170.0,media_vs_baixa,baixa,media,178,False,8,
2020,jovem,4,2,RN,2.0,31.0,media_vs_baixa,baixa,media,33,False,2,
2020,jovem,4,2,RO,1.0,19.0,media_vs_baixa,baixa,media,20,False,1,
2020,jovem,4,2,RR,0.0,24.0,media_vs_baixa,baixa,media,24,False,0,
2020,jovem,4,2,RS,4.0,6.0,media_vs_baixa,baixa,media,10,False,4,
2020,jovem,4,2,SC,0.0,12.0,media_vs_baixa,baixa,media,12,False,0,
2020,jovem,4,2,SE,4.0,38.0,media_vs_baixa,baixa,media,42,False,4,
2020,jovem,4,2,SP,24.0,149.0,media_vs_baixa,baixa,media,173,True,24,
2020,jovem,4,2,TO,3.0,19.0,media_vs_baixa,baixa,media,22,False,3,
2020,jovem,5,1,AC,0.0,2.0,media_vs_baixa,baixa,media,2,False,0,
2020,jovem,5,1,AM,10.0,22.0,media_vs_baixa,baixa,media,32,False,10,
2020,jovem,5,1,BA,0.0,1.0,media_vs_baixa,baixa,media,1,False,0,
2020,jovem,5,1,GO,0.0,1.0,media_vs_baixa,baixa,media,1,False,0,
2020,jovem,5,1,MA,1.0,3.0,media_vs_baixa,baixa,media,4,False,1,
2020,jovem,5,1,MG,0.0,1.0,media_vs_baixa,baixa,media,1,False,0,
2020,jovem,5,1,MS,1.0,21.0,media_vs_baixa,baixa,media,22,False,1,
2020,jovem,5,1,MT,1.0,4.0,media_vs_baixa,baixa,media,5,False,1,
2020,jovem,5,1,PA,3.0,2.0,media_vs_baixa,baixa,media,5,False,2,
2020,jovem,5,1,PB,0.0,1.0,media_vs_baixa,baixa,media,1,False,0,
2020,jovem,5,1,PE,2.0,1.0,media_vs_baixa,baixa,media,3,False,1,
2020,jovem,5,1,PR,0.0,8.0,media_vs_baixa,baixa,media,8,False,0,
2020,jovem,5,1,RJ,0.0,1.0,media_vs_baixa,baixa,media,1,False,0,
2020,jovem,5,1,RO,1.0,1.0,media_vs_baixa,baixa,media,2,False,1,
2020,jovem,5,1,RR,13.0,7.0,media_vs_baixa,baixa,media,20,False,7,
2020,jovem,5,1,SP,1.0,0.0,media_vs_baixa,baixa,media,1,False,0,
2020,jovem,5,1,TO,0.0,1.0,media_vs_baixa,baixa,media,1,False,0,
2020,jovem,5,2,AC,0.0,1.0,media_vs_baixa,baixa,media,1,False,0,
2020,jovem,5,2,AL,0.0,1.0,media_vs_baixa,baixa,media,1,False,0,
2020,jovem,5,2,AM,3.0,12.0,media_vs_baixa,baixa,media,15,False,3,
2020,jovem,5,2,BA,1.0,0.0,media_vs_baixa,baixa,media,1,False,0,
2020,jovem,5,2,CE,0.0,1.0,media_vs_baixa,baixa,media,1,False,0,
2020,jovem,5,2,MA,1.0,1.0,media_vs_baixa,baixa,media,2,False,1,
2020,jovem,5,2,MS,0.0,11.0,media_vs_baixa,baixa,media,11,False,0,
2020,jovem,5,2,MT,2.0,3.0,media_vs_baixa,baixa,media,5,False,2,
2020,jovem,5,2,PA,1.0,2.0,media_vs_baixa,baixa,media,3,False,1,
2020,jovem,5,2,PB,0.0,2.0,media_vs_baixa,baixa,media,2,False,0,
2020,jovem,5,2,PE,0.0,3.0,media_vs_baixa,baixa,media,3,False,0,
2020,jovem,5,2,PI,0.0,1.0,media_vs_baixa,baixa,media,1,False,0,
2020,jovem,5,2,RO,1.0,0.0,media_vs_baixa,baixa,media,1,False,0,
2020,jovem,5,2,RR,6.0,4.0,media_vs_baixa,baixa,media,10,False,4,
2020,jovem,5,2,SC,0.0,1.0,media_vs_baixa,baixa,media,1,False,0,
2020,jovem,5,2,SP,0.0,1.0,media_vs_baixa,baixa,media,1,False,0,
2020,jovem,5,2,TO,0.0,2.0,media_vs_baixa,baixa,media,2,False,0,
2020,meia-idade,1,1,AC,2.0,17.0,media_vs_baixa,baixa,media,19,False,2,
2020,meia-idade,1,1,AL,33.0,73.0,media_vs_baixa,baixa,media,106,True,33,
2020,meia-idade,1,1,AM,15.0,123.0,media_vs_baixa,baixa,media,138,False,15,
2020,meia-idade,1,1,AP,3.0,28.0,media_vs_baixa,baixa,media,31,False,3,
2020,meia-idade,1,1,BA,85.0,423.0,media_vs_baixa,baixa,media,508,True,85,
2020,meia-idade,1,1,CE,90.0,401.0,media_vs_baixa,baixa,media,491,True,90,
2020,meia-idade,1,1,DF,17.0,285.0,media_vs_baixa,baixa,media,302,False,17,
2020,meia-idade,1,1,ES,22.0,226.0,media_vs_baixa,baixa,media,248,True,22,
2020,meia-idade,1,1,GO,72.0,704.0,media_vs_baixa,baixa,media,776,True,72,
2020,meia-idade,1,1,MA,52.0,196.0,media_vs_baixa,baixa,media,248,True,52,
2020,meia-idade,1,1,MG,209.0,2300.0,media_vs_baixa,baixa,media,2509,True,209,
2020,meia-idade,1,1,MS,31.0,329.0,media_vs_baixa,baixa,media,360,True,31,
2020,meia-idade,1,1,MT,23.0,391.0,media_vs_baixa,baixa,media,414,True,23,
2020,meia-idade,1,1,PA,32.0,256.0,media_vs_baixa,baixa,media,288,True,32,
2020,meia-idade,1,1,PB,32.0,94.0,media_vs_baixa,baixa,media,126,True,32,
2020,meia-idade,1,1,PE,144.0,732.0,media_vs_baixa,baixa,media,876,True,144,
2020,meia-idade,1,1,PI,25.0,113.0,media_vs_baixa,baixa,media,138,True,25,
2020,meia-idade,1,1,PR,214.0,2872.0,media_vs_baixa,baixa,media,3086,True,214,
2020,meia-idade,1,1,RJ,151.0,2207.0,media_vs_baixa,baixa,media,2358,True,151,
2020,meia-idade,1,1,RN,45.0,191.0,media_vs_baixa,baixa,media,236,True,45,
2020,meia-idade,1,1,RO,18.0,147.0,media_vs_baixa,baixa,media,165,False,18,
2020,meia-idade,1,1,RR,3.0,30.0,media_vs_baixa,baixa,media,33,False,3,
2020,meia-idade,1,1,RS,170.0,2322.0,media_vs_baixa,baixa,media,2492,True,170,
2020,meia-idade,1,1,SC,100.0,2030.0,media_vs_baixa,baixa,media,2130,True,100,
2020,meia-idade,1,1,SE,25.0,106.0,media_vs_baixa,baixa,media,131,True,25,
2020,meia-idade,1,1,SP,403.0,7436.0,media_vs_baixa,baixa,media,7839,True,403,
2020,meia-idade,1,1,TO,6.0,71.0,media_vs_baixa,baixa,media,77,False,6,
2020,meia-idade,1,2,AC,4.0,14.0,media_vs_baixa,baixa,media,18,False,4,
2020,meia-idade,1,2,AL,18.0,53.0,media_vs_baixa,baixa,media,71,False,18,
2020,meia-idade,1,2,AM,11.0,91.0,media_vs_baixa,baixa,media,102,False,11,
2020,meia-idade,1,2,AP,5.0,8.0,media_vs_baixa,baixa,media,13,False,5,
2020,meia-idade,1,2,BA,66.0,340.0,media_vs_baixa,baixa,media,406,True,66,
2020,meia-idade,1,2,CE,76.0,348.0,media_vs_baixa,baixa,media,424,True,76,
2020,meia-idade,1,2,DF,11.0,205.0,media_vs_baixa,baixa,media,216,False,11,
2020,meia-idade,1,2,ES,23.0,139.0,media_vs_baixa,baixa,media,162,True,23,
2020,meia-idade,1,2,GO,56.0,509.0,media_vs_baixa,baixa,media,565,True,56,
2020,meia-idade,1,2,MA,35.0,171.0,media_vs_baixa,baixa,media,206,True,35,
2020,meia-idade,1,2,MG,153.0,1604.0,media_vs_baixa,baixa,media,1757,True,153,
2020,meia-idade,1,2,MS,24.0,211.0,media_vs_baixa,baixa,media,235,True,24,
2020,meia-idade,1,2,MT,23.0,221.0,media_vs_baixa,baixa,media,244,True,23,
2020,meia-idade,1,2,PA,41.0,201.0,media_vs_baixa,baixa,media,242,True,41,
2020,meia-idade,1,2,PB,17.0,108.0,media_vs_baixa,baixa,media,125,False,17,
2020,meia-idade,1,2,PE,125.0,587.0,media_vs_baixa,baixa,media,712,True,125,
2020,meia-idade,1,2,PI,19.0,89.0,media_vs_baixa,baixa,media,108,False,19,
2020,meia-idade,1,2,PR,193.0,1678.0,media_vs_baixa,baixa,media,1871,True,193,
2020,meia-idade,1,2,RJ,121.0,1810.0,media_vs_baixa,baixa,media,1931,True,121,
2020,meia-idade,1,2,RN,34.0,152.0,media_vs_baixa,baixa,media,186,True,34,
2020,meia-idade,1,2,RO,16.0,93.0,media_vs_baixa,baixa,media,109,False,16,
2020,meia-idade,1,2,RR,2.0,20.0,media_vs_baixa,baixa,media,22,False,2,
2020,meia-idade,1,2,RS,114.0,1392.0,media_vs_baixa,baixa,media,1506,True,114,
2020,meia-idade,1,2,SC,70.0,1196.0,media_vs_baixa,baixa,media,1266,True,70,
2020,meia-idade,1,2,SE,29.0,99.0,media_vs_baixa,baixa,media,128,True,29,
2020,meia-idade,1,2,SP,360.0,5124.0,media_vs_baixa,baixa,media,5484,True,360,
2020,meia-idade,1,2,TO,8.0,43.0,media_vs_baixa,baixa,media,51,False,8,
2020,meia-idade,2,0,RJ,0.0,1.0,media_vs_baixa,baixa,media,1,False,0,
2020,meia-idade,2,1,AC,0.0,8.0,media_vs_baixa,baixa,media,8,False,0,
2020,meia-idade,2,1,AL,26.0,26.0,media_vs_baixa,baixa,media,52,True,26,
2020,meia-idade,2,1,AM,8.0,18.0,media_vs_baixa,baixa,media,26,False,8,
2020,meia-idade,2,1,AP,4.0,14.0,media_vs_baixa,baixa,media,18,False,4,
2020,meia-idade,2,1,BA,195.0,610.0,media_vs_baixa,baixa,media,805,True,195,
2020,meia-idade,2,1,CE,61.0,112.0,media_vs_baixa,baixa,media,173,True,61,
2020,meia-idade,2,1,DF,15.0,104.0,media_vs_baixa,baixa,media,119,False,15,
2020,meia-idade,2,1,ES,17.0,86.0,media_vs_baixa,baixa,media,103,False,17,
2020,meia-idade,2,1,GO,65.0,206.0,media_vs_baixa,baixa,media,271,True,65,
2020,meia-idade,2,1,MA,94.0,152.0,media_vs_baixa,baixa,media,246,True,94,
2020,meia-idade,2,1,MG,141.0,936.0,media_vs_baixa,baixa,media,1077,True,141,
2020,meia-idade,2,1,MS,7.0,70.0,media_vs_baixa,baixa,media,77,False,7,
2020,meia-idade,2,1,MT,15.0,124.0,media_vs_baixa,baixa,media,139,False,15,
2020,meia-idade,2,1,PA,40.0,143.0,media_vs_baixa,baixa,media,183,True,40,
2020,meia-idade,2,1,PB,16.0,25.0,media_vs_baixa,baixa,media,41,False,16,
2020,meia-idade,2,1,PE,82.0,252.0,media_vs_baixa,baixa,media,334,True,82,
2020,meia-idade,2,1,PI,47.0,84.0,media_vs_baixa,baixa,media,131,True,47,
2020,meia-idade,2,1,PR,32.0,225.0,media_vs_baixa,baixa,media,257,True,32,
2020,meia-idade,2,1,RJ,87.0,1078.0,media_vs_baixa,baixa,media,1165,True,87,
2020,meia-idade,2,1,RN,13.0,50.0,media_vs_baixa,baixa,media,63,False,13,
2020,meia-idade,2,1,RO,7.0,35.0,media_vs_baixa,baixa,media,42,False,7,
2020,meia-idade,2,1,RR,1.0,12.0,media_vs_baixa,baixa,media,13,False,1,
2020,meia-idade,2,1,RS,29.0,252.0,media_vs_baixa,baixa,media,281,True,29,
2020,meia-idade,2,1,SC,10.0,91.0,media_vs_baixa,baixa,media,101,False,10,
2020,meia-idade,2,1,SE,29.0,74.0,media_vs_baixa,baixa,media,103,True,29,
2020,meia-idade,2,1,SP,119.0,1266.0,media_vs_baixa,baixa,media,1385,True,119,
2020,meia-idade,2,1,TO,25.0,45.0,media_vs_baixa,baixa,media,70,True,25,
2020,meia-idade,2,2,AC,4.0,5.0,media_vs_baixa,baixa,media,9,False,4,
2020,meia-idade,2,2,AL,18.0,20.0,media_vs_baixa,baixa,media,38,False,18,
2020,meia-idade,2,2,AM,2.0,17.0,media_vs_baixa,baixa,media,19,False,2,
2020,meia-idade,2,2,AP,1.0,9.0,media_vs_baixa,baixa,media,10,False,1,
2020,meia-idade,2,2,BA,115.0,386.0,media_vs_baixa,baixa,media,501,True,115,
2020,meia-idade,2,2,CE,21.0,62.0,media_vs_baixa,baixa,media,83,True,21,
2020,meia-idade,2,2,DF,6.0,51.0,media_vs_baixa,baixa,media,57,False,6,
2020,meia-idade,2,2,ES,12.0,62.0,media_vs_baixa,baixa,media,74,False,12,
2020,meia-idade,2,2,GO,25.0,145.0,media_vs_baixa,baixa,media,170,True,25,
2020,meia-idade,2,2,MA,65.0,112.0,media_vs_baixa,baixa,media,177,True,65,
2020,meia-idade,2,2,MG,95.0,580.0,media_vs_baixa,baixa,media,675,True,95,
2020,meia-idade,2,2,MS,8.0,39.0,media_vs_baixa,baixa,media,47,False,8,
2020,meia-idade,2,2,MT,21.0,55.0,media_vs_baixa,baixa,media,76,True,21,
2020,meia-idade,2,2,PA,38.0,84.0,media_vs_baixa,baixa,media,122,True,38,
2020,meia-idade,2,2,PB,6.0,12.0,media_vs_baixa,baixa,media,18,False,6,
2020,meia-idade,2,2,PE,55.0,144.0,media_vs_baixa,baixa,media,199,True,55,
2020,meia-idade,2,2,PI,15.0,40.0,media_vs_baixa,baixa,media,55,False,15,
2020,meia-idade,2,2,PR,34.0,108.0,media_vs_baixa,baixa,media,142,True,34,
2020,meia-idade,2,2,RJ,86.0,1005.0,media_vs_baixa,baixa,media,1091,True,86,
2020,meia-idade,2,2,RN,8.0,18.0,media_vs_baixa,baixa,media,26,False,8,
2020,meia-idade,2,2,RO,9.0,20.0,media_vs_baixa,baixa,media,29,False,9,
2020,meia-idade,2,2,RR,0.0,2.0,media_vs_baixa,baixa,media,2,False,0,
2020,meia-idade,2,2,RS,20.0,145.0,media_vs_baixa,baixa,media,165,True,20,
2020,meia-idade,2,2,SC,8.0,58.0,media_vs_baixa,baixa,media,66,False,8,
2020,meia-idade,2,2,SE,11.0,37.0,media_vs_baixa,baixa,media,48,False,11,
2020,meia-idade,2,2,SP,92.0,793.0,media_vs_baixa,baixa,media,885,True,92,
2020,meia-idade,2,2,TO,6.0,18.0,media_vs_baixa,baixa,media,24,False,6,
2020,meia-idade,3,1,AL,0.0,1.0,media_vs_baixa,baixa,media,1,False,0,
2020,meia-idade,3,1,AM,0.0,3.0,media_vs_baixa,baixa,media,3,False,0,
2020,meia-idade,3,1,AP,0.0,4.0,media_vs_baixa,baixa,media,4,False,0,
2020,meia-idade,3,1,BA,2.0,3.0,media_vs_baixa,baixa,media,5,False,2,
2020,meia-idade,3,1,CE,4.0,8.0,media_vs_baixa,baixa,media,12,False,4,
2020,meia-idade,3,1,DF,1.0,7.0,media_vs_baixa,baixa,media,8,False,1,
2020,meia-idade,3,1,ES,0.0,1.0,media_vs_baixa,baixa,media,1,False,0,
2020,meia-idade,3,1,GO,2.0,9.0,media_vs_baixa,baixa,media,11,False,2,
2020,meia-idade,3,1,MA,0.0,6.0,media_vs_baixa,baixa,media,6,False,0,
2020,meia-idade,3,1,MG,4.0,19.0,media_vs_baixa,baixa,media,23,False,4,
2020,meia-idade,3,1,MS,0.0,4.0,media_vs_baixa,baixa,media,4,False,0,
2020,meia-idade,3,1,MT,2.0,8.0,media_vs_baixa,baixa,media,10,False,2,
2020,meia-idade,3,1,PA,2.0,5.0,media_vs_baixa,baixa,media,7,False,2,
2020,meia-idade,3,1,PE,4.0,7.0,media_vs_baixa,baixa,media,11,False,4,
2020,meia-idade,3,1,PI,1.0,2.0,media_vs_baixa,baixa,media,3,False,1,
2020,meia-idade,3,1,PR,1.0,12.0,media_vs_baixa,baixa,media,13,False,1,
2020,meia-idade,3,1,RJ,1.0,7.0,media_vs_baixa,baixa,media,8,False,1,
2020,meia-idade,3,1,RN,0.0,3.0,media_vs_baixa,baixa,media,3,False,0,
2020,meia-idade,3,1,RO,2.0,1.0,media_vs_baixa,baixa,media,3,False,1,
2020,meia-idade,3,1,RR,0.0,3.0,media_vs_baixa,baixa,media,3,False,0,
2020,meia-idade,3,1,RS,0.0,1.0,media_vs_baixa,baixa,media,1,False,0,
2020,meia-idade,3,1,SC,0.0,4.0,media_vs_baixa,baixa,media,4,False,0,
2020,meia-idade,3,1,SE,0.0,1.0,media_vs_baixa,baixa,media,1,False,0,
2020,meia-idade,3,1,SP,4.0,102.0,media_vs_baixa,baixa,media,106,False,4,
2020,meia-idade,3,1,TO,0.0,2.0,media_vs_baixa,baixa,media,2,False,0,
2020,meia-idade,3,2,AL,0.0,1.0,media_vs_baixa,baixa,media,1,False,0,
2020,meia-idade,3,2,AP,2.0,5.0,media_vs_baixa,baixa,media,7,False,2,
2020,meia-idade,3,2,BA,0.0,5.0,media_vs_baixa,baixa,media,5,False,0,
2020,meia-idade,3,2,CE,3.0,10.0,media_vs_baixa,baixa,media,13,False,3,
2020,meia-idade,3,2,DF,1.0,5.0,media_vs_baixa,baixa,media,6,False,1,
2020,meia-idade,3,2,ES,0.0,2.0,media_vs_baixa,baixa,media,2,False,0,
2020,meia-idade,3,2,GO,1.0,12.0,media_vs_baixa,baixa,media,13,False,1,
2020,meia-idade,3,2,MA,0.0,2.0,media_vs_baixa,baixa,media,2,False,0,
2020,meia-idade,3,2,MG,1.0,14.0,media_vs_baixa,baixa,media,15,False,1,
2020,meia-idade,3,2,MT,1.0,4.0,media_vs_baixa,baixa,media,5,False,1,
2020,meia-idade,3,2,PA,0.0,1.0,media_vs_baixa,baixa,media,1,False,0,
2020,meia-idade,3,2,PB,1.0,0.0,media_vs_baixa,baixa,media,1,False,0,
2020,meia-idade,3,2,PE,3.0,3.0,media_vs_baixa,baixa,media,6,False,3,
2020,meia-idade,3,2,PI,3.0,0.0,media_vs_baixa,baixa,media,3,False,0,
2020,meia-idade,3,2,PR,0.0,10.0,media_vs_baixa,baixa,media,10,False,0,
2020,meia-idade,3,2,RJ,0.0,6.0,media_vs_baixa,baixa,media,6,False,0,
2020,meia-idade,3,2,RN,0.0,1.0,media_vs_baixa,baixa,media,1,False,0,
2020,meia-idade,3,2,RO,0.0,3.0,media_vs_baixa,baixa,media,3,False,0,
2020,meia-idade,3,2,RS,1.0,0.0,media_vs_baixa,baixa,media,1,False,0,
2020,meia-idade,3,2,SP,2.0,51.0,media_vs_baixa,baixa,media,53,False,2,
2020,meia-idade,3,2,TO,0.0,2.0,media_vs_baixa,baixa,media,2,False,0,
2020,meia-idade,4,0,SP,0.0,1.0,media_vs_baixa,baixa,media,1,False,0,
2020,meia-idade,4,1,AC,37.0,82.0,media_vs_baixa,baixa,media,119,True,37,
2020,meia-idade,4,1,AL,214.0,388.0,media_vs_baixa,baixa,media,602,True,214,
2020,meia-idade,4,1,AM,161.0,823.0,media_vs_baixa,baixa,media,984,True,161,
2020,meia-idade,4,1,AP,39.0,96.0,media_vs_baixa,baixa,media,135,True,39,
2020,meia-idade,4,1,BA,572.0,2265.0,media_vs_baixa,baixa,media,2837,True,572,
2020,meia-idade,4,1,CE,763.0,2321.0,media_vs_baixa,baixa,media,3084,True,763,
2020,meia-idade,4,1,DF,39.0,491.0,media_vs_baixa,baixa,media,530,True,39,
2020,meia-idade,4,1,ES,51.0,356.0,media_vs_baixa,baixa,media,407,True,51,
2020,meia-idade,4,1,GO,214.0,1325.0,media_vs_baixa,baixa,media,1539,True,214,
2020,meia-idade,4,1,MA,454.0,1017.0,media_vs_baixa,baixa,media,1471,True,454,
2020,meia-idade,4,1,MG,441.0,3074.0,media_vs_baixa,baixa,media,3515,True,441,
2020,meia-idade,4,1,MS,57.0,560.0,media_vs_baixa,baixa,media,617,True,57,
2020,meia-idade,4,1,MT,114.0,606.0,media_vs_baixa,baixa,media,720,True,114,
2020,meia-idade,4,1,PA,335.0,1381.0,media_vs_baixa,baixa,media,1716,True,335,
2020,meia-idade,4,1,PB,175.0,355.0,media_vs_baixa,baixa,media,530,True,175,
2020,meia-idade,4,1,PE,712.0,2356.0,media_vs_baixa,baixa,media,3068,True,712,
2020,meia-idade,4,1,PI,247.0,539.0,media_vs_baixa,baixa,media,786,True,247,
2020,meia-idade,4,1,PR,138.0,953.0,media_vs_baixa,baixa,media,1091,True,138,
2020,meia-idade,4,1,RJ,176.0,2163.0,media_vs_baixa,baixa,media,2339,True,176,
2020,meia-idade,4,1,RN,158.0,445.0,media_vs_baixa,baixa,media,603,True,158,
2020,meia-idade,4,1,RO,48.0,297.0,media_vs_baixa,baixa,media,345,True,48,
2020,meia-idade,4,1,RR,17.0,129.0,media_vs_baixa,baixa,media,146,False,17,
2020,meia-idade,4,1,RS,22.0,234.0,media_vs_baixa,baixa,media,256,True,22,
2020,meia-idade,4,1,SC,22.0,198.0,media_vs_baixa,baixa,media,220,True,22,
2020,meia-idade,4,1,SE,142.0,544.0,media_vs_baixa,baixa,media,686,True,142,
2020,meia-idade,4,1,SP,347.0,4114.0,media_vs_baixa,baixa,media,4461,True,347,
2020,meia-idade,4,1,TO,82.0,265.0,media_vs_baixa,baixa,media,347,True,82,
2020,meia-idade,4,2,AC,21.0,51.0,media_vs_baixa,baixa,media,72,True,21,
2020,meia-idade,4,2,AL,124.0,166.0,media_vs_baixa,baixa,media,290,True,124,
2020,meia-idade,4,2,AM,97.0,426.0,media_vs_baixa,baixa,media,523,True,97,
2020,meia-idade,4,2,AP,9.0,59.0,media_vs_baixa,baixa,media,68,False,9,
2020,meia-idade,4,2,BA,345.0,1320.0,media_vs_baixa,baixa,media,1665,True,345,
2020,meia-idade,4,2,CE,384.0,1230.0,media_vs_baixa,baixa,media,1614,True,384,
2020,meia-idade,4,2,DF,26.0,260.0,media_vs_baixa,baixa,media,286,True,26,
2020,meia-idade,4,2,ES,52.0,208.0,media_vs_baixa,baixa,media,260,True,52,
2020,meia-idade,4,2,GO,114.0,685.0,media_vs_baixa,baixa,media,799,True,114,
2020,meia-idade,4,2,MA,311.0,677.0,media_vs_baixa,baixa,media,988,True,311,
2020,meia-idade,4,2,MG,239.0,1736.0,media_vs_baixa,baixa,media,1975,True,239,
2020,meia-idade,4,2,MS,64.0,293.0,media_vs_baixa,baixa,media,357,True,64,
2020,meia-idade,4,2,MT,70.0,316.0,media_vs_baixa,baixa,media,386,True,70,
2020,meia-idade,4,2,PA,194.0,844.0,media_vs_baixa,baixa,media,1038,True,194,
2020,meia-idade,4,2,PB,84.0,246.0,media_vs_baixa,baixa,media,330,True,84,
2020,meia-idade,4,2,PE,454.0,1374.0,media_vs_baixa,baixa,media,1828,True,454,
2020,meia-idade,4,2,PI,107.0,288.0,media_vs_baixa,baixa,media,395,True,107,
2020,meia-idade,4,2,PR,99.0,480.0,media_vs_baixa,baixa,media,579,True,99,
2020,meia-idade,4,2,RJ,189.0,1802.0,media_vs_baixa,baixa,media,1991,True,189,
2020,meia-idade,4,2,RN,71.0,283.0,media_vs_baixa,baixa,media,354,True,71,
2020,meia-idade,4,2,RO,32.0,155.0,media_vs_baixa,baixa,media,187,True,32,
2020,meia-idade,4,2,RR,7.0,55.0,media_vs_baixa,baixa,media,62,False,7,
2020,meia-idade,4,2,RS,10.0,165.0,media_vs_baixa,baixa,media,175,False,10,
2020,meia-idade,4,2,SC,14.0,116.0,media_vs_baixa,baixa,media,130,False,14,
2020,meia-idade,4,2,SE,89.0,285.0,media_vs_baixa,baixa,media,374,True,89,
2020,meia-idade,4,2,SP,234.0,2299.0,media_vs_baixa,baixa,media,2533,True,234,
2020,meia-idade,4,2,TO,35.0,121.0,media_vs_baixa,baixa,media,156,True,35,
2020,meia-idade,5,1,AL,1.0,0.0,media_vs_baixa,baixa,media,1,False,0,
2020,meia-idade,5,1,AM,17.0,27.0,media_vs_baixa,baixa,media,44,False,17,
2020,meia-idade,5,1,AP,0.0,3.0,media_vs_baixa,baixa,media,3,False,0,
2020,meia-idade,5,1,BA,3.0,5.0,media_vs_baixa,baixa,media,8,False,3,
2020,meia-idade,5,1,CE,5.0,4.0,media_vs_baixa,baixa,media,9,False,4,
2020,meia-idade,5,1,DF,0.0,2.0,media_vs_baixa,baixa,media,2,False,0,
2020,meia-idade,5,1,GO,0.0,3.0,media_vs_baixa,baixa,media,3,False,0,
2020,meia-idade,5,1,MA,5.0,5.0,media_vs_baixa,baixa,media,10,False,5,
2020,meia-idade,5,1,MG,1.0,4.0,media_vs_baixa,baixa,media,5,False,1,
2020,meia-idade,5,1,MS,4.0,21.0,media_vs_baixa,baixa,media,25,False,4,
2020,meia-idade,5,1,MT,5.0,5.0,media_vs_baixa,baixa,media,10,False,5,
2020,meia-idade,5,1,PA,3.0,7.0,media_vs_baixa,baixa,media,10,False,3,
2020,meia-idade,5,1,PB,0.0,2.0,media_vs_baixa,baixa,media,2,False,0,
2020,meia-idade,5,1,PE,2.0,8.0,media_vs_baixa,baixa,media,10,False,2,
2020,meia-idade,5,1,PI,0.0,1.0,media_vs_baixa,baixa,media,1,False,0,
2020,meia-idade,5,1,PR,4.0,1.0,media_vs_baixa,baixa,media,5,False,1,
2020,meia-idade,5,1,RJ,0.0,3.0,media_vs_baixa,baixa,media,3,False,0,
2020,meia-idade,5,1,RN,1.0,1.0,media_vs_baixa,baixa,media,2,False,1,
2020,meia-idade,5,1,RO,3.0,1.0,media_vs_baixa,baixa,media,4,False,1,
2020,meia-idade,5,1,RR,5.0,22.0,media_vs_baixa,baixa,media,27,False,5,
2020,meia-idade,5,1,RS,1.0,8.0,media_vs_baixa,baixa,media,9,False,1,
2020,meia-idade,5,1,SC,0.0,7.0,media_vs_baixa,baixa,media,7,False,0,
2020,meia-idade,5,1,SE,1.0,0.0,media_vs_baixa,baixa,media,1,False,0,
2020,meia-idade,5,1,SP,1.0,3.0,media_vs_baixa,baixa,media,4,False,1,
2020,meia-idade,5,1,TO,0.0,2.0,media_vs_baixa,baixa,media,2,False,0,
2020,meia-idade,5,2,AL,0.0,1.0,media_vs_baixa,baixa,media,1,False,0,
2020,meia-idade,5,2,AM,14.0,17.0,media_vs_baixa,baixa,media,31,False,14,
2020,meia-idade,5,2,AP,0.0,1.0,media_vs_baixa,baixa,media,1,False,0,
2020,meia-idade,5,2,BA,0.0,6.0,media_vs_baixa,baixa,media,6,False,0,
2020,meia-idade,5,2,CE,0.0,3.0,media_vs_baixa,baixa,media,3,False,0,
2020,meia-idade,5,2,MA,5.0,2.0,media_vs_baixa,baixa,media,7,False,2,
2020,meia-idade,5,2,MG,5.0,3.0,media_vs_baixa,baixa,media,8,False,3,
2020,meia-idade,5,2,MS,12.0,25.0,media_vs_baixa,baixa,media,37,False,12,
2020,meia-idade,5,2,MT,3.0,0.0,media_vs_baixa,baixa,media,3,False,0,
2020,meia-idade,5,2,PA,3.0,4.0,media_vs_baixa,baixa,media,7,False,3,
2020,meia-idade,5,2,PB,1.0,0.0,media_vs_baixa,baixa,media,1,False,0,
2020,meia-idade,5,2,PE,3.0,4.0,media_vs_baixa,baixa,media,7,False,3,
2020,meia-idade,5,2,PR,6.0,7.0,media_vs_baixa,baixa,media,13,False,6,
2020,meia-idade,5,2,RJ,0.0,3.0,media_vs_baixa,baixa,media,3,False,0,
2020,meia-idade,5,2,RO,2.0,0.0,media_vs_baixa,baixa,media,2,False,0,
2020,meia-idade,5,2,RR,3.0,9.0,media_vs_baixa,baixa,media,12,False,3,
2020,meia-idade,5,2,RS,1.0,5.0,media_vs_baixa,baixa,media,6,False,1,
2020,meia-idade,5,2,SC,0.0,4.0,media_vs_baixa,baixa,media,4,False,0,
2020,meia-idade,5,2,SP,1.0,3.0,media_vs_baixa,baixa,media,4,False,1,
2020,meia-idade,5,2,TO,5.0,0.0,media_vs_baixa,baixa,media,5,False,0,
2021,adulto,1,0,PE,1.0,0.0,media_vs_baixa,baixa,media,1,False,0,
2021,adulto,1,1,AC,4.0,10.0,media_vs_baixa,baixa,media,14,False,4,
2021,adulto,1,1,AL,7.0,51.0,media_vs_baixa,baixa,media,58,False,7,
2021,adulto,1,1,AM,12.0,125.0,media_vs_baixa,baixa,media,137,False,12,
2021,adulto,1,1,AP,1.0,18.0,media_vs_baixa,baixa,media,19,False,1,
2021,adulto,1,1,BA,48.0,328.0,media_vs_baixa,baixa,media,376,True,48,
2021,adulto,1,1,CE,48.0,320.0,media_vs_baixa,baixa,media,368,True,48,
2021,adulto,1,1,DF,10.0,196.0,media_vs_baixa,baixa,media,206,False,10,
2021,adulto,1,1,ES,15.0,89.0,media_vs_baixa,baixa,media,104,False,15,
2021,adulto,1,1,GO,35.0,560.0,media_vs_baixa,baixa,media,595,True,35,
2021,adulto,1,1,MA,20.0,213.0,media_vs_baixa,baixa,media,233,True,20,
2021,adulto,1,1,MG,107.0,1329.0,media_vs_baixa,baixa,media,1436,True,107,
2021,adulto,1,1,MS,27.0,223.0,media_vs_baixa,baixa,media,250,True,27,
2021,adulto,1,1,MT,11.0,280.0,media_vs_baixa,baixa,media,291,False,11,
2021,adulto,1,1,PA,20.0,212.0,media_vs_baixa,baixa,media,232,True,20,
2021,adulto,1,1,PB,21.0,90.0,media_vs_baixa,baixa,media,111,True,21,
2021,adulto,1,1,PE,67.0,686.0,media_vs_baixa,baixa,media,753,True,67,
2021,adulto,1,1,PI,21.0,100.0,media_vs_baixa,baixa,media,121,True,21,
2021,adulto,1,1,PR,110.0,1819.0,media_vs_baixa,baixa,media,1929,True,110,
2021,adulto,1,1,RJ,61.0,1028.0,media_vs_baixa,baixa,media,1089,True,61,
2021,adulto,1,1,RN,24.0,141.0,media_vs_baixa,baixa,media,165,True,24,
2021,adulto,1,1,RO,4.0,116.0,media_vs_baixa,baixa,media,120,False,4,
2021,adulto,1,1,RR,1.0,14.0,media_vs_baixa,baixa,media,15,False,1,
2021,adulto,1,1,RS,70.0,1060.0,media_vs_baixa,baixa,media,1130,True,70,
2021,adulto,1,1,SC,45.0,975.0,media_vs_baixa,baixa,media,1020,True,45,
2021,adulto,1,1,SE,9.0,79.0,media_vs_baixa,baixa,media,88,False,9,
2021,adulto,1,1,SP,239.0,3903.0,media_vs_baixa,baixa,media,4142,True,239,
2021,adulto,1,1,TO,3.0,57.0,media_vs_baixa,baixa,media,60,False,3,
2021,adulto,1,2,AC,2.0,5.0,media_vs_baixa,baixa,media,7,False,2,
2021,adulto,1,2,AL,6.0,45.0,media_vs_baixa,baixa,media,51,False,6,
2021,adulto,1,2,AM,11.0,109.0,media_vs_baixa,baixa,media,120,False,11,
2021,adulto,1,2,AP,4.0,18.0,media_vs_baixa,baixa,media,22,False,4,
2021,adulto,1,2,BA,34.0,191.0,media_vs_baixa,baixa,media,225,True,34,
2021,adulto,1,2,CE,40.0,228.0,media_vs_baixa,baixa,media,268,True,40,
2021,adulto,1,2,DF,6.0,151.0,media_vs_baixa,baixa,media,157,False,6,
2021,adulto,1,2,ES,9.0,85.0,media_vs_baixa,baixa,media,94,False,9,
2021,adulto,1,2,GO,19.0,363.0,media_vs_baixa,baixa,media,382,False,19,
2021,adulto,1,2,MA,14.0,130.0,media_vs_baixa,baixa,media,144,False,14,
2021,adulto,1,2,MG,51.0,728.0,media_vs_baixa,baixa,media,779,True,51,
2021,adulto,1,2,MS,18.0,154.0,media_vs_baixa,baixa,media,172,False,18,
2021,adulto,1,2,MT,6.0,132.0,media_vs_baixa,baixa,media,138,False,6,
2021,adulto,1,2,PA,12.0,141.0,media_vs_baixa,baixa,media,153,False,12,
2021,adulto,1,2,PB,8.0,71.0,media_vs_baixa,baixa,media,79,False,8,
2021,adulto,1,2,PE,49.0,327.0,media_vs_baixa,baixa,media,376,True,49,
2021,adulto,1,2,PI,15.0,55.0,media_vs_baixa,baixa,media,70,False,15,
2021,adulto,1,2,PR,80.0,961.0,media_vs_baixa,baixa,media,1041,True,80,
2021,adulto,1,2,RJ,32.0,786.0,media_vs_baixa,baixa,media,818,True,32,
2021,adulto,1,2,RN,9.0,103.0,media_vs_baixa,baixa,media,112,False,9,
2021,adulto,1,2,RO,2.0,65.0,media_vs_baixa,baixa,media,67,False,2,
2021,adulto,1,2,RR,2.0,13.0,media_vs_baixa,baixa,media,15,False,2,
2021,adulto,1,2,RS,66.0,643.0,media_vs_baixa,baixa,media,709,True,66,
2021,adulto,1,2,SC,28.0,581.0,media_vs_baixa,baixa,media,609,True,28,
2021,adulto,1,2,SE,2.0,42.0,media_vs_baixa,baixa,media,44,False,2,
2021,adulto,1,2,SP,219.0,2398.0,media_vs_baixa,baixa,media,2617,True,219,
2021,adulto,1,2,TO,3.0,40.0,media_vs_baixa,baixa,media,43,False,3,
2021,adulto,2,1,AC,1.0,1.0,media_vs_baixa,baixa,media,2,False,1,
2021,adulto,2,1,AL,5.0,19.0,media_vs_baixa,baixa,media,24,False,5,
2021,adulto,2,1,AM,3.0,20.0,media_vs_baixa,baixa,media,23,False,3,
2021,adulto,2,1,AP,3.0,15.0,media_vs_baixa,baixa,media,18,False,3,
2021,adulto,2,1,BA,62.0,593.0,media_vs_baixa,baixa,media,655,True,62,
2021,adulto,2,1,CE,19.0,67.0,media_vs_baixa,baixa,media,86,False,19,
2021,adulto,2,1,DF,3.0,66.0,media_vs_baixa,baixa,media,69,False,3,
2021,adulto,2,1,ES,8.0,63.0,media_vs_baixa,baixa,media,71,False,8,
2021,adulto,2,1,GO,22.0,192.0,media_vs_baixa,baixa,media,214,True,22,
2021,adulto,2,1,MA,40.0,183.0,media_vs_baixa,baixa,media,223,True,40,
2021,adulto,2,1,MG,51.0,488.0,media_vs_baixa,baixa,media,539,True,51,
2021,adulto,2,1,MS,4.0,31.0,media_vs_baixa,baixa,media,35,False,4,
2021,adulto,2,1,MT,6.0,74.0,media_vs_baixa,baixa,media,80,False,6,
2021,adulto,2,1,PA,20.0,119.0,media_vs_baixa,baixa,media,139,True,20,
2021,adulto,2,1,PB,9.0,19.0,media_vs_baixa,baixa,media,28,False,9,
2021,adulto,2,1,PE,31.0,188.0,media_vs_baixa,baixa,media,219,True,31,
2021,adulto,2,1,PI,23.0,84.0,media_vs_baixa,baixa,media,107,True,23,
2021,adulto,2,1,PR,9.0,119.0,media_vs_baixa,baixa,media,128,False,9,
2021,adulto,2,1,RJ,44.0,627.0,media_vs_baixa,baixa,media,671,True,44,
2021,adulto,2,1,RN,10.0,30.0,media_vs_baixa,baixa,media,40,False,10,
2021,adulto,2,1,RO,4.0,33.0,media_vs_baixa,baixa,media,37,False,4,
2021,adulto,2,1,RR,0.0,5.0,media_vs_baixa,baixa,media,5,False,0,
2021,adulto,2,1,RS,11.0,142.0,media_vs_baixa,baixa,media,153,False,11,
2021,adulto,2,1,SC,1.0,65.0,media_vs_baixa,baixa,media,66,False,1,
2021,adulto,2,1,SE,8.0,71.0,media_vs_baixa,baixa,media,79,False,8,
2021,adulto,2,1,SP,46.0,631.0,media_vs_baixa,baixa,media,677,True,46,
2021,adulto,2,1,TO,4.0,58.0,media_vs_baixa,baixa,media,62,False,4,
2021,adulto,2,2,AC,0.0,6.0,media_vs_baixa,baixa,media,6,False,0,
2021,adulto,2,2,AL,3.0,9.0,media_vs_baixa,baixa,media,12,False,3,
2021,adulto,2,2,AM,2.0,11.0,media_vs_baixa,baixa,media,13,False,2,
2021,adulto,2,2,AP,1.0,6.0,media_vs_baixa,baixa,media,7,False,1,
2021,adulto,2,2,BA,29.0,239.0,media_vs_baixa,baixa,media,268,True,29,
2021,adulto,2,2,CE,5.0,20.0,media_vs_baixa,baixa,media,25,False,5,
2021,adulto,2,2,DF,0.0,24.0,media_vs_baixa,baixa,media,24,False,0,
2021,adulto,2,2,ES,1.0,37.0,media_vs_baixa,baixa,media,38,False,1,
2021,adulto,2,2,GO,6.0,77.0,media_vs_baixa,baixa,media,83,False,6,
2021,adulto,2,2,MA,19.0,59.0,media_vs_baixa,baixa,media,78,False,19,
2021,adulto,2,2,MG,21.0,234.0,media_vs_baixa,baixa,media,255,True,21,
2021,adulto,2,2,MS,2.0,18.0,media_vs_baixa,baixa,media,20,False,2,
2021,adulto,2,2,MT,1.0,24.0,media_vs_baixa,baixa,media,25,False,1,
2021,adulto,2,2,PA,5.0,63.0,media_vs_baixa,baixa,media,68,False,5,
2021,adulto,2,2,PB,3.0,12.0,media_vs_baixa,baixa,media,15,False,3,
2021,adulto,2,2,PE,11.0,85.0,media_vs_baixa,baixa,media,96,False,11,
2021,adulto,2,2,PI,4.0,21.0,media_vs_baixa,baixa,media,25,False,4,
2021,adulto,2,2,PR,6.0,64.0,media_vs_baixa,baixa,media,70,False,6,
2021,adulto,2,2,RJ,19.0,420.0,media_vs_baixa,baixa,media,439,False,19,
2021,adulto,2,2,RN,4.0,19.0,media_vs_baixa,baixa,media,23,False,4,
2021,adulto,2,2,RO,3.0,7.0,media_vs_baixa,baixa,media,10,False,3,
2021,adulto,2,2,RR,0.0,2.0,media_vs_baixa,baixa,media,2,False,0,
2021,adulto,2,2,RS,9.0,87.0,media_vs_baixa,baixa,media,96,False,9,
2021,adulto,2,2,SC,3.0,38.0,media_vs_baixa,baixa,media,41,False,3,
2021,adulto,2,2,SE,4.0,31.0,media_vs_baixa,baixa,media,35,False,4,
2021,adulto,2,2,SP,28.0,301.0,media_vs_baixa,baixa,media,329,True,28,
2021,adulto,2,2,TO,1.0,20.0,media_vs_baixa,baixa,media,21,False,1,
2021,adulto,3,1,AL,1.0,1.0,media_vs_baixa,baixa,media,2,False,1,
2021,adulto,3,1,AM,0.0,1.0,media_vs_baixa,baixa,media,1,False,0,
2021,adulto,3,1,AP,0.0,1.0,media_vs_baixa,baixa,media,1,False,0,
2021,adulto,3,1,BA,1.0,6.0,media_vs_baixa,baixa,media,7,False,1,
2021,adulto,3,1,CE,1.0,4.0,media_vs_baixa,baixa,media,5,False,1,
2021,adulto,3,1,DF,1.0,5.0,media_vs_baixa,baixa,media,6,False,1,
2021,adulto,3,1,GO,1.0,6.0,media_vs_baixa,baixa,media,7,False,1,
2021,adulto,3,1,MA,2.0,6.0,media_vs_baixa,baixa,media,8,False,2,
2021,adulto,3,1,MG,0.0,7.0,media_vs_baixa,baixa,media,7,False,0,
2021,adulto,3,1,MS,0.0,3.0,media_vs_baixa,baixa,media,3,False,0,
2021,adulto,3,1,MT,1.0,3.0,media_vs_baixa,baixa,media,4,False,1,
2021,adulto,3,1,PA,0.0,4.0,media_vs_baixa,baixa,media,4,False,0,
2021,adulto,3,1,PB,0.0,1.0,media_vs_baixa,baixa,media,1,False,0,
2021,adulto,3,1,PE,0.0,6.0,media_vs_baixa,baixa,media,6,False,0,
2021,adulto,3,1,PI,0.0,2.0,media_vs_baixa,baixa,media,2,False,0,
2021,adulto,3,1,PR,1.0,22.0,media_vs_baixa,baixa,media,23,False,1,
2021,adulto,3,1,RJ,0.0,2.0,media_vs_baixa,baixa,media,2,False,0,
2021,adulto,3,1,RN,0.0,1.0,media_vs_baixa,baixa,media,1,False,0,
2021,adulto,3,1,RO,0.0,1.0,media_vs_baixa,baixa,media,1,False,0,
2021,adulto,3,1,RR,0.0,2.0,media_vs_baixa,baixa,media,2,False,0,
2021,adulto,3,1,SC,0.0,4.0,media_vs_baixa,baixa,media,4,False,0,
2021,adulto,3,1,SE,0.0,2.0,media_vs_baixa,baixa,media,2,False,0,
2021,adulto,3,1,SP,0.0,39.0,media_vs_baixa,baixa,media,39,False,0,
2021,adulto,3,1,TO,1.0,1.0,media_vs_baixa,baixa,media,2,False,1,
2021,adulto,3,2,AL,0.0,1.0,media_vs_baixa,baixa,media,1,False,0,
2021,adulto,3,2,AM,0.0,1.0,media_vs_baixa,baixa,media,1,False,0,
2021,adulto,3,2,AP,0.0,1.0,media_vs_baixa,baixa,media,1,False,0,
2021,adulto,3,2,BA,0.0,1.0,media_vs_baixa,baixa,media,1,False,0,
2021,adulto,3,2,CE,1.0,6.0,media_vs_baixa,baixa,media,7,False,1,
2021,adulto,3,2,DF,0.0,1.0,media_vs_baixa,baixa,media,1,False,0,
2021,adulto,3,2,ES,0.0,1.0,media_vs_baixa,baixa,media,1,False,0,
2021,adulto,3,2,GO,0.0,4.0,media_vs_baixa,baixa,media,4,False,0,
2021,adulto,3,2,MA,0.0,4.0,media_vs_baixa,baixa,media,4,False,0,
2021,adulto,3,2,MG,0.0,4.0,media_vs_baixa,baixa,media,4,False,0,
2021,adulto,3,2,MS,0.0,2.0,media_vs_baixa,baixa,media,2,False,0,
2021,adulto,3,2,MT,0.0,1.0,media_vs_baixa,baixa,media,1,False,0,
2021,adulto,3,2,PA,0.0,1.0,media_vs_baixa,baixa,media,1,False,0,
2021,adulto,3,2,PB,0.0,1.0,media_vs_baixa,baixa,media,1,False,0,
2021,adulto,3,2,PE,0.0,1.0,media_vs_baixa,baixa,media,1,False,0,
2021,adulto,3,2,PI,0.0,2.0,media_vs_baixa,baixa,media,2,False,0,
2021,adulto,3,2,PR,1.0,2.0,media_vs_baixa,baixa,media,3,False,1,
2021,adulto,3,2,RJ,0.0,1.0,media_vs_baixa,baixa,media,1,False,0,
2021,adulto,3,2,RN,1.0,1.0,media_vs_baixa,baixa,media,2,False,1,
2021,adulto,3,2,RO,0.0,2.0,media_vs_baixa,baixa,media,2,False,0,
2021,adulto,3,2,RS,0.0,3.0,media_vs_baixa,baixa,media,3,False,0,
2021,adulto,3,2,SC,0.0,2.0,media_vs_baixa,baixa,media,2,False,0,
2021,adulto,3,2,SP,0.0,18.0,media_vs_baixa,baixa,media,18,False,0,
2021,adulto,4,0,MG,0.0,1.0,media_vs_baixa,baixa,media,1,False,0,
2021,adulto,4,0,RN,0.0,1.0,media_vs_baixa,baixa,media,1,False,0,
2021,adulto,4,1,AC,14.0,38.0,media_vs_baixa,baixa,media,52,False,14,
2021,adulto,4,1,AL,85.0,466.0,media_vs_baixa,baixa,media,551,True,85,
2021,adulto,4,1,AM,89.0,833.0,media_vs_baixa,baixa,media,922,True,89,
2021,adulto,4,1,AP,13.0,164.0,media_vs_baixa,baixa,media,177,False,13,
2021,adulto,4,1,BA,246.0,2408.0,media_vs_baixa,baixa,media,2654,True,246,
2021,adulto,4,1,CE,279.0,2097.0,media_vs_baixa,baixa,media,2376,True,279,
2021,adulto,4,1,DF,12.0,370.0,media_vs_baixa,baixa,media,382,False,12,
2021,adulto,4,1,ES,25.0,245.0,media_vs_baixa,baixa,media,270,True,25,
2021,adulto,4,1,GO,70.0,1131.0,media_vs_baixa,baixa,media,1201,True,70,
2021,adulto,4,1,MA,215.0,1098.0,media_vs_baixa,baixa,media,1313,True,215,
2021,adulto,4,1,MG,138.0,1761.0,media_vs_baixa,baixa,media,1899,True,138,
2021,adulto,4,1,MS,45.0,341.0,media_vs_baixa,baixa,media,386,True,45,
2021,adulto,4,1,MT,36.0,533.0,media_vs_baixa,baixa,media,569,True,36,
2021,adulto,4,1,PA,140.0,1470.0,media_vs_baixa,baixa,media,1610,True,140,
2021,adulto,4,1,PB,44.0,335.0,media_vs_baixa,baixa,media,379,True,44,
2021,adulto,4,1,PE,275.0,2182.0,media_vs_baixa,baixa,media,2457,True,275,
2021,adulto,4,1,PI,106.0,580.0,media_vs_baixa,baixa,media,686,True,106,
2021,adulto,4,1,PR,59.0,760.0,media_vs_baixa,baixa,media,819,True,59,
2021,adulto,4,1,RJ,62.0,1332.0,media_vs_baixa,baixa,media,1394,True,62,
2021,adulto,4,1,RN,60.0,391.0,media_vs_baixa,baixa,media,451,True,60,
2021,adulto,4,1,RO,15.0,236.0,media_vs_baixa,baixa,media,251,False,15,
2021,adulto,4,1,RR,9.0,121.0,media_vs_baixa,baixa,media,130,False,9,
2021,adulto,4,1,RS,11.0,117.0,media_vs_baixa,baixa,media,128,False,11,
2021,adulto,4,1,SC,5.0,146.0,media_vs_baixa,baixa,media,151,False,5,
2021,adulto,4,1,SE,60.0,609.0,media_vs_baixa,baixa,media,669,True,60,
2021,adulto,4,1,SP,134.0,2373.0,media_vs_baixa,baixa,media,2507,True,134,
2021,adulto,4,1,TO,32.0,276.0,media_vs_baixa,baixa,media,308,True,32,
2021,adulto,4,2,AC,7.0,49.0,media_vs_baixa,baixa,media,56,False,7,
2021,adulto,4,2,AL,30.0,157.0,media_vs_baixa,baixa,media,187,True,30,
2021,adulto,4,2,AM,28.0,305.0,media_vs_baixa,baixa,media,333,True,28,
2021,adulto,4,2,AP,4.0,63.0,media_vs_baixa,baixa,media,67,False,4,
2021,adulto,4,2,BA,98.0,768.0,media_vs_baixa,baixa,media,866,True,98,
2021,adulto,4,2,CE,93.0,749.0,media_vs_baixa,baixa,media,842,True,93,
2021,adulto,4,2,DF,8.0,129.0,media_vs_baixa,baixa,media,137,False,8,
2021,adulto,4,2,ES,8.0,112.0,media_vs_baixa,baixa,media,120,False,8,
2021,adulto,4,2,GO,31.0,433.0,media_vs_baixa,baixa,media,464,True,31,
2021,adulto,4,2,MA,77.0,387.0,media_vs_baixa,baixa,media,464,True,77,
2021,adulto,4,2,MG,73.0,777.0,media_vs_baixa,baixa,media,850,True,73,
2021,adulto,4,2,MS,16.0,185.0,media_vs_baixa,baixa,media,201,False,16,
2021,adulto,4,2,MT,21.0,228.0,media_vs_baixa,baixa,media,249,True,21,
2021,adulto,4,2,PA,58.0,577.0,media_vs_baixa,baixa,media,635,True,58,
2021,adulto,4,2,PB,17.0,185.0,media_vs_baixa,baixa,media,202,False,17,
2021,adulto,4,2,PE,92.0,688.0,media_vs_baixa,baixa,media,780,True,92,
2021,adulto,4,2,PI,34.0,198.0,media_vs_baixa,baixa,media,232,True,34,
2021,adulto,4,2,PR,31.0,307.0,media_vs_baixa,baixa,media,338,True,31,
2021,adulto,4,2,RJ,50.0,798.0,media_vs_baixa,baixa,media,848,True,50,
2021,adulto,4,2,RN,16.0,146.0,media_vs_baixa,baixa,media,162,False,16,
2021,adulto,4,2,RO,6.0,89.0,media_vs_baixa,baixa,media,95,False,6,
2021,adulto,4,2,RR,3.0,53.0,media_vs_baixa,baixa,media,56,False,3,
2021,adulto,4,2,RS,4.0,78.0,media_vs_baixa,baixa,media,82,False,4,
2021,adulto,4,2,SC,4.0,63.0,media_vs_baixa,baixa,media,67,False,4,
2021,adulto,4,2,SE,15.0,147.0,media_vs_baixa,baixa,media,162,False,15,
2021,adulto,4,2,SP,67.0,1081.0,media_vs_baixa,baixa,media,1148,True,67,
2021,adulto,4,2,TO,12.0,134.0,media_vs_baixa,baixa,media,146,False,12,
2021,adulto,5,1,AC,1.0,1.0,media_vs_baixa,baixa,media,2,False,1,
2021,adulto,5,1,AL,0.0,1.0,media_vs_baixa,baixa,media,1,False,0,
2021,adulto,5,1,AM,10.0,24.0,media_vs_baixa,baixa,media,34,False,10,
2021,adulto,5,1,AP,1.0,2.0,media_vs_baixa,baixa,media,3,False,1,
2021,adulto,5,1,BA,2.0,5.0,media_vs_baixa,baixa,media,7,False,2,
2021,adulto,5,1,CE,4.0,2.0,media_vs_baixa,baixa,media,6,False,2,
2021,adulto,5,1,DF,0.0,2.0,media_vs_baixa,baixa,media,2,False,0,
2021,adulto,5,1,ES,0.0,1.0,media_vs_baixa,baixa,media,1,False,0,
2021,adulto,5,1,GO,0.0,4.0,media_vs_baixa,baixa,media,4,False,0,
2021,adulto,5,1,MA,3.0,5.0,media_vs_baixa,baixa,media,8,False,3,
2021,adulto,5,1,MG,3.0,4.0,media_vs_baixa,baixa,media,7,False,3,
2021,adulto,5,1,MS,5.0,28.0,media_vs_baixa,baixa,media,33,False,5,
2021,adulto,5,1,MT,0.0,2.0,media_vs_baixa,baixa,media,2,False,0,
2021,adulto,5,1,PA,2.0,4.0,media_vs_baixa,baixa,media,6,False,2,
2021,adulto,5,1,PB,0.0,1.0,media_vs_baixa,baixa,media,1,False,0,
2021,adulto,5,1,PE,2.0,3.0,media_vs_baixa,baixa,media,5,False,2,
2021,adulto,5,1,PR,2.0,6.0,media_vs_baixa,baixa,media,8,False,2,
2021,adulto,5,1,RJ,0.0,2.0,media_vs_baixa,baixa,media,2,False,0,
2021,adulto,5,1,RN,0.0,2.0,media_vs_baixa,baixa,media,2,False,0,
2021,adulto,5,1,RO,0.0,2.0,media_vs_baixa,baixa,media,2,False,0,
2021,adulto,5,1,RR,13.0,13.0,media_vs_baixa,baixa,media,26,False,13,
2021,adulto,5,1,RS,2.0,3.0,media_vs_baixa,baixa,media,5,False,2,
2021,adulto,5,1,SC,0.0,2.0,media_vs_baixa,baixa,media,2,False,0,
2021,adulto,5,1,SP,0.0,6.0,media_vs_baixa,baixa,media,6,False,0,
2021,adulto,5,1,TO,0.0,1.0,media_vs_baixa,baixa,media,1,False,0,
2021,adulto,5,2,AC,0.0,1.0,media_vs_baixa,baixa,media,1,False,0,
2021,adulto,5,2,AM,12.0,11.0,media_vs_baixa,baixa,media,23,False,11,
2021,adulto,5,2,BA,0.0,4.0,media_vs_baixa,baixa,media,4,False,0,
2021,adulto,5,2,CE,0.0,2.0,media_vs_baixa,baixa,media,2,False,0,
2021,adulto,5,2,MA,3.0,9.0,media_vs_baixa,baixa,media,12,False,3,
2021,adulto,5,2,MG,0.0,2.0,media_vs_baixa,baixa,media,2,False,0,
2021,adulto,5,2,MS,3.0,15.0,media_vs_baixa,baixa,media,18,False,3,
2021,adulto,5,2,MT,1.0,5.0,media_vs_baixa,baixa,media,6,False,1,
2021,adulto,5,2,PA,0.0,1.0,media_vs_baixa,baixa,media,1,False,0,
2021,adulto,5,2,PE,2.0,5.0,media_vs_baixa,baixa,media,7,False,2,
2021,adulto,5,2,PR,2.0,6.0,media_vs_baixa,baixa,media,8,False,2,
2021,adulto,5,2,RJ,0.0,2.0,media_vs_baixa,baixa,media,2,False,0,
2021,adulto,5,2,RO,0.0,2.0,media_vs_baixa,baixa,media,2,False,0,
2021,adulto,5,2,RR,9.0,9.0,media_vs_baixa,baixa,media,18,False,9,
2021,adulto,5,2,RS,1.0,2.0,media_vs_baixa,baixa,media,3,False,1,
2021,adulto,5,2,SC,1.0,4.0,media_vs_baixa,baixa,media,5,False,1,
2021,adulto,5,2,SP,0.0,4.0,media_vs_baixa,baixa,media,4,False,0,
2021,adulto,5,2,TO,0.0,1.0,media_vs_baixa,baixa,media,1,False,0,
2021,idoso,1,0,PE,0.0,1.0,media_vs_baixa,baixa,media,1,False,0,
2021,idoso,1,0,SP,0.0,2.0,media_vs_baixa,baixa,media,2,False,0,
2021,idoso,1,1,AC,11.0,40.0,media_vs_baixa,baixa,media,51,False,11,
2021,idoso,1,1,AL,96.0,186.0,media_vs_baixa,baixa,media,282,True,96,
2021,idoso,1,1,AM,51.0,382.0,media_vs_baixa,baixa,media,433,True,51,
2021,idoso,1,1,AP,7.0,41.0,media_vs_baixa,baixa,media,48,False,7,
2021,idoso,1,1,BA,317.0,1169.0,media_vs_baixa,baixa,media,1486,True,317,
2021,idoso,1,1,CE,370.0,1084.0,media_vs_baixa,baixa,media,1454,True,370,
2021,idoso,1,1,DF,60.0,725.0,media_vs_baixa,baixa,media,785,True,60,
2021,idoso,1,1,ES,96.0,772.0,media_vs_baixa,baixa,media,868,True,96,
2021,idoso,1,1,GO,334.0,2180.0,media_vs_baixa,baixa,media,2514,True,334,
2021,idoso,1,1,MA,216.0,585.0,media_vs_baixa,baixa,media,801,True,216,
2021,idoso,1,1,MG,830.0,7700.0,media_vs_baixa,baixa,media,8530,True,830,
2021,idoso,1,1,MS,129.0,1081.0,media_vs_baixa,baixa,media,1210,True,129,
2021,idoso,1,1,MT,146.0,935.0,media_vs_baixa,baixa,media,1081,True,146,
2021,idoso,1,1,PA,147.0,720.0,media_vs_baixa,baixa,media,867,True,147,
2021,idoso,1,1,PB,100.0,456.0,media_vs_baixa,baixa,media,556,True,100,
2021,idoso,1,1,PE,465.0,1777.0,media_vs_baixa,baixa,media,2242,True,465,
2021,idoso,1,1,PI,123.0,286.0,media_vs_baixa,baixa,media,409,True,123,
2021,idoso,1,1,PR,899.0,8218.0,media_vs_baixa,baixa,media,9117,True,899,
2021,idoso,1,1,RJ,498.0,7076.0,media_vs_baixa,baixa,media,7574,True,498,
2021,idoso,1,1,RN,190.0,464.0,media_vs_baixa,baixa,media,654,True,190,
2021,idoso,1,1,RO,55.0,399.0,media_vs_baixa,baixa,media,454,True,55,
2021,idoso,1,1,RR,8.0,58.0,media_vs_baixa,baixa,media,66,False,8,
2021,idoso,1,1,RS,599.0,7776.0,media_vs_baixa,baixa,media,8375,True,599,
2021,idoso,1,1,SC,309.0,5862.0,media_vs_baixa,baixa,media,6171,True,309,
2021,idoso,1,1,SE,77.0,270.0,media_vs_baixa,baixa,media,347,True,77,
2021,idoso,1,1,SP,1486.0,26322.0,media_vs_baixa,baixa,media,27808,True,1486,
2021,idoso,1,1,TO,56.0,211.0,media_vs_baixa,baixa,media,267,True,56,
2021,idoso,1,2,AC,17.0,42.0,media_vs_baixa,baixa,media,59,False,17,
2021,idoso,1,2,AL,118.0,181.0,media_vs_baixa,baixa,media,299,True,118,
2021,idoso,1,2,AM,50.0,300.0,media_vs_baixa,baixa,media,350,True,50,
2021,idoso,1,2,AP,11.0,36.0,media_vs_baixa,baixa,media,47,False,11,
2021,idoso,1,2,BA,379.0,945.0,media_vs_baixa,baixa,media,1324,True,379,
2021,idoso,1,2,CE,354.0,1104.0,media_vs_baixa,baixa,media,1458,True,354,
2021,idoso,1,2,DF,84.0,653.0,media_vs_baixa,baixa,media,737,True,84,
2021,idoso,1,2,ES,109.0,527.0,media_vs_baixa,baixa,media,636,True,109,
2021,idoso,1,2,GO,392.0,1677.0,media_vs_baixa,baixa,media,2069,True,392,
2021,idoso,1,2,MA,231.0,453.0,media_vs_baixa,baixa,media,684,True,231,
2021,idoso,1,2,MG,915.0,6029.0,media_vs_baixa,baixa,media,6944,True,915,
2021,idoso,1,2,MS,163.0,813.0,media_vs_baixa,baixa,media,976,True,163,
2021,idoso,1,2,MT,145.0,598.0,media_vs_baixa,baixa,media,743,True,145,
2021,idoso,1,2,PA,143.0,601.0,media_vs_baixa,baixa,media,744,True,143,
2021,idoso,1,2,PB,81.0,415.0,media_vs_baixa,baixa,media,496,True,81,
2021,idoso,1,2,PE,589.0,1692.0,media_vs_baixa,baixa,media,2281,True,589,
2021,idoso,1,2,PI,134.0,224.0,media_vs_baixa,baixa,media,358,True,134,
2021,idoso,1,2,PR,1252.0,5972.0,media_vs_baixa,baixa,media,7224,True,1252,
2021,idoso,1,2,RJ,618.0,6627.0,media_vs_baixa,baixa,media,7245,True,618,
2021,idoso,1,2,RN,158.0,502.0,media_vs_baixa,baixa,media,660,True,158,
2021,idoso,1,2,RO,75.0,241.0,media_vs_baixa,baixa,media,316,True,75,
2021,idoso,1,2,RR,14.0,42.0,media_vs_baixa,baixa,media,56,False,14,
2021,idoso,1,2,RS,651.0,5506.0,media_vs_baixa,baixa,media,6157,True,651,
2021,idoso,1,2,SC,347.0,4124.0,media_vs_baixa,baixa,media,4471,True,347,
2021,idoso,1,2,SE,84.0,258.0,media_vs_baixa,baixa,media,342,True,84,
2021,idoso,1,2,SP,2252.0,20212.0,media_vs_baixa,baixa,media,22464,True,2252,
2021,idoso,1,2,TO,52.0,144.0,media_vs_baixa,baixa,media,196,True,52,
2021,idoso,2,0,PR,1.0,1.0,media_vs_baixa,baixa,media,2,False,1,
2021,idoso,2,1,AC,4.0,7.0,media_vs_baixa,baixa,media,11,False,4,
2021,idoso,2,1,AL,53.0,32.0,media_vs_baixa,baixa,media,85,True,32,
2021,idoso,2,1,AM,27.0,50.0,media_vs_baixa,baixa,media,77,True,27,
2021,idoso,2,1,AP,18.0,26.0,media_vs_baixa,baixa,media,44,False,18,
2021,idoso,2,1,BA,479.0,1070.0,media_vs_baixa,baixa,media,1549,True,479,
2021,idoso,2,1,CE,138.0,167.0,media_vs_baixa,baixa,media,305,True,138,
2021,idoso,2,1,DF,31.0,120.0,media_vs_baixa,baixa,media,151,True,31,
2021,idoso,2,1,ES,70.0,198.0,media_vs_baixa,baixa,media,268,True,70,
2021,idoso,2,1,GO,159.0,361.0,media_vs_baixa,baixa,media,520,True,159,
2021,idoso,2,1,MA,261.0,310.0,media_vs_baixa,baixa,media,571,True,261,
2021,idoso,2,1,MG,438.0,1802.0,media_vs_baixa,baixa,media,2240,True,438,
2021,idoso,2,1,MS,42.0,122.0,media_vs_baixa,baixa,media,164,True,42,
2021,idoso,2,1,MT,87.0,198.0,media_vs_baixa,baixa,media,285,True,87,
2021,idoso,2,1,PA,134.0,280.0,media_vs_baixa,baixa,media,414,True,134,
2021,idoso,2,1,PB,45.0,37.0,media_vs_baixa,baixa,media,82,True,37,
2021,idoso,2,1,PE,182.0,475.0,media_vs_baixa,baixa,media,657,True,182,
2021,idoso,2,1,PI,154.0,137.0,media_vs_baixa,baixa,media,291,True,137,
2021,idoso,2,1,PR,126.0,483.0,media_vs_baixa,baixa,media,609,True,126,
2021,idoso,2,1,RJ,289.0,2284.0,media_vs_baixa,baixa,media,2573,True,289,
2021,idoso,2,1,RN,54.0,58.0,media_vs_baixa,baixa,media,112,True,54,
2021,idoso,2,1,RO,26.0,59.0,media_vs_baixa,baixa,media,85,True,26,
2021,idoso,2,1,RR,10.0,13.0,media_vs_baixa,baixa,media,23,False,10,
2021,idoso,2,1,RS,80.0,524.0,media_vs_baixa,baixa,media,604,True,80,
2021,idoso,2,1,SC,11.0,162.0,media_vs_baixa,baixa,media,173,False,11,
2021,idoso,2,1,SE,72.0,111.0,media_vs_baixa,baixa,media,183,True,72,
2021,idoso,2,1,SP,352.0,3104.0,media_vs_baixa,baixa,media,3456,True,352,
2021,idoso,2,1,TO,57.0,92.0,media_vs_baixa,baixa,media,149,True,57,
2021,idoso,2,2,AC,3.0,5.0,media_vs_baixa,baixa,media,8,False,3,
2021,idoso,2,2,AL,45.0,31.0,media_vs_baixa,baixa,media,76,True,31,
2021,idoso,2,2,AM,18.0,31.0,media_vs_baixa,baixa,media,49,False,18,
2021,idoso,2,2,AP,10.0,14.0,media_vs_baixa,baixa,media,24,False,10,
2021,idoso,2,2,BA,455.0,757.0,media_vs_baixa,baixa,media,1212,True,455,
2021,idoso,2,2,CE,87.0,131.0,media_vs_baixa,baixa,media,218,True,87,
2021,idoso,2,2,DF,35.0,112.0,media_vs_baixa,baixa,media,147,True,35,
2021,idoso,2,2,ES,60.0,127.0,media_vs_baixa,baixa,media,187,True,60,
2021,idoso,2,2,GO,140.0,252.0,media_vs_baixa,baixa,media,392,True,140,
2021,idoso,2,2,MA,189.0,183.0,media_vs_baixa,baixa,media,372,True,183,
2021,idoso,2,2,MG,437.0,1326.0,media_vs_baixa,baixa,media,1763,True,437,
2021,idoso,2,2,MS,29.0,93.0,media_vs_baixa,baixa,media,122,True,29,
2021,idoso,2,2,MT,68.0,109.0,media_vs_baixa,baixa,media,177,True,68,
2021,idoso,2,2,PA,99.0,149.0,media_vs_baixa,baixa,media,248,True,99,
2021,idoso,2,2,PB,29.0,45.0,media_vs_baixa,baixa,media,74,True,29,
2021,idoso,2,2,PE,168.0,296.0,media_vs_baixa,baixa,media,464,True,168,
2021,idoso,2,2,PI,96.0,75.0,media_vs_baixa,baixa,media,171,True,75,
2021,idoso,2,2,PR,134.0,288.0,media_vs_baixa,baixa,media,422,True,134,
2021,idoso,2,2,RJ,441.0,2418.0,media_vs_baixa,baixa,media,2859,True,441,
2021,idoso,2,2,RN,48.0,42.0,media_vs_baixa,baixa,media,90,True,42,
2021,idoso,2,2,RO,26.0,47.0,media_vs_baixa,baixa,media,73,True,26,
2021,idoso,2,2,RR,2.0,9.0,media_vs_baixa,baixa,media,11,False,2,
2021,idoso,2,2,RS,93.0,432.0,media_vs_baixa,baixa,media,525,True,93,
2021,idoso,2,2,SC,19.0,137.0,media_vs_baixa,baixa,media,156,False,19,
2021,idoso,2,2,SE,56.0,69.0,media_vs_baixa,baixa,media,125,True,56,
2021,idoso,2,2,SP,401.0,2398.0,media_vs_baixa,baixa,media,2799,True,401,
2021,idoso,2,2,TO,37.0,44.0,media_vs_baixa,baixa,media,81,True,37,
2021,idoso,3,1,AC,0.0,2.0,media_vs_baixa,baixa,media,2,False,0,
2021,idoso,3,1,AL,1.0,1.0,media_vs_baixa,baixa,media,2,False,1,
2021,idoso,3,1,AM,2.0,10.0,media_vs_baixa,baixa,media,12,False,2,
2021,idoso,3,1,AP,3.0,1.0,media_vs_baixa,baixa,media,4,False,1,
2021,idoso,3,1,BA,7.0,15.0,media_vs_baixa,baixa,media,22,False,7,
2021,idoso,3,1,CE,7.0,13.0,media_vs_baixa,baixa,media,20,False,7,
2021,idoso,3,1,DF,4.0,19.0,media_vs_baixa,baixa,media,23,False,4,
2021,idoso,3,1,ES,0.0,8.0,media_vs_baixa,baixa,media,8,False,0,
2021,idoso,3,1,GO,4.0,20.0,media_vs_baixa,baixa,media,24,False,4,
2021,idoso,3,1,MA,8.0,4.0,media_vs_baixa,baixa,media,12,False,4,
2021,idoso,3,1,MG,10.0,50.0,media_vs_baixa,baixa,media,60,False,10,
2021,idoso,3,1,MS,3.0,20.0,media_vs_baixa,baixa,media,23,False,3,
2021,idoso,3,1,MT,3.0,27.0,media_vs_baixa,baixa,media,30,False,3,
2021,idoso,3,1,PA,3.0,16.0,media_vs_baixa,baixa,media,19,False,3,
2021,idoso,3,1,PB,0.0,4.0,media_vs_baixa,baixa,media,4,False,0,
2021,idoso,3,1,PE,1.0,6.0,media_vs_baixa,baixa,media,7,False,1,
2021,idoso,3,1,PI,2.0,2.0,media_vs_baixa,baixa,media,4,False,2,
2021,idoso,3,1,PR,6.0,75.0,media_vs_baixa,baixa,media,81,False,6,
2021,idoso,3,1,RJ,6.0,24.0,media_vs_baixa,baixa,media,30,False,6,
2021,idoso,3,1,RN,2.0,1.0,media_vs_baixa,baixa,media,3,False,1,
2021,idoso,3,1,RO,1.0,4.0,media_vs_baixa,baixa,media,5,False,1,
2021,idoso,3,1,RR,0.0,1.0,media_vs_baixa,baixa,media,1,False,0,
2021,idoso,3,1,RS,0.0,2.0,media_vs_baixa,baixa,media,2,False,0,
2021,idoso,3,1,SC,1.0,13.0,media_vs_baixa,baixa,media,14,False,1,
2021,idoso,3,1,SE,0.0,3.0,media_vs_baixa,baixa,media,3,False,0,
2021,idoso,3,1,SP,8.0,514.0,media_vs_baixa,baixa,media,522,False,8,
2021,idoso,3,1,TO,6.0,9.0,media_vs_baixa,baixa,media,15,False,6,
2021,idoso,3,2,AL,1.0,2.0,media_vs_baixa,baixa,media,3,False,1,
2021,idoso,3,2,AM,2.0,3.0,media_vs_baixa,baixa,media,5,False,2,
2021,idoso,3,2,AP,4.0,4.0,media_vs_baixa,baixa,media,8,False,4,
2021,idoso,3,2,BA,6.0,13.0,media_vs_baixa,baixa,media,19,False,6,
2021,idoso,3,2,CE,5.0,3.0,media_vs_baixa,baixa,media,8,False,3,
2021,idoso,3,2,DF,1.0,10.0,media_vs_baixa,baixa,media,11,False,1,
2021,idoso,3,2,ES,0.0,4.0,media_vs_baixa,baixa,media,4,False,0,
2021,idoso,3,2,GO,7.0,26.0,media_vs_baixa,baixa,media,33,False,7,
2021,idoso,3,2,MA,3.0,8.0,media_vs_baixa,baixa,media,11,False,3,
2021,idoso,3,2,MG,4.0,28.0,media_vs_baixa,baixa,media,32,False,4,
2021,idoso,3,2,MS,3.0,12.0,media_vs_baixa,baixa,media,15,False,3,
2021,idoso,3,2,MT,4.0,15.0,media_vs_baixa,baixa,media,19,False,4,
2021,idoso,3,2,PA,2.0,5.0,media_vs_baixa,baixa,media,7,False,2,
2021,idoso,3,2,PB,3.0,9.0,media_vs_baixa,baixa,media,12,False,3,
2021,idoso,3,2,PE,3.0,8.0,media_vs_baixa,baixa,media,11,False,3,
2021,idoso,3,2,PI,5.0,5.0,media_vs_baixa,baixa,media,10,False,5,
2021,idoso,3,2,PR,8.0,48.0,media_vs_baixa,baixa,media,56,False,8,
2021,idoso,3,2,RJ,5.0,31.0,media_vs_baixa,baixa,media,36,False,5,
2021,idoso,3,2,RN,4.0,2.0,media_vs_baixa,baixa,media,6,False,2,
2021,idoso,3,2,RO,1.0,4.0,media_vs_baixa,baixa,media,5,False,1,
2021,idoso,3,2,RR,0.0,1.0,media_vs_baixa,baixa,media,1,False,0,
2021,idoso,3,2,RS,0.0,4.0,media_vs_baixa,baixa,media,4,False,0,
2021,idoso,3,2,SC,1.0,11.0,media_vs_baixa,baixa,media,12,False,1,
2021,idoso,3,2,SE,0.0,1.0,media_vs_baixa,baixa,media,1,False,0,
2021,idoso,3,2,SP,11.0,298.0,media_vs_baixa,baixa,media,309,False,11,
2021,idoso,3,2,TO,2.0,3.0,media_vs_baixa,baixa,media,5,False,2,
2021,idoso,4,0,DF,0.0,1.0,media_vs_baixa,baixa,media,1,False,0,
2021,idoso,4,0,PE,0.0,1.0,media_vs_baixa,baixa,media,1,False,0,
2021,idoso,4,0,RJ,0.0,1.0,media_vs_baixa,baixa,media,1,False,0,
2021,idoso,4,0,RS,0.0,1.0,media_vs_baixa,baixa,media,1,False,0,
2021,idoso,4,1,AC,91.0,100.0,media_vs_baixa,baixa,media,191,True,91,
2021,idoso,4,1,AL,427.0,542.0,media_vs_baixa,baixa,media,969,True,427,
2021,idoso,4,1,AM,496.0,1329.0,media_vs_baixa,baixa,media,1825,True,496,
2021,idoso,4,1,AP,66.0,177.0,media_vs_baixa,baixa,media,243,True,66,
2021,idoso,4,1,BA,1436.0,3502.0,media_vs_baixa,baixa,media,4938,True,1436,
2021,idoso,4,1,CE,1933.0,3307.0,media_vs_baixa,baixa,media,5240,True,1933,
2021,idoso,4,1,DF,106.0,660.0,media_vs_baixa,baixa,media,766,True,106,
2021,idoso,4,1,ES,155.0,694.0,media_vs_baixa,baixa,media,849,True,155,
2021,idoso,4,1,GO,633.0,2262.0,media_vs_baixa,baixa,media,2895,True,633,
2021,idoso,4,1,MA,1193.0,1826.0,media_vs_baixa,baixa,media,3019,True,1193,
2021,idoso,4,1,MG,1171.0,5944.0,media_vs_baixa,baixa,media,7115,True,1171,
2021,idoso,4,1,MS,223.0,1017.0,media_vs_baixa,baixa,media,1240,True,223,
2021,idoso,4,1,MT,344.0,1061.0,media_vs_baixa,baixa,media,1405,True,344,
2021,idoso,4,1,PA,934.0,2539.0,media_vs_baixa,baixa,media,3473,True,934,
2021,idoso,4,1,PB,357.0,796.0,media_vs_baixa,baixa,media,1153,True,357,
2021,idoso,4,1,PE,1376.0,3550.0,media_vs_baixa,baixa,media,4926,True,1376,
2021,idoso,4,1,PI,631.0,911.0,media_vs_baixa,baixa,media,1542,True,631,
2021,idoso,4,1,PR,433.0,2011.0,media_vs_baixa,baixa,media,2444,True,433,
2021,idoso,4,1,RJ,499.0,4579.0,media_vs_baixa,baixa,media,5078,True,499,
2021,idoso,4,1,RN,403.0,609.0,media_vs_baixa,baixa,media,1012,True,403,
2021,idoso,4,1,RO,156.0,517.0,media_vs_baixa,baixa,media,673,True,156,
2021,idoso,4,1,RR,71.0,200.0,media_vs_baixa,baixa,media,271,True,71,
2021,idoso,4,1,RS,83.0,489.0,media_vs_baixa,baixa,media,572,True,83,
2021,idoso,4,1,SC,54.0,294.0,media_vs_baixa,baixa,media,348,True,54,
2021,idoso,4,1,SE,342.0,709.0,media_vs_baixa,baixa,media,1051,True,342,
2021,idoso,4,1,SP,1048.0,8476.0,media_vs_baixa,baixa,media,9524,True,1048,
2021,idoso,4,1,TO,266.0,509.0,media_vs_baixa,baixa,media,775,True,266,
2021,idoso,4,2,AC,86.0,100.0,media_vs_baixa,baixa,media,186,True,86,
2021,idoso,4,2,AL,399.0,375.0,media_vs_baixa,baixa,media,774,True,375,
2021,idoso,4,2,AM,392.0,1020.0,media_vs_baixa,baixa,media,1412,True,392,
2021,idoso,4,2,AP,56.0,119.0,media_vs_baixa,baixa,media,175,True,56,
2021,idoso,4,2,BA,1356.0,2381.0,media_vs_baixa,baixa,media,3737,True,1356,
2021,idoso,4,2,CE,1396.0,2663.0,media_vs_baixa,baixa,media,4059,True,1396,
2021,idoso,4,2,DF,145.0,516.0,media_vs_baixa,baixa,media,661,True,145,
2021,idoso,4,2,ES,204.0,490.0,media_vs_baixa,baixa,media,694,True,204,
2021,idoso,4,2,GO,546.0,1449.0,media_vs_baixa,baixa,media,1995,True,546,
2021,idoso,4,2,MA,1005.0,1256.0,media_vs_baixa,baixa,media,2261,True,1005,
2021,idoso,4,2,MG,1204.0,4096.0,media_vs_baixa,baixa,media,5300,True,1204,
2021,idoso,4,2,MS,204.0,757.0,media_vs_baixa,baixa,media,961,True,204,
2021,idoso,4,2,MT,339.0,725.0,media_vs_baixa,baixa,media,1064,True,339,
2021,idoso,4,2,PA,731.0,1756.0,media_vs_baixa,baixa,media,2487,True,731,
2021,idoso,4,2,PB,317.0,703.0,media_vs_baixa,baixa,media,1020,True,317,
2021,idoso,4,2,PE,1323.0,2589.0,media_vs_baixa,baixa,media,3912,True,1323,
2021,idoso,4,2,PI,497.0,621.0,media_vs_baixa,baixa,media,1118,True,497,
2021,idoso,4,2,PR,594.0,1201.0,media_vs_baixa,baixa,media,1795,True,594,
2021,idoso,4,2,RJ,727.0,4480.0,media_vs_baixa,baixa,media,5207,True,727,
2021,idoso,4,2,RN,289.0,488.0,media_vs_baixa,baixa,media,777,True,289,
2021,idoso,4,2,RO,139.0,323.0,media_vs_baixa,baixa,media,462,True,139,
2021,idoso,4,2,RR,46.0,140.0,media_vs_baixa,baixa,media,186,True,46,
2021,idoso,4,2,RS,107.0,382.0,media_vs_baixa,baixa,media,489,True,107,
2021,idoso,4,2,SC,62.0,209.0,media_vs_baixa,baixa,media,271,True,62,
2021,idoso,4,2,SE,272.0,469.0,media_vs_baixa,baixa,media,741,True,272,
2021,idoso,4,2,SP,1442.0,6451.0,media_vs_baixa,baixa,media,7893,True,1442,
2021,idoso,4,2,TO,205.0,353.0,media_vs_baixa,baixa,media,558,True,205,
2021,idoso,5,1,AC,2.0,0.0,media_vs_baixa,baixa,media,2,False,0,
2021,idoso,5,1,AL,2.0,2.0,media_vs_baixa,baixa,media,4,False,2,
2021,idoso,5,1,AM,35.0,44.0,media_vs_baixa,baixa,media,79,True,35,
2021,idoso,5,1,AP,1.0,0.0,media_vs_baixa,baixa,media,1,False,0,
2021,idoso,5,1,BA,5.0,12.0,media_vs_baixa,baixa,media,17,False,5,
2021,idoso,5,1,CE,5.0,4.0,media_vs_baixa,baixa,media,9,False,4,
2021,idoso,5,1,DF,0.0,2.0,media_vs_baixa,baixa,media,2,False,0,
2021,idoso,5,1,ES,1.0,2.0,media_vs_baixa,baixa,media,3,False,1,
2021,idoso,5,1,GO,0.0,1.0,media_vs_baixa,baixa,media,1,False,0,
2021,idoso,5,1,MA,4.0,4.0,media_vs_baixa,baixa,media,8,False,4,
2021,idoso,5,1,MG,3.0,6.0,media_vs_baixa,baixa,media,9,False,3,
2021,idoso,5,1,MS,19.0,28.0,media_vs_baixa,baixa,media,47,False,19,
2021,idoso,5,1,MT,4.0,3.0,media_vs_baixa,baixa,media,7,False,3,
2021,idoso,5,1,PA,5.0,10.0,media_vs_baixa,baixa,media,15,False,5,
2021,idoso,5,1,PB,7.0,0.0,media_vs_baixa,baixa,media,7,False,0,
2021,idoso,5,1,PE,5.0,16.0,media_vs_baixa,baixa,media,21,False,5,
2021,idoso,5,1,PI,0.0,1.0,media_vs_baixa,baixa,media,1,False,0,
2021,idoso,5,1,PR,6.0,8.0,media_vs_baixa,baixa,media,14,False,6,
2021,idoso,5,1,RJ,0.0,5.0,media_vs_baixa,baixa,media,5,False,0,
2021,idoso,5,1,RN,3.0,2.0,media_vs_baixa,baixa,media,5,False,2,
2021,idoso,5,1,RO,4.0,2.0,media_vs_baixa,baixa,media,6,False,2,
2021,idoso,5,1,RR,13.0,16.0,media_vs_baixa,baixa,media,29,False,13,
2021,idoso,5,1,RS,4.0,13.0,media_vs_baixa,baixa,media,17,False,4,
2021,idoso,5,1,SC,1.0,7.0,media_vs_baixa,baixa,media,8,False,1,
2021,idoso,5,1,SP,4.0,23.0,media_vs_baixa,baixa,media,27,False,4,
2021,idoso,5,1,TO,3.0,3.0,media_vs_baixa,baixa,media,6,False,3,
2021,idoso,5,2,AC,1.0,0.0,media_vs_baixa,baixa,media,1,False,0,
2021,idoso,5,2,AL,3.0,1.0,media_vs_baixa,baixa,media,4,False,1,
2021,idoso,5,2,AM,39.0,21.0,media_vs_baixa,baixa,media,60,True,21,
2021,idoso,5,2,AP,0.0,1.0,media_vs_baixa,baixa,media,1,False,0,
2021,idoso,5,2,BA,6.0,5.0,media_vs_baixa,baixa,media,11,False,5,
2021,idoso,5,2,CE,5.0,6.0,media_vs_baixa,baixa,media,11,False,5,
2021,idoso,5,2,DF,1.0,1.0,media_vs_baixa,baixa,media,2,False,1,
2021,idoso,5,2,ES,1.0,1.0,media_vs_baixa,baixa,media,2,False,1,
2021,idoso,5,2,GO,2.0,5.0,media_vs_baixa,baixa,media,7,False,2,
2021,idoso,5,2,MA,2.0,4.0,media_vs_baixa,baixa,media,6,False,2,
2021,idoso,5,2,MG,8.0,9.0,media_vs_baixa,baixa,media,17,False,8,
2021,idoso,5,2,MS,16.0,17.0,media_vs_baixa,baixa,media,33,False,16,
2021,idoso,5,2,MT,5.0,1.0,media_vs_baixa,baixa,media,6,False,1,
2021,idoso,5,2,PA,4.0,2.0,media_vs_baixa,baixa,media,6,False,2,
2021,idoso,5,2,PB,0.0,3.0,media_vs_baixa,baixa,media,3,False,0,
2021,idoso,5,2,PE,6.0,7.0,media_vs_baixa,baixa,media,13,False,6,
2021,idoso,5,2,PI,0.0,1.0,media_vs_baixa,baixa,media,1,False,0,
2021,idoso,5,2,PR,7.0,3.0,media_vs_baixa,baixa,media,10,False,3,
2021,idoso,5,2,RJ,2.0,7.0,media_vs_baixa,baixa,media,9,False,2,
2021,idoso,5,2,RN,2.0,2.0,media_vs_baixa,baixa,media,4,False,2,
2021,idoso,5,2,RO,4.0,1.0,media_vs_baixa,baixa,media,5,False,1,
2021,idoso,5,2,RR,18.0,10.0,media_vs_baixa,baixa,media,28,False,10,
2021,idoso,5,2,RS,7.0,10.0,media_vs_baixa,baixa,media,17,False,7,
2021,idoso,5,2,SC,1.0,7.0,media_vs_baixa,baixa,media,8,False,1,
2021,idoso,5,2,SE,0.0,1.0,media_vs_baixa,baixa,media,1,False,0,
2021,idoso,5,2,SP,4.0,15.0,media_vs_baixa,baixa,media,19,False,4,
2021,idoso,5,2,TO,0.0,2.0,media_vs_baixa,baixa,media,2,False,0,
2021,jovem,1,0,PE,0.0,1.0,media_vs_baixa,baixa,media,1,False,0,
2021,jovem,1,1,AC,1.0,3.0,media_vs_baixa,baixa,media,4,False,1,
2021,jovem,1,1,AL,2.0,5.0,media_vs_baixa,baixa,media,7,False,2,
2021,jovem,1,1,AM,11.0,27.0,media_vs_baixa,baixa,media,38,False,11,
2021,jovem,1,1,AP,1.0,8.0,media_vs_baixa,baixa,media,9,False,1,
2021,jovem,1,1,BA,15.0,106.0,media_vs_baixa,baixa,media,121,False,15,
2021,jovem,1,1,CE,16.0,84.0,media_vs_baixa,baixa,media,100,False,16,
2021,jovem,1,1,DF,0.0,33.0,media_vs_baixa,baixa,media,33,False,0,
2021,jovem,1,1,ES,3.0,12.0,media_vs_baixa,baixa,media,15,False,3,
2021,jovem,1,1,GO,10.0,117.0,media_vs_baixa,baixa,media,127,False,10,
2021,jovem,1,1,MA,7.0,55.0,media_vs_baixa,baixa,media,62,False,7,
2021,jovem,1,1,MG,24.0,178.0,media_vs_baixa,baixa,media,202,True,24,
2021,jovem,1,1,MS,5.0,34.0,media_vs_baixa,baixa,media,39,False,5,
2021,jovem,1,1,MT,4.0,58.0,media_vs_baixa,baixa,media,62,False,4,
2021,jovem,1,1,PA,7.0,61.0,media_vs_baixa,baixa,media,68,False,7,
2021,jovem,1,1,PB,1.0,20.0,media_vs_baixa,baixa,media,21,False,1,
2021,jovem,1,1,PE,17.0,249.0,media_vs_baixa,baixa,media,266,False,17,
2021,jovem,1,1,PI,6.0,37.0,media_vs_baixa,baixa,media,43,False,6,
2021,jovem,1,1,PR,53.0,355.0,media_vs_baixa,baixa,media,408,True,53,
2021,jovem,1,1,RJ,23.0,248.0,media_vs_baixa,baixa,media,271,True,23,
2021,jovem,1,1,RN,7.0,19.0,media_vs_baixa,baixa,media,26,False,7,
2021,jovem,1,1,RO,5.0,16.0,media_vs_baixa,baixa,media,21,False,5,
2021,jovem,1,1,RR,0.0,7.0,media_vs_baixa,baixa,media,7,False,0,
2021,jovem,1,1,RS,22.0,210.0,media_vs_baixa,baixa,media,232,True,22,
2021,jovem,1,1,SC,13.0,178.0,media_vs_baixa,baixa,media,191,False,13,
2021,jovem,1,1,SE,6.0,16.0,media_vs_baixa,baixa,media,22,False,6,
2021,jovem,1,1,SP,99.0,502.0,media_vs_baixa,baixa,media,601,True,99,
2021,jovem,1,1,TO,2.0,15.0,media_vs_baixa,baixa,media,17,False,2,
2021,jovem,1,2,AC,1.0,5.0,media_vs_baixa,baixa,media,6,False,1,
2021,jovem,1,2,AL,0.0,2.0,media_vs_baixa,baixa,media,2,False,0,
2021,jovem,1,2,AM,4.0,11.0,media_vs_baixa,baixa,media,15,False,4,
2021,jovem,1,2,AP,0.0,6.0,media_vs_baixa,baixa,media,6,False,0,
2021,jovem,1,2,BA,14.0,39.0,media_vs_baixa,baixa,media,53,False,14,
2021,jovem,1,2,CE,8.0,32.0,media_vs_baixa,baixa,media,40,False,8,
2021,jovem,1,2,DF,2.0,16.0,media_vs_baixa,baixa,media,18,False,2,
2021,jovem,1,2,ES,6.0,11.0,media_vs_baixa,baixa,media,17,False,6,
2021,jovem,1,2,GO,8.0,41.0,media_vs_baixa,baixa,media,49,False,8,
2021,jovem,1,2,MA,3.0,18.0,media_vs_baixa,baixa,media,21,False,3,
2021,jovem,1,2,MG,24.0,98.0,media_vs_baixa,baixa,media,122,True,24,
2021,jovem,1,2,MS,2.0,20.0,media_vs_baixa,baixa,media,22,False,2,
2021,jovem,1,2,MT,6.0,21.0,media_vs_baixa,baixa,media,27,False,6,
2021,jovem,1,2,PA,8.0,35.0,media_vs_baixa,baixa,media,43,False,8,
2021,jovem,1,2,PB,0.0,15.0,media_vs_baixa,baixa,media,15,False,0,
2021,jovem,1,2,PE,17.0,52.0,media_vs_baixa,baixa,media,69,False,17,
2021,jovem,1,2,PI,5.0,13.0,media_vs_baixa,baixa,media,18,False,5,
2021,jovem,1,2,PR,38.0,130.0,media_vs_baixa,baixa,media,168,True,38,
2021,jovem,1,2,RJ,11.0,146.0,media_vs_baixa,baixa,media,157,False,11,
2021,jovem,1,2,RN,0.0,15.0,media_vs_baixa,baixa,media,15,False,0,
2021,jovem,1,2,RO,0.0,5.0,media_vs_baixa,baixa,media,5,False,0,
2021,jovem,1,2,RS,25.0,82.0,media_vs_baixa,baixa,media,107,True,25,
2021,jovem,1,2,SC,13.0,81.0,media_vs_baixa,baixa,media,94,False,13,
2021,jovem,1,2,SE,6.0,8.0,media_vs_baixa,baixa,media,14,False,6,
2021,jovem,1,2,SP,72.0,277.0,media_vs_baixa,baixa,media,349,True,72,
2021,jovem,1,2,TO,2.0,8.0,media_vs_baixa,baixa,media,10,False,2,
2021,jovem,2,1,AC,0.0,2.0,media_vs_baixa,baixa,media,2,False,0,
2021,jovem,2,1,AL,0.0,3.0,media_vs_baixa,baixa,media,3,False,0,
2021,jovem,2,1,AM,0.0,3.0,media_vs_baixa,baixa,media,3,False,0,
2021,jovem,2,1,AP,0.0,2.0,media_vs_baixa,baixa,media,2,False,0,
2021,jovem,2,1,BA,14.0,304.0,media_vs_baixa,baixa,media,318,False,14,
2021,jovem,2,1,CE,2.0,10.0,media_vs_baixa,baixa,media,12,False,2,
2021,jovem,2,1,DF,0.0,13.0,media_vs_baixa,baixa,media,13,False,0,
2021,jovem,2,1,ES,0.0,13.0,media_vs_baixa,baixa,media,13,False,0,
2021,jovem,2,1,GO,1.0,44.0,media_vs_baixa,baixa,media,45,False,1,
2021,jovem,2,1,MA,4.0,54.0,media_vs_baixa,baixa,media,58,False,4,
2021,jovem,2,1,MG,8.0,90.0,media_vs_baixa,baixa,media,98,False,8,
2021,jovem,2,1,MS,2.0,5.0,media_vs_baixa,baixa,media,7,False,2,
2021,jovem,2,1,MT,0.0,13.0,media_vs_baixa,baixa,media,13,False,0,
2021,jovem,2,1,PA,1.0,51.0,media_vs_baixa,baixa,media,52,False,1,
2021,jovem,2,1,PB,0.0,3.0,media_vs_baixa,baixa,media,3,False,0,
2021,jovem,2,1,PE,4.0,50.0,media_vs_baixa,baixa,media,54,False,4,
2021,jovem,2,1,PI,3.0,17.0,media_vs_baixa,baixa,media,20,False,3,
2021,jovem,2,1,PR,4.0,18.0,media_vs_baixa,baixa,media,22,False,4,
2021,jovem,2,1,RJ,6.0,207.0,media_vs_baixa,baixa,media,213,False,6,
2021,jovem,2,1,RN,0.0,5.0,media_vs_baixa,baixa,media,5,False,0,
2021,jovem,2,1,RO,0.0,3.0,media_vs_baixa,baixa,media,3,False,0,
2021,jovem,2,1,RR,0.0,1.0,media_vs_baixa,baixa,media,1,False,0,
2021,jovem,2,1,RS,1.0,39.0,media_vs_baixa,baixa,media,40,False,1,
2021,jovem,2,1,SC,0.0,13.0,media_vs_baixa,baixa,media,13,False,0,
2021,jovem,2,1,SE,5.0,25.0,media_vs_baixa,baixa,media,30,False,5,
2021,jovem,2,1,SP,7.0,86.0,media_vs_baixa,baixa,media,93,False,7,
2021,jovem,2,1,TO,1.0,19.0,media_vs_baixa,baixa,media,20,False,1,
2021,jovem,2,2,AM,0.0,1.0,media_vs_baixa,baixa,media,1,False,0,
2021,jovem,2,2,AP,1.0,1.0,media_vs_baixa,baixa,media,2,False,1,
2021,jovem,2,2,BA,4.0,39.0,media_vs_baixa,baixa,media,43,False,4,
2021,jovem,2,2,CE,0.0,4.0,media_vs_baixa,baixa,media,4,False,0,
2021,jovem,2,2,DF,0.0,5.0,media_vs_baixa,baixa,media,5,False,0,
2021,jovem,2,2,ES,0.0,2.0,media_vs_baixa,baixa,media,2,False,0,
2021,jovem,2,2,GO,2.0,8.0,media_vs_baixa,baixa,media,10,False,2,
2021,jovem,2,2,MA,1.0,17.0,media_vs_baixa,baixa,media,18,False,1,
2021,jovem,2,2,MG,3.0,25.0,media_vs_baixa,baixa,media,28,False,3,
2021,jovem,2,2,MS,0.0,1.0,media_vs_baixa,baixa,media,1,False,0,
2021,jovem,2,2,MT,1.0,4.0,media_vs_baixa,baixa,media,5,False,1,
2021,jovem,2,2,PA,0.0,9.0,media_vs_baixa,baixa,media,9,False,0,
2021,jovem,2,2,PE,0.0,11.0,media_vs_baixa,baixa,media,11,False,0,
2021,jovem,2,2,PI,1.0,2.0,media_vs_baixa,baixa,media,3,False,1,
2021,jovem,2,2,PR,0.0,3.0,media_vs_baixa,baixa,media,3,False,0,
2021,jovem,2,2,RJ,6.0,67.0,media_vs_baixa,baixa,media,73,False,6,
2021,jovem,2,2,RN,0.0,3.0,media_vs_baixa,baixa,media,3,False,0,
2021,jovem,2,2,RO,0.0,2.0,media_vs_baixa,baixa,media,2,False,0,
2021,jovem,2,2,RS,1.0,13.0,media_vs_baixa,baixa,media,14,False,1,
2021,jovem,2,2,SE,0.0,2.0,media_vs_baixa,baixa,media,2,False,0,
2021,jovem,2,2,SP,5.0,35.0,media_vs_baixa,baixa,media,40,False,5,
2021,jovem,2,2,TO,0.0,2.0,media_vs_baixa,baixa,media,2,False,0,
2021,jovem,3,1,AL,0.0,1.0,media_vs_baixa,baixa,media,1,False,0,
2021,jovem,3,1,AM,1.0,2.0,media_vs_baixa,baixa,media,3,False,1,
2021,jovem,3,1,AP,0.0,2.0,media_vs_baixa,baixa,media,2,False,0,
2021,jovem,3,1,BA,0.0,1.0,media_vs_baixa,baixa,media,1,False,0,
2021,jovem,3,1,CE,0.0,1.0,media_vs_baixa,baixa,media,1,False,0,
2021,jovem,3,1,GO,0.0,2.0,media_vs_baixa,baixa,media,2,False,0,
2021,jovem,3,1,MA,0.0,3.0,media_vs_baixa,baixa,media,3,False,0,
2021,jovem,3,1,PA,0.0,1.0,media_vs_baixa,baixa,media,1,False,0,
2021,jovem,3,1,PB,0.0,1.0,media_vs_baixa,baixa,media,1,False,0,
2021,jovem,3,1,PE,0.0,1.0,media_vs_baixa,baixa,media,1,False,0,
2021,jovem,3,1,PR,0.0,1.0,media_vs_baixa,baixa,media,1,False,0,
2021,jovem,3,1,RJ,0.0,3.0,media_vs_baixa,baixa,media,3,False,0,
2021,jovem,3,1,RS,0.0,1.0,media_vs_baixa,baixa,media,1,False,0,
2021,jovem,3,1,SP,1.0,5.0,media_vs_baixa,baixa,media,6,False,1,
2021,jovem,3,2,MA,0.0,1.0,media_vs_baixa,baixa,media,1,False,0,
2021,jovem,3,2,PE,0.0,1.0,media_vs_baixa,baixa,media,1,False,0,
2021,jovem,3,2,PR,0.0,1.0,media_vs_baixa,baixa,media,1,False,0,
2021,jovem,3,2,RJ,0.0,1.0,media_vs_baixa,baixa,media,1,False,0,
2021,jovem,3,2,RS,0.0,1.0,media_vs_baixa,baixa,media,1,False,0,
2021,jovem,3,2,SP,0.0,3.0,media_vs_baixa,baixa,media,3,False,0,
2021,jovem,4,0,ES,0.0,1.0,media_vs_baixa,baixa,media,1,False,0,
2021,jovem,4,0,SE,0.0,1.0,media_vs_baixa,baixa,media,1,False,0,
2021,jovem,4,1,AC,5.0,13.0,media_vs_baixa,baixa,media,18,False,5,
2021,jovem,4,1,AL,14.0,243.0,media_vs_baixa,baixa,media,257,False,14,
2021,jovem,4,1,AM,27.0,266.0,media_vs_baixa,baixa,media,293,True,27,
2021,jovem,4,1,AP,1.0,153.0,media_vs_baixa,baixa,media,154,False,1,
2021,jovem,4,1,BA,46.0,1393.0,media_vs_baixa,baixa,media,1439,True,46,
2021,jovem,4,1,CE,49.0,655.0,media_vs_baixa,baixa,media,704,True,49,
2021,jovem,4,1,DF,1.0,68.0,media_vs_baixa,baixa,media,69,False,1,
2021,jovem,4,1,ES,2.0,95.0,media_vs_baixa,baixa,media,97,False,2,
2021,jovem,4,1,GO,7.0,292.0,media_vs_baixa,baixa,media,299,False,7,
2021,jovem,4,1,MA,33.0,399.0,media_vs_baixa,baixa,media,432,True,33,
2021,jovem,4,1,MG,25.0,385.0,media_vs_baixa,baixa,media,410,True,25,
2021,jovem,4,1,MS,12.0,83.0,media_vs_baixa,baixa,media,95,False,12,
2021,jovem,4,1,MT,2.0,151.0,media_vs_baixa,baixa,media,153,False,2,
2021,jovem,4,1,PA,33.0,667.0,media_vs_baixa,baixa,media,700,True,33,
2021,jovem,4,1,PB,4.0,84.0,media_vs_baixa,baixa,media,88,False,4,
2021,jovem,4,1,PE,47.0,842.0,media_vs_baixa,baixa,media,889,True,47,
2021,jovem,4,1,PI,12.0,172.0,media_vs_baixa,baixa,media,184,False,12,
2021,jovem,4,1,PR,14.0,204.0,media_vs_baixa,baixa,media,218,False,14,
2021,jovem,4,1,RJ,21.0,685.0,media_vs_baixa,baixa,media,706,True,21,
2021,jovem,4,1,RN,8.0,136.0,media_vs_baixa,baixa,media,144,False,8,
2021,jovem,4,1,RO,3.0,44.0,media_vs_baixa,baixa,media,47,False,3,
2021,jovem,4,1,RR,2.0,31.0,media_vs_baixa,baixa,media,33,False,2,
2021,jovem,4,1,RS,1.0,44.0,media_vs_baixa,baixa,media,45,False,1,
2021,jovem,4,1,SC,1.0,49.0,media_vs_baixa,baixa,media,50,False,1,
2021,jovem,4,1,SE,16.0,258.0,media_vs_baixa,baixa,media,274,False,16,
2021,jovem,4,1,SP,36.0,501.0,media_vs_baixa,baixa,media,537,True,36,
2021,jovem,4,1,TO,4.0,82.0,media_vs_baixa,baixa,media,86,False,4,
2021,jovem,4,2,AC,2.0,9.0,media_vs_baixa,baixa,media,11,False,2,
2021,jovem,4,2,AL,2.0,41.0,media_vs_baixa,baixa,media,43,False,2,
2021,jovem,4,2,AM,11.0,67.0,media_vs_baixa,baixa,media,78,False,11,
2021,jovem,4,2,AP,2.0,17.0,media_vs_baixa,baixa,media,19,False,2,
2021,jovem,4,2,BA,24.0,178.0,media_vs_baixa,baixa,media,202,True,24,
2021,jovem,4,2,CE,15.0,165.0,media_vs_baixa,baixa,media,180,False,15,
2021,jovem,4,2,DF,1.0,18.0,media_vs_baixa,baixa,media,19,False,1,
2021,jovem,4,2,ES,3.0,19.0,media_vs_baixa,baixa,media,22,False,3,
2021,jovem,4,2,GO,3.0,65.0,media_vs_baixa,baixa,media,68,False,3,
2021,jovem,4,2,MA,17.0,91.0,media_vs_baixa,baixa,media,108,False,17,
2021,jovem,4,2,MG,14.0,125.0,media_vs_baixa,baixa,media,139,False,14,
2021,jovem,4,2,MS,7.0,25.0,media_vs_baixa,baixa,media,32,False,7,
2021,jovem,4,2,MT,2.0,30.0,media_vs_baixa,baixa,media,32,False,2,
2021,jovem,4,2,PA,17.0,167.0,media_vs_baixa,baixa,media,184,False,17,
2021,jovem,4,2,PB,3.0,23.0,media_vs_baixa,baixa,media,26,False,3,
2021,jovem,4,2,PE,13.0,142.0,media_vs_baixa,baixa,media,155,False,13,
2021,jovem,4,2,PI,2.0,61.0,media_vs_baixa,baixa,media,63,False,2,
2021,jovem,4,2,PR,6.0,49.0,media_vs_baixa,baixa,media,55,False,6,
2021,jovem,4,2,RJ,9.0,154.0,media_vs_baixa,baixa,media,163,False,9,
2021,jovem,4,2,RN,2.0,25.0,media_vs_baixa,baixa,media,27,False,2,
2021,jovem,4,2,RO,2.0,17.0,media_vs_baixa,baixa,media,19,False,2,
2021,jovem,4,2,RR,0.0,12.0,media_vs_baixa,baixa,media,12,False,0,
2021,jovem,4,2,RS,3.0,13.0,media_vs_baixa,baixa,media,16,False,3,
2021,jovem,4,2,SC,1.0,13.0,media_vs_baixa,baixa,media,14,False,1,
2021,jovem,4,2,SE,5.0,30.0,media_vs_baixa,baixa,media,35,False,5,
2021,jovem,4,2,SP,23.0,149.0,media_vs_baixa,baixa,media,172,True,23,
2021,jovem,4,2,TO,2.0,29.0,media_vs_baixa,baixa,media,31,False,2,
2021,jovem,5,1,AC,0.0,1.0,media_vs_baixa,baixa,media,1,False,0,
2021,jovem,5,1,AL,0.0,1.0,media_vs_baixa,baixa,media,1,False,0,
2021,jovem,5,1,AM,10.0,31.0,media_vs_baixa,baixa,media,41,False,10,
2021,jovem,5,1,AP,1.0,0.0,media_vs_baixa,baixa,media,1,False,0,
2021,jovem,5,1,BA,0.0,2.0,media_vs_baixa,baixa,media,2,False,0,
2021,jovem,5,1,CE,0.0,1.0,media_vs_baixa,baixa,media,1,False,0,
2021,jovem,5,1,DF,0.0,2.0,media_vs_baixa,baixa,media,2,False,0,
2021,jovem,5,1,ES,1.0,2.0,media_vs_baixa,baixa,media,3,False,1,
2021,jovem,5,1,GO,0.0,2.0,media_vs_baixa,baixa,media,2,False,0,
2021,jovem,5,1,MA,4.0,6.0,media_vs_baixa,baixa,media,10,False,4,
2021,jovem,5,1,MG,1.0,2.0,media_vs_baixa,baixa,media,3,False,1,
2021,jovem,5,1,MS,1.0,16.0,media_vs_baixa,baixa,media,17,False,1,
2021,jovem,5,1,MT,0.0,7.0,media_vs_baixa,baixa,media,7,False,0,
2021,jovem,5,1,PA,0.0,6.0,media_vs_baixa,baixa,media,6,False,0,
2021,jovem,5,1,PB,0.0,1.0,media_vs_baixa,baixa,media,1,False,0,
2021,jovem,5,1,PE,0.0,1.0,media_vs_baixa,baixa,media,1,False,0,
2021,jovem,5,1,PR,1.0,5.0,media_vs_baixa,baixa,media,6,False,1,
2021,jovem,5,1,RN,0.0,1.0,media_vs_baixa,baixa,media,1,False,0,
2021,jovem,5,1,RO,0.0,1.0,media_vs_baixa,baixa,media,1,False,0,
2021,jovem,5,1,RR,18.0,5.0,media_vs_baixa,baixa,media,23,False,5,
2021,jovem,5,1,RS,0.0,2.0,media_vs_baixa,baixa,media,2,False,0,
2021,jovem,5,1,TO,1.0,1.0,media_vs_baixa,baixa,media,2,False,1,
2021,jovem,5,2,AC,2.0,0.0,media_vs_baixa,baixa,media,2,False,0,
2021,jovem,5,2,AM,6.0,13.0,media_vs_baixa,baixa,media,19,False,6,
2021,jovem,5,2,BA,1.0,2.0,media_vs_baixa,baixa,media,3,False,1,
2021,jovem,5,2,CE,1.0,1.0,media_vs_baixa,baixa,media,2,False,1,
2021,jovem,5,2,MA,0.0,3.0,media_vs_baixa,baixa,media,3,False,0,
2021,jovem,5,2,MG,0.0,1.0,media_vs_baixa,baixa,media,1,False,0,
2021,jovem,5,2,MS,0.0,10.0,media_vs_baixa,baixa,media,10,False,0,
2021,jovem,5,2,MT,0.0,5.0,media_vs_baixa,baixa,media,5,False,0,
2021,jovem,5,2,PA,0.0,5.0,media_vs_baixa,baixa,media,5,False,0,
2021,jovem,5,2,PB,1.0,0.0,media_vs_baixa,baixa,media,1,False,0,
2021,jovem,5,2,PR,0.0,1.0,media_vs_baixa,baixa,media,1,False,0,
2021,jovem,5,2,RJ,0.0,1.0,media_vs_baixa,baixa,media,1,False,0,
2021,jovem,5,2,RR,10.0,4.0,media_vs_baixa,baixa,media,14,False,4,
2021,jovem,5,2,RS,1.0,2.0,media_vs_baixa,baixa,media,3,False,1,
2021,meia-idade,1,1,AC,2.0,12.0,media_vs_baixa,baixa,media,14,False,2,
2021,meia-idade,1,1,AL,28.0,110.0,media_vs_baixa,baixa,media,138,True,28,
2021,meia-idade,1,1,AM,14.0,201.0,media_vs_baixa,baixa,media,215,False,14,
2021,meia-idade,1,1,AP,7.0,37.0,media_vs_baixa,baixa,media,44,False,7,
2021,meia-idade,1,1,BA,103.0,546.0,media_vs_baixa,baixa,media,649,True,103,
2021,meia-idade,1,1,CE,126.0,582.0,media_vs_baixa,baixa,media,708,True,126,
2021,meia-idade,1,1,DF,22.0,384.0,media_vs_baixa,baixa,media,406,True,22,
2021,meia-idade,1,1,ES,22.0,329.0,media_vs_baixa,baixa,media,351,True,22,
2021,meia-idade,1,1,GO,108.0,1177.0,media_vs_baixa,baixa,media,1285,True,108,
2021,meia-idade,1,1,MA,55.0,268.0,media_vs_baixa,baixa,media,323,True,55,
2021,meia-idade,1,1,MG,253.0,3396.0,media_vs_baixa,baixa,media,3649,True,253,
2021,meia-idade,1,1,MS,52.0,504.0,media_vs_baixa,baixa,media,556,True,52,
2021,meia-idade,1,1,MT,44.0,537.0,media_vs_baixa,baixa,media,581,True,44,
2021,meia-idade,1,1,PA,32.0,361.0,media_vs_baixa,baixa,media,393,True,32,
2021,meia-idade,1,1,PB,34.0,196.0,media_vs_baixa,baixa,media,230,True,34,
2021,meia-idade,1,1,PE,167.0,965.0,media_vs_baixa,baixa,media,1132,True,167,
2021,meia-idade,1,1,PI,28.0,160.0,media_vs_baixa,baixa,media,188,True,28,
2021,meia-idade,1,1,PR,288.0,4345.0,media_vs_baixa,baixa,media,4633,True,288,
2021,meia-idade,1,1,RJ,143.0,2612.0,media_vs_baixa,baixa,media,2755,True,143,
2021,meia-idade,1,1,RN,54.0,264.0,media_vs_baixa,baixa,media,318,True,54,
2021,meia-idade,1,1,RO,12.0,208.0,media_vs_baixa,baixa,media,220,False,12,
2021,meia-idade,1,1,RR,4.0,39.0,media_vs_baixa,baixa,media,43,False,4,
2021,meia-idade,1,1,RS,190.0,3034.0,media_vs_baixa,baixa,media,3224,True,190,
2021,meia-idade,1,1,SC,145.0,2720.0,media_vs_baixa,baixa,media,2865,True,145,
2021,meia-idade,1,1,SE,34.0,121.0,media_vs_baixa,baixa,media,155,True,34,
2021,meia-idade,1,1,SP,536.0,11037.0,media_vs_baixa,baixa,media,11573,True,536,
2021,meia-idade,1,1,TO,18.0,124.0,media_vs_baixa,baixa,media,142,False,18,
2021,meia-idade,1,2,AC,2.0,18.0,media_vs_baixa,baixa,media,20,False,2,
2021,meia-idade,1,2,AL,42.0,77.0,media_vs_baixa,baixa,media,119,True,42,
2021,meia-idade,1,2,AM,13.0,182.0,media_vs_baixa,baixa,media,195,False,13,
2021,meia-idade,1,2,AP,4.0,16.0,media_vs_baixa,baixa,media,20,False,4,
2021,meia-idade,1,2,BA,79.0,436.0,media_vs_baixa,baixa,media,515,True,79,
2021,meia-idade,1,2,CE,108.0,486.0,media_vs_baixa,baixa,media,594,True,108,
2021,meia-idade,1,2,DF,17.0,278.0,media_vs_baixa,baixa,media,295,False,17,
2021,meia-idade,1,2,ES,22.0,200.0,media_vs_baixa,baixa,media,222,True,22,
2021,meia-idade,1,2,GO,78.0,824.0,media_vs_baixa,baixa,media,902,True,78,
2021,meia-idade,1,2,MA,46.0,212.0,media_vs_baixa,baixa,media,258,True,46,
2021,meia-idade,1,2,MG,230.0,2383.0,media_vs_baixa,baixa,media,2613,True,230,
2021,meia-idade,1,2,MS,30.0,371.0,media_vs_baixa,baixa,media,401,True,30,
2021,meia-idade,1,2,MT,29.0,348.0,media_vs_baixa,baixa,media,377,True,29,
2021,meia-idade,1,2,PA,38.0,269.0,media_vs_baixa,baixa,media,307,True,38,
2021,meia-idade,1,2,PB,27.0,201.0,media_vs_baixa,baixa,media,228,True,27,
2021,meia-idade,1,2,PE,154.0,788.0,media_vs_baixa,baixa,media,942,True,154,
2021,meia-idade,1,2,PI,23.0,133.0,media_vs_baixa,baixa,media,156,True,23,
2021,meia-idade,1,2,PR,299.0,2820.0,media_vs_baixa,baixa,media,3119,True,299,
2021,meia-idade,1,2,RJ,119.0,2272.0,media_vs_baixa,baixa,media,2391,True,119,
2021,meia-idade,1,2,RN,52.0,215.0,media_vs_baixa,baixa,media,267,True,52,
2021,meia-idade,1,2,RO,8.0,130.0,media_vs_baixa,baixa,media,138,False,8,
2021,meia-idade,1,2,RR,1.0,18.0,media_vs_baixa,baixa,media,19,False,1,
2021,meia-idade,1,2,RS,147.0,2075.0,media_vs_baixa,baixa,media,2222,True,147,
2021,meia-idade,1,2,SC,91.0,1669.0,media_vs_baixa,baixa,media,1760,True,91,
2021,meia-idade,1,2,SE,26.0,142.0,media_vs_baixa,baixa,media,168,True,26,
2021,meia-idade,1,2,SP,482.0,7681.0,media_vs_baixa,baixa,media,8163,True,482,
2021,meia-idade,1,2,TO,7.0,83.0,media_vs_baixa,baixa,media,90,False,7,
2021,meia-idade,2,0,SP,0.0,1.0,media_vs_baixa,baixa,media,1,False,0,
2021,meia-idade,2,1,AC,2.0,3.0,media_vs_baixa,baixa,media,5,False,2,
2021,meia-idade,2,1,AL,25.0,29.0,media_vs_baixa,baixa,media,54,True,25,
2021,meia-idade,2,1,AM,7.0,35.0,media_vs_baixa,baixa,media,42,False,7,
2021,meia-idade,2,1,AP,8.0,13.0,media_vs_baixa,baixa,media,21,False,8,
2021,meia-idade,2,1,BA,216.0,802.0,media_vs_baixa,baixa,media,1018,True,216,
2021,meia-idade,2,1,CE,49.0,133.0,media_vs_baixa,baixa,media,182,True,49,
2021,meia-idade,2,1,DF,10.0,116.0,media_vs_baixa,baixa,media,126,False,10,
2021,meia-idade,2,1,ES,22.0,123.0,media_vs_baixa,baixa,media,145,True,22,
2021,meia-idade,2,1,GO,70.0,296.0,media_vs_baixa,baixa,media,366,True,70,
2021,meia-idade,2,1,MA,102.0,224.0,media_vs_baixa,baixa,media,326,True,102,
2021,meia-idade,2,1,MG,153.0,1192.0,media_vs_baixa,baixa,media,1345,True,153,
2021,meia-idade,2,1,MS,13.0,65.0,media_vs_baixa,baixa,media,78,False,13,
2021,meia-idade,2,1,MT,29.0,143.0,media_vs_baixa,baixa,media,172,True,29,
2021,meia-idade,2,1,PA,42.0,158.0,media_vs_baixa,baixa,media,200,True,42,
2021,meia-idade,2,1,PB,21.0,26.0,media_vs_baixa,baixa,media,47,True,21,
2021,meia-idade,2,1,PE,98.0,310.0,media_vs_baixa,baixa,media,408,True,98,
2021,meia-idade,2,1,PI,60.0,90.0,media_vs_baixa,baixa,media,150,True,60,
2021,meia-idade,2,1,PR,37.0,299.0,media_vs_baixa,baixa,media,336,True,37,
2021,meia-idade,2,1,RJ,101.0,1256.0,media_vs_baixa,baixa,media,1357,True,101,
2021,meia-idade,2,1,RN,24.0,57.0,media_vs_baixa,baixa,media,81,True,24,
2021,meia-idade,2,1,RO,7.0,40.0,media_vs_baixa,baixa,media,47,False,7,
2021,meia-idade,2,1,RR,1.0,16.0,media_vs_baixa,baixa,media,17,False,1,
2021,meia-idade,2,1,RS,39.0,313.0,media_vs_baixa,baixa,media,352,True,39,
2021,meia-idade,2,1,SC,9.0,113.0,media_vs_baixa,baixa,media,122,False,9,
2021,meia-idade,2,1,SE,41.0,90.0,media_vs_baixa,baixa,media,131,True,41,
2021,meia-idade,2,1,SP,132.0,1682.0,media_vs_baixa,baixa,media,1814,True,132,
2021,meia-idade,2,1,TO,20.0,73.0,media_vs_baixa,baixa,media,93,True,20,
2021,meia-idade,2,2,AC,1.0,4.0,media_vs_baixa,baixa,media,5,False,1,
2021,meia-idade,2,2,AL,18.0,19.0,media_vs_baixa,baixa,media,37,False,18,
2021,meia-idade,2,2,AM,3.0,17.0,media_vs_baixa,baixa,media,20,False,3,
2021,meia-idade,2,2,AP,2.0,9.0,media_vs_baixa,baixa,media,11,False,2,
2021,meia-idade,2,2,BA,128.0,481.0,media_vs_baixa,baixa,media,609,True,128,
2021,meia-idade,2,2,CE,28.0,86.0,media_vs_baixa,baixa,media,114,True,28,
2021,meia-idade,2,2,DF,6.0,72.0,media_vs_baixa,baixa,media,78,False,6,
2021,meia-idade,2,2,ES,15.0,65.0,media_vs_baixa,baixa,media,80,False,15,
2021,meia-idade,2,2,GO,34.0,181.0,media_vs_baixa,baixa,media,215,True,34,
2021,meia-idade,2,2,MA,58.0,136.0,media_vs_baixa,baixa,media,194,True,58,
2021,meia-idade,2,2,MG,104.0,745.0,media_vs_baixa,baixa,media,849,True,104,
2021,meia-idade,2,2,MS,8.0,62.0,media_vs_baixa,baixa,media,70,False,8,
2021,meia-idade,2,2,MT,20.0,79.0,media_vs_baixa,baixa,media,99,True,20,
2021,meia-idade,2,2,PA,34.0,94.0,media_vs_baixa,baixa,media,128,True,34,
2021,meia-idade,2,2,PB,5.0,33.0,media_vs_baixa,baixa,media,38,False,5,
2021,meia-idade,2,2,PE,42.0,187.0,media_vs_baixa,baixa,media,229,True,42,
2021,meia-idade,2,2,PI,18.0,55.0,media_vs_baixa,baixa,media,73,False,18,
2021,meia-idade,2,2,PR,27.0,166.0,media_vs_baixa,baixa,media,193,True,27,
2021,meia-idade,2,2,RJ,126.0,1115.0,media_vs_baixa,baixa,media,1241,True,126,
2021,meia-idade,2,2,RN,15.0,33.0,media_vs_baixa,baixa,media,48,False,15,
2021,meia-idade,2,2,RO,5.0,25.0,media_vs_baixa,baixa,media,30,False,5,
2021,meia-idade,2,2,RR,1.0,5.0,media_vs_baixa,baixa,media,6,False,1,
2021,meia-idade,2,2,RS,22.0,246.0,media_vs_baixa,baixa,media,268,True,22,
2021,meia-idade,2,2,SC,8.0,77.0,media_vs_baixa,baixa,media,85,False,8,
2021,meia-idade,2,2,SE,18.0,52.0,media_vs_baixa,baixa,media,70,False,18,
2021,meia-idade,2,2,SP,108.0,1044.0,media_vs_baixa,baixa,media,1152,True,108,
2021,meia-idade,2,2,TO,12.0,43.0,media_vs_baixa,baixa,media,55,False,12,
2021,meia-idade,3,1,AL,1.0,2.0,media_vs_baixa,baixa,media,3,False,1,
2021,meia-idade,3,1,AM,0.0,4.0,media_vs_baixa,baixa,media,4,False,0,
2021,meia-idade,3,1,BA,0.0,10.0,media_vs_baixa,baixa,media,10,False,0,
2021,meia-idade,3,1,CE,5.0,11.0,media_vs_baixa,baixa,media,16,False,5,
2021,meia-idade,3,1,DF,0.0,8.0,media_vs_baixa,baixa,media,8,False,0,
2021,meia-idade,3,1,GO,1.0,17.0,media_vs_baixa,baixa,media,18,False,1,
2021,meia-idade,3,1,MA,2.0,7.0,media_vs_baixa,baixa,media,9,False,2,
2021,meia-idade,3,1,MG,1.0,24.0,media_vs_baixa,baixa,media,25,False,1,
2021,meia-idade,3,1,MS,0.0,14.0,media_vs_baixa,baixa,media,14,False,0,
2021,meia-idade,3,1,MT,1.0,12.0,media_vs_baixa,baixa,media,13,False,1,
2021,meia-idade,3,1,PA,0.0,3.0,media_vs_baixa,baixa,media,3,False,0,
2021,meia-idade,3,1,PB,0.0,4.0,media_vs_baixa,baixa,media,4,False,0,
2021,meia-idade,3,1,PE,1.0,7.0,media_vs_baixa,baixa,media,8,False,1,
2021,meia-idade,3,1,PI,0.0,5.0,media_vs_baixa,baixa,media,5,False,0,
2021,meia-idade,3,1,PR,4.0,25.0,media_vs_baixa,baixa,media,29,False,4,
2021,meia-idade,3,1,RJ,0.0,8.0,media_vs_baixa,baixa,media,8,False,0,
2021,meia-idade,3,1,RN,1.0,3.0,media_vs_baixa,baixa,media,4,False,1,
2021,meia-idade,3,1,RO,0.0,3.0,media_vs_baixa,baixa,media,3,False,0,
2021,meia-idade,3,1,RR,0.0,1.0,media_vs_baixa,baixa,media,1,False,0,
2021,meia-idade,3,1,RS,0.0,4.0,media_vs_baixa,baixa,media,4,False,0,
2021,meia-idade,3,1,SC,0.0,4.0,media_vs_baixa,baixa,media,4,False,0,
2021,meia-idade,3,1,SE,0.0,1.0,media_vs_baixa,baixa,media,1,False,0,
2021,meia-idade,3,1,SP,3.0,117.0,media_vs_baixa,baixa,media,120,False,3,
2021,meia-idade,3,1,TO,2.0,4.0,media_vs_baixa,baixa,media,6,False,2,
2021,meia-idade,3,2,AM,1.0,5.0,media_vs_baixa,baixa,media,6,False,1,
2021,meia-idade,3,2,AP,0.0,1.0,media_vs_baixa,baixa,media,1,False,0,
2021,meia-idade,3,2,BA,4.0,3.0,media_vs_baixa,baixa,media,7,False,3,
2021,meia-idade,3,2,CE,3.0,8.0,media_vs_baixa,baixa,media,11,False,3,
2021,meia-idade,3,2,DF,1.0,3.0,media_vs_baixa,baixa,media,4,False,1,
2021,meia-idade,3,2,ES,0.0,1.0,media_vs_baixa,baixa,media,1,False,0,
2021,meia-idade,3,2,GO,1.0,20.0,media_vs_baixa,baixa,media,21,False,1,
2021,meia-idade,3,2,MA,2.0,8.0,media_vs_baixa,baixa,media,10,False,2,
2021,meia-idade,3,2,MG,0.0,13.0,media_vs_baixa,baixa,media,13,False,0,
2021,meia-idade,3,2,MS,1.0,6.0,media_vs_baixa,baixa,media,7,False,1,
2021,meia-idade,3,2,MT,0.0,11.0,media_vs_baixa,baixa,media,11,False,0,
2021,meia-idade,3,2,PA,0.0,1.0,media_vs_baixa,baixa,media,1,False,0,
2021,meia-idade,3,2,PB,1.0,4.0,media_vs_baixa,baixa,media,5,False,1,
2021,meia-idade,3,2,PE,2.0,8.0,media_vs_baixa,baixa,media,10,False,2,
2021,meia-idade,3,2,PR,0.0,14.0,media_vs_baixa,baixa,media,14,False,0,
2021,meia-idade,3,2,RJ,0.0,12.0,media_vs_baixa,baixa,media,12,False,0,
2021,meia-idade,3,2,RN,0.0,3.0,media_vs_baixa,baixa,media,3,False,0,
2021,meia-idade,3,2,RO,0.0,3.0,media_vs_baixa,baixa,media,3,False,0,
2021,meia-idade,3,2,RS,1.0,2.0,media_vs_baixa,baixa,media,3,False,1,
2021,meia-idade,3,2,SC,0.0,4.0,media_vs_baixa,baixa,media,4,False,0,
2021,meia-idade,3,2,SP,3.0,75.0,media_vs_baixa,baixa,media,78,False,3,
2021,meia-idade,3,2,TO,0.0,2.0,media_vs_baixa,baixa,media,2,False,0,
2021,meia-idade,4,0,SP,0.0,1.0,media_vs_baixa,baixa,media,1,False,0,
2021,meia-idade,4,1,AC,33.0,66.0,media_vs_baixa,baixa,media,99,True,33,
2021,meia-idade,4,1,AL,214.0,434.0,media_vs_baixa,baixa,media,648,True,214,
2021,meia-idade,4,1,AM,178.0,972.0,media_vs_baixa,baixa,media,1150,True,178,
2021,meia-idade,4,1,AP,28.0,135.0,media_vs_baixa,baixa,media,163,True,28,
2021,meia-idade,4,1,BA,698.0,2542.0,media_vs_baixa,baixa,media,3240,True,698,
2021,meia-idade,4,1,CE,817.0,2559.0,media_vs_baixa,baixa,media,3376,True,817,
2021,meia-idade,4,1,DF,42.0,566.0,media_vs_baixa,baixa,media,608,True,42,
2021,meia-idade,4,1,ES,84.0,466.0,media_vs_baixa,baixa,media,550,True,84,
2021,meia-idade,4,1,GO,245.0,1879.0,media_vs_baixa,baixa,media,2124,True,245,
2021,meia-idade,4,1,MA,485.0,1257.0,media_vs_baixa,baixa,media,1742,True,485,
2021,meia-idade,4,1,MG,509.0,3794.0,media_vs_baixa,baixa,media,4303,True,509,
2021,meia-idade,4,1,MS,107.0,676.0,media_vs_baixa,baixa,media,783,True,107,
2021,meia-idade,4,1,MT,128.0,901.0,media_vs_baixa,baixa,media,1029,True,128,
2021,meia-idade,4,1,PA,371.0,1548.0,media_vs_baixa,baixa,media,1919,True,371,
2021,meia-idade,4,1,PB,168.0,489.0,media_vs_baixa,baixa,media,657,True,168,
2021,meia-idade,4,1,PE,725.0,2615.0,media_vs_baixa,baixa,media,3340,True,725,
2021,meia-idade,4,1,PI,247.0,691.0,media_vs_baixa,baixa,media,938,True,247,
2021,meia-idade,4,1,PR,168.0,1414.0,media_vs_baixa,baixa,media,1582,True,168,
2021,meia-idade,4,1,RJ,178.0,2482.0,media_vs_baixa,baixa,media,2660,True,178,
2021,meia-idade,4,1,RN,170.0,484.0,media_vs_baixa,baixa,media,654,True,170,
2021,meia-idade,4,1,RO,50.0,392.0,media_vs_baixa,baixa,media,442,True,50,
2021,meia-idade,4,1,RR,19.0,175.0,media_vs_baixa,baixa,media,194,False,19,
2021,meia-idade,4,1,RS,40.0,328.0,media_vs_baixa,baixa,media,368,True,40,
2021,meia-idade,4,1,SC,23.0,251.0,media_vs_baixa,baixa,media,274,True,23,
2021,meia-idade,4,1,SE,155.0,568.0,media_vs_baixa,baixa,media,723,True,155,
2021,meia-idade,4,1,SP,409.0,5420.0,media_vs_baixa,baixa,media,5829,True,409,
2021,meia-idade,4,1,TO,96.0,379.0,media_vs_baixa,baixa,media,475,True,96,
2021,meia-idade,4,2,AC,28.0,65.0,media_vs_baixa,baixa,media,93,True,28,
2021,meia-idade,4,2,AL,128.0,268.0,media_vs_baixa,baixa,media,396,True,128,
2021,meia-idade,4,2,AM,113.0,555.0,media_vs_baixa,baixa,media,668,True,113,
2021,meia-idade,4,2,AP,23.0,101.0,media_vs_baixa,baixa,media,124,True,23,
2021,meia-idade,4,2,BA,424.0,1489.0,media_vs_baixa,baixa,media,1913,True,424,
2021,meia-idade,4,2,CE,435.0,1641.0,media_vs_baixa,baixa,media,2076,True,435,
2021,meia-idade,4,2,DF,42.0,332.0,media_vs_baixa,baixa,media,374,True,42,
2021,meia-idade,4,2,ES,52.0,259.0,media_vs_baixa,baixa,media,311,True,52,
2021,meia-idade,4,2,GO,165.0,1026.0,media_vs_baixa,baixa,media,1191,True,165,
2021,meia-idade,4,2,MA,319.0,776.0,media_vs_baixa,baixa,media,1095,True,319,
2021,meia-idade,4,2,MG,331.0,2301.0,media_vs_baixa,baixa,media,2632,True,331,
2021,meia-idade,4,2,MS,78.0,438.0,media_vs_baixa,baixa,media,516,True,78,
2021,meia-idade,4,2,MT,77.0,482.0,media_vs_baixa,baixa,media,559,True,77,
2021,meia-idade,4,2,PA,208.0,1049.0,media_vs_baixa,baixa,media,1257,True,208,
2021,meia-idade,4,2,PB,84.0,398.0,media_vs_baixa,baixa,media,482,True,84,
2021,meia-idade,4,2,PE,446.0,1586.0,media_vs_baixa,baixa,media,2032,True,446,
2021,meia-idade,4,2,PI,126.0,404.0,media_vs_baixa,baixa,media,530,True,126,
2021,meia-idade,4,2,PR,165.0,828.0,media_vs_baixa,baixa,media,993,True,165,
2021,meia-idade,4,2,RJ,169.0,2087.0,media_vs_baixa,baixa,media,2256,True,169,
2021,meia-idade,4,2,RN,88.0,321.0,media_vs_baixa,baixa,media,409,True,88,
2021,meia-idade,4,2,RO,35.0,219.0,media_vs_baixa,baixa,media,254,True,35,
2021,meia-idade,4,2,RR,10.0,97.0,media_vs_baixa,baixa,media,107,False,10,
2021,meia-idade,4,2,RS,24.0,220.0,media_vs_baixa,baixa,media,244,True,24,
2021,meia-idade,4,2,SC,22.0,152.0,media_vs_baixa,baixa,media,174,True,22,
2021,meia-idade,4,2,SE,86.0,367.0,media_vs_baixa,baixa,media,453,True,86,
2021,meia-idade,4,2,SP,325.0,3324.0,media_vs_baixa,baixa,media,3649,True,325,
2021,meia-idade,4,2,TO,41.0,204.0,media_vs_baixa,baixa,media,245,True,41,
2021,meia-idade,5,1,AC,0.0,1.0,media_vs_baixa,baixa,media,1,False,0,
2021,meia-idade,5,1,AL,0.0,2.0,media_vs_baixa,baixa,media,2,False,0,
2021,meia-idade,5,1,AM,16.0,22.0,media_vs_baixa,baixa,media,38,False,16,
2021,meia-idade,5,1,AP,0.0,2.0,media_vs_baixa,baixa,media,2,False,0,
2021,meia-idade,5,1,BA,1.0,7.0,media_vs_baixa,baixa,media,8,False,1,
2021,meia-idade,5,1,CE,4.0,7.0,media_vs_baixa,baixa,media,11,False,4,
2021,meia-idade,5,1,GO,1.0,4.0,media_vs_baixa,baixa,media,5,False,1,
2021,meia-idade,5,1,MA,1.0,5.0,media_vs_baixa,baixa,media,6,False,1,
2021,meia-idade,5,1,MG,3.0,8.0,media_vs_baixa,baixa,media,11,False,3,
2021,meia-idade,5,1,MS,11.0,27.0,media_vs_baixa,baixa,media,38,False,11,
2021,meia-idade,5,1,MT,5.0,6.0,media_vs_baixa,baixa,media,11,False,5,
2021,meia-idade,5,1,PA,0.0,5.0,media_vs_baixa,baixa,media,5,False,0,
2021,meia-idade,5,1,PB,1.0,0.0,media_vs_baixa,baixa,media,1,False,0,
2021,meia-idade,5,1,PE,3.0,9.0,media_vs_baixa,baixa,media,12,False,3,
2021,meia-idade,5,1,PI,0.0,1.0,media_vs_baixa,baixa,media,1,False,0,
2021,meia-idade,5,1,PR,4.0,7.0,media_vs_baixa,baixa,media,11,False,4,
2021,meia-idade,5,1,RJ,0.0,4.0,media_vs_baixa,baixa,media,4,False,0,
2021,meia-idade,5,1,RN,2.0,1.0,media_vs_baixa,baixa,media,3,False,1,
2021,meia-idade,5,1,RO,2.0,1.0,media_vs_baixa,baixa,media,3,False,1,
2021,meia-idade,5,1,RR,14.0,18.0,media_vs_baixa,baixa,media,32,False,14,
2021,meia-idade,5,1,RS,1.0,9.0,media_vs_baixa,baixa,media,10,False,1,
2021,meia-idade,5,1,SC,0.0,3.0,media_vs_baixa,baixa,media,3,False,0,
2021,meia-idade,5,1,SE,1.0,0.0,media_vs_baixa,baixa,media,1,False,0,
2021,meia-idade,5,1,SP,0.0,11.0,media_vs_baixa,baixa,media,11,False,0,
2021,meia-idade,5,1,TO,1.0,3.0,media_vs_baixa,baixa,media,4,False,1,
2021,meia-idade,5,2,AC,0.0,2.0,media_vs_baixa,baixa,media,2,False,0,
2021,meia-idade,5,2,AL,1.0,0.0,media_vs_baixa,baixa,media,1,False,0,
2021,meia-idade,5,2,AM,15.0,19.0,media_vs_baixa,baixa,media,34,False,15,
2021,meia-idade,5,2,AP,1.0,2.0,media_vs_baixa,baixa,media,3,False,1,
2021,meia-idade,5,2,BA,5.0,7.0,media_vs_baixa,baixa,media,12,False,5,
2021,meia-idade,5,2,CE,0.0,4.0,media_vs_baixa,baixa,media,4,False,0,
2021,meia-idade,5,2,DF,0.0,1.0,media_vs_baixa,baixa,media,1,False,0,
2021,meia-idade,5,2,GO,0.0,2.0,media_vs_baixa,baixa,media,2,False,0,
2021,meia-idade,5,2,MA,2.0,1.0,media_vs_baixa,baixa,media,3,False,1,
2021,meia-idade,5,2,MG,3.0,6.0,media_vs_baixa,baixa,media,9,False,3,
2021,meia-idade,5,2,MS,6.0,19.0,media_vs_baixa,baixa,media,25,False,6,
2021,meia-idade,5,2,MT,1.0,4.0,media_vs_baixa,baixa,media,5,False,1,
2021,meia-idade,5,2,PA,2.0,2.0,media_vs_baixa,baixa,media,4,False,2,
2021,meia-idade,5,2,PB,0.0,1.0,media_vs_baixa,baixa,media,1,False,0,
2021,meia-idade,5,2,PE,2.0,5.0,media_vs_baixa,baixa,media,7,False,2,
2021,meia-idade,5,2,PI,0.0,1.0,media_vs_baixa,baixa,media,1,False,0,
2021,meia-idade,5,2,PR,1.0,3.0,media_vs_baixa,baixa,media,4,False,1,
2021,meia-idade,5,2,RJ,0.0,1.0,media_vs_baixa,baixa,media,1,False,0,
2021,meia-idade,5,2,RN,1.0,0.0,media_vs_baixa,baixa,media,1,False,0,
2021,meia-idade,5,2,RO,2.0,0.0,media_vs_baixa,baixa,media,2,False,0,
2021,meia-idade,5,2,RR,7.0,6.0,media_vs_baixa,baixa,media,13,False,6,
2021,meia-idade,5,2,RS,2.0,5.0,media_vs_baixa,baixa,media,7,False,2,
2021,meia-idade,5,2,SC,1.0,6.0,media_vs_baixa,baixa,media,7,False,1,
2021,meia-idade,5,2,SE,1.0,1.0,media_vs_baixa,baixa,media,2,False,1,
2021,meia-idade,5,2,SP,1.0,7.0,media_vs_baixa,baixa,media,8,False,1,
2021,meia-idade,5,2,TO,3.0,2.0,media_vs_baixa,baixa,media,5,False,2,
2022,adulto,1,0,DF,0.0,1.0,media_vs_baixa,baixa,media,1,False,0,
2022,adulto,1,0,RS,0.0,1.0,media_vs_baixa,baixa,media,1,False,0,
2022,adulto,1,1,AC,2.0,4.0,media_vs_baixa,baixa,media,6,False,2,
2022,adulto,1,1,AL,14.0,42.0,media_vs_baixa,baixa,media,56,False,14,
2022,adulto,1,1,AM,6.0,61.0,media_vs_baixa,baixa,media,67,False,6,
2022,adulto,1,1,AP,1.0,10.0,media_vs_baixa,baixa,media,11,False,1,
2022,adulto,1,1,BA,33.0,194.0,media_vs_baixa,baixa,media,227,True,33,
2022,adulto,1,1,CE,41.0,234.0,media_vs_baixa,baixa,media,275,True,41,
2022,adulto,1,1,DF,5.0,95.0,media_vs_baixa,baixa,media,100,False,5,
2022,adulto,1,1,ES,11.0,84.0,media_vs_baixa,baixa,media,95,False,11,
2022,adulto,1,1,GO,24.0,310.0,media_vs_baixa,baixa,media,334,True,24,
2022,adulto,1,1,MA,24.0,135.0,media_vs_baixa,baixa,media,159,True,24,
2022,adulto,1,1,MG,89.0,721.0,media_vs_baixa,baixa,media,810,True,89,
2022,adulto,1,1,MS,28.0,115.0,media_vs_baixa,baixa,media,143,True,28,
2022,adulto,1,1,MT,6.0,159.0,media_vs_baixa,baixa,media,165,False,6,
2022,adulto,1,1,PA,16.0,127.0,media_vs_baixa,baixa,media,143,False,16,
2022,adulto,1,1,PB,13.0,53.0,media_vs_baixa,baixa,media,66,False,13,
2022,adulto,1,1,PE,49.0,466.0,media_vs_baixa,baixa,media,515,True,49,
2022,adulto,1,1,PI,14.0,76.0,media_vs_baixa,baixa,media,90,False,14,
2022,adulto,1,1,PR,90.0,1234.0,media_vs_baixa,baixa,media,1324,True,90,
2022,adulto,1,1,RJ,45.0,711.0,media_vs_baixa,baixa,media,756,True,45,
2022,adulto,1,1,RN,16.0,80.0,media_vs_baixa,baixa,media,96,False,16,
2022,adulto,1,1,RO,7.0,48.0,media_vs_baixa,baixa,media,55,False,7,
2022,adulto,1,1,RR,2.0,18.0,media_vs_baixa,baixa,media,20,False,2,
2022,adulto,1,1,RS,62.0,768.0,media_vs_baixa,baixa,media,830,True,62,
2022,adulto,1,1,SC,39.0,761.0,media_vs_baixa,baixa,media,800,True,39,
2022,adulto,1,1,SE,12.0,54.0,media_vs_baixa,baixa,media,66,False,12,
2022,adulto,1,1,SP,196.0,2530.0,media_vs_baixa,baixa,media,2726,True,196,
2022,adulto,1,1,TO,6.0,56.0,media_vs_baixa,baixa,media,62,False,6,
2022,adulto,1,2,AC,2.0,3.0,media_vs_baixa,baixa,media,5,False,2,
2022,adulto,1,2,AL,5.0,30.0,media_vs_baixa,baixa,media,35,False,5,
2022,adulto,1,2,AM,4.0,50.0,media_vs_baixa,baixa,media,54,False,4,
2022,adulto,1,2,AP,1.0,9.0,media_vs_baixa,baixa,media,10,False,1,
2022,adulto,1,2,BA,28.0,123.0,media_vs_baixa,baixa,media,151,True,28,
2022,adulto,1,2,CE,29.0,160.0,media_vs_baixa,baixa,media,189,True,29,
2022,adulto,1,2,DF,2.0,74.0,media_vs_baixa,baixa,media,76,False,2,
2022,adulto,1,2,ES,9.0,48.0,media_vs_baixa,baixa,media,57,False,9,
2022,adulto,1,2,GO,16.0,160.0,media_vs_baixa,baixa,media,176,False,16,
2022,adulto,1,2,MA,8.0,76.0,media_vs_baixa,baixa,media,84,False,8,
2022,adulto,1,2,MG,53.0,453.0,media_vs_baixa,baixa,media,506,True,53,
2022,adulto,1,2,MS,7.0,81.0,media_vs_baixa,baixa,media,88,False,7,
2022,adulto,1,2,MT,6.0,80.0,media_vs_baixa,baixa,media,86,False,6,
2022,adulto,1,2,PA,9.0,83.0,media_vs_baixa,baixa,media,92,False,9,
2022,adulto,1,2,PB,4.0,30.0,media_vs_baixa,baixa,media,34,False,4,
2022,adulto,1,2,PE,28.0,223.0,media_vs_baixa,baixa,media,251,True,28,
2022,adulto,1,2,PI,4.0,45.0,media_vs_baixa,baixa,media,49,False,4,
2022,adulto,1,2,PR,57.0,554.0,media_vs_baixa,baixa,media,611,True,57,
2022,adulto,1,2,RJ,33.0,490.0,media_vs_baixa,baixa,media,523,True,33,
2022,adulto,1,2,RN,7.0,52.0,media_vs_baixa,baixa,media,59,False,7,
2022,adulto,1,2,RO,8.0,49.0,media_vs_baixa,baixa,media,57,False,8,
2022,adulto,1,2,RR,0.0,3.0,media_vs_baixa,baixa,media,3,False,0,
2022,adulto,1,2,RS,54.0,422.0,media_vs_baixa,baixa,media,476,True,54,
2022,adulto,1,2,SC,31.0,426.0,media_vs_baixa,baixa,media,457,True,31,
2022,adulto,1,2,SE,7.0,35.0,media_vs_baixa,baixa,media,42,False,7,
2022,adulto,1,2,SP,130.0,1539.0,media_vs_baixa,baixa,media,1669,True,130,
2022,adulto,1,2,TO,5.0,22.0,media_vs_baixa,baixa,media,27,False,5,
2022,adulto,2,1,AC,2.0,3.0,media_vs_baixa,baixa,media,5,False,2,
2022,adulto,2,1,AL,3.0,25.0,media_vs_baixa,baixa,media,28,False,3,
2022,adulto,2,1,AM,5.0,18.0,media_vs_baixa,baixa,media,23,False,5,
2022,adulto,2,1,AP,0.0,8.0,media_vs_baixa,baixa,media,8,False,0,
2022,adulto,2,1,BA,67.0,469.0,media_vs_baixa,baixa,media,536,True,67,
2022,adulto,2,1,CE,16.0,43.0,media_vs_baixa,baixa,media,59,False,16,
2022,adulto,2,1,DF,1.0,51.0,media_vs_baixa,baixa,media,52,False,1,
2022,adulto,2,1,ES,7.0,49.0,media_vs_baixa,baixa,media,56,False,7,
2022,adulto,2,1,GO,13.0,124.0,media_vs_baixa,baixa,media,137,False,13,
2022,adulto,2,1,MA,35.0,171.0,media_vs_baixa,baixa,media,206,True,35,
2022,adulto,2,1,MG,27.0,403.0,media_vs_baixa,baixa,media,430,True,27,
2022,adulto,2,1,MS,3.0,15.0,media_vs_baixa,baixa,media,18,False,3,
2022,adulto,2,1,MT,12.0,45.0,media_vs_baixa,baixa,media,57,False,12,
2022,adulto,2,1,PA,16.0,123.0,media_vs_baixa,baixa,media,139,False,16,
2022,adulto,2,1,PB,4.0,11.0,media_vs_baixa,baixa,media,15,False,4,
2022,adulto,2,1,PE,23.0,200.0,media_vs_baixa,baixa,media,223,True,23,
2022,adulto,2,1,PI,17.0,73.0,media_vs_baixa,baixa,media,90,False,17,
2022,adulto,2,1,PR,6.0,107.0,media_vs_baixa,baixa,media,113,False,6,
2022,adulto,2,1,RJ,27.0,498.0,media_vs_baixa,baixa,media,525,True,27,
2022,adulto,2,1,RN,5.0,24.0,media_vs_baixa,baixa,media,29,False,5,
2022,adulto,2,1,RO,4.0,18.0,media_vs_baixa,baixa,media,22,False,4,
2022,adulto,2,1,RR,0.0,9.0,media_vs_baixa,baixa,media,9,False,0,
2022,adulto,2,1,RS,11.0,152.0,media_vs_baixa,baixa,media,163,False,11,
2022,adulto,2,1,SC,3.0,60.0,media_vs_baixa,baixa,media,63,False,3,
2022,adulto,2,1,SE,10.0,50.0,media_vs_baixa,baixa,media,60,False,10,
2022,adulto,2,1,SP,37.0,490.0,media_vs_baixa,baixa,media,527,True,37,
2022,adulto,2,1,TO,4.0,48.0,media_vs_baixa,baixa,media,52,False,4,
2022,adulto,2,2,AC,0.0,1.0,media_vs_baixa,baixa,media,1,False,0,
2022,adulto,2,2,AL,5.0,6.0,media_vs_baixa,baixa,media,11,False,5,
2022,adulto,2,2,AM,1.0,4.0,media_vs_baixa,baixa,media,5,False,1,
2022,adulto,2,2,AP,0.0,2.0,media_vs_baixa,baixa,media,2,False,0,
2022,adulto,2,2,BA,20.0,172.0,media_vs_baixa,baixa,media,192,True,20,
2022,adulto,2,2,CE,2.0,22.0,media_vs_baixa,baixa,media,24,False,2,
2022,adulto,2,2,DF,0.0,22.0,media_vs_baixa,baixa,media,22,False,0,
2022,adulto,2,2,ES,7.0,16.0,media_vs_baixa,baixa,media,23,False,7,
2022,adulto,2,2,GO,9.0,30.0,media_vs_baixa,baixa,media,39,False,9,
2022,adulto,2,2,MA,15.0,55.0,media_vs_baixa,baixa,media,70,False,15,
2022,adulto,2,2,MG,17.0,182.0,media_vs_baixa,baixa,media,199,False,17,
2022,adulto,2,2,MS,1.0,18.0,media_vs_baixa,baixa,media,19,False,1,
2022,adulto,2,2,MT,3.0,12.0,media_vs_baixa,baixa,media,15,False,3,
2022,adulto,2,2,PA,8.0,43.0,media_vs_baixa,baixa,media,51,False,8,
2022,adulto,2,2,PB,4.0,2.0,media_vs_baixa,baixa,media,6,False,2,
2022,adulto,2,2,PE,3.0,48.0,media_vs_baixa,baixa,media,51,False,3,
2022,adulto,2,2,PI,10.0,25.0,media_vs_baixa,baixa,media,35,False,10,
2022,adulto,2,2,PR,3.0,40.0,media_vs_baixa,baixa,media,43,False,3,
2022,adulto,2,2,RJ,15.0,313.0,media_vs_baixa,baixa,media,328,False,15,
2022,adulto,2,2,RN,2.0,7.0,media_vs_baixa,baixa,media,9,False,2,
2022,adulto,2,2,RO,0.0,12.0,media_vs_baixa,baixa,media,12,False,0,
2022,adulto,2,2,RR,1.0,1.0,media_vs_baixa,baixa,media,2,False,1,
2022,adulto,2,2,RS,10.0,65.0,media_vs_baixa,baixa,media,75,False,10,
2022,adulto,2,2,SC,2.0,19.0,media_vs_baixa,baixa,media,21,False,2,
2022,adulto,2,2,SE,4.0,19.0,media_vs_baixa,baixa,media,23,False,4,
2022,adulto,2,2,SP,13.0,239.0,media_vs_baixa,baixa,media,252,False,13,
2022,adulto,2,2,TO,1.0,13.0,media_vs_baixa,baixa,media,14,False,1,
2022,adulto,3,1,AM,1.0,14.0,media_vs_baixa,baixa,media,15,False,1,
2022,adulto,3,1,BA,1.0,3.0,media_vs_baixa,baixa,media,4,False,1,
2022,adulto,3,1,CE,1.0,3.0,media_vs_baixa,baixa,media,4,False,1,
2022,adulto,3,1,DF,0.0,2.0,media_vs_baixa,baixa,media,2,False,0,
2022,adulto,3,1,GO,2.0,0.0,media_vs_baixa,baixa,media,2,False,0,
2022,adulto,3,1,MA,0.0,9.0,media_vs_baixa,baixa,media,9,False,0,
2022,adulto,3,1,MG,0.0,3.0,media_vs_baixa,baixa,media,3,False,0,
2022,adulto,3,1,MS,0.0,1.0,media_vs_baixa,baixa,media,1,False,0,
2022,adulto,3,1,MT,0.0,6.0,media_vs_baixa,baixa,media,6,False,0,
2022,adulto,3,1,PA,0.0,4.0,media_vs_baixa,baixa,media,4,False,0,
2022,adulto,3,1,PB,0.0,2.0,media_vs_baixa,baixa,media,2,False,0,
2022,adulto,3,1,PE,0.0,1.0,media_vs_baixa,baixa,media,1,False,0,
2022,adulto,3,1,PR,0.0,2.0,media_vs_baixa,baixa,media,2,False,0,
2022,adulto,3,1,RJ,0.0,2.0,media_vs_baixa,baixa,media,2,False,0,
2022,adulto,3,1,RO,0.0,1.0,media_vs_baixa,baixa,media,1,False,0,
2022,adulto,3,1,SC,0.0,1.0,media_vs_baixa,baixa,media,1,False,0,
2022,adulto,3,1,SP,2.0,32.0,media_vs_baixa,baixa,media,34,False,2,
2022,adulto,3,1,TO,0.0,2.0,media_vs_baixa,baixa,media,2,False,0,
2022,adulto,3,2,AL,0.0,2.0,media_vs_baixa,baixa,media,2,False,0,
2022,adulto,3,2,AP,0.0,1.0,media_vs_baixa,baixa,media,1,False,0,
2022,adulto,3,2,BA,0.0,1.0,media_vs_baixa,baixa,media,1,False,0,
2022,adulto,3,2,CE,2.0,1.0,media_vs_baixa,baixa,media,3,False,1,
2022,adulto,3,2,GO,0.0,3.0,media_vs_baixa,baixa,media,3,False,0,
2022,adulto,3,2,MA,0.0,1.0,media_vs_baixa,baixa,media,1,False,0,
2022,adulto,3,2,MS,0.0,1.0,media_vs_baixa,baixa,media,1,False,0,
2022,adulto,3,2,MT,0.0,3.0,media_vs_baixa,baixa,media,3,False,0,
2022,adulto,3,2,PA,0.0,3.0,media_vs_baixa,baixa,media,3,False,0,
2022,adulto,3,2,PI,1.0,1.0,media_vs_baixa,baixa,media,2,False,1,
2022,adulto,3,2,PR,1.0,5.0,media_vs_baixa,baixa,media,6,False,1,
2022,adulto,3,2,RJ,0.0,1.0,media_vs_baixa,baixa,media,1,False,0,
2022,adulto,3,2,RO,0.0,1.0,media_vs_baixa,baixa,media,1,False,0,
2022,adulto,3,2,RS,0.0,1.0,media_vs_baixa,baixa,media,1,False,0,
2022,adulto,3,2,SC,0.0,1.0,media_vs_baixa,baixa,media,1,False,0,
2022,adulto,3,2,SP,1.0,17.0,media_vs_baixa,baixa,media,18,False,1,
2022,adulto,3,2,TO,0.0,1.0,media_vs_baixa,baixa,media,1,False,0,
2022,adulto,4,0,AL,0.0,1.0,media_vs_baixa,baixa,media,1,False,0,
2022,adulto,4,1,AC,14.0,35.0,media_vs_baixa,baixa,media,49,False,14,
2022,adulto,4,1,AL,84.0,416.0,media_vs_baixa,baixa,media,500,True,84,
2022,adulto,4,1,AM,78.0,608.0,media_vs_baixa,baixa,media,686,True,78,
2022,adulto,4,1,AP,9.0,143.0,media_vs_baixa,baixa,media,152,False,9,
2022,adulto,4,1,BA,207.0,1831.0,media_vs_baixa,baixa,media,2038,True,207,
2022,adulto,4,1,CE,268.0,1600.0,media_vs_baixa,baixa,media,1868,True,268,
2022,adulto,4,1,DF,13.0,219.0,media_vs_baixa,baixa,media,232,False,13,
2022,adulto,4,1,ES,24.0,214.0,media_vs_baixa,baixa,media,238,True,24,
2022,adulto,4,1,GO,59.0,752.0,media_vs_baixa,baixa,media,811,True,59,
2022,adulto,4,1,MA,183.0,1070.0,media_vs_baixa,baixa,media,1253,True,183,
2022,adulto,4,1,MG,98.0,1211.0,media_vs_baixa,baixa,media,1309,True,98,
2022,adulto,4,1,MS,48.0,196.0,media_vs_baixa,baixa,media,244,True,48,
2022,adulto,4,1,MT,18.0,394.0,media_vs_baixa,baixa,media,412,False,18,
2022,adulto,4,1,PA,140.0,1334.0,media_vs_baixa,baixa,media,1474,True,140,
2022,adulto,4,1,PB,49.0,236.0,media_vs_baixa,baixa,media,285,True,49,
2022,adulto,4,1,PE,212.0,2007.0,media_vs_baixa,baixa,media,2219,True,212,
2022,adulto,4,1,PI,73.0,529.0,media_vs_baixa,baixa,media,602,True,73,
2022,adulto,4,1,PR,41.0,574.0,media_vs_baixa,baixa,media,615,True,41,
2022,adulto,4,1,RJ,48.0,1112.0,media_vs_baixa,baixa,media,1160,True,48,
2022,adulto,4,1,RN,37.0,220.0,media_vs_baixa,baixa,media,257,True,37,
2022,adulto,4,1,RO,10.0,165.0,media_vs_baixa,baixa,media,175,False,10,
2022,adulto,4,1,RR,6.0,76.0,media_vs_baixa,baixa,media,82,False,6,
2022,adulto,4,1,RS,17.0,136.0,media_vs_baixa,baixa,media,153,False,17,
2022,adulto,4,1,SC,4.0,148.0,media_vs_baixa,baixa,media,152,False,4,
2022,adulto,4,1,SE,61.0,467.0,media_vs_baixa,baixa,media,528,True,61,
2022,adulto,4,1,SP,117.0,1761.0,media_vs_baixa,baixa,media,1878,True,117,
2022,adulto,4,1,TO,25.0,233.0,media_vs_baixa,baixa,media,258,True,25,
2022,adulto,4,2,AC,9.0,16.0,media_vs_baixa,baixa,media,25,False,9,
2022,adulto,4,2,AL,31.0,123.0,media_vs_baixa,baixa,media,154,True,31,
2022,adulto,4,2,AM,28.0,179.0,media_vs_baixa,baixa,media,207,True,28,
2022,adulto,4,2,AP,4.0,39.0,media_vs_baixa,baixa,media,43,False,4,
2022,adulto,4,2,BA,92.0,553.0,media_vs_baixa,baixa,media,645,True,92,
2022,adulto,4,2,CE,81.0,516.0,media_vs_baixa,baixa,media,597,True,81,
2022,adulto,4,2,DF,9.0,116.0,media_vs_baixa,baixa,media,125,False,9,
2022,adulto,4,2,ES,10.0,86.0,media_vs_baixa,baixa,media,96,False,10,
2022,adulto,4,2,GO,18.0,247.0,media_vs_baixa,baixa,media,265,False,18,
2022,adulto,4,2,MA,65.0,400.0,media_vs_baixa,baixa,media,465,True,65,
2022,adulto,4,2,MG,45.0,489.0,media_vs_baixa,baixa,media,534,True,45,
2022,adulto,4,2,MS,14.0,99.0,media_vs_baixa,baixa,media,113,False,14,
2022,adulto,4,2,MT,10.0,152.0,media_vs_baixa,baixa,media,162,False,10,
2022,adulto,4,2,PA,50.0,483.0,media_vs_baixa,baixa,media,533,True,50,
2022,adulto,4,2,PB,21.0,87.0,media_vs_baixa,baixa,media,108,True,21,
2022,adulto,4,2,PE,76.0,555.0,media_vs_baixa,baixa,media,631,True,76,
2022,adulto,4,2,PI,21.0,164.0,media_vs_baixa,baixa,media,185,True,21,
2022,adulto,4,2,PR,16.0,209.0,media_vs_baixa,baixa,media,225,False,16,
2022,adulto,4,2,RJ,29.0,577.0,media_vs_baixa,baixa,media,606,True,29,
2022,adulto,4,2,RN,15.0,83.0,media_vs_baixa,baixa,media,98,False,15,
2022,adulto,4,2,RO,10.0,66.0,media_vs_baixa,baixa,media,76,False,10,
2022,adulto,4,2,RR,1.0,38.0,media_vs_baixa,baixa,media,39,False,1,
2022,adulto,4,2,RS,6.0,55.0,media_vs_baixa,baixa,media,61,False,6,
2022,adulto,4,2,SC,5.0,49.0,media_vs_baixa,baixa,media,54,False,5,
2022,adulto,4,2,SE,11.0,126.0,media_vs_baixa,baixa,media,137,False,11,
2022,adulto,4,2,SP,59.0,778.0,media_vs_baixa,baixa,media,837,True,59,
2022,adulto,4,2,TO,7.0,89.0,media_vs_baixa,baixa,media,96,False,7,
2022,adulto,5,1,AC,0.0,1.0,media_vs_baixa,baixa,media,1,False,0,
2022,adulto,5,1,AL,1.0,4.0,media_vs_baixa,baixa,media,5,False,1,
2022,adulto,5,1,AM,5.0,22.0,media_vs_baixa,baixa,media,27,False,5,
2022,adulto,5,1,AP,1.0,1.0,media_vs_baixa,baixa,media,2,False,1,
2022,adulto,5,1,BA,1.0,6.0,media_vs_baixa,baixa,media,7,False,1,
2022,adulto,5,1,CE,2.0,3.0,media_vs_baixa,baixa,media,5,False,2,
2022,adulto,5,1,DF,0.0,1.0,media_vs_baixa,baixa,media,1,False,0,
2022,adulto,5,1,ES,0.0,3.0,media_vs_baixa,baixa,media,3,False,0,
2022,adulto,5,1,MA,3.0,9.0,media_vs_baixa,baixa,media,12,False,3,
2022,adulto,5,1,MG,2.0,5.0,media_vs_baixa,baixa,media,7,False,2,
2022,adulto,5,1,MS,4.0,22.0,media_vs_baixa,baixa,media,26,False,4,
2022,adulto,5,1,MT,1.0,2.0,media_vs_baixa,baixa,media,3,False,1,
2022,adulto,5,1,PA,1.0,5.0,media_vs_baixa,baixa,media,6,False,1,
2022,adulto,5,1,PB,0.0,2.0,media_vs_baixa,baixa,media,2,False,0,
2022,adulto,5,1,PE,1.0,7.0,media_vs_baixa,baixa,media,8,False,1,
2022,adulto,5,1,PR,2.0,6.0,media_vs_baixa,baixa,media,8,False,2,
2022,adulto,5,1,RJ,0.0,2.0,media_vs_baixa,baixa,media,2,False,0,
2022,adulto,5,1,RO,2.0,1.0,media_vs_baixa,baixa,media,3,False,1,
2022,adulto,5,1,RR,3.0,13.0,media_vs_baixa,baixa,media,16,False,3,
2022,adulto,5,1,RS,1.0,6.0,media_vs_baixa,baixa,media,7,False,1,
2022,adulto,5,1,SC,0.0,2.0,media_vs_baixa,baixa,media,2,False,0,
2022,adulto,5,1,SP,0.0,4.0,media_vs_baixa,baixa,media,4,False,0,
2022,adulto,5,1,TO,0.0,4.0,media_vs_baixa,baixa,media,4,False,0,
2022,adulto,5,2,AC,1.0,1.0,media_vs_baixa,baixa,media,2,False,1,
2022,adulto,5,2,AM,7.0,5.0,media_vs_baixa,baixa,media,12,False,5,
2022,adulto,5,2,BA,0.0,2.0,media_vs_baixa,baixa,media,2,False,0,
2022,adulto,5,2,CE,0.0,1.0,media_vs_baixa,baixa,media,1,False,0,
2022,adulto,5,2,ES,0.0,1.0,media_vs_baixa,baixa,media,1,False,0,
2022,adulto,5,2,GO,0.0,1.0,media_vs_baixa,baixa,media,1,False,0,
2022,adulto,5,2,MA,4.0,4.0,media_vs_baixa,baixa,media,8,False,4,
2022,adulto,5,2,MG,1.0,1.0,media_vs_baixa,baixa,media,2,False,1,
2022,adulto,5,2,MS,1.0,15.0,media_vs_baixa,baixa,media,16,False,1,
2022,adulto,5,2,MT,1.0,5.0,media_vs_baixa,baixa,media,6,False,1,
2022,adulto,5,2,PA,0.0,3.0,media_vs_baixa,baixa,media,3,False,0,
2022,adulto,5,2,PE,0.0,2.0,media_vs_baixa,baixa,media,2,False,0,
2022,adulto,5,2,PR,0.0,4.0,media_vs_baixa,baixa,media,4,False,0,
2022,adulto,5,2,RJ,0.0,2.0,media_vs_baixa,baixa,media,2,False,0,
2022,adulto,5,2,RR,11.0,5.0,media_vs_baixa,baixa,media,16,False,5,
2022,adulto,5,2,RS,2.0,5.0,media_vs_baixa,baixa,media,7,False,2,
2022,adulto,5,2,SC,0.0,2.0,media_vs_baixa,baixa,media,2,False,0,
2022,adulto,5,2,SP,0.0,2.0,media_vs_baixa,baixa,media,2,False,0,
2022,adulto,5,2,TO,1.0,2.0,media_vs_baixa,baixa,media,3,False,1,
2022,idoso,1,0,RJ,0.0,1.0,media_vs_baixa,baixa,media,1,False,0,
2022,idoso,1,0,SP,0.0,1.0,media_vs_baixa,baixa,media,1,False,0,
2022,idoso,1,1,AC,10.0,25.0,media_vs_baixa,baixa,media,35,False,10,
2022,idoso,1,1,AL,116.0,180.0,media_vs_baixa,baixa,media,296,True,116,
2022,idoso,1,1,AM,39.0,182.0,media_vs_baixa,baixa,media,221,True,39,
2022,idoso,1,1,AP,5.0,27.0,media_vs_baixa,baixa,media,32,False,5,
2022,idoso,1,1,BA,281.0,855.0,media_vs_baixa,baixa,media,1136,True,281,
2022,idoso,1,1,CE,354.0,864.0,media_vs_baixa,baixa,media,1218,True,354,
2022,idoso,1,1,DF,37.0,451.0,media_vs_baixa,baixa,media,488,True,37,
2022,idoso,1,1,ES,74.0,626.0,media_vs_baixa,baixa,media,700,True,74,
2022,idoso,1,1,GO,245.0,1310.0,media_vs_baixa,baixa,media,1555,True,245,
2022,idoso,1,1,MA,192.0,431.0,media_vs_baixa,baixa,media,623,True,192,
2022,idoso,1,1,MG,621.0,5364.0,media_vs_baixa,baixa,media,5985,True,621,
2022,idoso,1,1,MS,101.0,738.0,media_vs_baixa,baixa,media,839,True,101,
2022,idoso,1,1,MT,110.0,627.0,media_vs_baixa,baixa,media,737,True,110,
2022,idoso,1,1,PA,99.0,485.0,media_vs_baixa,baixa,media,584,True,99,
2022,idoso,1,1,PB,100.0,254.0,media_vs_baixa,baixa,media,354,True,100,
2022,idoso,1,1,PE,385.0,1393.0,media_vs_baixa,baixa,media,1778,True,385,
2022,idoso,1,1,PI,124.0,230.0,media_vs_baixa,baixa,media,354,True,124,
2022,idoso,1,1,PR,651.0,6121.0,media_vs_baixa,baixa,media,6772,True,651,
2022,idoso,1,1,RJ,355.0,5052.0,media_vs_baixa,baixa,media,5407,True,355,
2022,idoso,1,1,RN,153.0,392.0,media_vs_baixa,baixa,media,545,True,153,
2022,idoso,1,1,RO,45.0,263.0,media_vs_baixa,baixa,media,308,True,45,
2022,idoso,1,1,RR,8.0,44.0,media_vs_baixa,baixa,media,52,False,8,
2022,idoso,1,1,RS,567.0,6289.0,media_vs_baixa,baixa,media,6856,True,567,
2022,idoso,1,1,SC,291.0,4594.0,media_vs_baixa,baixa,media,4885,True,291,
2022,idoso,1,1,SE,81.0,244.0,media_vs_baixa,baixa,media,325,True,81,
2022,idoso,1,1,SP,1255.0,19911.0,media_vs_baixa,baixa,media,21166,True,1255,
2022,idoso,1,1,TO,38.0,147.0,media_vs_baixa,baixa,media,185,True,38,
2022,idoso,1,2,AC,7.0,21.0,media_vs_baixa,baixa,media,28,False,7,
2022,idoso,1,2,AL,125.0,160.0,media_vs_baixa,baixa,media,285,True,125,
2022,idoso,1,2,AM,33.0,138.0,media_vs_baixa,baixa,media,171,True,33,
2022,idoso,1,2,AP,7.0,24.0,media_vs_baixa,baixa,media,31,False,7,
2022,idoso,1,2,BA,274.0,661.0,media_vs_baixa,baixa,media,935,True,274,
2022,idoso,1,2,CE,314.0,855.0,media_vs_baixa,baixa,media,1169,True,314,
2022,idoso,1,2,DF,57.0,395.0,media_vs_baixa,baixa,media,452,True,57,
2022,idoso,1,2,ES,87.0,404.0,media_vs_baixa,baixa,media,491,True,87,
2022,idoso,1,2,GO,287.0,998.0,media_vs_baixa,baixa,media,1285,True,287,
2022,idoso,1,2,MA,181.0,348.0,media_vs_baixa,baixa,media,529,True,181,
2022,idoso,1,2,MG,688.0,4227.0,media_vs_baixa,baixa,media,4915,True,688,
2022,idoso,1,2,MS,103.0,518.0,media_vs_baixa,baixa,media,621,True,103,
2022,idoso,1,2,MT,122.0,368.0,media_vs_baixa,baixa,media,490,True,122,
2022,idoso,1,2,PA,134.0,396.0,media_vs_baixa,baixa,media,530,True,134,
2022,idoso,1,2,PB,100.0,247.0,media_vs_baixa,baixa,media,347,True,100,
2022,idoso,1,2,PE,481.0,1279.0,media_vs_baixa,baixa,media,1760,True,481,
2022,idoso,1,2,PI,125.0,186.0,media_vs_baixa,baixa,media,311,True,125,
2022,idoso,1,2,PR,951.0,4364.0,media_vs_baixa,baixa,media,5315,True,951,
2022,idoso,1,2,RJ,463.0,4635.0,media_vs_baixa,baixa,media,5098,True,463,
2022,idoso,1,2,RN,139.0,366.0,media_vs_baixa,baixa,media,505,True,139,
2022,idoso,1,2,RO,65.0,141.0,media_vs_baixa,baixa,media,206,True,65,
2022,idoso,1,2,RR,6.0,22.0,media_vs_baixa,baixa,media,28,False,6,
2022,idoso,1,2,RS,507.0,4400.0,media_vs_baixa,baixa,media,4907,True,507,
2022,idoso,1,2,SC,295.0,3074.0,media_vs_baixa,baixa,media,3369,True,295,
2022,idoso,1,2,SE,81.0,193.0,media_vs_baixa,baixa,media,274,True,81,
2022,idoso,1,2,SP,1687.0,15032.0,media_vs_baixa,baixa,media,16719,True,1687,
2022,idoso,1,2,TO,37.0,111.0,media_vs_baixa,baixa,media,148,True,37,
2022,idoso,2,1,AC,6.0,8.0,media_vs_baixa,baixa,media,14,False,6,
2022,idoso,2,1,AL,51.0,45.0,media_vs_baixa,baixa,media,96,True,45,
2022,idoso,2,1,AM,21.0,29.0,media_vs_baixa,baixa,media,50,True,21,
2022,idoso,2,1,AP,7.0,12.0,media_vs_baixa,baixa,media,19,False,7,
2022,idoso,2,1,BA,436.0,871.0,media_vs_baixa,baixa,media,1307,True,436,
2022,idoso,2,1,CE,113.0,181.0,media_vs_baixa,baixa,media,294,True,113,
2022,idoso,2,1,DF,25.0,101.0,media_vs_baixa,baixa,media,126,True,25,
2022,idoso,2,1,ES,58.0,163.0,media_vs_baixa,baixa,media,221,True,58,
2022,idoso,2,1,GO,125.0,249.0,media_vs_baixa,baixa,media,374,True,125,
2022,idoso,2,1,MA,209.0,273.0,media_vs_baixa,baixa,media,482,True,209,
2022,idoso,2,1,MG,368.0,1376.0,media_vs_baixa,baixa,media,1744,True,368,
2022,idoso,2,1,MS,35.0,85.0,media_vs_baixa,baixa,media,120,True,35,
2022,idoso,2,1,MT,73.0,125.0,media_vs_baixa,baixa,media,198,True,73,
2022,idoso,2,1,PA,144.0,203.0,media_vs_baixa,baixa,media,347,True,144,
2022,idoso,2,1,PB,33.0,36.0,media_vs_baixa,baixa,media,69,True,33,
2022,idoso,2,1,PE,175.0,383.0,media_vs_baixa,baixa,media,558,True,175,
2022,idoso,2,1,PI,144.0,126.0,media_vs_baixa,baixa,media,270,True,126,
2022,idoso,2,1,PR,85.0,356.0,media_vs_baixa,baixa,media,441,True,85,
2022,idoso,2,1,RJ,242.0,1743.0,media_vs_baixa,baixa,media,1985,True,242,
2022,idoso,2,1,RN,49.0,65.0,media_vs_baixa,baixa,media,114,True,49,
2022,idoso,2,1,RO,29.0,50.0,media_vs_baixa,baixa,media,79,True,29,
2022,idoso,2,1,RR,4.0,10.0,media_vs_baixa,baixa,media,14,False,4,
2022,idoso,2,1,RS,75.0,436.0,media_vs_baixa,baixa,media,511,True,75,
2022,idoso,2,1,SC,14.0,122.0,media_vs_baixa,baixa,media,136,False,14,
2022,idoso,2,1,SE,73.0,109.0,media_vs_baixa,baixa,media,182,True,73,
2022,idoso,2,1,SP,319.0,2397.0,media_vs_baixa,baixa,media,2716,True,319,
2022,idoso,2,1,TO,48.0,70.0,media_vs_baixa,baixa,media,118,True,48,
2022,idoso,2,2,AC,4.0,4.0,media_vs_baixa,baixa,media,8,False,4,
2022,idoso,2,2,AL,44.0,19.0,media_vs_baixa,baixa,media,63,False,19,
2022,idoso,2,2,AM,4.0,18.0,media_vs_baixa,baixa,media,22,False,4,
2022,idoso,2,2,AP,7.0,12.0,media_vs_baixa,baixa,media,19,False,7,
2022,idoso,2,2,BA,410.0,563.0,media_vs_baixa,baixa,media,973,True,410,
2022,idoso,2,2,CE,72.0,97.0,media_vs_baixa,baixa,media,169,True,72,
2022,idoso,2,2,DF,17.0,71.0,media_vs_baixa,baixa,media,88,False,17,
2022,idoso,2,2,ES,55.0,80.0,media_vs_baixa,baixa,media,135,True,55,
2022,idoso,2,2,GO,103.0,163.0,media_vs_baixa,baixa,media,266,True,103,
2022,idoso,2,2,MA,146.0,182.0,media_vs_baixa,baixa,media,328,True,146,
2022,idoso,2,2,MG,334.0,1001.0,media_vs_baixa,baixa,media,1335,True,334,
2022,idoso,2,2,MS,25.0,62.0,media_vs_baixa,baixa,media,87,True,25,
2022,idoso,2,2,MT,44.0,96.0,media_vs_baixa,baixa,media,140,True,44,
2022,idoso,2,2,PA,77.0,116.0,media_vs_baixa,baixa,media,193,True,77,
2022,idoso,2,2,PB,27.0,31.0,media_vs_baixa,baixa,media,58,True,27,
2022,idoso,2,2,PE,151.0,234.0,media_vs_baixa,baixa,media,385,True,151,
2022,idoso,2,2,PI,79.0,61.0,media_vs_baixa,baixa,media,140,True,61,
2022,idoso,2,2,PR,95.0,178.0,media_vs_baixa,baixa,media,273,True,95,
2022,idoso,2,2,RJ,333.0,1819.0,media_vs_baixa,baixa,media,2152,True,333,
2022,idoso,2,2,RN,20.0,45.0,media_vs_baixa,baixa,media,65,True,20,
2022,idoso,2,2,RO,27.0,23.0,media_vs_baixa,baixa,media,50,True,23,
2022,idoso,2,2,RR,6.0,5.0,media_vs_baixa,baixa,media,11,False,5,
2022,idoso,2,2,RS,70.0,360.0,media_vs_baixa,baixa,media,430,True,70,
2022,idoso,2,2,SC,31.0,110.0,media_vs_baixa,baixa,media,141,True,31,
2022,idoso,2,2,SE,38.0,62.0,media_vs_baixa,baixa,media,100,True,38,
2022,idoso,2,2,SP,338.0,1731.0,media_vs_baixa,baixa,media,2069,True,338,
2022,idoso,2,2,TO,21.0,32.0,media_vs_baixa,baixa,media,53,True,21,
2022,idoso,3,0,SP,0.0,1.0,media_vs_baixa,baixa,media,1,False,0,
2022,idoso,3,1,AC,2.0,0.0,media_vs_baixa,baixa,media,2,False,0,
2022,idoso,3,1,AL,3.0,3.0,media_vs_baixa,baixa,media,6,False,3,
2022,idoso,3,1,AM,0.0,5.0,media_vs_baixa,baixa,media,5,False,0,
2022,idoso,3,1,BA,2.0,8.0,media_vs_baixa,baixa,media,10,False,2,
2022,idoso,3,1,CE,4.0,6.0,media_vs_baixa,baixa,media,10,False,4,
2022,idoso,3,1,DF,1.0,5.0,media_vs_baixa,baixa,media,6,False,1,
2022,idoso,3,1,ES,0.0,5.0,media_vs_baixa,baixa,media,5,False,0,
2022,idoso,3,1,GO,5.0,13.0,media_vs_baixa,baixa,media,18,False,5,
2022,idoso,3,1,MA,3.0,4.0,media_vs_baixa,baixa,media,7,False,3,
2022,idoso,3,1,MG,4.0,32.0,media_vs_baixa,baixa,media,36,False,4,
2022,idoso,3,1,MS,1.0,18.0,media_vs_baixa,baixa,media,19,False,1,
2022,idoso,3,1,MT,4.0,13.0,media_vs_baixa,baixa,media,17,False,4,
2022,idoso,3,1,PA,4.0,8.0,media_vs_baixa,baixa,media,12,False,4,
2022,idoso,3,1,PB,5.0,1.0,media_vs_baixa,baixa,media,6,False,1,
2022,idoso,3,1,PE,0.0,10.0,media_vs_baixa,baixa,media,10,False,0,
2022,idoso,3,1,PI,1.0,2.0,media_vs_baixa,baixa,media,3,False,1,
2022,idoso,3,1,PR,2.0,67.0,media_vs_baixa,baixa,media,69,False,2,
2022,idoso,3,1,RJ,0.0,20.0,media_vs_baixa,baixa,media,20,False,0,
2022,idoso,3,1,RN,2.0,1.0,media_vs_baixa,baixa,media,3,False,1,
2022,idoso,3,1,RO,0.0,1.0,media_vs_baixa,baixa,media,1,False,0,
2022,idoso,3,1,RS,0.0,5.0,media_vs_baixa,baixa,media,5,False,0,
2022,idoso,3,1,SC,1.0,7.0,media_vs_baixa,baixa,media,8,False,1,
2022,idoso,3,1,SE,4.0,2.0,media_vs_baixa,baixa,media,6,False,2,
2022,idoso,3,1,SP,6.0,324.0,media_vs_baixa,baixa,media,330,False,6,
2022,idoso,3,1,TO,0.0,3.0,media_vs_baixa,baixa,media,3,False,0,
2022,idoso,3,2,AL,0.0,2.0,media_vs_baixa,baixa,media,2,False,0,
2022,idoso,3,2,AM,2.0,2.0,media_vs_baixa,baixa,media,4,False,2,
2022,idoso,3,2,AP,1.0,1.0,media_vs_baixa,baixa,media,2,False,1,
2022,idoso,3,2,BA,5.0,10.0,media_vs_baixa,baixa,media,15,False,5,
2022,idoso,3,2,CE,5.0,9.0,media_vs_baixa,baixa,media,14,False,5,
2022,idoso,3,2,DF,0.0,2.0,media_vs_baixa,baixa,media,2,False,0,
2022,idoso,3,2,ES,0.0,1.0,media_vs_baixa,baixa,media,1,False,0,
2022,idoso,3,2,GO,7.0,6.0,media_vs_baixa,baixa,media,13,False,6,
2022,idoso,3,2,MA,4.0,2.0,media_vs_baixa,baixa,media,6,False,2,
2022,idoso,3,2,MG,5.0,22.0,media_vs_baixa,baixa,media,27,False,5,
2022,idoso,3,2,MS,0.0,6.0,media_vs_baixa,baixa,media,6,False,0,
2022,idoso,3,2,MT,5.0,12.0,media_vs_baixa,baixa,media,17,False,5,
2022,idoso,3,2,PA,1.0,3.0,media_vs_baixa,baixa,media,4,False,1,
2022,idoso,3,2,PB,1.0,2.0,media_vs_baixa,baixa,media,3,False,1,
2022,idoso,3,2,PE,4.0,3.0,media_vs_baixa,baixa,media,7,False,3,
2022,idoso,3,2,PI,3.0,2.0,media_vs_baixa,baixa,media,5,False,2,
2022,idoso,3,2,PR,7.0,33.0,media_vs_baixa,baixa,media,40,False,7,
2022,idoso,3,2,RJ,2.0,15.0,media_vs_baixa,baixa,media,17,False,2,
2022,idoso,3,2,RN,1.0,3.0,media_vs_baixa,baixa,media,4,False,1,
2022,idoso,3,2,RO,1.0,0.0,media_vs_baixa,baixa,media,1,False,0,
2022,idoso,3,2,RS,3.0,4.0,media_vs_baixa,baixa,media,7,False,3,
2022,idoso,3,2,SC,0.0,7.0,media_vs_baixa,baixa,media,7,False,0,
2022,idoso,3,2,SE,1.0,0.0,media_vs_baixa,baixa,media,1,False,0,
2022,idoso,3,2,SP,10.0,239.0,media_vs_baixa,baixa,media,249,False,10,
2022,idoso,3,2,TO,2.0,3.0,media_vs_baixa,baixa,media,5,False,2,
2022,idoso,4,0,GO,0.0,1.0,media_vs_baixa,baixa,media,1,False,0,
2022,idoso,4,0,PA,1.0,0.0,media_vs_baixa,baixa,media,1,False,0,
2022,idoso,4,0,RJ,1.0,0.0,media_vs_baixa,baixa,media,1,False,0,
2022,idoso,4,1,AC,68.0,71.0,media_vs_baixa,baixa,media,139,True,68,
2022,idoso,4,1,AL,439.0,504.0,media_vs_baixa,baixa,media,943,True,439,
2022,idoso,4,1,AM,336.0,888.0,media_vs_baixa,baixa,media,1224,True,336,
2022,idoso,4,1,AP,49.0,108.0,media_vs_baixa,baixa,media,157,True,49,
2022,idoso,4,1,BA,1277.0,2861.0,media_vs_baixa,baixa,media,4138,True,1277,
2022,idoso,4,1,CE,1693.0,2687.0,media_vs_baixa,baixa,media,4380,True,1693,
2022,idoso,4,1,DF,84.0,419.0,media_vs_baixa,baixa,media,503,True,84,
2022,idoso,4,1,ES,147.0,537.0,media_vs_baixa,baixa,media,684,True,147,
2022,idoso,4,1,GO,496.0,1508.0,media_vs_baixa,baixa,media,2004,True,496,
2022,idoso,4,1,MA,994.0,1599.0,media_vs_baixa,baixa,media,2593,True,994,
2022,idoso,4,1,MG,949.0,4395.0,media_vs_baixa,baixa,media,5344,True,949,
2022,idoso,4,1,MS,183.0,797.0,media_vs_baixa,baixa,media,980,True,183,
2022,idoso,4,1,MT,259.0,765.0,media_vs_baixa,baixa,media,1024,True,259,
2022,idoso,4,1,PA,824.0,2013.0,media_vs_baixa,baixa,media,2837,True,824,
2022,idoso,4,1,PB,288.0,479.0,media_vs_baixa,baixa,media,767,True,288,
2022,idoso,4,1,PE,1223.0,2871.0,media_vs_baixa,baixa,media,4094,True,1223,
2022,idoso,4,1,PI,559.0,798.0,media_vs_baixa,baixa,media,1357,True,559,
2022,idoso,4,1,PR,354.0,1482.0,media_vs_baixa,baixa,media,1836,True,354,
2022,idoso,4,1,RJ,412.0,3616.0,media_vs_baixa,baixa,media,4028,True,412,
2022,idoso,4,1,RN,353.0,497.0,media_vs_baixa,baixa,media,850,True,353,
2022,idoso,4,1,RO,127.0,368.0,media_vs_baixa,baixa,media,495,True,127,
2022,idoso,4,1,RR,44.0,118.0,media_vs_baixa,baixa,media,162,True,44,
2022,idoso,4,1,RS,70.0,506.0,media_vs_baixa,baixa,media,576,True,70,
2022,idoso,4,1,SC,47.0,274.0,media_vs_baixa,baixa,media,321,True,47,
2022,idoso,4,1,SE,279.0,585.0,media_vs_baixa,baixa,media,864,True,279,
2022,idoso,4,1,SP,899.0,6808.0,media_vs_baixa,baixa,media,7707,True,899,
2022,idoso,4,1,TO,179.0,410.0,media_vs_baixa,baixa,media,589,True,179,
2022,idoso,4,2,AC,54.0,49.0,media_vs_baixa,baixa,media,103,True,49,
2022,idoso,4,2,AL,389.0,379.0,media_vs_baixa,baixa,media,768,True,379,
2022,idoso,4,2,AM,249.0,596.0,media_vs_baixa,baixa,media,845,True,249,
2022,idoso,4,2,AP,41.0,71.0,media_vs_baixa,baixa,media,112,True,41,
2022,idoso,4,2,BA,1148.0,1932.0,media_vs_baixa,baixa,media,3080,True,1148,
2022,idoso,4,2,CE,1221.0,2011.0,media_vs_baixa,baixa,media,3232,True,1221,
2022,idoso,4,2,DF,94.0,347.0,media_vs_baixa,baixa,media,441,True,94,
2022,idoso,4,2,ES,132.0,334.0,media_vs_baixa,baixa,media,466,True,132,
2022,idoso,4,2,GO,438.0,987.0,media_vs_baixa,baixa,media,1425,True,438,
2022,idoso,4,2,MA,921.0,1058.0,media_vs_baixa,baixa,media,1979,True,921,
2022,idoso,4,2,MG,891.0,2944.0,media_vs_baixa,baixa,media,3835,True,891,
2022,idoso,4,2,MS,140.0,512.0,media_vs_baixa,baixa,media,652,True,140,
2022,idoso,4,2,MT,220.0,504.0,media_vs_baixa,baixa,media,724,True,220,
2022,idoso,4,2,PA,619.0,1359.0,media_vs_baixa,baixa,media,1978,True,619,
2022,idoso,4,2,PB,249.0,381.0,media_vs_baixa,baixa,media,630,True,249,
2022,idoso,4,2,PE,1210.0,1938.0,media_vs_baixa,baixa,media,3148,True,1210,
2022,idoso,4,2,PI,475.0,579.0,media_vs_baixa,baixa,media,1054,True,475,
2022,idoso,4,2,PR,405.0,942.0,media_vs_baixa,baixa,media,1347,True,405,
2022,idoso,4,2,RJ,483.0,3279.0,media_vs_baixa,baixa,media,3762,True,483,
2022,idoso,4,2,RN,230.0,401.0,media_vs_baixa,baixa,media,631,True,230,
2022,idoso,4,2,RO,118.0,214.0,media_vs_baixa,baixa,media,332,True,118,
2022,idoso,4,2,RR,22.0,48.0,media_vs_baixa,baixa,media,70,True,22,
2022,idoso,4,2,RS,72.0,351.0,media_vs_baixa,baixa,media,423,True,72,
2022,idoso,4,2,SC,48.0,197.0,media_vs_baixa,baixa,media,245,True,48,
2022,idoso,4,2,SE,249.0,424.0,media_vs_baixa,baixa,media,673,True,249,
2022,idoso,4,2,SP,1013.0,4814.0,media_vs_baixa,baixa,media,5827,True,1013,
2022,idoso,4,2,TO,137.0,229.0,media_vs_baixa,baixa,media,366,True,137,
2022,idoso,5,1,AC,1.0,0.0,media_vs_baixa,baixa,media,1,False,0,
2022,idoso,5,1,AL,4.0,0.0,media_vs_baixa,baixa,media,4,False,0,
2022,idoso,5,1,AM,25.0,27.0,media_vs_baixa,baixa,media,52,True,25,
2022,idoso,5,1,AP,0.0,3.0,media_vs_baixa,baixa,media,3,False,0,
2022,idoso,5,1,BA,9.0,10.0,media_vs_baixa,baixa,media,19,False,9,
2022,idoso,5,1,CE,8.0,2.0,media_vs_baixa,baixa,media,10,False,2,
2022,idoso,5,1,DF,0.0,2.0,media_vs_baixa,baixa,media,2,False,0,
2022,idoso,5,1,ES,2.0,2.0,media_vs_baixa,baixa,media,4,False,2,
2022,idoso,5,1,GO,1.0,2.0,media_vs_baixa,baixa,media,3,False,1,
2022,idoso,5,1,MA,9.0,5.0,media_vs_baixa,baixa,media,14,False,5,
2022,idoso,5,1,MG,1.0,9.0,media_vs_baixa,baixa,media,10,False,1,
2022,idoso,5,1,MS,12.0,17.0,media_vs_baixa,baixa,media,29,False,12,
2022,idoso,5,1,MT,2.0,5.0,media_vs_baixa,baixa,media,7,False,2,
2022,idoso,5,1,PA,0.0,4.0,media_vs_baixa,baixa,media,4,False,0,
2022,idoso,5,1,PB,0.0,3.0,media_vs_baixa,baixa,media,3,False,0,
2022,idoso,5,1,PE,8.0,22.0,media_vs_baixa,baixa,media,30,False,8,
2022,idoso,5,1,PI,1.0,0.0,media_vs_baixa,baixa,media,1,False,0,
2022,idoso,5,1,PR,1.0,7.0,media_vs_baixa,baixa,media,8,False,1,
2022,idoso,5,1,RJ,1.0,9.0,media_vs_baixa,baixa,media,10,False,1,
2022,idoso,5,1,RN,1.0,2.0,media_vs_baixa,baixa,media,3,False,1,
2022,idoso,5,1,RO,1.0,0.0,media_vs_baixa,baixa,media,1,False,0,
2022,idoso,5,1,RR,10.0,13.0,media_vs_baixa,baixa,media,23,False,10,
2022,idoso,5,1,RS,2.0,2.0,media_vs_baixa,baixa,media,4,False,2,
2022,idoso,5,1,SC,4.0,3.0,media_vs_baixa,baixa,media,7,False,3,
2022,idoso,5,1,SE,0.0,1.0,media_vs_baixa,baixa,media,1,False,0,
2022,idoso,5,1,SP,6.0,13.0,media_vs_baixa,baixa,media,19,False,6,
2022,idoso,5,1,TO,0.0,2.0,media_vs_baixa,baixa,media,2,False,0,
2022,idoso,5,2,AC,1.0,2.0,media_vs_baixa,baixa,media,3,False,1,
2022,idoso,5,2,AL,0.0,1.0,media_vs_baixa,baixa,media,1,False,0,
2022,idoso,5,2,AM,23.0,9.0,media_vs_baixa,baixa,media,32,False,9,
2022,idoso,5,2,AP,2.0,0.0,media_vs_baixa,baixa,media,2,False,0,
2022,idoso,5,2,BA,3.0,6.0,media_vs_baixa,baixa,media,9,False,3,
2022,idoso,5,2,CE,2.0,1.0,media_vs_baixa,baixa,media,3,False,1,
2022,idoso,5,2,DF,1.0,0.0,media_vs_baixa,baixa,media,1,False,0,
2022,idoso,5,2,GO,2.0,2.0,media_vs_baixa,baixa,media,4,False,2,
2022,idoso,5,2,MA,8.0,1.0,media_vs_baixa,baixa,media,9,False,1,
2022,idoso,5,2,MG,3.0,10.0,media_vs_baixa,baixa,media,13,False,3,
2022,idoso,5,2,MS,11.0,16.0,media_vs_baixa,baixa,media,27,False,11,
2022,idoso,5,2,MT,6.0,3.0,media_vs_baixa,baixa,media,9,False,3,
2022,idoso,5,2,PA,5.0,2.0,media_vs_baixa,baixa,media,7,False,2,
2022,idoso,5,2,PB,2.0,0.0,media_vs_baixa,baixa,media,2,False,0,
2022,idoso,5,2,PE,14.0,8.0,media_vs_baixa,baixa,media,22,False,8,
2022,idoso,5,2,PR,6.0,0.0,media_vs_baixa,baixa,media,6,False,0,
2022,idoso,5,2,RJ,0.0,5.0,media_vs_baixa,baixa,media,5,False,0,
2022,idoso,5,2,RN,0.0,2.0,media_vs_baixa,baixa,media,2,False,0,
2022,idoso,5,2,RO,5.0,1.0,media_vs_baixa,baixa,media,6,False,1,
2022,idoso,5,2,RR,15.0,14.0,media_vs_baixa,baixa,media,29,False,14,
2022,idoso,5,2,RS,4.0,4.0,media_vs_baixa,baixa,media,8,False,4,
2022,idoso,5,2,SC,1.0,3.0,media_vs_baixa,baixa,media,4,False,1,
2022,idoso,5,2,SE,0.0,2.0,media_vs_baixa,baixa,media,2,False,0,
2022,idoso,5,2,SP,2.0,12.0,media_vs_baixa,baixa,media,14,False,2,
2022,idoso,5,2,TO,5.0,0.0,media_vs_baixa,baixa,media,5,False,0,
2022,jovem,1,1,AC,1.0,3.0,media_vs_baixa,baixa,media,4,False,1,
2022,jovem,1,1,AL,1.0,11.0,media_vs_baixa,baixa,media,12,False,1,
2022,jovem,1,1,AM,0.0,23.0,media_vs_baixa,baixa,media,23,False,0,
2022,jovem,1,1,AP,1.0,3.0,media_vs_baixa,baixa,media,4,False,1,
2022,jovem,1,1,BA,16.0,112.0,media_vs_baixa,baixa,media,128,False,16,
2022,jovem,1,1,CE,9.0,83.0,media_vs_baixa,baixa,media,92,False,9,
2022,jovem,1,1,DF,2.0,33.0,media_vs_baixa,baixa,media,35,False,2,
2022,jovem,1,1,ES,4.0,21.0,media_vs_baixa,baixa,media,25,False,4,
2022,jovem,1,1,GO,7.0,54.0,media_vs_baixa,baixa,media,61,False,7,
2022,jovem,1,1,MA,19.0,43.0,media_vs_baixa,baixa,media,62,False,19,
2022,jovem,1,1,MG,34.0,156.0,media_vs_baixa,baixa,media,190,True,34,
2022,jovem,1,1,MS,10.0,22.0,media_vs_baixa,baixa,media,32,False,10,
2022,jovem,1,1,MT,9.0,42.0,media_vs_baixa,baixa,media,51,False,9,
2022,jovem,1,1,PA,14.0,67.0,media_vs_baixa,baixa,media,81,False,14,
2022,jovem,1,1,PB,5.0,11.0,media_vs_baixa,baixa,media,16,False,5,
2022,jovem,1,1,PE,29.0,204.0,media_vs_baixa,baixa,media,233,True,29,
2022,jovem,1,1,PI,7.0,28.0,media_vs_baixa,baixa,media,35,False,7,
2022,jovem,1,1,PR,50.0,308.0,media_vs_baixa,baixa,media,358,True,50,
2022,jovem,1,1,RJ,21.0,235.0,media_vs_baixa,baixa,media,256,True,21,
2022,jovem,1,1,RN,3.0,11.0,media_vs_baixa,baixa,media,14,False,3,
2022,jovem,1,1,RO,3.0,20.0,media_vs_baixa,baixa,media,23,False,3,
2022,jovem,1,1,RR,0.0,5.0,media_vs_baixa,baixa,media,5,False,0,
2022,jovem,1,1,RS,28.0,202.0,media_vs_baixa,baixa,media,230,True,28,
2022,jovem,1,1,SC,19.0,180.0,media_vs_baixa,baixa,media,199,False,19,
2022,jovem,1,1,SE,6.0,20.0,media_vs_baixa,baixa,media,26,False,6,
2022,jovem,1,1,SP,101.0,442.0,media_vs_baixa,baixa,media,543,True,101,
2022,jovem,1,1,TO,1.0,12.0,media_vs_baixa,baixa,media,13,False,1,
2022,jovem,1,2,AC,0.0,2.0,media_vs_baixa,baixa,media,2,False,0,
2022,jovem,1,2,AL,1.0,8.0,media_vs_baixa,baixa,media,9,False,1,
2022,jovem,1,2,AM,4.0,13.0,media_vs_baixa,baixa,media,17,False,4,
2022,jovem,1,2,AP,1.0,3.0,media_vs_baixa,baixa,media,4,False,1,
2022,jovem,1,2,BA,18.0,36.0,media_vs_baixa,baixa,media,54,False,18,
2022,jovem,1,2,CE,10.0,28.0,media_vs_baixa,baixa,media,38,False,10,
2022,jovem,1,2,DF,1.0,12.0,media_vs_baixa,baixa,media,13,False,1,
2022,jovem,1,2,ES,3.0,13.0,media_vs_baixa,baixa,media,16,False,3,
2022,jovem,1,2,GO,10.0,40.0,media_vs_baixa,baixa,media,50,False,10,
2022,jovem,1,2,MA,8.0,17.0,media_vs_baixa,baixa,media,25,False,8,
2022,jovem,1,2,MG,30.0,71.0,media_vs_baixa,baixa,media,101,True,30,
2022,jovem,1,2,MS,5.0,17.0,media_vs_baixa,baixa,media,22,False,5,
2022,jovem,1,2,MT,6.0,20.0,media_vs_baixa,baixa,media,26,False,6,
2022,jovem,1,2,PA,4.0,35.0,media_vs_baixa,baixa,media,39,False,4,
2022,jovem,1,2,PB,3.0,13.0,media_vs_baixa,baixa,media,16,False,3,
2022,jovem,1,2,PE,19.0,48.0,media_vs_baixa,baixa,media,67,False,19,
2022,jovem,1,2,PI,4.0,8.0,media_vs_baixa,baixa,media,12,False,4,
2022,jovem,1,2,PR,51.0,100.0,media_vs_baixa,baixa,media,151,True,51,
2022,jovem,1,2,RJ,14.0,115.0,media_vs_baixa,baixa,media,129,False,14,
2022,jovem,1,2,RN,2.0,10.0,media_vs_baixa,baixa,media,12,False,2,
2022,jovem,1,2,RO,4.0,10.0,media_vs_baixa,baixa,media,14,False,4,
2022,jovem,1,2,RR,0.0,1.0,media_vs_baixa,baixa,media,1,False,0,
2022,jovem,1,2,RS,26.0,64.0,media_vs_baixa,baixa,media,90,True,26,
2022,jovem,1,2,SC,14.0,49.0,media_vs_baixa,baixa,media,63,False,14,
2022,jovem,1,2,SE,4.0,5.0,media_vs_baixa,baixa,media,9,False,4,
2022,jovem,1,2,SP,78.0,247.0,media_vs_baixa,baixa,media,325,True,78,
2022,jovem,1,2,TO,2.0,10.0,media_vs_baixa,baixa,media,12,False,2,
2022,jovem,2,1,AL,1.0,4.0,media_vs_baixa,baixa,media,5,False,1,
2022,jovem,2,1,AM,0.0,9.0,media_vs_baixa,baixa,media,9,False,0,
2022,jovem,2,1,AP,0.0,2.0,media_vs_baixa,baixa,media,2,False,0,
2022,jovem,2,1,BA,8.0,234.0,media_vs_baixa,baixa,media,242,False,8,
2022,jovem,2,1,CE,2.0,8.0,media_vs_baixa,baixa,media,10,False,2,
2022,jovem,2,1,DF,0.0,9.0,media_vs_baixa,baixa,media,9,False,0,
2022,jovem,2,1,ES,0.0,13.0,media_vs_baixa,baixa,media,13,False,0,
2022,jovem,2,1,GO,0.0,28.0,media_vs_baixa,baixa,media,28,False,0,
2022,jovem,2,1,MA,2.0,44.0,media_vs_baixa,baixa,media,46,False,2,
2022,jovem,2,1,MG,6.0,70.0,media_vs_baixa,baixa,media,76,False,6,
2022,jovem,2,1,MS,2.0,2.0,media_vs_baixa,baixa,media,4,False,2,
2022,jovem,2,1,MT,0.0,13.0,media_vs_baixa,baixa,media,13,False,0,
2022,jovem,2,1,PA,3.0,49.0,media_vs_baixa,baixa,media,52,False,3,
2022,jovem,2,1,PB,1.0,3.0,media_vs_baixa,baixa,media,4,False,1,
2022,jovem,2,1,PE,1.0,39.0,media_vs_baixa,baixa,media,40,False,1,
2022,jovem,2,1,PI,0.0,18.0,media_vs_baixa,baixa,media,18,False,0,
2022,jovem,2,1,PR,4.0,19.0,media_vs_baixa,baixa,media,23,False,4,
2022,jovem,2,1,RJ,4.0,204.0,media_vs_baixa,baixa,media,208,False,4,
2022,jovem,2,1,RN,0.0,2.0,media_vs_baixa,baixa,media,2,False,0,
2022,jovem,2,1,RO,0.0,4.0,media_vs_baixa,baixa,media,4,False,0,
2022,jovem,2,1,RR,0.0,4.0,media_vs_baixa,baixa,media,4,False,0,
2022,jovem,2,1,RS,2.0,45.0,media_vs_baixa,baixa,media,47,False,2,
2022,jovem,2,1,SC,0.0,10.0,media_vs_baixa,baixa,media,10,False,0,
2022,jovem,2,1,SE,0.0,19.0,media_vs_baixa,baixa,media,19,False,0,
2022,jovem,2,1,SP,9.0,82.0,media_vs_baixa,baixa,media,91,False,9,
2022,jovem,2,1,TO,0.0,12.0,media_vs_baixa,baixa,media,12,False,0,
2022,jovem,2,2,AC,1.0,0.0,media_vs_baixa,baixa,media,1,False,0,
2022,jovem,2,2,AM,0.0,1.0,media_vs_baixa,baixa,media,1,False,0,
2022,jovem,2,2,AP,0.0,1.0,media_vs_baixa,baixa,media,1,False,0,
2022,jovem,2,2,BA,6.0,28.0,media_vs_baixa,baixa,media,34,False,6,
2022,jovem,2,2,CE,0.0,4.0,media_vs_baixa,baixa,media,4,False,0,
2022,jovem,2,2,DF,0.0,4.0,media_vs_baixa,baixa,media,4,False,0,
2022,jovem,2,2,ES,2.0,3.0,media_vs_baixa,baixa,media,5,False,2,
2022,jovem,2,2,GO,2.0,4.0,media_vs_baixa,baixa,media,6,False,2,
2022,jovem,2,2,MA,1.0,11.0,media_vs_baixa,baixa,media,12,False,1,
2022,jovem,2,2,MG,3.0,23.0,media_vs_baixa,baixa,media,26,False,3,
2022,jovem,2,2,MS,0.0,2.0,media_vs_baixa,baixa,media,2,False,0,
2022,jovem,2,2,MT,0.0,2.0,media_vs_baixa,baixa,media,2,False,0,
2022,jovem,2,2,PA,2.0,13.0,media_vs_baixa,baixa,media,15,False,2,
2022,jovem,2,2,PE,2.0,12.0,media_vs_baixa,baixa,media,14,False,2,
2022,jovem,2,2,PI,0.0,5.0,media_vs_baixa,baixa,media,5,False,0,
2022,jovem,2,2,PR,1.0,6.0,media_vs_baixa,baixa,media,7,False,1,
2022,jovem,2,2,RJ,2.0,57.0,media_vs_baixa,baixa,media,59,False,2,
2022,jovem,2,2,RN,1.0,1.0,media_vs_baixa,baixa,media,2,False,1,
2022,jovem,2,2,RO,0.0,1.0,media_vs_baixa,baixa,media,1,False,0,
2022,jovem,2,2,RR,0.0,1.0,media_vs_baixa,baixa,media,1,False,0,
2022,jovem,2,2,RS,2.0,10.0,media_vs_baixa,baixa,media,12,False,2,
2022,jovem,2,2,SC,0.0,2.0,media_vs_baixa,baixa,media,2,False,0,
2022,jovem,2,2,SE,0.0,3.0,media_vs_baixa,baixa,media,3,False,0,
2022,jovem,2,2,SP,6.0,25.0,media_vs_baixa,baixa,media,31,False,6,
2022,jovem,2,2,TO,2.0,2.0,media_vs_baixa,baixa,media,4,False,2,
2022,jovem,3,1,AL,0.0,1.0,media_vs_baixa,baixa,media,1,False,0,
2022,jovem,3,1,AM,0.0,6.0,media_vs_baixa,baixa,media,6,False,0,
2022,jovem,3,1,BA,0.0,1.0,media_vs_baixa,baixa,media,1,False,0,
2022,jovem,3,1,CE,1.0,1.0,media_vs_baixa,baixa,media,2,False,1,
2022,jovem,3,1,GO,0.0,1.0,media_vs_baixa,baixa,media,1,False,0,
2022,jovem,3,1,MA,0.0,2.0,media_vs_baixa,baixa,media,2,False,0,
2022,jovem,3,1,MG,1.0,0.0,media_vs_baixa,baixa,media,1,False,0,
2022,jovem,3,1,PR,0.0,2.0,media_vs_baixa,baixa,media,2,False,0,
2022,jovem,3,1,RJ,0.0,1.0,media_vs_baixa,baixa,media,1,False,0,
2022,jovem,3,1,SP,1.0,6.0,media_vs_baixa,baixa,media,7,False,1,
2022,jovem,3,1,TO,0.0,1.0,media_vs_baixa,baixa,media,1,False,0,
2022,jovem,3,2,AL,0.0,2.0,media_vs_baixa,baixa,media,2,False,0,
2022,jovem,3,2,DF,1.0,0.0,media_vs_baixa,baixa,media,1,False,0,
2022,jovem,3,2,GO,0.0,1.0,media_vs_baixa,baixa,media,1,False,0,
2022,jovem,3,2,PR,1.0,1.0,media_vs_baixa,baixa,media,2,False,1,
2022,jovem,3,2,RN,0.0,1.0,media_vs_baixa,baixa,media,1,False,0,
2022,jovem,3,2,SP,1.0,1.0,media_vs_baixa,baixa,media,2,False,1,
2022,jovem,3,2,TO,1.0,0.0,media_vs_baixa,baixa,media,1,False,0,
2022,jovem,4,0,PA,0.0,1.0,media_vs_baixa,baixa,media,1,False,0,
2022,jovem,4,1,AC,2.0,23.0,media_vs_baixa,baixa,media,25,False,2,
2022,jovem,4,1,AL,9.0,212.0,media_vs_baixa,baixa,media,221,False,9,
2022,jovem,4,1,AM,23.0,253.0,media_vs_baixa,baixa,media,276,True,23,
2022,jovem,4,1,AP,1.0,84.0,media_vs_baixa,baixa,media,85,False,1,
2022,jovem,4,1,BA,56.0,1058.0,media_vs_baixa,baixa,media,1114,True,56,
2022,jovem,4,1,CE,35.0,574.0,media_vs_baixa,baixa,media,609,True,35,
2022,jovem,4,1,DF,3.0,55.0,media_vs_baixa,baixa,media,58,False,3,
2022,jovem,4,1,ES,8.0,98.0,media_vs_baixa,baixa,media,106,False,8,
2022,jovem,4,1,GO,11.0,201.0,media_vs_baixa,baixa,media,212,False,11,
2022,jovem,4,1,MA,34.0,394.0,media_vs_baixa,baixa,media,428,True,34,
2022,jovem,4,1,MG,23.0,326.0,media_vs_baixa,baixa,media,349,True,23,
2022,jovem,4,1,MS,14.0,47.0,media_vs_baixa,baixa,media,61,False,14,
2022,jovem,4,1,MT,4.0,128.0,media_vs_baixa,baixa,media,132,False,4,
2022,jovem,4,1,PA,32.0,631.0,media_vs_baixa,baixa,media,663,True,32,
2022,jovem,4,1,PB,5.0,78.0,media_vs_baixa,baixa,media,83,False,5,
2022,jovem,4,1,PE,35.0,816.0,media_vs_baixa,baixa,media,851,True,35,
2022,jovem,4,1,PI,18.0,152.0,media_vs_baixa,baixa,media,170,False,18,
2022,jovem,4,1,PR,11.0,183.0,media_vs_baixa,baixa,media,194,False,11,
2022,jovem,4,1,RJ,16.0,515.0,media_vs_baixa,baixa,media,531,False,16,
2022,jovem,4,1,RN,7.0,96.0,media_vs_baixa,baixa,media,103,False,7,
2022,jovem,4,1,RO,2.0,40.0,media_vs_baixa,baixa,media,42,False,2,
2022,jovem,4,1,RR,2.0,17.0,media_vs_baixa,baixa,media,19,False,2,
2022,jovem,4,1,RS,3.0,58.0,media_vs_baixa,baixa,media,61,False,3,
2022,jovem,4,1,SC,2.0,40.0,media_vs_baixa,baixa,media,42,False,2,
2022,jovem,4,1,SE,17.0,218.0,media_vs_baixa,baixa,media,235,False,17,
2022,jovem,4,1,SP,49.0,448.0,media_vs_baixa,baixa,media,497,True,49,
2022,jovem,4,1,TO,11.0,85.0,media_vs_baixa,baixa,media,96,False,11,
2022,jovem,4,2,AC,2.0,3.0,media_vs_baixa,baixa,media,5,False,2,
2022,jovem,4,2,AL,4.0,37.0,media_vs_baixa,baixa,media,41,False,4,
2022,jovem,4,2,AM,9.0,39.0,media_vs_baixa,baixa,media,48,False,9,
2022,jovem,4,2,AP,0.0,17.0,media_vs_baixa,baixa,media,17,False,0,
2022,jovem,4,2,BA,32.0,125.0,media_vs_baixa,baixa,media,157,True,32,
2022,jovem,4,2,CE,21.0,122.0,media_vs_baixa,baixa,media,143,True,21,
2022,jovem,4,2,DF,0.0,14.0,media_vs_baixa,baixa,media,14,False,0,
2022,jovem,4,2,ES,0.0,24.0,media_vs_baixa,baixa,media,24,False,0,
2022,jovem,4,2,GO,5.0,38.0,media_vs_baixa,baixa,media,43,False,5,
2022,jovem,4,2,MA,23.0,107.0,media_vs_baixa,baixa,media,130,True,23,
2022,jovem,4,2,MG,19.0,88.0,media_vs_baixa,baixa,media,107,False,19,
2022,jovem,4,2,MS,6.0,27.0,media_vs_baixa,baixa,media,33,False,6,
2022,jovem,4,2,MT,1.0,28.0,media_vs_baixa,baixa,media,29,False,1,
2022,jovem,4,2,PA,16.0,157.0,media_vs_baixa,baixa,media,173,False,16,
2022,jovem,4,2,PB,1.0,19.0,media_vs_baixa,baixa,media,20,False,1,
2022,jovem,4,2,PE,12.0,140.0,media_vs_baixa,baixa,media,152,False,12,
2022,jovem,4,2,PI,5.0,55.0,media_vs_baixa,baixa,media,60,False,5,
2022,jovem,4,2,PR,9.0,49.0,media_vs_baixa,baixa,media,58,False,9,
2022,jovem,4,2,RJ,4.0,122.0,media_vs_baixa,baixa,media,126,False,4,
2022,jovem,4,2,RN,4.0,16.0,media_vs_baixa,baixa,media,20,False,4,
2022,jovem,4,2,RO,2.0,12.0,media_vs_baixa,baixa,media,14,False,2,
2022,jovem,4,2,RR,3.0,12.0,media_vs_baixa,baixa,media,15,False,3,
2022,jovem,4,2,RS,3.0,10.0,media_vs_baixa,baixa,media,13,False,3,
2022,jovem,4,2,SC,0.0,14.0,media_vs_baixa,baixa,media,14,False,0,
2022,jovem,4,2,SE,5.0,20.0,media_vs_baixa,baixa,media,25,False,5,
2022,jovem,4,2,SP,25.0,149.0,media_vs_baixa,baixa,media,174,True,25,
2022,jovem,4,2,TO,3.0,31.0,media_vs_baixa,baixa,media,34,False,3,
2022,jovem,5,1,AC,0.0,1.0,media_vs_baixa,baixa,media,1,False,0,
2022,jovem,5,1,AL,1.0,1.0,media_vs_baixa,baixa,media,2,False,1,
2022,jovem,5,1,AM,4.0,19.0,media_vs_baixa,baixa,media,23,False,4,
2022,jovem,5,1,BA,0.0,3.0,media_vs_baixa,baixa,media,3,False,0,
2022,jovem,5,1,ES,0.0,1.0,media_vs_baixa,baixa,media,1,False,0,
2022,jovem,5,1,MA,2.0,5.0,media_vs_baixa,baixa,media,7,False,2,
2022,jovem,5,1,MG,1.0,2.0,media_vs_baixa,baixa,media,3,False,1,
2022,jovem,5,1,MS,2.0,12.0,media_vs_baixa,baixa,media,14,False,2,
2022,jovem,5,1,MT,0.0,2.0,media_vs_baixa,baixa,media,2,False,0,
2022,jovem,5,1,PA,2.0,8.0,media_vs_baixa,baixa,media,10,False,2,
2022,jovem,5,1,PE,0.0,2.0,media_vs_baixa,baixa,media,2,False,0,
2022,jovem,5,1,PR,2.0,6.0,media_vs_baixa,baixa,media,8,False,2,
2022,jovem,5,1,RO,0.0,2.0,media_vs_baixa,baixa,media,2,False,0,
2022,jovem,5,1,RR,6.0,5.0,media_vs_baixa,baixa,media,11,False,5,
2022,jovem,5,1,RS,0.0,5.0,media_vs_baixa,baixa,media,5,False,0,
2022,jovem,5,1,SE,0.0,1.0,media_vs_baixa,baixa,media,1,False,0,
2022,jovem,5,1,SP,0.0,1.0,media_vs_baixa,baixa,media,1,False,0,
2022,jovem,5,1,TO,0.0,1.0,media_vs_baixa,baixa,media,1,False,0,
2022,jovem,5,2,AM,3.0,14.0,media_vs_baixa,baixa,media,17,False,3,
2022,jovem,5,2,MA,2.0,5.0,media_vs_baixa,baixa,media,7,False,2,
2022,jovem,5,2,MS,0.0,11.0,media_vs_baixa,baixa,media,11,False,0,
2022,jovem,5,2,MT,2.0,2.0,media_vs_baixa,baixa,media,4,False,2,
2022,jovem,5,2,PE,0.0,1.0,media_vs_baixa,baixa,media,1,False,0,
2022,jovem,5,2,PR,0.0,2.0,media_vs_baixa,baixa,media,2,False,0,
2022,jovem,5,2,RJ,1.0,0.0,media_vs_baixa,baixa,media,1,False,0,
2022,jovem,5,2,RO,0.0,1.0,media_vs_baixa,baixa,media,1,False,0,
2022,jovem,5,2,RR,5.0,1.0,media_vs_baixa,baixa,media,6,False,1,
2022,jovem,5,2,RS,0.0,2.0,media_vs_baixa,baixa,media,2,False,0,
2022,jovem,5,2,SC,0.0,3.0,media_vs_baixa,baixa,media,3,False,0,
2022,jovem,5,2,SP,1.0,1.0,media_vs_baixa,baixa,media,2,False,1,
2022,meia-idade,1,0,DF,0.0,1.0,media_vs_baixa,baixa,media,1,False,0,
2022,meia-idade,1,1,AC,2.0,7.0,media_vs_baixa,baixa,media,9,False,2,
2022,meia-idade,1,1,AL,25.0,67.0,media_vs_baixa,baixa,media,92,True,25,
2022,meia-idade,1,1,AM,16.0,67.0,media_vs_baixa,baixa,media,83,False,16,
2022,meia-idade,1,1,AP,1.0,16.0,media_vs_baixa,baixa,media,17,False,1,
2022,meia-idade,1,1,BA,84.0,370.0,media_vs_baixa,baixa,media,454,True,84,
2022,meia-idade,1,1,CE,93.0,372.0,media_vs_baixa,baixa,media,465,True,93,
2022,meia-idade,1,1,DF,15.0,197.0,media_vs_baixa,baixa,media,212,False,15,
2022,meia-idade,1,1,ES,25.0,227.0,media_vs_baixa,baixa,media,252,True,25,
2022,meia-idade,1,1,GO,66.0,573.0,media_vs_baixa,baixa,media,639,True,66,
2022,meia-idade,1,1,MA,47.0,165.0,media_vs_baixa,baixa,media,212,True,47,
2022,meia-idade,1,1,MG,183.0,2059.0,media_vs_baixa,baixa,media,2242,True,183,
2022,meia-idade,1,1,MS,41.0,304.0,media_vs_baixa,baixa,media,345,True,41,
2022,meia-idade,1,1,MT,32.0,274.0,media_vs_baixa,baixa,media,306,True,32,
2022,meia-idade,1,1,PA,27.0,207.0,media_vs_baixa,baixa,media,234,True,27,
2022,meia-idade,1,1,PB,32.0,72.0,media_vs_baixa,baixa,media,104,True,32,
2022,meia-idade,1,1,PE,158.0,649.0,media_vs_baixa,baixa,media,807,True,158,
2022,meia-idade,1,1,PI,35.0,110.0,media_vs_baixa,baixa,media,145,True,35,
2022,meia-idade,1,1,PR,209.0,2622.0,media_vs_baixa,baixa,media,2831,True,209,
2022,meia-idade,1,1,RJ,126.0,1579.0,media_vs_baixa,baixa,media,1705,True,126,
2022,meia-idade,1,1,RN,62.0,168.0,media_vs_baixa,baixa,media,230,True,62,
2022,meia-idade,1,1,RO,13.0,113.0,media_vs_baixa,baixa,media,126,False,13,
2022,meia-idade,1,1,RR,1.0,16.0,media_vs_baixa,baixa,media,17,False,1,
2022,meia-idade,1,1,RS,160.0,2064.0,media_vs_baixa,baixa,media,2224,True,160,
2022,meia-idade,1,1,SC,102.0,1834.0,media_vs_baixa,baixa,media,1936,True,102,
2022,meia-idade,1,1,SE,23.0,87.0,media_vs_baixa,baixa,media,110,True,23,
2022,meia-idade,1,1,SP,419.0,6852.0,media_vs_baixa,baixa,media,7271,True,419,
2022,meia-idade,1,1,TO,12.0,84.0,media_vs_baixa,baixa,media,96,False,12,
2022,meia-idade,1,2,AC,4.0,5.0,media_vs_baixa,baixa,media,9,False,4,
2022,meia-idade,1,2,AL,22.0,64.0,media_vs_baixa,baixa,media,86,True,22,
2022,meia-idade,1,2,AM,11.0,72.0,media_vs_baixa,baixa,media,83,False,11,
2022,meia-idade,1,2,AP,3.0,11.0,media_vs_baixa,baixa,media,14,False,3,
2022,meia-idade,1,2,BA,59.0,329.0,media_vs_baixa,baixa,media,388,True,59,
2022,meia-idade,1,2,CE,62.0,364.0,media_vs_baixa,baixa,media,426,True,62,
2022,meia-idade,1,2,DF,10.0,165.0,media_vs_baixa,baixa,media,175,False,10,
2022,meia-idade,1,2,ES,26.0,133.0,media_vs_baixa,baixa,media,159,True,26,
2022,meia-idade,1,2,GO,58.0,363.0,media_vs_baixa,baixa,media,421,True,58,
2022,meia-idade,1,2,MA,46.0,136.0,media_vs_baixa,baixa,media,182,True,46,
2022,meia-idade,1,2,MG,144.0,1368.0,media_vs_baixa,baixa,media,1512,True,144,
2022,meia-idade,1,2,MS,28.0,189.0,media_vs_baixa,baixa,media,217,True,28,
2022,meia-idade,1,2,MT,16.0,159.0,media_vs_baixa,baixa,media,175,False,16,
2022,meia-idade,1,2,PA,20.0,158.0,media_vs_baixa,baixa,media,178,True,20,
2022,meia-idade,1,2,PB,26.0,81.0,media_vs_baixa,baixa,media,107,True,26,
2022,meia-idade,1,2,PE,120.0,520.0,media_vs_baixa,baixa,media,640,True,120,
2022,meia-idade,1,2,PI,32.0,87.0,media_vs_baixa,baixa,media,119,True,32,
2022,meia-idade,1,2,PR,180.0,1586.0,media_vs_baixa,baixa,media,1766,True,180,
2022,meia-idade,1,2,RJ,90.0,1449.0,media_vs_baixa,baixa,media,1539,True,90,
2022,meia-idade,1,2,RN,31.0,137.0,media_vs_baixa,baixa,media,168,True,31,
2022,meia-idade,1,2,RO,11.0,69.0,media_vs_baixa,baixa,media,80,False,11,
2022,meia-idade,1,2,RR,0.0,14.0,media_vs_baixa,baixa,media,14,False,0,
2022,meia-idade,1,2,RS,119.0,1373.0,media_vs_baixa,baixa,media,1492,True,119,
2022,meia-idade,1,2,SC,72.0,1201.0,media_vs_baixa,baixa,media,1273,True,72,
2022,meia-idade,1,2,SE,25.0,94.0,media_vs_baixa,baixa,media,119,True,25,
2022,meia-idade,1,2,SP,338.0,4649.0,media_vs_baixa,baixa,media,4987,True,338,
2022,meia-idade,1,2,TO,8.0,51.0,media_vs_baixa,baixa,media,59,False,8,
2022,meia-idade,2,1,AC,2.0,5.0,media_vs_baixa,baixa,media,7,False,2,
2022,meia-idade,2,1,AL,21.0,33.0,media_vs_baixa,baixa,media,54,True,21,
2022,meia-idade,2,1,AM,11.0,27.0,media_vs_baixa,baixa,media,38,False,11,
2022,meia-idade,2,1,AP,2.0,19.0,media_vs_baixa,baixa,media,21,False,2,
2022,meia-idade,2,1,BA,191.0,578.0,media_vs_baixa,baixa,media,769,True,191,
2022,meia-idade,2,1,CE,62.0,107.0,media_vs_baixa,baixa,media,169,True,62,
2022,meia-idade,2,1,DF,17.0,77.0,media_vs_baixa,baixa,media,94,False,17,
2022,meia-idade,2,1,ES,25.0,116.0,media_vs_baixa,baixa,media,141,True,25,
2022,meia-idade,2,1,GO,41.0,166.0,media_vs_baixa,baixa,media,207,True,41,
2022,meia-idade,2,1,MA,92.0,206.0,media_vs_baixa,baixa,media,298,True,92,
2022,meia-idade,2,1,MG,144.0,857.0,media_vs_baixa,baixa,media,1001,True,144,
2022,meia-idade,2,1,MS,13.0,46.0,media_vs_baixa,baixa,media,59,False,13,
2022,meia-idade,2,1,MT,29.0,80.0,media_vs_baixa,baixa,media,109,True,29,
2022,meia-idade,2,1,PA,35.0,133.0,media_vs_baixa,baixa,media,168,True,35,
2022,meia-idade,2,1,PB,10.0,22.0,media_vs_baixa,baixa,media,32,False,10,
2022,meia-idade,2,1,PE,97.0,275.0,media_vs_baixa,baixa,media,372,True,97,
2022,meia-idade,2,1,PI,51.0,94.0,media_vs_baixa,baixa,media,145,True,51,
2022,meia-idade,2,1,PR,28.0,208.0,media_vs_baixa,baixa,media,236,True,28,
2022,meia-idade,2,1,RJ,82.0,947.0,media_vs_baixa,baixa,media,1029,True,82,
2022,meia-idade,2,1,RN,29.0,38.0,media_vs_baixa,baixa,media,67,True,29,
2022,meia-idade,2,1,RO,9.0,27.0,media_vs_baixa,baixa,media,36,False,9,
2022,meia-idade,2,1,RR,1.0,7.0,media_vs_baixa,baixa,media,8,False,1,
2022,meia-idade,2,1,RS,30.0,252.0,media_vs_baixa,baixa,media,282,True,30,
2022,meia-idade,2,1,SC,12.0,90.0,media_vs_baixa,baixa,media,102,False,12,
2022,meia-idade,2,1,SE,37.0,77.0,media_vs_baixa,baixa,media,114,True,37,
2022,meia-idade,2,1,SP,99.0,1238.0,media_vs_baixa,baixa,media,1337,True,99,
2022,meia-idade,2,1,TO,28.0,45.0,media_vs_baixa,baixa,media,73,True,28,
2022,meia-idade,2,2,AC,0.0,1.0,media_vs_baixa,baixa,media,1,False,0,
2022,meia-idade,2,2,AL,13.0,23.0,media_vs_baixa,baixa,media,36,False,13,
2022,meia-idade,2,2,AM,4.0,18.0,media_vs_baixa,baixa,media,22,False,4,
2022,meia-idade,2,2,AP,0.0,10.0,media_vs_baixa,baixa,media,10,False,0,
2022,meia-idade,2,2,BA,118.0,345.0,media_vs_baixa,baixa,media,463,True,118,
2022,meia-idade,2,2,CE,22.0,67.0,media_vs_baixa,baixa,media,89,True,22,
2022,meia-idade,2,2,DF,11.0,62.0,media_vs_baixa,baixa,media,73,False,11,
2022,meia-idade,2,2,ES,10.0,65.0,media_vs_baixa,baixa,media,75,False,10,
2022,meia-idade,2,2,GO,27.0,81.0,media_vs_baixa,baixa,media,108,True,27,
2022,meia-idade,2,2,MA,37.0,108.0,media_vs_baixa,baixa,media,145,True,37,
2022,meia-idade,2,2,MG,78.0,535.0,media_vs_baixa,baixa,media,613,True,78,
2022,meia-idade,2,2,MS,7.0,23.0,media_vs_baixa,baixa,media,30,False,7,
2022,meia-idade,2,2,MT,9.0,57.0,media_vs_baixa,baixa,media,66,False,9,
2022,meia-idade,2,2,PA,20.0,71.0,media_vs_baixa,baixa,media,91,True,20,
2022,meia-idade,2,2,PB,10.0,16.0,media_vs_baixa,baixa,media,26,False,10,
2022,meia-idade,2,2,PE,32.0,143.0,media_vs_baixa,baixa,media,175,True,32,
2022,meia-idade,2,2,PI,25.0,50.0,media_vs_baixa,baixa,media,75,True,25,
2022,meia-idade,2,2,PR,14.0,128.0,media_vs_baixa,baixa,media,142,False,14,
2022,meia-idade,2,2,RJ,85.0,777.0,media_vs_baixa,baixa,media,862,True,85,
2022,meia-idade,2,2,RN,8.0,34.0,media_vs_baixa,baixa,media,42,False,8,
2022,meia-idade,2,2,RO,9.0,19.0,media_vs_baixa,baixa,media,28,False,9,
2022,meia-idade,2,2,RR,2.0,2.0,media_vs_baixa,baixa,media,4,False,2,
2022,meia-idade,2,2,RS,23.0,158.0,media_vs_baixa,baixa,media,181,True,23,
2022,meia-idade,2,2,SC,8.0,48.0,media_vs_baixa,baixa,media,56,False,8,
2022,meia-idade,2,2,SE,25.0,39.0,media_vs_baixa,baixa,media,64,True,25,
2022,meia-idade,2,2,SP,81.0,676.0,media_vs_baixa,baixa,media,757,True,81,
2022,meia-idade,2,2,TO,2.0,29.0,media_vs_baixa,baixa,media,31,False,2,
2022,meia-idade,3,1,AL,1.0,1.0,media_vs_baixa,baixa,media,2,False,1,
2022,meia-idade,3,1,AM,0.0,5.0,media_vs_baixa,baixa,media,5,False,0,
2022,meia-idade,3,1,BA,2.0,11.0,media_vs_baixa,baixa,media,13,False,2,
2022,meia-idade,3,1,CE,2.0,9.0,media_vs_baixa,baixa,media,11,False,2,
2022,meia-idade,3,1,DF,1.0,3.0,media_vs_baixa,baixa,media,4,False,1,
2022,meia-idade,3,1,ES,0.0,1.0,media_vs_baixa,baixa,media,1,False,0,
2022,meia-idade,3,1,GO,1.0,6.0,media_vs_baixa,baixa,media,7,False,1,
2022,meia-idade,3,1,MA,0.0,3.0,media_vs_baixa,baixa,media,3,False,0,
2022,meia-idade,3,1,MG,1.0,15.0,media_vs_baixa,baixa,media,16,False,1,
2022,meia-idade,3,1,MS,0.0,7.0,media_vs_baixa,baixa,media,7,False,0,
2022,meia-idade,3,1,MT,1.0,9.0,media_vs_baixa,baixa,media,10,False,1,
2022,meia-idade,3,1,PA,3.0,3.0,media_vs_baixa,baixa,media,6,False,3,
2022,meia-idade,3,1,PB,0.0,1.0,media_vs_baixa,baixa,media,1,False,0,
2022,meia-idade,3,1,PE,2.0,4.0,media_vs_baixa,baixa,media,6,False,2,
2022,meia-idade,3,1,PI,0.0,2.0,media_vs_baixa,baixa,media,2,False,0,
2022,meia-idade,3,1,PR,2.0,13.0,media_vs_baixa,baixa,media,15,False,2,
2022,meia-idade,3,1,RJ,0.0,5.0,media_vs_baixa,baixa,media,5,False,0,
2022,meia-idade,3,1,RN,1.0,2.0,media_vs_baixa,baixa,media,3,False,1,
2022,meia-idade,3,1,RO,0.0,2.0,media_vs_baixa,baixa,media,2,False,0,
2022,meia-idade,3,1,RS,1.0,2.0,media_vs_baixa,baixa,media,3,False,1,
2022,meia-idade,3,1,SP,4.0,78.0,media_vs_baixa,baixa,media,82,False,4,
2022,meia-idade,3,1,TO,2.0,4.0,media_vs_baixa,baixa,media,6,False,2,
2022,meia-idade,3,2,AM,0.0,2.0,media_vs_baixa,baixa,media,2,False,0,
2022,meia-idade,3,2,AP,0.0,2.0,media_vs_baixa,baixa,media,2,False,0,
2022,meia-idade,3,2,BA,0.0,3.0,media_vs_baixa,baixa,media,3,False,0,
2022,meia-idade,3,2,CE,2.0,2.0,media_vs_baixa,baixa,media,4,False,2,
2022,meia-idade,3,2,DF,0.0,4.0,media_vs_baixa,baixa,media,4,False,0,
2022,meia-idade,3,2,MA,0.0,3.0,media_vs_baixa,baixa,media,3,False,0,
2022,meia-idade,3,2,MG,2.0,8.0,media_vs_baixa,baixa,media,10,False,2,
2022,meia-idade,3,2,MS,0.0,2.0,media_vs_baixa,baixa,media,2,False,0,
2022,meia-idade,3,2,MT,1.0,3.0,media_vs_baixa,baixa,media,4,False,1,
2022,meia-idade,3,2,PA,2.0,1.0,media_vs_baixa,baixa,media,3,False,1,
2022,meia-idade,3,2,PB,0.0,2.0,media_vs_baixa,baixa,media,2,False,0,
2022,meia-idade,3,2,PE,0.0,2.0,media_vs_baixa,baixa,media,2,False,0,
2022,meia-idade,3,2,PI,0.0,2.0,media_vs_baixa,baixa,media,2,False,0,
2022,meia-idade,3,2,PR,0.0,15.0,media_vs_baixa,baixa,media,15,False,0,
2022,meia-idade,3,2,RJ,1.0,5.0,media_vs_baixa,baixa,media,6,False,1,
2022,meia-idade,3,2,RN,1.0,2.0,media_vs_baixa,baixa,media,3,False,1,
2022,meia-idade,3,2,RO,1.0,0.0,media_vs_baixa,baixa,media,1,False,0,
2022,meia-idade,3,2,RS,0.0,1.0,media_vs_baixa,baixa,media,1,False,0,
2022,meia-idade,3,2,SC,0.0,2.0,media_vs_baixa,baixa,media,2,False,0,
2022,meia-idade,3,2,SP,2.0,65.0,media_vs_baixa,baixa,media,67,False,2,
2022,meia-idade,3,2,TO,1.0,3.0,media_vs_baixa,baixa,media,4,False,1,
2022,meia-idade,4,0,DF,0.0,4.0,media_vs_baixa,baixa,media,4,False,0,
2022,meia-idade,4,0,ES,0.0,2.0,media_vs_baixa,baixa,media,2,False,0,
2022,meia-idade,4,0,PA,0.0,1.0,media_vs_baixa,baixa,media,1,False,0,
2022,meia-idade,4,1,AC,40.0,40.0,media_vs_baixa,baixa,media,80,True,40,
2022,meia-idade,4,1,AL,206.0,447.0,media_vs_baixa,baixa,media,653,True,206,
2022,meia-idade,4,1,AM,134.0,566.0,media_vs_baixa,baixa,media,700,True,134,
2022,meia-idade,4,1,AP,21.0,101.0,media_vs_baixa,baixa,media,122,True,21,
2022,meia-idade,4,1,BA,557.0,1900.0,media_vs_baixa,baixa,media,2457,True,557,
2022,meia-idade,4,1,CE,712.0,2041.0,media_vs_baixa,baixa,media,2753,True,712,
2022,meia-idade,4,1,DF,44.0,380.0,media_vs_baixa,baixa,media,424,True,44,
2022,meia-idade,4,1,ES,52.0,377.0,media_vs_baixa,baixa,media,429,True,52,
2022,meia-idade,4,1,GO,208.0,1071.0,media_vs_baixa,baixa,media,1279,True,208,
2022,meia-idade,4,1,MA,436.0,1076.0,media_vs_baixa,baixa,media,1512,True,436,
2022,meia-idade,4,1,MG,340.0,2602.0,media_vs_baixa,baixa,media,2942,True,340,
2022,meia-idade,4,1,MS,92.0,427.0,media_vs_baixa,baixa,media,519,True,92,
2022,meia-idade,4,1,MT,98.0,564.0,media_vs_baixa,baixa,media,662,True,98,
2022,meia-idade,4,1,PA,335.0,1319.0,media_vs_baixa,baixa,media,1654,True,335,
2022,meia-idade,4,1,PB,153.0,309.0,media_vs_baixa,baixa,media,462,True,153,
2022,meia-idade,4,1,PE,655.0,2242.0,media_vs_baixa,baixa,media,2897,True,655,
2022,meia-idade,4,1,PI,230.0,588.0,media_vs_baixa,baixa,media,818,True,230,
2022,meia-idade,4,1,PR,135.0,1012.0,media_vs_baixa,baixa,media,1147,True,135,
2022,meia-idade,4,1,RJ,148.0,1800.0,media_vs_baixa,baixa,media,1948,True,148,
2022,meia-idade,4,1,RN,137.0,339.0,media_vs_baixa,baixa,media,476,True,137,
2022,meia-idade,4,1,RO,55.0,252.0,media_vs_baixa,baixa,media,307,True,55,
2022,meia-idade,4,1,RR,13.0,84.0,media_vs_baixa,baixa,media,97,False,13,
2022,meia-idade,4,1,RS,29.0,238.0,media_vs_baixa,baixa,media,267,True,29,
2022,meia-idade,4,1,SC,22.0,184.0,media_vs_baixa,baixa,media,206,True,22,
2022,meia-idade,4,1,SE,140.0,477.0,media_vs_baixa,baixa,media,617,True,140,
2022,meia-idade,4,1,SP,348.0,3968.0,media_vs_baixa,baixa,media,4316,True,348,
2022,meia-idade,4,1,TO,85.0,290.0,media_vs_baixa,baixa,media,375,True,85,
2022,meia-idade,4,2,AC,21.0,26.0,media_vs_baixa,baixa,media,47,True,21,
2022,meia-idade,4,2,AL,136.0,209.0,media_vs_baixa,baixa,media,345,True,136,
2022,meia-idade,4,2,AM,87.0,311.0,media_vs_baixa,baixa,media,398,True,87,
2022,meia-idade,4,2,AP,14.0,57.0,media_vs_baixa,baixa,media,71,False,14,
2022,meia-idade,4,2,BA,334.0,1133.0,media_vs_baixa,baixa,media,1467,True,334,
2022,meia-idade,4,2,CE,336.0,1148.0,media_vs_baixa,baixa,media,1484,True,336,
2022,meia-idade,4,2,DF,17.0,221.0,media_vs_baixa,baixa,media,238,False,17,
2022,meia-idade,4,2,ES,43.0,206.0,media_vs_baixa,baixa,media,249,True,43,
2022,meia-idade,4,2,GO,99.0,514.0,media_vs_baixa,baixa,media,613,True,99,
2022,meia-idade,4,2,MA,261.0,669.0,media_vs_baixa,baixa,media,930,True,261,
2022,meia-idade,4,2,MG,223.0,1479.0,media_vs_baixa,baixa,media,1702,True,223,
2022,meia-idade,4,2,MS,56.0,243.0,media_vs_baixa,baixa,media,299,True,56,
2022,meia-idade,4,2,MT,36.0,279.0,media_vs_baixa,baixa,media,315,True,36,
2022,meia-idade,4,2,PA,175.0,775.0,media_vs_baixa,baixa,media,950,True,175,
2022,meia-idade,4,2,PB,68.0,200.0,media_vs_baixa,baixa,media,268,True,68,
2022,meia-idade,4,2,PE,397.0,1178.0,media_vs_baixa,baixa,media,1575,True,397,
2022,meia-idade,4,2,PI,135.0,354.0,media_vs_baixa,baixa,media,489,True,135,
2022,meia-idade,4,2,PR,108.0,536.0,media_vs_baixa,baixa,media,644,True,108,
2022,meia-idade,4,2,RJ,121.0,1406.0,media_vs_baixa,baixa,media,1527,True,121,
2022,meia-idade,4,2,RN,56.0,225.0,media_vs_baixa,baixa,media,281,True,56,
2022,meia-idade,4,2,RO,23.0,135.0,media_vs_baixa,baixa,media,158,True,23,
2022,meia-idade,4,2,RR,10.0,36.0,media_vs_baixa,baixa,media,46,False,10,
2022,meia-idade,4,2,RS,17.0,161.0,media_vs_baixa,baixa,media,178,False,17,
2022,meia-idade,4,2,SC,14.0,104.0,media_vs_baixa,baixa,media,118,False,14,
2022,meia-idade,4,2,SE,72.0,218.0,media_vs_baixa,baixa,media,290,True,72,
2022,meia-idade,4,2,SP,226.0,2241.0,media_vs_baixa,baixa,media,2467,True,226,
2022,meia-idade,4,2,TO,37.0,177.0,media_vs_baixa,baixa,media,214,True,37,
2022,meia-idade,5,1,AL,1.0,3.0,media_vs_baixa,baixa,media,4,False,1,
2022,meia-idade,5,1,AM,10.0,23.0,media_vs_baixa,baixa,media,33,False,10,
2022,meia-idade,5,1,AP,2.0,0.0,media_vs_baixa,baixa,media,2,False,0,
2022,meia-idade,5,1,BA,0.0,3.0,media_vs_baixa,baixa,media,3,False,0,
2022,meia-idade,5,1,CE,2.0,1.0,media_vs_baixa,baixa,media,3,False,1,
2022,meia-idade,5,1,GO,0.0,1.0,media_vs_baixa,baixa,media,1,False,0,
2022,meia-idade,5,1,MA,4.0,9.0,media_vs_baixa,baixa,media,13,False,4,
2022,meia-idade,5,1,MG,1.0,0.0,media_vs_baixa,baixa,media,1,False,0,
2022,meia-idade,5,1,MS,4.0,14.0,media_vs_baixa,baixa,media,18,False,4,
2022,meia-idade,5,1,MT,2.0,2.0,media_vs_baixa,baixa,media,4,False,2,
2022,meia-idade,5,1,PA,2.0,7.0,media_vs_baixa,baixa,media,9,False,2,
2022,meia-idade,5,1,PB,1.0,2.0,media_vs_baixa,baixa,media,3,False,1,
2022,meia-idade,5,1,PE,3.0,10.0,media_vs_baixa,baixa,media,13,False,3,
2022,meia-idade,5,1,PI,0.0,2.0,media_vs_baixa,baixa,media,2,False,0,
2022,meia-idade,5,1,PR,0.0,7.0,media_vs_baixa,baixa,media,7,False,0,
2022,meia-idade,5,1,RJ,0.0,4.0,media_vs_baixa,baixa,media,4,False,0,
2022,meia-idade,5,1,RN,1.0,1.0,media_vs_baixa,baixa,media,2,False,1,
2022,meia-idade,5,1,RO,0.0,1.0,media_vs_baixa,baixa,media,1,False,0,
2022,meia-idade,5,1,RR,4.0,6.0,media_vs_baixa,baixa,media,10,False,4,
2022,meia-idade,5,1,RS,2.0,5.0,media_vs_baixa,baixa,media,7,False,2,
2022,meia-idade,5,1,SC,1.0,2.0,media_vs_baixa,baixa,media,3,False,1,
2022,meia-idade,5,1,SP,0.0,7.0,media_vs_baixa,baixa,media,7,False,0,
2022,meia-idade,5,1,TO,0.0,2.0,media_vs_baixa,baixa,media,2,False,0,
2022,meia-idade,5,2,AC,1.0,0.0,media_vs_baixa,baixa,media,1,False,0,
2022,meia-idade,5,2,AL,0.0,3.0,media_vs_baixa,baixa,media,3,False,0,
2022,meia-idade,5,2,AM,13.0,10.0,media_vs_baixa,baixa,media,23,False,10,
2022,meia-idade,5,2,BA,1.0,8.0,media_vs_baixa,baixa,media,9,False,1,
2022,meia-idade,5,2,CE,2.0,3.0,media_vs_baixa,baixa,media,5,False,2,
2022,meia-idade,5,2,MA,4.0,3.0,media_vs_baixa,baixa,media,7,False,3,
2022,meia-idade,5,2,MG,0.0,3.0,media_vs_baixa,baixa,media,3,False,0,
2022,meia-idade,5,2,MS,8.0,14.0,media_vs_baixa,baixa,media,22,False,8,
2022,meia-idade,5,2,MT,3.0,4.0,media_vs_baixa,baixa,media,7,False,3,
2022,meia-idade,5,2,PA,2.0,2.0,media_vs_baixa,baixa,media,4,False,2,
2022,meia-idade,5,2,PB,2.0,0.0,media_vs_baixa,baixa,media,2,False,0,
2022,meia-idade,5,2,PE,1.0,12.0,media_vs_baixa,baixa,media,13,False,1,
2022,meia-idade,5,2,PR,9.0,0.0,media_vs_baixa,baixa,media,9,False,0,
2022,meia-idade,5,2,RJ,1.0,3.0,media_vs_baixa,baixa,media,4,False,1,
2022,meia-idade,5,2,RN,0.0,1.0,media_vs_baixa,baixa,media,1,False,0,
2022,meia-idade,5,2,RO,3.0,0.0,media_vs_baixa,baixa,media,3,False,0,
2022,meia-idade,5,2,RR,1.0,14.0,media_vs_baixa,baixa,media,15,False,1,
2022,meia-idade,5,2,RS,0.0,4.0,media_vs_baixa,baixa,media,4,False,0,
2022,meia-idade,5,2,SC,1.0,4.0,media_vs_baixa,baixa,media,5,False,1,
2022,meia-idade,5,2,SP,0.0,5.0,media_vs_baixa,baixa,media,5,False,0,
2022,meia-idade,5,2,TO,1.0,0.0,media_vs_baixa,baixa,media,1,False,0,
2012,adulto,1,1,AC,2.0,,alta_vs_baixa,baixa,alta,5,False,2,3.0
2012,adulto,1,1,AL,31.0,,alta_vs_baixa,baixa,alta,39,False,8,8.0
2012,adulto,1,1,AM,8.0,,alta_vs_baixa,baixa,alta,52,False,8,44.0
2012,adulto,1,1,AP,1.0,,alta_vs_baixa,baixa,alta,6,False,1,5.0
2012,adulto,1,1,BA,35.0,,alta_vs_baixa,baixa,alta,95,True,35,60.0
2012,adulto,1,1,CE,40.0,,alta_vs_baixa,baixa,alta,111,True,40,71.0
2012,adulto,1,1,DF,8.0,,alta_vs_baixa,baixa,alta,58,False,8,50.0
2012,adulto,1,1,ES,45.0,,alta_vs_baixa,baixa,alta,94,True,45,49.0
2012,adulto,1,1,GO,36.0,,alta_vs_baixa,baixa,alta,179,True,36,143.0
2012,adulto,1,1,MA,28.0,,alta_vs_baixa,baixa,alta,126,True,28,98.0
2012,adulto,1,1,MG,135.0,,alta_vs_baixa,baixa,alta,556,True,135,421.0
2012,adulto,1,1,MS,19.0,,alta_vs_baixa,baixa,alta,140,False,19,121.0
2012,adulto,1,1,MT,14.0,,alta_vs_baixa,baixa,alta,112,False,14,98.0
2012,adulto,1,1,PA,17.0,,alta_vs_baixa,baixa,alta,84,False,17,67.0
2012,adulto,1,1,PB,16.0,,alta_vs_baixa,baixa,alta,33,False,16,17.0
2012,adulto,1,1,PE,76.0,,alta_vs_baixa,baixa,alta,174,True,76,98.0
2012,adulto,1,1,PI,21.0,,alta_vs_baixa,baixa,alta,60,True,21,39.0
2012,adulto,1,1,PR,128.0,,alta_vs_baixa,baixa,alta,1234,True,128,1106.0
2012,adulto,1,1,RJ,93.0,,alta_vs_baixa,baixa,alta,541,True,93,448.0
2012,adulto,1,1,RN,45.0,,alta_vs_baixa,baixa,alta,74,True,29,29.0
2012,adulto,1,1,RO,4.0,,alta_vs_baixa,baixa,alta,26,False,4,22.0
2012,adulto,1,1,RR,1.0,,alta_vs_baixa,baixa,alta,8,False,1,7.0
2012,adulto,1,1,RS,163.0,,alta_vs_baixa,baixa,alta,668,True,163,505.0
2012,adulto,1,1,SC,48.0,,alta_vs_baixa,baixa,alta,611,True,48,563.0
2012,adulto,1,1,SE,13.0,,alta_vs_baixa,baixa,alta,52,False,13,39.0
2012,adulto,1,1,SP,662.0,,alta_vs_baixa,baixa,alta,2676,True,662,2014.0
2012,adulto,1,1,TO,7.0,,alta_vs_baixa,baixa,alta,37,False,7,30.0
2012,adulto,1,2,AL,11.0,,alta_vs_baixa,baixa,alta,16,False,5,5.0
2012,adulto,1,2,AM,4.0,,alta_vs_baixa,baixa,alta,55,False,4,51.0
2012,adulto,1,2,AP,0.0,,alta_vs_baixa,baixa,alta,4,False,0,4.0
2012,adulto,1,2,BA,26.0,,alta_vs_baixa,baixa,alta,76,True,26,50.0
2012,adulto,1,2,CE,16.0,,alta_vs_baixa,baixa,alta,78,False,16,62.0
2012,adulto,1,2,DF,6.0,,alta_vs_baixa,baixa,alta,45,False,6,39.0
2012,adulto,1,2,ES,11.0,,alta_vs_baixa,baixa,alta,50,False,11,39.0
2012,adulto,1,2,GO,27.0,,alta_vs_baixa,baixa,alta,113,True,27,86.0
2012,adulto,1,2,MA,10.0,,alta_vs_baixa,baixa,alta,68,False,10,58.0
2012,adulto,1,2,MG,69.0,,alta_vs_baixa,baixa,alta,295,True,69,226.0
2012,adulto,1,2,MS,17.0,,alta_vs_baixa,baixa,alta,88,False,17,71.0
2012,adulto,1,2,MT,8.0,,alta_vs_baixa,baixa,alta,57,False,8,49.0
2012,adulto,1,2,PA,8.0,,alta_vs_baixa,baixa,alta,60,False,8,52.0
2012,adulto,1,2,PB,4.0,,alta_vs_baixa,baixa,alta,18,False,4,14.0
2012,adulto,1,2,PE,36.0,,alta_vs_baixa,baixa,alta,121,True,36,85.0
2012,adulto,1,2,PI,7.0,,alta_vs_baixa,baixa,alta,31,False,7,24.0
2012,adulto,1,2,PR,71.0,,alta_vs_baixa,baixa,alta,482,True,71,411.0
2012,adulto,1,2,RJ,47.0,,alta_vs_baixa,baixa,alta,358,True,47,311.0
2012,adulto,1,2,RN,16.0,,alta_vs_baixa,baixa,alta,44,False,16,28.0
2012,adulto,1,2,RO,2.0,,alta_vs_baixa,baixa,alta,14,False,2,12.0
2012,adulto,1,2,RR,0.0,,alta_vs_baixa,baixa,alta,3,False,0,3.0
2012,adulto,1,2,RS,79.0,,alta_vs_baixa,baixa,alta,348,True,79,269.0
2012,adulto,1,2,SC,33.0,,alta_vs_baixa,baixa,alta,322,True,33,289.0
2012,adulto,1,2,SE,5.0,,alta_vs_baixa,baixa,alta,24,False,5,19.0
2012,adulto,1,2,SP,202.0,,alta_vs_baixa,baixa,alta,1253,True,202,1051.0
2012,adulto,1,2,TO,3.0,,alta_vs_baixa,baixa,alta,16,False,3,13.0
2012,adulto,2,1,AC,3.0,,alta_vs_baixa,baixa,alta,3,False,0,0.0
2012,adulto,2,1,AL,13.0,,alta_vs_baixa,baixa,alta,14,False,1,1.0
2012,adulto,2,1,AM,2.0,,alta_vs_baixa,baixa,alta,12,False,2,10.0
2012,adulto,2,1,BA,97.0,,alta_vs_baixa,baixa,alta,137,True,40,40.0
2012,adulto,2,1,CE,17.0,,alta_vs_baixa,baixa,alta,24,False,7,7.0
2012,adulto,2,1,DF,4.0,,alta_vs_baixa,baixa,alta,14,False,4,10.0
2012,adulto,2,1,ES,13.0,,alta_vs_baixa,baixa,alta,25,False,12,12.0
2012,adulto,2,1,GO,27.0,,alta_vs_baixa,baixa,alta,50,True,23,23.0
2012,adulto,2,1,MA,41.0,,alta_vs_baixa,baixa,alta,97,True,41,56.0
2012,adulto,2,1,MG,65.0,,alta_vs_baixa,baixa,alta,162,True,65,97.0
2012,adulto,2,1,MS,8.0,,alta_vs_baixa,baixa,alta,19,False,8,11.0
2012,adulto,2,1,MT,14.0,,alta_vs_baixa,baixa,alta,39,False,14,25.0
2012,adulto,2,1,PA,16.0,,alta_vs_baixa,baixa,alta,55,False,16,39.0
2012,adulto,2,1,PB,5.0,,alta_vs_baixa,baixa,alta,5,False,0,0.0
2012,adulto,2,1,PE,42.0,,alta_vs_baixa,baixa,alta,63,True,21,21.0
2012,adulto,2,1,PI,20.0,,alta_vs_baixa,baixa,alta,36,False,16,16.0
2012,adulto,2,1,PR,7.0,,alta_vs_baixa,baixa,alta,52,False,7,45.0
2012,adulto,2,1,RJ,55.0,,alta_vs_baixa,baixa,alta,227,True,55,172.0
2012,adulto,2,1,RN,13.0,,alta_vs_baixa,baixa,alta,16,False,3,3.0
2012,adulto,2,1,RO,2.0,,alta_vs_baixa,baixa,alta,10,False,2,8.0
2012,adulto,2,1,RR,0.0,,alta_vs_baixa,baixa,alta,2,False,0,2.0
2012,adulto,2,1,RS,22.0,,alta_vs_baixa,baixa,alta,64,True,22,42.0
2012,adulto,2,1,SC,4.0,,alta_vs_baixa,baixa,alta,30,False,4,26.0
2012,adulto,2,1,SE,18.0,,alta_vs_baixa,baixa,alta,26,False,8,8.0
2012,adulto,2,1,SP,64.0,,alta_vs_baixa,baixa,alta,277,True,64,213.0
2012,adulto,2,1,TO,14.0,,alta_vs_baixa,baixa,alta,16,False,2,2.0
2012,adulto,2,2,AC,2.0,,alta_vs_baixa,baixa,alta,2,False,0,0.0
2012,adulto,2,2,AL,3.0,,alta_vs_baixa,baixa,alta,4,False,1,1.0
2012,adulto,2,2,AM,4.0,,alta_vs_baixa,baixa,alta,6,False,2,2.0
2012,adulto,2,2,AP,1.0,,alta_vs_baixa,baixa,alta,1,False,0,0.0
2012,adulto,2,2,BA,27.0,,alta_vs_baixa,baixa,alta,55,True,27,28.0
2012,adulto,2,2,CE,7.0,,alta_vs_baixa,baixa,alta,10,False,3,3.0
2012,adulto,2,2,DF,0.0,,alta_vs_baixa,baixa,alta,5,False,0,5.0
2012,adulto,2,2,ES,4.0,,alta_vs_baixa,baixa,alta,13,False,4,9.0
2012,adulto,2,2,GO,8.0,,alta_vs_baixa,baixa,alta,17,False,8,9.0
2012,adulto,2,2,MA,9.0,,alta_vs_baixa,baixa,alta,31,False,9,22.0
2012,adulto,2,2,MG,27.0,,alta_vs_baixa,baixa,alta,71,True,27,44.0
2012,adulto,2,2,MS,3.0,,alta_vs_baixa,baixa,alta,10,False,3,7.0
2012,adulto,2,2,MT,4.0,,alta_vs_baixa,baixa,alta,13,False,4,9.0
2012,adulto,2,2,PA,6.0,,alta_vs_baixa,baixa,alta,26,False,6,20.0
2012,adulto,2,2,PB,0.0,,alta_vs_baixa,baixa,alta,3,False,0,3.0
2012,adulto,2,2,PE,11.0,,alta_vs_baixa,baixa,alta,24,False,11,13.0
2012,adulto,2,2,PI,6.0,,alta_vs_baixa,baixa,alta,9,False,3,3.0
2012,adulto,2,2,PR,9.0,,alta_vs_baixa,baixa,alta,28,False,9,19.0
2012,adulto,2,2,RJ,39.0,,alta_vs_baixa,baixa,alta,156,True,39,117.0
2012,adulto,2,2,RN,4.0,,alta_vs_baixa,baixa,alta,7,False,3,3.0
2012,adulto,2,2,RO,0.0,,alta_vs_baixa,baixa,alta,4,False,0,4.0
2012,adulto,2,2,RR,0.0,,alta_vs_baixa,baixa,alta,1,False,0,1.0
2012,adulto,2,2,RS,17.0,,alta_vs_baixa,baixa,alta,41,False,17,24.0
2012,adulto,2,2,SC,1.0,,alta_vs_baixa,baixa,alta,9,False,1,8.0
2012,adulto,2,2,SE,6.0,,alta_vs_baixa,baixa,alta,12,False,6,6.0
2012,adulto,2,2,SP,30.0,,alta_vs_baixa,baixa,alta,121,True,30,91.0
2012,adulto,2,2,TO,6.0,,alta_vs_baixa,baixa,alta,11,False,5,5.0
2012,adulto,3,1,AC,0.0,,alta_vs_baixa,baixa,alta,1,False,0,1.0
2012,adulto,3,1,AL,2.0,,alta_vs_baixa,baixa,alta,2,False,0,0.0
2012,adulto,3,1,BA,1.0,,alta_vs_baixa,baixa,alta,1,False,0,0.0
2012,adulto,3,1,DF,0.0,,alta_vs_baixa,baixa,alta,1,False,0,1.0
2012,adulto,3,1,MA,0.0,,alta_vs_baixa,baixa,alta,1,False,0,1.0
2012,adulto,3,1,MG,1.0,,alta_vs_baixa,baixa,alta,2,False,1,1.0
2012,adulto,3,1,MS,1.0,,alta_vs_baixa,baixa,alta,1,False,0,0.0
2012,adulto,3,1,MT,1.0,,alta_vs_baixa,baixa,alta,2,False,1,1.0
2012,adulto,3,1,PA,0.0,,alta_vs_baixa,baixa,alta,2,False,0,2.0
2012,adulto,3,1,PR,0.0,,alta_vs_baixa,baixa,alta,4,False,0,4.0
2012,adulto,3,1,RJ,0.0,,alta_vs_baixa,baixa,alta,1,False,0,1.0
2012,adulto,3,1,RN,2.0,,alta_vs_baixa,baixa,alta,2,False,0,0.0
2012,adulto,3,1,RO,1.0,,alta_vs_baixa,baixa,alta,1,False,0,0.0
2012,adulto,3,1,SP,6.0,,alta_vs_baixa,baixa,alta,23,False,6,17.0
2012,adulto,3,2,AM,1.0,,alta_vs_baixa,baixa,alta,1,False,0,0.0
2012,adulto,3,2,BA,1.0,,alta_vs_baixa,baixa,alta,1,False,0,0.0
2012,adulto,3,2,MG,2.0,,alta_vs_baixa,baixa,alta,2,False,0,0.0
2012,adulto,3,2,MS,0.0,,alta_vs_baixa,baixa,alta,1,False,0,1.0
2012,adulto,3,2,MT,0.0,,alta_vs_baixa,baixa,alta,1,False,0,1.0
2012,adulto,3,2,PA,0.0,,alta_vs_baixa,baixa,alta,1,False,0,1.0
2012,adulto,3,2,PE,0.0,,alta_vs_baixa,baixa,alta,2,False,0,2.0
2012,adulto,3,2,PR,0.0,,alta_vs_baixa,baixa,alta,5,False,0,5.0
2012,adulto,3,2,RS,0.0,,alta_vs_baixa,baixa,alta,1,False,0,1.0
2012,adulto,3,2,SP,2.0,,alta_vs_baixa,baixa,alta,10,False,2,8.0
2012,adulto,4,1,AC,9.0,,alta_vs_baixa,baixa,alta,15,False,6,6.0
2012,adulto,4,1,AL,460.0,,alta_vs_baixa,baixa,alta,553,True,93,93.0
2012,adulto,4,1,AM,68.0,,alta_vs_baixa,baixa,alta,374,True,68,306.0
2012,adulto,4,1,AP,4.0,,alta_vs_baixa,baixa,alta,28,False,4,24.0
2012,adulto,4,1,BA,337.0,,alta_vs_baixa,baixa,alta,590,True,253,253.0
2012,adulto,4,1,CE,274.0,,alta_vs_baixa,baixa,alta,512,True,238,238.0
2012,adulto,4,1,DF,36.0,,alta_vs_baixa,baixa,alta,167,True,36,131.0
2012,adulto,4,1,ES,77.0,,alta_vs_baixa,baixa,alta,206,True,77,129.0
2012,adulto,4,1,GO,115.0,,alta_vs_baixa,baixa,alta,422,True,115,307.0
2012,adulto,4,1,MA,242.0,,alta_vs_baixa,baixa,alta,576,True,242,334.0
2012,adulto,4,1,MG,195.0,,alta_vs_baixa,baixa,alta,678,True,195,483.0
2012,adulto,4,1,MS,32.0,,alta_vs_baixa,baixa,alta,160,True,32,128.0
2012,adulto,4,1,MT,50.0,,alta_vs_baixa,baixa,alta,295,True,50,245.0
2012,adulto,4,1,PA,145.0,,alta_vs_baixa,baixa,alta,640,True,145,495.0
2012,adulto,4,1,PB,147.0,,alta_vs_baixa,baixa,alta,199,True,52,52.0
2012,adulto,4,1,PE,323.0,,alta_vs_baixa,baixa,alta,773,True,323,450.0
2012,adulto,4,1,PI,144.0,,alta_vs_baixa,baixa,alta,265,True,121,121.0
2012,adulto,4,1,PR,39.0,,alta_vs_baixa,baixa,alta,230,True,39,191.0
2012,adulto,4,1,RJ,100.0,,alta_vs_baixa,baixa,alta,535,True,100,435.0
2012,adulto,4,1,RN,185.0,,alta_vs_baixa,baixa,alta,223,True,38,38.0
2012,adulto,4,1,RO,13.0,,alta_vs_baixa,baixa,alta,42,False,13,29.0
2012,adulto,4,1,RR,5.0,,alta_vs_baixa,baixa,alta,32,False,5,27.0
2012,adulto,4,1,RS,18.0,,alta_vs_baixa,baixa,alta,48,False,18,30.0
2012,adulto,4,1,SC,4.0,,alta_vs_baixa,baixa,alta,33,False,4,29.0
2012,adulto,4,1,SE,95.0,,alta_vs_baixa,baixa,alta,253,True,95,158.0
2012,adulto,4,1,SP,287.0,,alta_vs_baixa,baixa,alta,1161,True,287,874.0
2012,adulto,4,1,TO,40.0,,alta_vs_baixa,baixa,alta,109,True,40,69.0
2012,adulto,4,2,AC,4.0,,alta_vs_baixa,baixa,alta,9,False,4,5.0
2012,adulto,4,2,AL,52.0,,alta_vs_baixa,baixa,alta,84,True,32,32.0
2012,adulto,4,2,AM,24.0,,alta_vs_baixa,baixa,alta,157,True,24,133.0
2012,adulto,4,2,AP,5.0,,alta_vs_baixa,baixa,alta,14,False,5,9.0
2012,adulto,4,2,BA,93.0,,alta_vs_baixa,baixa,alta,253,True,93,160.0
2012,adulto,4,2,CE,69.0,,alta_vs_baixa,baixa,alta,210,True,69,141.0
2012,adulto,4,2,DF,12.0,,alta_vs_baixa,baixa,alta,70,False,12,58.0
2012,adulto,4,2,ES,19.0,,alta_vs_baixa,baixa,alta,66,False,19,47.0
2012,adulto,4,2,GO,42.0,,alta_vs_baixa,baixa,alta,131,True,42,89.0
2012,adulto,4,2,MA,74.0,,alta_vs_baixa,baixa,alta,214,True,74,140.0
2012,adulto,4,2,MG,77.0,,alta_vs_baixa,baixa,alta,302,True,77,225.0
2012,adulto,4,2,MS,13.0,,alta_vs_baixa,baixa,alta,81,False,13,68.0
2012,adulto,4,2,MT,16.0,,alta_vs_baixa,baixa,alta,122,False,16,106.0
2012,adulto,4,2,PA,58.0,,alta_vs_baixa,baixa,alta,315,True,58,257.0
2012,adulto,4,2,PB,30.0,,alta_vs_baixa,baixa,alta,56,True,26,26.0
2012,adulto,4,2,PE,119.0,,alta_vs_baixa,baixa,alta,304,True,119,185.0
2012,adulto,4,2,PI,36.0,,alta_vs_baixa,baixa,alta,96,True,36,60.0
2012,adulto,4,2,PR,30.0,,alta_vs_baixa,baixa,alta,101,True,30,71.0
2012,adulto,4,2,RJ,61.0,,alta_vs_baixa,baixa,alta,302,True,61,241.0
2012,adulto,4,2,RN,28.0,,alta_vs_baixa,baixa,alta,51,True,23,23.0
2012,adulto,4,2,RO,6.0,,alta_vs_baixa,baixa,alta,26,False,6,20.0
2012,adulto,4,2,RR,3.0,,alta_vs_baixa,baixa,alta,20,False,3,17.0
2012,adulto,4,2,RS,7.0,,alta_vs_baixa,baixa,alta,20,False,7,13.0
2012,adulto,4,2,SC,1.0,,alta_vs_baixa,baixa,alta,13,False,1,12.0
2012,adulto,4,2,SE,29.0,,alta_vs_baixa,baixa,alta,96,True,29,67.0
2012,adulto,4,2,SP,93.0,,alta_vs_baixa,baixa,alta,510,True,93,417.0
2012,adulto,4,2,TO,9.0,,alta_vs_baixa,baixa,alta,51,False,9,42.0
2012,adulto,5,1,AC,1.0,,alta_vs_baixa,baixa,alta,1,False,0,0.0
2012,adulto,5,1,AM,5.0,,alta_vs_baixa,baixa,alta,12,False,5,7.0
2012,adulto,5,1,BA,2.0,,alta_vs_baixa,baixa,alta,4,False,2,2.0
2012,adulto,5,1,CE,1.0,,alta_vs_baixa,baixa,alta,2,False,1,1.0
2012,adulto,5,1,GO,1.0,,alta_vs_baixa,baixa,alta,2,False,1,1.0
2012,adulto,5,1,MA,0.0,,alta_vs_baixa,baixa,alta,3,False,0,3.0
2012,adulto,5,1,MG,1.0,,alta_vs_baixa,baixa,alta,1,False,0,0.0
2012,adulto,5,1,MS,7.0,,alta_vs_baixa,baixa,alta,9,False,2,2.0
2012,adulto,5,1,MT,0.0,,alta_vs_baixa,baixa,alta,3,False,0,3.0
2012,adulto,5,1,PA,0.0,,alta_vs_baixa,baixa,alta,1,False,0,1.0
2012,adulto,5,1,PB,3.0,,alta_vs_baixa,baixa,alta,3,False,0,0.0
2012,adulto,5,1,PE,1.0,,alta_vs_baixa,baixa,alta,3,False,1,2.0
2012,adulto,5,1,PR,1.0,,alta_vs_baixa,baixa,alta,3,False,1,2.0
2012,adulto,5,1,RJ,1.0,,alta_vs_baixa,baixa,alta,2,False,1,1.0
2012,adulto,5,1,RO,1.0,,alta_vs_baixa,baixa,alta,1,False,0,0.0
2012,adulto,5,1,RR,1.0,,alta_vs_baixa,baixa,alta,5,False,1,4.0
2012,adulto,5,1,RS,1.0,,alta_vs_baixa,baixa,alta,1,False,0,0.0
2012,adulto,5,1,SP,1.0,,alta_vs_baixa,baixa,alta,2,False,1,1.0
2012,adulto,5,1,TO,0.0,,alta_vs_baixa,baixa,alta,1,False,0,1.0
2012,adulto,5,2,AM,8.0,,alta_vs_baixa,baixa,alta,11,False,3,3.0
2012,adulto,5,2,BA,1.0,,alta_vs_baixa,baixa,alta,1,False,0,0.0
2012,adulto,5,2,MA,1.0,,alta_vs_baixa,baixa,alta,1,False,0,0.0
2012,adulto,5,2,MG,0.0,,alta_vs_baixa,baixa,alta,1,False,0,1.0
2012,adulto,5,2,MS,3.0,,alta_vs_baixa,baixa,alta,4,False,1,1.0
2012,adulto,5,2,MT,2.0,,alta_vs_baixa,baixa,alta,4,False,2,2.0
2012,adulto,5,2,PA,1.0,,alta_vs_baixa,baixa,alta,1,False,0,0.0
2012,adulto,5,2,PE,1.0,,alta_vs_baixa,baixa,alta,1,False,0,0.0
2012,adulto,5,2,PR,1.0,,alta_vs_baixa,baixa,alta,2,False,1,1.0
2012,adulto,5,2,RR,0.0,,alta_vs_baixa,baixa,alta,1,False,0,1.0
2012,adulto,5,2,RS,2.0,,alta_vs_baixa,baixa,alta,2,False,0,0.0
2012,adulto,5,2,SC,0.0,,alta_vs_baixa,baixa,alta,1,False,0,1.0
2012,idoso,1,1,AC,4.0,,alta_vs_baixa,baixa,alta,5,False,1,1.0
2012,idoso,1,1,AL,80.0,,alta_vs_baixa,baixa,alta,108,True,28,28.0
2012,idoso,1,1,AM,40.0,,alta_vs_baixa,baixa,alta,106,True,40,66.0
2012,idoso,1,1,AP,3.0,,alta_vs_baixa,baixa,alta,7,False,3,4.0
2012,idoso,1,1,BA,222.0,,alta_vs_baixa,baixa,alta,306,True,84,84.0
2012,idoso,1,1,CE,237.0,,alta_vs_baixa,baixa,alta,377,True,140,140.0
2012,idoso,1,1,DF,53.0,,alta_vs_baixa,baixa,alta,189,True,53,136.0
2012,idoso,1,1,ES,165.0,,alta_vs_baixa,baixa,alta,268,True,103,103.0
2012,idoso,1,1,GO,267.0,,alta_vs_baixa,baixa,alta,410,True,143,143.0
2012,idoso,1,1,MA,165.0,,alta_vs_baixa,baixa,alta,238,True,73,73.0
2012,idoso,1,1,MG,769.0,,alta_vs_baixa,baixa,alta,1398,True,629,629.0
2012,idoso,1,1,MS,142.0,,alta_vs_baixa,baixa,alta,347,True,142,205.0
2012,idoso,1,1,MT,115.0,,alta_vs_baixa,baixa,alta,204,True,89,89.0
2012,idoso,1,1,PA,111.0,,alta_vs_baixa,baixa,alta,255,True,111,144.0
2012,idoso,1,1,PB,90.0,,alta_vs_baixa,baixa,alta,127,True,37,37.0
2012,idoso,1,1,PE,427.0,,alta_vs_baixa,baixa,alta,678,True,251,251.0
2012,idoso,1,1,PI,107.0,,alta_vs_baixa,baixa,alta,131,True,24,24.0
2012,idoso,1,1,PR,912.0,,alta_vs_baixa,baixa,alta,1854,True,912,942.0
2012,idoso,1,1,RJ,900.0,,alta_vs_baixa,baixa,alta,2424,True,900,1524.0
2012,idoso,1,1,RN,165.0,,alta_vs_baixa,baixa,alta,194,True,29,29.0
2012,idoso,1,1,RO,51.0,,alta_vs_baixa,baixa,alta,63,False,12,12.0
2012,idoso,1,1,RR,13.0,,alta_vs_baixa,baixa,alta,21,False,8,8.0
2012,idoso,1,1,RS,927.0,,alta_vs_baixa,baixa,alta,1903,True,927,976.0
2012,idoso,1,1,SC,279.0,,alta_vs_baixa,baixa,alta,915,True,279,636.0
2012,idoso,1,1,SE,60.0,,alta_vs_baixa,baixa,alta,109,True,49,49.0
2012,idoso,1,1,SP,3125.0,,alta_vs_baixa,baixa,alta,6528,True,3125,3403.0
2012,idoso,1,1,TO,40.0,,alta_vs_baixa,baixa,alta,54,False,14,14.0
2012,idoso,1,2,AC,8.0,,alta_vs_baixa,baixa,alta,10,False,2,2.0
2012,idoso,1,2,AL,111.0,,alta_vs_baixa,baixa,alta,144,True,33,33.0
2012,idoso,1,2,AM,24.0,,alta_vs_baixa,baixa,alta,63,True,24,39.0
2012,idoso,1,2,AP,8.0,,alta_vs_baixa,baixa,alta,17,False,8,9.0
2012,idoso,1,2,BA,273.0,,alta_vs_baixa,baixa,alta,350,True,77,77.0
2012,idoso,1,2,CE,281.0,,alta_vs_baixa,baixa,alta,398,True,117,117.0
2012,idoso,1,2,DF,68.0,,alta_vs_baixa,baixa,alta,169,True,68,101.0
2012,idoso,1,2,ES,166.0,,alta_vs_baixa,baixa,alta,223,True,57,57.0
2012,idoso,1,2,GO,313.0,,alta_vs_baixa,baixa,alta,407,True,94,94.0
2012,idoso,1,2,MA,204.0,,alta_vs_baixa,baixa,alta,273,True,69,69.0
2012,idoso,1,2,MG,903.0,,alta_vs_baixa,baixa,alta,1321,True,418,418.0
2012,idoso,1,2,MS,147.0,,alta_vs_baixa,baixa,alta,256,True,109,109.0
2012,idoso,1,2,MT,113.0,,alta_vs_baixa,baixa,alta,176,True,63,63.0
2012,idoso,1,2,PA,98.0,,alta_vs_baixa,baixa,alta,202,True,98,104.0
2012,idoso,1,2,PB,104.0,,alta_vs_baixa,baixa,alta,143,True,39,39.0
2012,idoso,1,2,PE,562.0,,alta_vs_baixa,baixa,alta,765,True,203,203.0
2012,idoso,1,2,PI,114.0,,alta_vs_baixa,baixa,alta,149,True,35,35.0
2012,idoso,1,2,PR,1255.0,,alta_vs_baixa,baixa,alta,1758,True,503,503.0
2012,idoso,1,2,RJ,1021.0,,alta_vs_baixa,baixa,alta,2170,True,1021,1149.0
2012,idoso,1,2,RN,143.0,,alta_vs_baixa,baixa,alta,186,True,43,43.0
2012,idoso,1,2,RO,40.0,,alta_vs_baixa,baixa,alta,49,False,9,9.0
2012,idoso,1,2,RR,7.0,,alta_vs_baixa,baixa,alta,11,False,4,4.0
2012,idoso,1,2,RS,871.0,,alta_vs_baixa,baixa,alta,1474,True,603,603.0
2012,idoso,1,2,SC,327.0,,alta_vs_baixa,baixa,alta,673,True,327,346.0
2012,idoso,1,2,SE,89.0,,alta_vs_baixa,baixa,alta,124,True,35,35.0
2012,idoso,1,2,SP,3337.0,,alta_vs_baixa,baixa,alta,5204,True,1867,1867.0
2012,idoso,1,2,TO,37.0,,alta_vs_baixa,baixa,alta,49,False,12,12.0
2012,idoso,2,0,AL,1.0,,alta_vs_baixa,baixa,alta,1,False,0,0.0
2012,idoso,2,1,AC,1.0,,alta_vs_baixa,baixa,alta,1,False,0,0.0
2012,idoso,2,1,AL,46.0,,alta_vs_baixa,baixa,alta,52,False,6,6.0
2012,idoso,2,1,AM,15.0,,alta_vs_baixa,baixa,alta,23,False,8,8.0
2012,idoso,2,1,AP,1.0,,alta_vs_baixa,baixa,alta,1,False,0,0.0
2012,idoso,2,1,BA,280.0,,alta_vs_baixa,baixa,alta,302,True,22,22.0
2012,idoso,2,1,CE,84.0,,alta_vs_baixa,baixa,alta,94,False,10,10.0
2012,idoso,2,1,DF,18.0,,alta_vs_baixa,baixa,alta,28,False,10,10.0
2012,idoso,2,1,ES,76.0,,alta_vs_baixa,baixa,alta,84,False,8,8.0
2012,idoso,2,1,GO,87.0,,alta_vs_baixa,baixa,alta,98,False,11,11.0
2012,idoso,2,1,MA,206.0,,alta_vs_baixa,baixa,alta,228,True,22,22.0
2012,idoso,2,1,MG,302.0,,alta_vs_baixa,baixa,alta,365,True,63,63.0
2012,idoso,2,1,MS,37.0,,alta_vs_baixa,baixa,alta,50,False,13,13.0
2012,idoso,2,1,MT,56.0,,alta_vs_baixa,baixa,alta,63,False,7,7.0
2012,idoso,2,1,PA,94.0,,alta_vs_baixa,baixa,alta,113,False,19,19.0
2012,idoso,2,1,PB,19.0,,alta_vs_baixa,baixa,alta,19,False,0,0.0
2012,idoso,2,1,PE,152.0,,alta_vs_baixa,baixa,alta,176,True,24,24.0
2012,idoso,2,1,PI,121.0,,alta_vs_baixa,baixa,alta,128,False,7,7.0
2012,idoso,2,1,PR,94.0,,alta_vs_baixa,baixa,alta,124,True,30,30.0
2012,idoso,2,1,RJ,324.0,,alta_vs_baixa,baixa,alta,551,True,227,227.0
2012,idoso,2,1,RN,35.0,,alta_vs_baixa,baixa,alta,40,False,5,5.0
2012,idoso,2,1,RO,15.0,,alta_vs_baixa,baixa,alta,17,False,2,2.0
2012,idoso,2,1,RR,2.0,,alta_vs_baixa,baixa,alta,3,False,1,1.0
2012,idoso,2,1,RS,101.0,,alta_vs_baixa,baixa,alta,149,True,48,48.0
2012,idoso,2,1,SC,17.0,,alta_vs_baixa,baixa,alta,45,False,17,28.0
2012,idoso,2,1,SE,46.0,,alta_vs_baixa,baixa,alta,59,False,13,13.0
2012,idoso,2,1,SP,325.0,,alta_vs_baixa,baixa,alta,515,True,190,190.0
2012,idoso,2,1,TO,53.0,,alta_vs_baixa,baixa,alta,54,False,1,1.0
2012,idoso,2,2,AC,2.0,,alta_vs_baixa,baixa,alta,2,False,0,0.0
2012,idoso,2,2,AL,31.0,,alta_vs_baixa,baixa,alta,32,False,1,1.0
2012,idoso,2,2,AM,8.0,,alta_vs_baixa,baixa,alta,11,False,3,3.0
2012,idoso,2,2,AP,4.0,,alta_vs_baixa,baixa,alta,5,False,1,1.0
2012,idoso,2,2,BA,267.0,,alta_vs_baixa,baixa,alta,286,False,19,19.0
2012,idoso,2,2,CE,55.0,,alta_vs_baixa,baixa,alta,60,False,5,5.0
2012,idoso,2,2,DF,18.0,,alta_vs_baixa,baixa,alta,27,False,9,9.0
2012,idoso,2,2,ES,55.0,,alta_vs_baixa,baixa,alta,62,False,7,7.0
2012,idoso,2,2,GO,83.0,,alta_vs_baixa,baixa,alta,87,False,4,4.0
2012,idoso,2,2,MA,140.0,,alta_vs_baixa,baixa,alta,148,False,8,8.0
2012,idoso,2,2,MG,322.0,,alta_vs_baixa,baixa,alta,355,True,33,33.0
2012,idoso,2,2,MS,24.0,,alta_vs_baixa,baixa,alta,30,False,6,6.0
2012,idoso,2,2,MT,35.0,,alta_vs_baixa,baixa,alta,44,False,9,9.0
2012,idoso,2,2,PA,61.0,,alta_vs_baixa,baixa,alta,77,False,16,16.0
2012,idoso,2,2,PB,25.0,,alta_vs_baixa,baixa,alta,29,False,4,4.0
2012,idoso,2,2,PE,155.0,,alta_vs_baixa,baixa,alta,171,False,16,16.0
2012,idoso,2,2,PI,51.0,,alta_vs_baixa,baixa,alta,54,False,3,3.0
2012,idoso,2,2,PR,125.0,,alta_vs_baixa,baixa,alta,144,False,19,19.0
2012,idoso,2,2,RJ,535.0,,alta_vs_baixa,baixa,alta,687,True,152,152.0
2012,idoso,2,2,RN,32.0,,alta_vs_baixa,baixa,alta,32,False,0,0.0
2012,idoso,2,2,RO,9.0,,alta_vs_baixa,baixa,alta,10,False,1,1.0
2012,idoso,2,2,RR,2.0,,alta_vs_baixa,baixa,alta,2,False,0,0.0
2012,idoso,2,2,RS,100.0,,alta_vs_baixa,baixa,alta,132,True,32,32.0
2012,idoso,2,2,SC,19.0,,alta_vs_baixa,baixa,alta,23,False,4,4.0
2012,idoso,2,2,SE,39.0,,alta_vs_baixa,baixa,alta,46,False,7,7.0
2012,idoso,2,2,SP,403.0,,alta_vs_baixa,baixa,alta,511,True,108,108.0
2012,idoso,2,2,TO,28.0,,alta_vs_baixa,baixa,alta,28,False,0,0.0
2012,idoso,3,1,AL,0.0,,alta_vs_baixa,baixa,alta,1,False,0,1.0
2012,idoso,3,1,AM,1.0,,alta_vs_baixa,baixa,alta,2,False,1,1.0
2012,idoso,3,1,AP,0.0,,alta_vs_baixa,baixa,alta,1,False,0,1.0
2012,idoso,3,1,BA,3.0,,alta_vs_baixa,baixa,alta,3,False,0,0.0
2012,idoso,3,1,CE,3.0,,alta_vs_baixa,baixa,alta,4,False,1,1.0
2012,idoso,3,1,DF,2.0,,alta_vs_baixa,baixa,alta,5,False,2,3.0
2012,idoso,3,1,ES,3.0,,alta_vs_baixa,baixa,alta,3,False,0,0.0
2012,idoso,3,1,GO,4.0,,alta_vs_baixa,baixa,alta,5,False,1,1.0
2012,idoso,3,1,MA,6.0,,alta_vs_baixa,baixa,alta,6,False,0,0.0
2012,idoso,3,1,MG,5.0,,alta_vs_baixa,baixa,alta,9,False,4,4.0
2012,idoso,3,1,MS,0.0,,alta_vs_baixa,baixa,alta,8,False,0,8.0
2012,idoso,3,1,MT,2.0,,alta_vs_baixa,baixa,alta,4,False,2,2.0
2012,idoso,3,1,PA,4.0,,alta_vs_baixa,baixa,alta,8,False,4,4.0
2012,idoso,3,1,PB,1.0,,alta_vs_baixa,baixa,alta,2,False,1,1.0
2012,idoso,3,1,PE,3.0,,alta_vs_baixa,baixa,alta,3,False,0,0.0
2012,idoso,3,1,PI,3.0,,alta_vs_baixa,baixa,alta,3,False,0,0.0
2012,idoso,3,1,PR,5.0,,alta_vs_baixa,baixa,alta,27,False,5,22.0
2012,idoso,3,1,RJ,2.0,,alta_vs_baixa,baixa,alta,6,False,2,4.0
2012,idoso,3,1,RN,1.0,,alta_vs_baixa,baixa,alta,1,False,0,0.0
2012,idoso,3,1,RS,2.0,,alta_vs_baixa,baixa,alta,4,False,2,2.0
2012,idoso,3,1,SC,1.0,,alta_vs_baixa,baixa,alta,4,False,1,3.0
2012,idoso,3,1,SP,40.0,,alta_vs_baixa,baixa,alta,178,True,40,138.0
2012,idoso,3,1,TO,2.0,,alta_vs_baixa,baixa,alta,2,False,0,0.0
2012,idoso,3,2,AC,1.0,,alta_vs_baixa,baixa,alta,1,False,0,0.0
2012,idoso,3,2,AM,0.0,,alta_vs_baixa,baixa,alta,1,False,0,1.0
2012,idoso,3,2,BA,4.0,,alta_vs_baixa,baixa,alta,4,False,0,0.0
2012,idoso,3,2,CE,2.0,,alta_vs_baixa,baixa,alta,2,False,0,0.0
2012,idoso,3,2,ES,2.0,,alta_vs_baixa,baixa,alta,3,False,1,1.0
2012,idoso,3,2,GO,4.0,,alta_vs_baixa,baixa,alta,6,False,2,2.0
2012,idoso,3,2,MA,1.0,,alta_vs_baixa,baixa,alta,1,False,0,0.0
2012,idoso,3,2,MG,9.0,,alta_vs_baixa,baixa,alta,12,False,3,3.0
2012,idoso,3,2,MS,2.0,,alta_vs_baixa,baixa,alta,6,False,2,4.0
2012,idoso,3,2,PA,1.0,,alta_vs_baixa,baixa,alta,3,False,1,2.0
2012,idoso,3,2,PE,5.0,,alta_vs_baixa,baixa,alta,6,False,1,1.0
2012,idoso,3,2,PI,4.0,,alta_vs_baixa,baixa,alta,4,False,0,0.0
2012,idoso,3,2,PR,7.0,,alta_vs_baixa,baixa,alta,18,False,7,11.0
2012,idoso,3,2,RJ,7.0,,alta_vs_baixa,baixa,alta,11,False,4,4.0
2012,idoso,3,2,RN,2.0,,alta_vs_baixa,baixa,alta,2,False,0,0.0
2012,idoso,3,2,RO,1.0,,alta_vs_baixa,baixa,alta,1,False,0,0.0
2012,idoso,3,2,RS,1.0,,alta_vs_baixa,baixa,alta,2,False,1,1.0
2012,idoso,3,2,SC,1.0,,alta_vs_baixa,baixa,alta,1,False,0,0.0
2012,idoso,3,2,SP,28.0,,alta_vs_baixa,baixa,alta,80,True,28,52.0
2012,idoso,4,0,PE,2.0,,alta_vs_baixa,baixa,alta,3,False,1,1.0
2012,idoso,4,1,AC,34.0,,alta_vs_baixa,baixa,alta,40,False,6,6.0
2012,idoso,4,1,AL,407.0,,alta_vs_baixa,baixa,alta,439,True,32,32.0
2012,idoso,4,1,AM,291.0,,alta_vs_baixa,baixa,alta,414,True,123,123.0
2012,idoso,4,1,AP,15.0,,alta_vs_baixa,baixa,alta,20,False,5,5.0
2012,idoso,4,1,BA,921.0,,alta_vs_baixa,baixa,alta,1058,True,137,137.0
2012,idoso,4,1,CE,1038.0,,alta_vs_baixa,baixa,alta,1260,True,222,222.0
2012,idoso,4,1,DF,128.0,,alta_vs_baixa,baixa,alta,207,True,79,79.0
2012,idoso,4,1,ES,160.0,,alta_vs_baixa,baixa,alta,230,True,70,70.0
2012,idoso,4,1,GO,379.0,,alta_vs_baixa,baixa,alta,480,True,101,101.0
2012,idoso,4,1,MA,826.0,,alta_vs_baixa,baixa,alta,942,True,116,116.0
2012,idoso,4,1,MG,878.0,,alta_vs_baixa,baixa,alta,1115,True,237,237.0
2012,idoso,4,1,MS,220.0,,alta_vs_baixa,baixa,alta,348,True,128,128.0
2012,idoso,4,1,MT,288.0,,alta_vs_baixa,baixa,alta,373,True,85,85.0
2012,idoso,4,1,PA,526.0,,alta_vs_baixa,baixa,alta,857,True,331,331.0
2012,idoso,4,1,PB,355.0,,alta_vs_baixa,baixa,alta,410,True,55,55.0
2012,idoso,4,1,PE,1121.0,,alta_vs_baixa,baixa,alta,1409,True,288,288.0
2012,idoso,4,1,PI,568.0,,alta_vs_baixa,baixa,alta,639,True,71,71.0
2012,idoso,4,1,PR,304.0,,alta_vs_baixa,baixa,alta,374,True,70,70.0
2012,idoso,4,1,RJ,536.0,,alta_vs_baixa,baixa,alta,1022,True,486,486.0
2012,idoso,4,1,RN,271.0,,alta_vs_baixa,baixa,alta,305,True,34,34.0
2012,idoso,4,1,RO,42.0,,alta_vs_baixa,baixa,alta,51,False,9,9.0
2012,idoso,4,1,RR,26.0,,alta_vs_baixa,baixa,alta,32,False,6,6.0
2012,idoso,4,1,RS,78.0,,alta_vs_baixa,baixa,alta,108,True,30,30.0
2012,idoso,4,1,SC,25.0,,alta_vs_baixa,baixa,alta,38,False,13,13.0
2012,idoso,4,1,SE,239.0,,alta_vs_baixa,baixa,alta,313,True,74,74.0
2012,idoso,4,1,SP,894.0,,alta_vs_baixa,baixa,alta,1326,True,432,432.0
2012,idoso,4,1,TO,170.0,,alta_vs_baixa,baixa,alta,188,False,18,18.0
2012,idoso,4,2,AC,32.0,,alta_vs_baixa,baixa,alta,33,False,1,1.0
2012,idoso,4,2,AL,355.0,,alta_vs_baixa,baixa,alta,381,True,26,26.0
2012,idoso,4,2,AM,225.0,,alta_vs_baixa,baixa,alta,307,True,82,82.0
2012,idoso,4,2,AP,29.0,,alta_vs_baixa,baixa,alta,33,False,4,4.0
2012,idoso,4,2,BA,989.0,,alta_vs_baixa,baixa,alta,1073,True,84,84.0
2012,idoso,4,2,CE,804.0,,alta_vs_baixa,baixa,alta,926,True,122,122.0
2012,idoso,4,2,DF,130.0,,alta_vs_baixa,baixa,alta,178,True,48,48.0
2012,idoso,4,2,ES,190.0,,alta_vs_baixa,baixa,alta,214,True,24,24.0
2012,idoso,4,2,GO,378.0,,alta_vs_baixa,baixa,alta,420,True,42,42.0
2012,idoso,4,2,MA,717.0,,alta_vs_baixa,baixa,alta,797,True,80,80.0
2012,idoso,4,2,MG,930.0,,alta_vs_baixa,baixa,alta,1046,True,116,116.0
2012,idoso,4,2,MS,196.0,,alta_vs_baixa,baixa,alta,264,True,68,68.0
2012,idoso,4,2,MT,258.0,,alta_vs_baixa,baixa,alta,308,True,50,50.0
2012,idoso,4,2,PA,411.0,,alta_vs_baixa,baixa,alta,647,True,236,236.0
2012,idoso,4,2,PB,278.0,,alta_vs_baixa,baixa,alta,305,True,27,27.0
2012,idoso,4,2,PE,1182.0,,alta_vs_baixa,baixa,alta,1324,True,142,142.0
2012,idoso,4,2,PI,506.0,,alta_vs_baixa,baixa,alta,550,True,44,44.0
2012,idoso,4,2,PR,352.0,,alta_vs_baixa,baixa,alta,379,True,27,27.0
2012,idoso,4,2,RJ,760.0,,alta_vs_baixa,baixa,alta,1050,True,290,290.0
2012,idoso,4,2,RN,222.0,,alta_vs_baixa,baixa,alta,247,True,25,25.0
2012,idoso,4,2,RO,51.0,,alta_vs_baixa,baixa,alta,55,False,4,4.0
2012,idoso,4,2,RR,24.0,,alta_vs_baixa,baixa,alta,30,False,6,6.0
2012,idoso,4,2,RS,73.0,,alta_vs_baixa,baixa,alta,87,False,14,14.0
2012,idoso,4,2,SC,24.0,,alta_vs_baixa,baixa,alta,31,False,7,7.0
2012,idoso,4,2,SE,223.0,,alta_vs_baixa,baixa,alta,281,True,58,58.0
2012,idoso,4,2,SP,1094.0,,alta_vs_baixa,baixa,alta,1315,True,221,221.0
2012,idoso,4,2,TO,144.0,,alta_vs_baixa,baixa,alta,154,False,10,10.0
2012,idoso,5,1,AL,1.0,,alta_vs_baixa,baixa,alta,1,False,0,0.0
2012,idoso,5,1,AM,21.0,,alta_vs_baixa,baixa,alta,21,False,0,0.0
2012,idoso,5,1,AP,1.0,,alta_vs_baixa,baixa,alta,1,False,0,0.0
2012,idoso,5,1,BA,3.0,,alta_vs_baixa,baixa,alta,3,False,0,0.0
2012,idoso,5,1,CE,1.0,,alta_vs_baixa,baixa,alta,1,False,0,0.0
2012,idoso,5,1,ES,0.0,,alta_vs_baixa,baixa,alta,2,False,0,2.0
2012,idoso,5,1,GO,1.0,,alta_vs_baixa,baixa,alta,1,False,0,0.0
2012,idoso,5,1,MA,4.0,,alta_vs_baixa,baixa,alta,4,False,0,0.0
2012,idoso,5,1,MG,1.0,,alta_vs_baixa,baixa,alta,1,False,0,0.0
2012,idoso,5,1,MS,17.0,,alta_vs_baixa,baixa,alta,17,False,0,0.0
2012,idoso,5,1,MT,1.0,,alta_vs_baixa,baixa,alta,1,False,0,0.0
2012,idoso,5,1,PA,2.0,,alta_vs_baixa,baixa,alta,3,False,1,1.0
2012,idoso,5,1,PE,10.0,,alta_vs_baixa,baixa,alta,10,False,0,0.0
2012,idoso,5,1,PR,3.0,,alta_vs_baixa,baixa,alta,3,False,0,0.0
2012,idoso,5,1,RJ,1.0,,alta_vs_baixa,baixa,alta,3,False,1,2.0
2012,idoso,5,1,RO,1.0,,alta_vs_baixa,baixa,alta,1,False,0,0.0
2012,idoso,5,1,RR,5.0,,alta_vs_baixa,baixa,alta,5,False,0,0.0
2012,idoso,5,1,RS,3.0,,alta_vs_baixa,baixa,alta,4,False,1,1.0
2012,idoso,5,1,SC,4.0,,alta_vs_baixa,baixa,alta,5,False,1,1.0
2012,idoso,5,1,SP,2.0,,alta_vs_baixa,baixa,alta,4,False,2,2.0
2012,idoso,5,1,TO,2.0,,alta_vs_baixa,baixa,alta,2,False,0,0.0
2012,idoso,5,2,AC,2.0,,alta_vs_baixa,baixa,alta,2,False,0,0.0
2012,idoso,5,2,AL,2.0,,alta_vs_baixa,baixa,alta,2,False,0,0.0
2012,idoso,5,2,AM,19.0,,alta_vs_baixa,baixa,alta,19,False,0,0.0
2012,idoso,5,2,BA,1.0,,alta_vs_baixa,baixa,alta,1,False,0,0.0
2012,idoso,5,2,CE,1.0,,alta_vs_baixa,baixa,alta,1,False,0,0.0
2012,idoso,5,2,ES,1.0,,alta_vs_baixa,baixa,alta,1,False,0,0.0
2012,idoso,5,2,GO,1.0,,alta_vs_baixa,baixa,alta,1,False,0,0.0
2012,idoso,5,2,MA,4.0,,alta_vs_baixa,baixa,alta,4,False,0,0.0
2012,idoso,5,2,MG,4.0,,alta_vs_baixa,baixa,alta,4,False,0,0.0
2012,idoso,5,2,MS,17.0,,alta_vs_baixa,baixa,alta,17,False,0,0.0
2012,idoso,5,2,MT,2.0,,alta_vs_baixa,baixa,alta,3,False,1,1.0
2012,idoso,5,2,PA,3.0,,alta_vs_baixa,baixa,alta,3,False,0,0.0
2012,idoso,5,2,PB,2.0,,alta_vs_baixa,baixa,alta,2,False,0,0.0
2012,idoso,5,2,PE,10.0,,alta_vs_baixa,baixa,alta,10,False,0,0.0
2012,idoso,5,2,PR,5.0,,alta_vs_baixa,baixa,alta,5,False,0,0.0
2012,idoso,5,2,RJ,2.0,,alta_vs_baixa,baixa,alta,2,False,0,0.0
2012,idoso,5,2,RO,1.0,,alta_vs_baixa,baixa,alta,1,False,0,0.0
2012,idoso,5,2,RR,5.0,,alta_vs_baixa,baixa,alta,5,False,0,0.0
2012,idoso,5,2,RS,5.0,,alta_vs_baixa,baixa,alta,5,False,0,0.0
2012,idoso,5,2,SC,1.0,,alta_vs_baixa,baixa,alta,2,False,1,1.0
2012,idoso,5,2,SE,1.0,,alta_vs_baixa,baixa,alta,1,False,0,0.0
2012,idoso,5,2,SP,5.0,,alta_vs_baixa,baixa,alta,5,False,0,0.0
2012,idoso,5,2,TO,0.0,,alta_vs_baixa,baixa,alta,1,False,0,1.0
2012,jovem,1,1,AL,16.0,,alta_vs_baixa,baixa,alta,24,False,8,8.0
2012,jovem,1,1,AM,5.0,,alta_vs_baixa,baixa,alta,32,False,5,27.0
2012,jovem,1,1,AP,1.0,,alta_vs_baixa,baixa,alta,14,False,1,13.0
2012,jovem,1,1,BA,13.0,,alta_vs_baixa,baixa,alta,43,False,13,30.0
2012,jovem,1,1,CE,12.0,,alta_vs_baixa,baixa,alta,46,False,12,34.0
2012,jovem,1,1,DF,3.0,,alta_vs_baixa,baixa,alta,24,False,3,21.0
2012,jovem,1,1,ES,13.0,,alta_vs_baixa,baixa,alta,34,False,13,21.0
2012,jovem,1,1,GO,23.0,,alta_vs_baixa,baixa,alta,106,True,23,83.0
2012,jovem,1,1,MA,9.0,,alta_vs_baixa,baixa,alta,49,False,9,40.0
2012,jovem,1,1,MG,50.0,,alta_vs_baixa,baixa,alta,261,True,50,211.0
2012,jovem,1,1,MS,14.0,,alta_vs_baixa,baixa,alta,64,False,14,50.0
2012,jovem,1,1,MT,6.0,,alta_vs_baixa,baixa,alta,68,False,6,62.0
2012,jovem,1,1,PA,14.0,,alta_vs_baixa,baixa,alta,50,False,14,36.0
2012,jovem,1,1,PB,3.0,,alta_vs_baixa,baixa,alta,15,False,3,12.0
2012,jovem,1,1,PE,26.0,,alta_vs_baixa,baixa,alta,66,True,26,40.0
2012,jovem,1,1,PI,7.0,,alta_vs_baixa,baixa,alta,29,False,7,22.0
2012,jovem,1,1,PR,40.0,,alta_vs_baixa,baixa,alta,693,True,40,653.0
2012,jovem,1,1,RJ,21.0,,alta_vs_baixa,baixa,alta,212,True,21,191.0
2012,jovem,1,1,RN,22.0,,alta_vs_baixa,baixa,alta,40,False,18,18.0
2012,jovem,1,1,RO,2.0,,alta_vs_baixa,baixa,alta,11,False,2,9.0
2012,jovem,1,1,RR,0.0,,alta_vs_baixa,baixa,alta,2,False,0,2.0
2012,jovem,1,1,RS,49.0,,alta_vs_baixa,baixa,alta,263,True,49,214.0
2012,jovem,1,1,SC,20.0,,alta_vs_baixa,baixa,alta,329,True,20,309.0
2012,jovem,1,1,SE,6.0,,alta_vs_baixa,baixa,alta,20,False,6,14.0
2012,jovem,1,1,SP,231.0,,alta_vs_baixa,baixa,alta,1007,True,231,776.0
2012,jovem,1,1,TO,4.0,,alta_vs_baixa,baixa,alta,12,False,4,8.0
2012,jovem,1,2,AC,0.0,,alta_vs_baixa,baixa,alta,1,False,0,1.0
2012,jovem,1,2,AL,6.0,,alta_vs_baixa,baixa,alta,10,False,4,4.0
2012,jovem,1,2,AM,3.0,,alta_vs_baixa,baixa,alta,12,False,3,9.0
2012,jovem,1,2,AP,0.0,,alta_vs_baixa,baixa,alta,1,False,0,1.0
2012,jovem,1,2,BA,8.0,,alta_vs_baixa,baixa,alta,25,False,8,17.0
2012,jovem,1,2,CE,9.0,,alta_vs_baixa,baixa,alta,24,False,9,15.0
2012,jovem,1,2,DF,2.0,,alta_vs_baixa,baixa,alta,11,False,2,9.0
2012,jovem,1,2,ES,2.0,,alta_vs_baixa,baixa,alta,10,False,2,8.0
2012,jovem,1,2,GO,7.0,,alta_vs_baixa,baixa,alta,44,False,7,37.0
2012,jovem,1,2,MA,6.0,,alta_vs_baixa,baixa,alta,28,False,6,22.0
2012,jovem,1,2,MG,21.0,,alta_vs_baixa,baixa,alta,92,True,21,71.0
2012,jovem,1,2,MS,14.0,,alta_vs_baixa,baixa,alta,31,False,14,17.0
2012,jovem,1,2,MT,5.0,,alta_vs_baixa,baixa,alta,35,False,5,30.0
2012,jovem,1,2,PA,8.0,,alta_vs_baixa,baixa,alta,42,False,8,34.0
2012,jovem,1,2,PB,0.0,,alta_vs_baixa,baixa,alta,4,False,0,4.0
2012,jovem,1,2,PE,12.0,,alta_vs_baixa,baixa,alta,34,False,12,22.0
2012,jovem,1,2,PI,1.0,,alta_vs_baixa,baixa,alta,15,False,1,14.0
2012,jovem,1,2,PR,26.0,,alta_vs_baixa,baixa,alta,209,True,26,183.0
2012,jovem,1,2,RJ,22.0,,alta_vs_baixa,baixa,alta,110,True,22,88.0
2012,jovem,1,2,RN,7.0,,alta_vs_baixa,baixa,alta,12,False,5,5.0
2012,jovem,1,2,RO,1.0,,alta_vs_baixa,baixa,alta,8,False,1,7.0
2012,jovem,1,2,RR,0.0,,alta_vs_baixa,baixa,alta,4,False,0,4.0
2012,jovem,1,2,RS,27.0,,alta_vs_baixa,baixa,alta,98,True,27,71.0
2012,jovem,1,2,SC,7.0,,alta_vs_baixa,baixa,alta,115,False,7,108.0
2012,jovem,1,2,SE,0.0,,alta_vs_baixa,baixa,alta,6,False,0,6.0
2012,jovem,1,2,SP,70.0,,alta_vs_baixa,baixa,alta,368,True,70,298.0
2012,jovem,1,2,TO,0.0,,alta_vs_baixa,baixa,alta,8,False,0,8.0
2012,jovem,2,1,AC,0.0,,alta_vs_baixa,baixa,alta,1,False,0,1.0
2012,jovem,2,1,AL,7.0,,alta_vs_baixa,baixa,alta,9,False,2,2.0
2012,jovem,2,1,AM,1.0,,alta_vs_baixa,baixa,alta,2,False,1,1.0
2012,jovem,2,1,BA,24.0,,alta_vs_baixa,baixa,alta,49,True,24,25.0
2012,jovem,2,1,CE,3.0,,alta_vs_baixa,baixa,alta,6,False,3,3.0
2012,jovem,2,1,DF,0.0,,alta_vs_baixa,baixa,alta,4,False,0,4.0
2012,jovem,2,1,ES,7.0,,alta_vs_baixa,baixa,alta,11,False,4,4.0
2012,jovem,2,1,GO,1.0,,alta_vs_baixa,baixa,alta,12,False,1,11.0
2012,jovem,2,1,MA,8.0,,alta_vs_baixa,baixa,alta,41,False,8,33.0
2012,jovem,2,1,MG,13.0,,alta_vs_baixa,baixa,alta,81,False,13,68.0
2012,jovem,2,1,MS,2.0,,alta_vs_baixa,baixa,alta,5,False,2,3.0
2012,jovem,2,1,MT,0.0,,alta_vs_baixa,baixa,alta,13,False,0,13.0
2012,jovem,2,1,PA,8.0,,alta_vs_baixa,baixa,alta,22,False,8,14.0
2012,jovem,2,1,PB,1.0,,alta_vs_baixa,baixa,alta,2,False,1,1.0
2012,jovem,2,1,PE,3.0,,alta_vs_baixa,baixa,alta,6,False,3,3.0
2012,jovem,2,1,PI,4.0,,alta_vs_baixa,baixa,alta,14,False,4,10.0
2012,jovem,2,1,PR,1.0,,alta_vs_baixa,baixa,alta,21,False,1,20.0
2012,jovem,2,1,RJ,10.0,,alta_vs_baixa,baixa,alta,82,False,10,72.0
2012,jovem,2,1,RN,3.0,,alta_vs_baixa,baixa,alta,3,False,0,0.0
2012,jovem,2,1,RO,1.0,,alta_vs_baixa,baixa,alta,2,False,1,1.0
2012,jovem,2,1,RS,5.0,,alta_vs_baixa,baixa,alta,22,False,5,17.0
2012,jovem,2,1,SC,0.0,,alta_vs_baixa,baixa,alta,11,False,0,11.0
2012,jovem,2,1,SE,1.0,,alta_vs_baixa,baixa,alta,7,False,1,6.0
2012,jovem,2,1,SP,17.0,,alta_vs_baixa,baixa,alta,103,False,17,86.0
2012,jovem,2,1,TO,1.0,,alta_vs_baixa,baixa,alta,6,False,1,5.0
2012,jovem,2,2,AL,1.0,,alta_vs_baixa,baixa,alta,1,False,0,0.0
2012,jovem,2,2,AM,0.0,,alta_vs_baixa,baixa,alta,1,False,0,1.0
2012,jovem,2,2,AP,0.0,,alta_vs_baixa,baixa,alta,1,False,0,1.0
2012,jovem,2,2,BA,3.0,,alta_vs_baixa,baixa,alta,12,False,3,9.0
2012,jovem,2,2,CE,1.0,,alta_vs_baixa,baixa,alta,2,False,1,1.0
2012,jovem,2,2,DF,1.0,,alta_vs_baixa,baixa,alta,2,False,1,1.0
2012,jovem,2,2,ES,0.0,,alta_vs_baixa,baixa,alta,1,False,0,1.0
2012,jovem,2,2,GO,0.0,,alta_vs_baixa,baixa,alta,3,False,0,3.0
2012,jovem,2,2,MA,2.0,,alta_vs_baixa,baixa,alta,18,False,2,16.0
2012,jovem,2,2,MG,3.0,,alta_vs_baixa,baixa,alta,16,False,3,13.0
2012,jovem,2,2,MS,0.0,,alta_vs_baixa,baixa,alta,3,False,0,3.0
2012,jovem,2,2,MT,0.0,,alta_vs_baixa,baixa,alta,2,False,0,2.0
2012,jovem,2,2,PA,3.0,,alta_vs_baixa,baixa,alta,9,False,3,6.0
2012,jovem,2,2,PE,2.0,,alta_vs_baixa,baixa,alta,4,False,2,2.0
2012,jovem,2,2,PI,0.0,,alta_vs_baixa,baixa,alta,3,False,0,3.0
2012,jovem,2,2,PR,2.0,,alta_vs_baixa,baixa,alta,9,False,2,7.0
2012,jovem,2,2,RJ,2.0,,alta_vs_baixa,baixa,alta,23,False,2,21.0
2012,jovem,2,2,RS,1.0,,alta_vs_baixa,baixa,alta,8,False,1,7.0
2012,jovem,2,2,SC,0.0,,alta_vs_baixa,baixa,alta,4,False,0,4.0
2012,jovem,2,2,SP,6.0,,alta_vs_baixa,baixa,alta,29,False,6,23.0
2012,jovem,2,2,TO,0.0,,alta_vs_baixa,baixa,alta,2,False,0,2.0
2012,jovem,3,1,ES,1.0,,alta_vs_baixa,baixa,alta,1,False,0,0.0
2012,jovem,3,1,MA,0.0,,alta_vs_baixa,baixa,alta,1,False,0,1.0
2012,jovem,3,1,MG,0.0,,alta_vs_baixa,baixa,alta,4,False,0,4.0
2012,jovem,3,1,MS,0.0,,alta_vs_baixa,baixa,alta,2,False,0,2.0
2012,jovem,3,1,MT,0.0,,alta_vs_baixa,baixa,alta,1,False,0,1.0
2012,jovem,3,1,PA,0.0,,alta_vs_baixa,baixa,alta,2,False,0,2.0
2012,jovem,3,1,PR,1.0,,alta_vs_baixa,baixa,alta,2,False,1,1.0
2012,jovem,3,1,RJ,0.0,,alta_vs_baixa,baixa,alta,1,False,0,1.0
2012,jovem,3,1,SP,0.0,,alta_vs_baixa,baixa,alta,4,False,0,4.0
2012,jovem,3,2,GO,0.0,,alta_vs_baixa,baixa,alta,1,False,0,1.0
2012,jovem,3,2,MG,0.0,,alta_vs_baixa,baixa,alta,1,False,0,1.0
2012,jovem,3,2,SP,0.0,,alta_vs_baixa,baixa,alta,1,False,0,1.0
2012,jovem,4,0,AL,1.0,,alta_vs_baixa,baixa,alta,1,False,0,0.0
2012,jovem,4,1,AC,5.0,,alta_vs_baixa,baixa,alta,10,False,5,5.0
2012,jovem,4,1,AL,321.0,,alta_vs_baixa,baixa,alta,381,True,60,60.0
2012,jovem,4,1,AM,13.0,,alta_vs_baixa,baixa,alta,155,False,13,142.0
2012,jovem,4,1,AP,3.0,,alta_vs_baixa,baixa,alta,38,False,3,35.0
2012,jovem,4,1,BA,102.0,,alta_vs_baixa,baixa,alta,263,True,102,161.0
2012,jovem,4,1,CE,74.0,,alta_vs_baixa,baixa,alta,223,True,74,149.0
2012,jovem,4,1,DF,7.0,,alta_vs_baixa,baixa,alta,90,False,7,83.0
2012,jovem,4,1,ES,30.0,,alta_vs_baixa,baixa,alta,114,True,30,84.0
2012,jovem,4,1,GO,41.0,,alta_vs_baixa,baixa,alta,264,True,41,223.0
2012,jovem,4,1,MA,65.0,,alta_vs_baixa,baixa,alta,316,True,65,251.0
2012,jovem,4,1,MG,71.0,,alta_vs_baixa,baixa,alta,406,True,71,335.0
2012,jovem,4,1,MS,9.0,,alta_vs_baixa,baixa,alta,92,False,9,83.0
2012,jovem,4,1,MT,15.0,,alta_vs_baixa,baixa,alta,153,False,15,138.0
2012,jovem,4,1,PA,59.0,,alta_vs_baixa,baixa,alta,397,True,59,338.0
2012,jovem,4,1,PB,46.0,,alta_vs_baixa,baixa,alta,82,True,36,36.0
2012,jovem,4,1,PE,60.0,,alta_vs_baixa,baixa,alta,281,True,60,221.0
2012,jovem,4,1,PI,24.0,,alta_vs_baixa,baixa,alta,111,True,24,87.0
2012,jovem,4,1,PR,13.0,,alta_vs_baixa,baixa,alta,162,False,13,149.0
2012,jovem,4,1,RJ,29.0,,alta_vs_baixa,baixa,alta,258,True,29,229.0
2012,jovem,4,1,RN,110.0,,alta_vs_baixa,baixa,alta,127,False,17,17.0
2012,jovem,4,1,RO,3.0,,alta_vs_baixa,baixa,alta,25,False,3,22.0
2012,jovem,4,1,RR,3.0,,alta_vs_baixa,baixa,alta,24,False,3,21.0
2012,jovem,4,1,RS,3.0,,alta_vs_baixa,baixa,alta,14,False,3,11.0
2012,jovem,4,1,SC,4.0,,alta_vs_baixa,baixa,alta,30,False,4,26.0
2012,jovem,4,1,SE,17.0,,alta_vs_baixa,baixa,alta,103,False,17,86.0
2012,jovem,4,1,SP,78.0,,alta_vs_baixa,baixa,alta,556,True,78,478.0
2012,jovem,4,1,TO,14.0,,alta_vs_baixa,baixa,alta,68,False,14,54.0
2012,jovem,4,2,AC,2.0,,alta_vs_baixa,baixa,alta,6,False,2,4.0
2012,jovem,4,2,AL,25.0,,alta_vs_baixa,baixa,alta,44,False,19,19.0
2012,jovem,4,2,AM,5.0,,alta_vs_baixa,baixa,alta,41,False,5,36.0
2012,jovem,4,2,AP,1.0,,alta_vs_baixa,baixa,alta,7,False,1,6.0
2012,jovem,4,2,BA,20.0,,alta_vs_baixa,baixa,alta,84,True,20,64.0
2012,jovem,4,2,CE,10.0,,alta_vs_baixa,baixa,alta,64,False,10,54.0
2012,jovem,4,2,DF,4.0,,alta_vs_baixa,baixa,alta,28,False,4,24.0
2012,jovem,4,2,ES,4.0,,alta_vs_baixa,baixa,alta,34,False,4,30.0
2012,jovem,4,2,GO,7.0,,alta_vs_baixa,baixa,alta,53,False,7,46.0
2012,jovem,4,2,MA,16.0,,alta_vs_baixa,baixa,alta,78,False,16,62.0
2012,jovem,4,2,MG,14.0,,alta_vs_baixa,baixa,alta,84,False,14,70.0
2012,jovem,4,2,MS,7.0,,alta_vs_baixa,baixa,alta,36,False,7,29.0
2012,jovem,4,2,MT,5.0,,alta_vs_baixa,baixa,alta,46,False,5,41.0
2012,jovem,4,2,PA,20.0,,alta_vs_baixa,baixa,alta,133,True,20,113.0
2012,jovem,4,2,PB,5.0,,alta_vs_baixa,baixa,alta,13,False,5,8.0
2012,jovem,4,2,PE,28.0,,alta_vs_baixa,baixa,alta,94,True,28,66.0
2012,jovem,4,2,PI,6.0,,alta_vs_baixa,baixa,alta,36,False,6,30.0
2012,jovem,4,2,PR,3.0,,alta_vs_baixa,baixa,alta,24,False,3,21.0
2012,jovem,4,2,RJ,12.0,,alta_vs_baixa,baixa,alta,92,False,12,80.0
2012,jovem,4,2,RN,7.0,,alta_vs_baixa,baixa,alta,17,False,7,10.0
2012,jovem,4,2,RO,0.0,,alta_vs_baixa,baixa,alta,10,False,0,10.0
2012,jovem,4,2,RR,2.0,,alta_vs_baixa,baixa,alta,10,False,2,8.0
2012,jovem,4,2,RS,1.0,,alta_vs_baixa,baixa,alta,5,False,1,4.0
2012,jovem,4,2,SC,1.0,,alta_vs_baixa,baixa,alta,5,False,1,4.0
2012,jovem,4,2,SE,8.0,,alta_vs_baixa,baixa,alta,26,False,8,18.0
2012,jovem,4,2,SP,27.0,,alta_vs_baixa,baixa,alta,151,True,27,124.0
2012,jovem,4,2,TO,1.0,,alta_vs_baixa,baixa,alta,14,False,1,13.0
2012,jovem,5,1,AC,2.0,,alta_vs_baixa,baixa,alta,2,False,0,0.0
2012,jovem,5,1,AM,2.0,,alta_vs_baixa,baixa,alta,12,False,2,10.0
2012,jovem,5,1,CE,0.0,,alta_vs_baixa,baixa,alta,1,False,0,1.0
2012,jovem,5,1,GO,1.0,,alta_vs_baixa,baixa,alta,1,False,0,0.0
2012,jovem,5,1,MA,1.0,,alta_vs_baixa,baixa,alta,1,False,0,0.0
2012,jovem,5,1,MS,0.0,,alta_vs_baixa,baixa,alta,7,False,0,7.0
2012,jovem,5,1,MT,1.0,,alta_vs_baixa,baixa,alta,1,False,0,0.0
2012,jovem,5,1,PA,0.0,,alta_vs_baixa,baixa,alta,2,False,0,2.0
2012,jovem,5,1,PE,0.0,,alta_vs_baixa,baixa,alta,1,False,0,1.0
2012,jovem,5,1,PR,1.0,,alta_vs_baixa,baixa,alta,1,False,0,0.0
2012,jovem,5,1,RN,1.0,,alta_vs_baixa,baixa,alta,1,False,0,0.0
2012,jovem,5,1,RO,1.0,,alta_vs_baixa,baixa,alta,1,False,0,0.0
2012,jovem,5,1,RR,0.0,,alta_vs_baixa,baixa,alta,2,False,0,2.0
2012,jovem,5,1,SE,0.0,,alta_vs_baixa,baixa,alta,1,False,0,1.0
2012,jovem,5,1,SP,0.0,,alta_vs_baixa,baixa,alta,1,False,0,1.0
2012,jovem,5,2,AM,4.0,,alta_vs_baixa,baixa,alta,9,False,4,5.0
2012,jovem,5,2,MA,0.0,,alta_vs_baixa,baixa,alta,1,False,0,1.0
2012,jovem,5,2,MS,2.0,,alta_vs_baixa,baixa,alta,5,False,2,3.0
2012,jovem,5,2,MT,2.0,,alta_vs_baixa,baixa,alta,2,False,0,0.0
2012,jovem,5,2,PA,1.0,,alta_vs_baixa,baixa,alta,2,False,1,1.0
2012,jovem,5,2,PR,0.0,,alta_vs_baixa,baixa,alta,1,False,0,1.0
2012,jovem,5,2,RR,1.0,,alta_vs_baixa,baixa,alta,2,False,1,1.0
2012,jovem,5,2,RS,0.0,,alta_vs_baixa,baixa,alta,1,False,0,1.0
2012,jovem,5,2,SP,0.0,,alta_vs_baixa,baixa,alta,1,False,0,1.0
2012,meia-idade,1,1,AC,2.0,,alta_vs_baixa,baixa,alta,5,False,2,3.0
2012,meia-idade,1,1,AL,32.0,,alta_vs_baixa,baixa,alta,56,True,24,24.0
2012,meia-idade,1,1,AM,16.0,,alta_vs_baixa,baixa,alta,75,False,16,59.0
2012,meia-idade,1,1,AP,0.0,,alta_vs_baixa,baixa,alta,1,False,0,1.0
2012,meia-idade,1,1,BA,75.0,,alta_vs_baixa,baixa,alta,141,True,66,66.0
2012,meia-idade,1,1,CE,71.0,,alta_vs_baixa,baixa,alta,170,True,71,99.0
2012,meia-idade,1,1,DF,20.0,,alta_vs_baixa,baixa,alta,110,True,20,90.0
2012,meia-idade,1,1,ES,65.0,,alta_vs_baixa,baixa,alta,159,True,65,94.0
2012,meia-idade,1,1,GO,92.0,,alta_vs_baixa,baixa,alta,242,True,92,150.0
2012,meia-idade,1,1,MA,54.0,,alta_vs_baixa,baixa,alta,126,True,54,72.0
2012,meia-idade,1,1,MG,272.0,,alta_vs_baixa,baixa,alta,859,True,272,587.0
2012,meia-idade,1,1,MS,41.0,,alta_vs_baixa,baixa,alta,221,True,41,180.0
2012,meia-idade,1,1,MT,37.0,,alta_vs_baixa,baixa,alta,166,True,37,129.0
2012,meia-idade,1,1,PA,36.0,,alta_vs_baixa,baixa,alta,115,True,36,79.0
2012,meia-idade,1,1,PB,44.0,,alta_vs_baixa,baixa,alta,62,False,18,18.0
2012,meia-idade,1,1,PE,124.0,,alta_vs_baixa,baixa,alta,285,True,124,161.0
2012,meia-idade,1,1,PI,32.0,,alta_vs_baixa,baixa,alta,57,True,25,25.0
2012,meia-idade,1,1,PR,257.0,,alta_vs_baixa,baixa,alta,1406,True,257,1149.0
2012,meia-idade,1,1,RJ,319.0,,alta_vs_baixa,baixa,alta,1221,True,319,902.0
2012,meia-idade,1,1,RN,50.0,,alta_vs_baixa,baixa,alta,81,True,31,31.0
2012,meia-idade,1,1,RO,7.0,,alta_vs_baixa,baixa,alta,18,False,7,11.0
2012,meia-idade,1,1,RR,0.0,,alta_vs_baixa,baixa,alta,7,False,0,7.0
2012,meia-idade,1,1,RS,354.0,,alta_vs_baixa,baixa,alta,1114,True,354,760.0
2012,meia-idade,1,1,SC,141.0,,alta_vs_baixa,baixa,alta,908,True,141,767.0
2012,meia-idade,1,1,SE,17.0,,alta_vs_baixa,baixa,alta,69,False,17,52.0
2012,meia-idade,1,1,SP,1440.0,,alta_vs_baixa,baixa,alta,4572,True,1440,3132.0
2012,meia-idade,1,1,TO,14.0,,alta_vs_baixa,baixa,alta,32,False,14,18.0
2012,meia-idade,1,2,AC,0.0,,alta_vs_baixa,baixa,alta,1,False,0,1.0
2012,meia-idade,1,2,AL,39.0,,alta_vs_baixa,baixa,alta,62,True,23,23.0
2012,meia-idade,1,2,AM,10.0,,alta_vs_baixa,baixa,alta,56,False,10,46.0
2012,meia-idade,1,2,AP,2.0,,alta_vs_baixa,baixa,alta,8,False,2,6.0
2012,meia-idade,1,2,BA,80.0,,alta_vs_baixa,baixa,alta,144,True,64,64.0
2012,meia-idade,1,2,CE,43.0,,alta_vs_baixa,baixa,alta,118,True,43,75.0
2012,meia-idade,1,2,DF,14.0,,alta_vs_baixa,baixa,alta,100,False,14,86.0
2012,meia-idade,1,2,ES,43.0,,alta_vs_baixa,baixa,alta,95,True,43,52.0
2012,meia-idade,1,2,GO,72.0,,alta_vs_baixa,baixa,alta,172,True,72,100.0
2012,meia-idade,1,2,MA,59.0,,alta_vs_baixa,baixa,alta,116,True,57,57.0
2012,meia-idade,1,2,MG,239.0,,alta_vs_baixa,baixa,alta,574,True,239,335.0
2012,meia-idade,1,2,MS,44.0,,alta_vs_baixa,baixa,alta,162,True,44,118.0
2012,meia-idade,1,2,MT,33.0,,alta_vs_baixa,baixa,alta,96,True,33,63.0
2012,meia-idade,1,2,PA,26.0,,alta_vs_baixa,baixa,alta,100,True,26,74.0
2012,meia-idade,1,2,PB,19.0,,alta_vs_baixa,baixa,alta,36,False,17,17.0
2012,meia-idade,1,2,PE,142.0,,alta_vs_baixa,baixa,alta,286,True,142,144.0
2012,meia-idade,1,2,PI,20.0,,alta_vs_baixa,baixa,alta,35,False,15,15.0
2012,meia-idade,1,2,PR,281.0,,alta_vs_baixa,baixa,alta,870,True,281,589.0
2012,meia-idade,1,2,RJ,248.0,,alta_vs_baixa,baixa,alta,1053,True,248,805.0
2012,meia-idade,1,2,RN,50.0,,alta_vs_baixa,baixa,alta,77,True,27,27.0
2012,meia-idade,1,2,RO,9.0,,alta_vs_baixa,baixa,alta,28,False,9,19.0
2012,meia-idade,1,2,RR,1.0,,alta_vs_baixa,baixa,alta,2,False,1,1.0
2012,meia-idade,1,2,RS,264.0,,alta_vs_baixa,baixa,alta,755,True,264,491.0
2012,meia-idade,1,2,SC,83.0,,alta_vs_baixa,baixa,alta,511,True,83,428.0
2012,meia-idade,1,2,SE,23.0,,alta_vs_baixa,baixa,alta,52,True,23,29.0
2012,meia-idade,1,2,SP,1025.0,,alta_vs_baixa,baixa,alta,2781,True,1025,1756.0
2012,meia-idade,1,2,TO,11.0,,alta_vs_baixa,baixa,alta,23,False,11,12.0
2012,meia-idade,2,1,AC,1.0,,alta_vs_baixa,baixa,alta,1,False,0,0.0
2012,meia-idade,2,1,AL,23.0,,alta_vs_baixa,baixa,alta,27,False,4,4.0
2012,meia-idade,2,1,AM,7.0,,alta_vs_baixa,baixa,alta,15,False,7,8.0
2012,meia-idade,2,1,AP,1.0,,alta_vs_baixa,baixa,alta,1,False,0,0.0
2012,meia-idade,2,1,BA,136.0,,alta_vs_baixa,baixa,alta,174,True,38,38.0
2012,meia-idade,2,1,CE,46.0,,alta_vs_baixa,baixa,alta,56,False,10,10.0
2012,meia-idade,2,1,DF,7.0,,alta_vs_baixa,baixa,alta,29,False,7,22.0
2012,meia-idade,2,1,ES,33.0,,alta_vs_baixa,baixa,alta,53,True,20,20.0
2012,meia-idade,2,1,GO,43.0,,alta_vs_baixa,baixa,alta,65,True,22,22.0
2012,meia-idade,2,1,MA,82.0,,alta_vs_baixa,baixa,alta,115,True,33,33.0
2012,meia-idade,2,1,MG,127.0,,alta_vs_baixa,baixa,alta,209,True,82,82.0
2012,meia-idade,2,1,MS,12.0,,alta_vs_baixa,baixa,alta,31,False,12,19.0
2012,meia-idade,2,1,MT,24.0,,alta_vs_baixa,baixa,alta,40,False,16,16.0
2012,meia-idade,2,1,PA,37.0,,alta_vs_baixa,baixa,alta,67,True,30,30.0
2012,meia-idade,2,1,PB,19.0,,alta_vs_baixa,baixa,alta,21,False,2,2.0
2012,meia-idade,2,1,PE,64.0,,alta_vs_baixa,baixa,alta,96,True,32,32.0
2012,meia-idade,2,1,PI,55.0,,alta_vs_baixa,baixa,alta,63,False,8,8.0
2012,meia-idade,2,1,PR,41.0,,alta_vs_baixa,baixa,alta,67,True,26,26.0
2012,meia-idade,2,1,RJ,172.0,,alta_vs_baixa,baixa,alta,395,True,172,223.0
2012,meia-idade,2,1,RN,20.0,,alta_vs_baixa,baixa,alta,23,False,3,3.0
2012,meia-idade,2,1,RO,3.0,,alta_vs_baixa,baixa,alta,5,False,2,2.0
2012,meia-idade,2,1,RR,1.0,,alta_vs_baixa,baixa,alta,3,False,1,2.0
2012,meia-idade,2,1,RS,44.0,,alta_vs_baixa,baixa,alta,86,True,42,42.0
2012,meia-idade,2,1,SC,7.0,,alta_vs_baixa,baixa,alta,41,False,7,34.0
2012,meia-idade,2,1,SE,35.0,,alta_vs_baixa,baixa,alta,56,True,21,21.0
2012,meia-idade,2,1,SP,187.0,,alta_vs_baixa,baixa,alta,416,True,187,229.0
2012,meia-idade,2,1,TO,15.0,,alta_vs_baixa,baixa,alta,17,False,2,2.0
2012,meia-idade,2,2,AC,0.0,,alta_vs_baixa,baixa,alta,2,False,0,2.0
2012,meia-idade,2,2,AL,21.0,,alta_vs_baixa,baixa,alta,22,False,1,1.0
2012,meia-idade,2,2,AM,2.0,,alta_vs_baixa,baixa,alta,7,False,2,5.0
2012,meia-idade,2,2,AP,2.0,,alta_vs_baixa,baixa,alta,2,False,0,0.0
2012,meia-idade,2,2,BA,95.0,,alta_vs_baixa,baixa,alta,119,True,24,24.0
2012,meia-idade,2,2,CE,17.0,,alta_vs_baixa,baixa,alta,26,False,9,9.0
2012,meia-idade,2,2,DF,12.0,,alta_vs_baixa,baixa,alta,20,False,8,8.0
2012,meia-idade,2,2,ES,22.0,,alta_vs_baixa,baixa,alta,30,False,8,8.0
2012,meia-idade,2,2,GO,21.0,,alta_vs_baixa,baixa,alta,37,False,16,16.0
2012,meia-idade,2,2,MA,66.0,,alta_vs_baixa,baixa,alta,88,True,22,22.0
2012,meia-idade,2,2,MG,110.0,,alta_vs_baixa,baixa,alta,168,True,58,58.0
2012,meia-idade,2,2,MS,9.0,,alta_vs_baixa,baixa,alta,19,False,9,10.0
2012,meia-idade,2,2,MT,20.0,,alta_vs_baixa,baixa,alta,26,False,6,6.0
2012,meia-idade,2,2,PA,26.0,,alta_vs_baixa,baixa,alta,50,True,24,24.0
2012,meia-idade,2,2,PB,11.0,,alta_vs_baixa,baixa,alta,12,False,1,1.0
2012,meia-idade,2,2,PE,65.0,,alta_vs_baixa,baixa,alta,96,True,31,31.0
2012,meia-idade,2,2,PI,17.0,,alta_vs_baixa,baixa,alta,23,False,6,6.0
2012,meia-idade,2,2,PR,36.0,,alta_vs_baixa,baixa,alta,55,False,19,19.0
2012,meia-idade,2,2,RJ,199.0,,alta_vs_baixa,baixa,alta,424,True,199,225.0
2012,meia-idade,2,2,RN,15.0,,alta_vs_baixa,baixa,alta,20,False,5,5.0
2012,meia-idade,2,2,RO,3.0,,alta_vs_baixa,baixa,alta,3,False,0,0.0
2012,meia-idade,2,2,RR,1.0,,alta_vs_baixa,baixa,alta,1,False,0,0.0
2012,meia-idade,2,2,RS,36.0,,alta_vs_baixa,baixa,alta,70,True,34,34.0
2012,meia-idade,2,2,SC,4.0,,alta_vs_baixa,baixa,alta,23,False,4,19.0
2012,meia-idade,2,2,SE,25.0,,alta_vs_baixa,baixa,alta,32,False,7,7.0
2012,meia-idade,2,2,SP,126.0,,alta_vs_baixa,baixa,alta,272,True,126,146.0
2012,meia-idade,2,2,TO,12.0,,alta_vs_baixa,baixa,alta,16,False,4,4.0
2012,meia-idade,3,1,AM,0.0,,alta_vs_baixa,baixa,alta,1,False,0,1.0
2012,meia-idade,3,1,CE,1.0,,alta_vs_baixa,baixa,alta,1,False,0,0.0
2012,meia-idade,3,1,DF,1.0,,alta_vs_baixa,baixa,alta,1,False,0,0.0
2012,meia-idade,3,1,GO,0.0,,alta_vs_baixa,baixa,alta,2,False,0,2.0
2012,meia-idade,3,1,MA,1.0,,alta_vs_baixa,baixa,alta,1,False,0,0.0
2012,meia-idade,3,1,MG,1.0,,alta_vs_baixa,baixa,alta,3,False,1,2.0
2012,meia-idade,3,1,MS,1.0,,alta_vs_baixa,baixa,alta,5,False,1,4.0
2012,meia-idade,3,1,MT,0.0,,alta_vs_baixa,baixa,alta,1,False,0,1.0
2012,meia-idade,3,1,PA,1.0,,alta_vs_baixa,baixa,alta,3,False,1,2.0
2012,meia-idade,3,1,PE,2.0,,alta_vs_baixa,baixa,alta,2,False,0,0.0
2012,meia-idade,3,1,PR,3.0,,alta_vs_baixa,baixa,alta,13,False,3,10.0
2012,meia-idade,3,1,RJ,0.0,,alta_vs_baixa,baixa,alta,2,False,0,2.0
2012,meia-idade,3,1,RR,0.0,,alta_vs_baixa,baixa,alta,1,False,0,1.0
2012,meia-idade,3,1,RS,2.0,,alta_vs_baixa,baixa,alta,3,False,1,1.0
2012,meia-idade,3,1,SC,0.0,,alta_vs_baixa,baixa,alta,2,False,0,2.0
2012,meia-idade,3,1,SP,10.0,,alta_vs_baixa,baixa,alta,55,False,10,45.0
2012,meia-idade,3,1,TO,0.0,,alta_vs_baixa,baixa,alta,1,False,0,1.0
2012,meia-idade,3,2,BA,2.0,,alta_vs_baixa,baixa,alta,2,False,0,0.0
2012,meia-idade,3,2,CE,1.0,,alta_vs_baixa,baixa,alta,2,False,1,1.0
2012,meia-idade,3,2,DF,1.0,,alta_vs_baixa,baixa,alta,2,False,1,1.0
2012,meia-idade,3,2,MA,0.0,,alta_vs_baixa,baixa,alta,2,False,0,2.0
2012,meia-idade,3,2,MG,2.0,,alta_vs_baixa,baixa,alta,4,False,2,2.0
2012,meia-idade,3,2,MS,0.0,,alta_vs_baixa,baixa,alta,1,False,0,1.0
2012,meia-idade,3,2,MT,1.0,,alta_vs_baixa,baixa,alta,1,False,0,0.0
2012,meia-idade,3,2,PA,2.0,,alta_vs_baixa,baixa,alta,3,False,1,1.0
2012,meia-idade,3,2,PE,0.0,,alta_vs_baixa,baixa,alta,3,False,0,3.0
2012,meia-idade,3,2,PI,1.0,,alta_vs_baixa,baixa,alta,1,False,0,0.0
2012,meia-idade,3,2,PR,1.0,,alta_vs_baixa,baixa,alta,8,False,1,7.0
2012,meia-idade,3,2,RJ,3.0,,alta_vs_baixa,baixa,alta,5,False,2,2.0
2012,meia-idade,3,2,RR,0.0,,alta_vs_baixa,baixa,alta,1,False,0,1.0
2012,meia-idade,3,2,SE,0.0,,alta_vs_baixa,baixa,alta,1,False,0,1.0
2012,meia-idade,3,2,SP,7.0,,alta_vs_baixa,baixa,alta,38,False,7,31.0
2012,meia-idade,4,1,AC,13.0,,alta_vs_baixa,baixa,alta,16,False,3,3.0
2012,meia-idade,4,1,AL,271.0,,alta_vs_baixa,baixa,alta,345,True,74,74.0
2012,meia-idade,4,1,AM,109.0,,alta_vs_baixa,baixa,alta,324,True,109,215.0
2012,meia-idade,4,1,AP,7.0,,alta_vs_baixa,baixa,alta,19,False,7,12.0
2012,meia-idade,4,1,BA,454.0,,alta_vs_baixa,baixa,alta,610,True,156,156.0
2012,meia-idade,4,1,CE,444.0,,alta_vs_baixa,baixa,alta,704,True,260,260.0
2012,meia-idade,4,1,DF,53.0,,alta_vs_baixa,baixa,alta,199,True,53,146.0
2012,meia-idade,4,1,ES,86.0,,alta_vs_baixa,baixa,alta,171,True,85,85.0
2012,meia-idade,4,1,GO,133.0,,alta_vs_baixa,baixa,alta,310,True,133,177.0
2012,meia-idade,4,1,MA,349.0,,alta_vs_baixa,baixa,alta,528,True,179,179.0
2012,meia-idade,4,1,MG,366.0,,alta_vs_baixa,baixa,alta,685,True,319,319.0
2012,meia-idade,4,1,MS,99.0,,alta_vs_baixa,baixa,alta,223,True,99,124.0
2012,meia-idade,4,1,MT,115.0,,alta_vs_baixa,baixa,alta,254,True,115,139.0
2012,meia-idade,4,1,PA,240.0,,alta_vs_baixa,baixa,alta,545,True,240,305.0
2012,meia-idade,4,1,PB,187.0,,alta_vs_baixa,baixa,alta,261,True,74,74.0
2012,meia-idade,4,1,PE,526.0,,alta_vs_baixa,baixa,alta,895,True,369,369.0
2012,meia-idade,4,1,PI,222.0,,alta_vs_baixa,baixa,alta,317,True,95,95.0
2012,meia-idade,4,1,PR,105.0,,alta_vs_baixa,baixa,alta,230,True,105,125.0
2012,meia-idade,4,1,RJ,270.0,,alta_vs_baixa,baixa,alta,769,True,270,499.0
2012,meia-idade,4,1,RN,149.0,,alta_vs_baixa,baixa,alta,179,True,30,30.0
2012,meia-idade,4,1,RO,24.0,,alta_vs_baixa,baixa,alta,40,False,16,16.0
2012,meia-idade,4,1,RR,11.0,,alta_vs_baixa,baixa,alta,22,False,11,11.0
2012,meia-idade,4,1,RS,26.0,,alta_vs_baixa,baixa,alta,63,True,26,37.0
2012,meia-idade,4,1,SC,14.0,,alta_vs_baixa,baixa,alta,38,False,14,24.0
2012,meia-idade,4,1,SE,109.0,,alta_vs_baixa,baixa,alta,217,True,108,108.0
2012,meia-idade,4,1,SP,451.0,,alta_vs_baixa,baixa,alta,1199,True,451,748.0
2012,meia-idade,4,1,TO,79.0,,alta_vs_baixa,baixa,alta,119,True,40,40.0
2012,meia-idade,4,2,AC,17.0,,alta_vs_baixa,baixa,alta,19,False,2,2.0
2012,meia-idade,4,2,AL,130.0,,alta_vs_baixa,baixa,alta,158,True,28,28.0
2012,meia-idade,4,2,AM,68.0,,alta_vs_baixa,baixa,alta,174,True,68,106.0
2012,meia-idade,4,2,AP,16.0,,alta_vs_baixa,baixa,alta,22,False,6,6.0
2012,meia-idade,4,2,BA,333.0,,alta_vs_baixa,baixa,alta,474,True,141,141.0
2012,meia-idade,4,2,CE,239.0,,alta_vs_baixa,baixa,alta,384,True,145,145.0
2012,meia-idade,4,2,DF,45.0,,alta_vs_baixa,baixa,alta,122,True,45,77.0
2012,meia-idade,4,2,ES,71.0,,alta_vs_baixa,baixa,alta,120,True,49,49.0
2012,meia-idade,4,2,GO,134.0,,alta_vs_baixa,baixa,alta,242,True,108,108.0
2012,meia-idade,4,2,MA,277.0,,alta_vs_baixa,baixa,alta,390,True,113,113.0
2012,meia-idade,4,2,MG,289.0,,alta_vs_baixa,baixa,alta,499,True,210,210.0
2012,meia-idade,4,2,MS,73.0,,alta_vs_baixa,baixa,alta,162,True,73,89.0
2012,meia-idade,4,2,MT,101.0,,alta_vs_baixa,baixa,alta,170,True,69,69.0
2012,meia-idade,4,2,PA,136.0,,alta_vs_baixa,baixa,alta,370,True,136,234.0
2012,meia-idade,4,2,PB,88.0,,alta_vs_baixa,baixa,alta,131,True,43,43.0
2012,meia-idade,4,2,PE,402.0,,alta_vs_baixa,baixa,alta,591,True,189,189.0
2012,meia-idade,4,2,PI,143.0,,alta_vs_baixa,baixa,alta,197,True,54,54.0
2012,meia-idade,4,2,PR,112.0,,alta_vs_baixa,baixa,alta,184,True,72,72.0
2012,meia-idade,4,2,RJ,243.0,,alta_vs_baixa,baixa,alta,658,True,243,415.0
2012,meia-idade,4,2,RN,89.0,,alta_vs_baixa,baixa,alta,121,True,32,32.0
2012,meia-idade,4,2,RO,20.0,,alta_vs_baixa,baixa,alta,29,False,9,9.0
2012,meia-idade,4,2,RR,9.0,,alta_vs_baixa,baixa,alta,20,False,9,11.0
2012,meia-idade,4,2,RS,26.0,,alta_vs_baixa,baixa,alta,47,True,21,21.0
2012,meia-idade,4,2,SC,9.0,,alta_vs_baixa,baixa,alta,16,False,7,7.0
2012,meia-idade,4,2,SE,81.0,,alta_vs_baixa,baixa,alta,142,True,61,61.0
2012,meia-idade,4,2,SP,361.0,,alta_vs_baixa,baixa,alta,792,True,361,431.0
2012,meia-idade,4,2,TO,34.0,,alta_vs_baixa,baixa,alta,57,True,23,23.0
2012,meia-idade,5,1,AC,1.0,,alta_vs_baixa,baixa,alta,1,False,0,0.0
2012,meia-idade,5,1,AL,0.0,,alta_vs_baixa,baixa,alta,1,False,0,1.0
2012,meia-idade,5,1,AM,10.0,,alta_vs_baixa,baixa,alta,17,False,7,7.0
2012,meia-idade,5,1,AP,0.0,,alta_vs_baixa,baixa,alta,1,False,0,1.0
2012,meia-idade,5,1,BA,2.0,,alta_vs_baixa,baixa,alta,2,False,0,0.0
2012,meia-idade,5,1,CE,1.0,,alta_vs_baixa,baixa,alta,1,False,0,0.0
2012,meia-idade,5,1,MA,3.0,,alta_vs_baixa,baixa,alta,4,False,1,1.0
2012,meia-idade,5,1,MG,1.0,,alta_vs_baixa,baixa,alta,1,False,0,0.0
2012,meia-idade,5,1,MS,7.0,,alta_vs_baixa,baixa,alta,10,False,3,3.0
2012,meia-idade,5,1,PA,1.0,,alta_vs_baixa,baixa,alta,1,False,0,0.0
2012,meia-idade,5,1,PE,3.0,,alta_vs_baixa,baixa,alta,3,False,0,0.0
2012,meia-idade,5,1,PR,3.0,,alta_vs_baixa,baixa,alta,3,False,0,0.0
2012,meia-idade,5,1,RJ,1.0,,alta_vs_baixa,baixa,alta,1,False,0,0.0
2012,meia-idade,5,1,RO,1.0,,alta_vs_baixa,baixa,alta,1,False,0,0.0
2012,meia-idade,5,1,RR,3.0,,alta_vs_baixa,baixa,alta,3,False,0,0.0
2012,meia-idade,5,1,RS,1.0,,alta_vs_baixa,baixa,alta,2,False,1,1.0
2012,meia-idade,5,1,SC,1.0,,alta_vs_baixa,baixa,alta,1,False,0,0.0
2012,meia-idade,5,1,SE,1.0,,alta_vs_baixa,baixa,alta,1,False,0,0.0
2012,meia-idade,5,1,SP,0.0,,alta_vs_baixa,baixa,alta,4,False,0,4.0
2012,meia-idade,5,1,TO,0.0,,alta_vs_baixa,baixa,alta,1,False,0,1.0
2012,meia-idade,5,2,AC,1.0,,alta_vs_baixa,baixa,alta,1,False,0,0.0
2012,meia-idade,5,2,AM,3.0,,alta_vs_baixa,baixa,alta,3,False,0,0.0
2012,meia-idade,5,2,CE,0.0,,alta_vs_baixa,baixa,alta,1,False,0,1.0
2012,meia-idade,5,2,ES,0.0,,alta_vs_baixa,baixa,alta,1,False,0,1.0
2012,meia-idade,5,2,MA,2.0,,alta_vs_baixa,baixa,alta,2,False,0,0.0
2012,meia-idade,5,2,MG,1.0,,alta_vs_baixa,baixa,alta,1,False,0,0.0
2012,meia-idade,5,2,MS,11.0,,alta_vs_baixa,baixa,alta,12,False,1,1.0
2012,meia-idade,5,2,MT,3.0,,alta_vs_baixa,baixa,alta,3,False,0,0.0
2012,meia-idade,5,2,PA,2.0,,alta_vs_baixa,baixa,alta,3,False,1,1.0
2012,meia-idade,5,2,PB,1.0,,alta_vs_baixa,baixa,alta,1,False,0,0.0
2012,meia-idade,5,2,PE,3.0,,alta_vs_baixa,baixa,alta,3,False,0,0.0
2012,meia-idade,5,2,PR,2.0,,alta_vs_baixa,baixa,alta,2,False,0,0.0
2012,meia-idade,5,2,RR,2.0,,alta_vs_baixa,baixa,alta,2,False,0,0.0
2012,meia-idade,5,2,SC,0.0,,alta_vs_baixa,baixa,alta,1,False,0,1.0
2012,meia-idade,5,2,SE,1.0,,alta_vs_baixa,baixa,alta,1,False,0,0.0
2012,meia-idade,5,2,SP,0.0,,alta_vs_baixa,baixa,alta,2,False,0,2.0
2019,adulto,1,1,AC,7.0,,alta_vs_baixa,baixa,alta,12,False,5,5.0
2019,adulto,1,1,AL,7.0,,alta_vs_baixa,baixa,alta,19,False,7,12.0
2019,adulto,1,1,AM,9.0,,alta_vs_baixa,baixa,alta,67,False,9,58.0
2019,adulto,1,1,AP,2.0,,alta_vs_baixa,baixa,alta,9,False,2,7.0
2019,adulto,1,1,BA,27.0,,alta_vs_baixa,baixa,alta,132,True,27,105.0
2019,adulto,1,1,CE,32.0,,alta_vs_baixa,baixa,alta,152,True,32,120.0
2019,adulto,1,1,DF,5.0,,alta_vs_baixa,baixa,alta,74,False,5,69.0
2019,adulto,1,1,ES,11.0,,alta_vs_baixa,baixa,alta,52,False,11,41.0
2019,adulto,1,1,GO,23.0,,alta_vs_baixa,baixa,alta,250,True,23,227.0
2019,adulto,1,1,MA,18.0,,alta_vs_baixa,baixa,alta,110,False,18,92.0
2019,adulto,1,1,MG,90.0,,alta_vs_baixa,baixa,alta,853,True,90,763.0
2019,adulto,1,1,MS,11.0,,alta_vs_baixa,baixa,alta,142,False,11,131.0
2019,adulto,1,1,MT,9.0,,alta_vs_baixa,baixa,alta,159,False,9,150.0
2019,adulto,1,1,PA,22.0,,alta_vs_baixa,baixa,alta,89,True,22,67.0
2019,adulto,1,1,PB,7.0,,alta_vs_baixa,baixa,alta,30,False,7,23.0
2019,adulto,1,1,PE,60.0,,alta_vs_baixa,baixa,alta,229,True,60,169.0
2019,adulto,1,1,PI,11.0,,alta_vs_baixa,baixa,alta,46,False,11,35.0
2019,adulto,1,1,PR,99.0,,alta_vs_baixa,baixa,alta,1430,True,99,1331.0
2019,adulto,1,1,RJ,58.0,,alta_vs_baixa,baixa,alta,544,True,58,486.0
2019,adulto,1,1,RN,18.0,,alta_vs_baixa,baixa,alta,56,False,18,38.0
2019,adulto,1,1,RO,5.0,,alta_vs_baixa,baixa,alta,58,False,5,53.0
2019,adulto,1,1,RR,0.0,,alta_vs_baixa,baixa,alta,8,False,0,8.0
2019,adulto,1,1,RS,60.0,,alta_vs_baixa,baixa,alta,680,True,60,620.0
2019,adulto,1,1,SC,31.0,,alta_vs_baixa,baixa,alta,723,True,31,692.0
2019,adulto,1,1,SE,3.0,,alta_vs_baixa,baixa,alta,41,False,3,38.0
2019,adulto,1,1,SP,202.0,,alta_vs_baixa,baixa,alta,2783,True,202,2581.0
2019,adulto,1,1,TO,1.0,,alta_vs_baixa,baixa,alta,33,False,1,32.0
2019,adulto,1,2,AC,1.0,,alta_vs_baixa,baixa,alta,7,False,1,6.0
2019,adulto,1,2,AL,7.0,,alta_vs_baixa,baixa,alta,21,False,7,14.0
2019,adulto,1,2,AM,2.0,,alta_vs_baixa,baixa,alta,45,False,2,43.0
2019,adulto,1,2,AP,1.0,,alta_vs_baixa,baixa,alta,12,False,1,11.0
2019,adulto,1,2,BA,19.0,,alta_vs_baixa,baixa,alta,112,False,19,93.0
2019,adulto,1,2,CE,18.0,,alta_vs_baixa,baixa,alta,112,False,18,94.0
2019,adulto,1,2,DF,3.0,,alta_vs_baixa,baixa,alta,44,False,3,41.0
2019,adulto,1,2,ES,6.0,,alta_vs_baixa,baixa,alta,31,False,6,25.0
2019,adulto,1,2,GO,11.0,,alta_vs_baixa,baixa,alta,151,False,11,140.0
2019,adulto,1,2,MA,17.0,,alta_vs_baixa,baixa,alta,84,False,17,67.0
2019,adulto,1,2,MG,53.0,,alta_vs_baixa,baixa,alta,466,True,53,413.0
2019,adulto,1,2,MS,9.0,,alta_vs_baixa,baixa,alta,83,False,9,74.0
2019,adulto,1,2,MT,9.0,,alta_vs_baixa,baixa,alta,70,False,9,61.0
2019,adulto,1,2,PA,8.0,,alta_vs_baixa,baixa,alta,84,False,8,76.0
2019,adulto,1,2,PB,5.0,,alta_vs_baixa,baixa,alta,21,False,5,16.0
2019,adulto,1,2,PE,37.0,,alta_vs_baixa,baixa,alta,174,True,37,137.0
2019,adulto,1,2,PI,2.0,,alta_vs_baixa,baixa,alta,23,False,2,21.0
2019,adulto,1,2,PR,54.0,,alta_vs_baixa,baixa,alta,572,True,54,518.0
2019,adulto,1,2,RJ,37.0,,alta_vs_baixa,baixa,alta,453,True,37,416.0
2019,adulto,1,2,RN,5.0,,alta_vs_baixa,baixa,alta,26,False,5,21.0
2019,adulto,1,2,RO,2.0,,alta_vs_baixa,baixa,alta,29,False,2,27.0
2019,adulto,1,2,RR,0.0,,alta_vs_baixa,baixa,alta,10,False,0,10.0
2019,adulto,1,2,RS,40.0,,alta_vs_baixa,baixa,alta,442,True,40,402.0
2019,adulto,1,2,SC,17.0,,alta_vs_baixa,baixa,alta,354,False,17,337.0
2019,adulto,1,2,SE,7.0,,alta_vs_baixa,baixa,alta,33,False,7,26.0
2019,adulto,1,2,SP,117.0,,alta_vs_baixa,baixa,alta,1655,True,117,1538.0
2019,adulto,1,2,TO,2.0,,alta_vs_baixa,baixa,alta,17,False,2,15.0
2019,adulto,2,0,MA,0.0,,alta_vs_baixa,baixa,alta,1,False,0,1.0
2019,adulto,2,1,AC,6.0,,alta_vs_baixa,baixa,alta,7,False,1,1.0
2019,adulto,2,1,AL,10.0,,alta_vs_baixa,baixa,alta,14,False,4,4.0
2019,adulto,2,1,AM,4.0,,alta_vs_baixa,baixa,alta,12,False,4,8.0
2019,adulto,2,1,AP,2.0,,alta_vs_baixa,baixa,alta,7,False,2,5.0
2019,adulto,2,1,BA,76.0,,alta_vs_baixa,baixa,alta,246,True,76,170.0
2019,adulto,2,1,CE,21.0,,alta_vs_baixa,baixa,alta,28,False,7,7.0
2019,adulto,2,1,DF,1.0,,alta_vs_baixa,baixa,alta,21,False,1,20.0
2019,adulto,2,1,ES,8.0,,alta_vs_baixa,baixa,alta,17,False,8,9.0
2019,adulto,2,1,GO,16.0,,alta_vs_baixa,baixa,alta,68,False,16,52.0
2019,adulto,2,1,MA,41.0,,alta_vs_baixa,baixa,alta,111,True,41,70.0
2019,adulto,2,1,MG,49.0,,alta_vs_baixa,baixa,alta,309,True,49,260.0
2019,adulto,2,1,MS,4.0,,alta_vs_baixa,baixa,alta,20,False,4,16.0
2019,adulto,2,1,MT,6.0,,alta_vs_baixa,baixa,alta,44,False,6,38.0
2019,adulto,2,1,PA,18.0,,alta_vs_baixa,baixa,alta,43,False,18,25.0
2019,adulto,2,1,PB,11.0,,alta_vs_baixa,baixa,alta,16,False,5,5.0
2019,adulto,2,1,PE,19.0,,alta_vs_baixa,baixa,alta,66,False,19,47.0
2019,adulto,2,1,PI,16.0,,alta_vs_baixa,baixa,alta,38,False,16,22.0
2019,adulto,2,1,PR,9.0,,alta_vs_baixa,baixa,alta,91,False,9,82.0
2019,adulto,2,1,RJ,34.0,,alta_vs_baixa,baixa,alta,243,True,34,209.0
2019,adulto,2,1,RN,4.0,,alta_vs_baixa,baixa,alta,11,False,4,7.0
2019,adulto,2,1,RO,2.0,,alta_vs_baixa,baixa,alta,13,False,2,11.0
2019,adulto,2,1,RR,1.0,,alta_vs_baixa,baixa,alta,4,False,1,3.0
2019,adulto,2,1,RS,12.0,,alta_vs_baixa,baixa,alta,76,False,12,64.0
2019,adulto,2,1,SC,1.0,,alta_vs_baixa,baixa,alta,36,False,1,35.0
2019,adulto,2,1,SE,10.0,,alta_vs_baixa,baixa,alta,23,False,10,13.0
2019,adulto,2,1,SP,34.0,,alta_vs_baixa,baixa,alta,387,True,34,353.0
2019,adulto,2,1,TO,3.0,,alta_vs_baixa,baixa,alta,15,False,3,12.0
2019,adulto,2,2,AC,1.0,,alta_vs_baixa,baixa,alta,5,False,1,4.0
2019,adulto,2,2,AL,4.0,,alta_vs_baixa,baixa,alta,5,False,1,1.0
2019,adulto,2,2,AM,0.0,,alta_vs_baixa,baixa,alta,8,False,0,8.0
2019,adulto,2,2,AP,0.0,,alta_vs_baixa,baixa,alta,3,False,0,3.0
2019,adulto,2,2,BA,28.0,,alta_vs_baixa,baixa,alta,129,True,28,101.0
2019,adulto,2,2,CE,3.0,,alta_vs_baixa,baixa,alta,11,False,3,8.0
2019,adulto,2,2,DF,1.0,,alta_vs_baixa,baixa,alta,11,False,1,10.0
2019,adulto,2,2,ES,1.0,,alta_vs_baixa,baixa,alta,14,False,1,13.0
2019,adulto,2,2,GO,1.0,,alta_vs_baixa,baixa,alta,22,False,1,21.0
2019,adulto,2,2,MA,13.0,,alta_vs_baixa,baixa,alta,51,False,13,38.0
2019,adulto,2,2,MG,17.0,,alta_vs_baixa,baixa,alta,156,False,17,139.0
2019,adulto,2,2,MS,1.0,,alta_vs_baixa,baixa,alta,13,False,1,12.0
2019,adulto,2,2,MT,1.0,,alta_vs_baixa,baixa,alta,26,False,1,25.0
2019,adulto,2,2,PA,4.0,,alta_vs_baixa,baixa,alta,24,False,4,20.0
2019,adulto,2,2,PB,0.0,,alta_vs_baixa,baixa,alta,4,False,0,4.0
2019,adulto,2,2,PE,10.0,,alta_vs_baixa,baixa,alta,37,False,10,27.0
2019,adulto,2,2,PI,3.0,,alta_vs_baixa,baixa,alta,10,False,3,7.0
2019,adulto,2,2,PR,3.0,,alta_vs_baixa,baixa,alta,43,False,3,40.0
2019,adulto,2,2,RJ,22.0,,alta_vs_baixa,baixa,alta,182,True,22,160.0
2019,adulto,2,2,RN,0.0,,alta_vs_baixa,baixa,alta,5,False,0,5.0
2019,adulto,2,2,RO,1.0,,alta_vs_baixa,baixa,alta,6,False,1,5.0
2019,adulto,2,2,RR,0.0,,alta_vs_baixa,baixa,alta,2,False,0,2.0
2019,adulto,2,2,RS,6.0,,alta_vs_baixa,baixa,alta,47,False,6,41.0
2019,adulto,2,2,SC,2.0,,alta_vs_baixa,baixa,alta,18,False,2,16.0
2019,adulto,2,2,SE,1.0,,alta_vs_baixa,baixa,alta,10,False,1,9.0
2019,adulto,2,2,SP,14.0,,alta_vs_baixa,baixa,alta,220,False,14,206.0
2019,adulto,2,2,TO,2.0,,alta_vs_baixa,baixa,alta,9,False,2,7.0
2019,adulto,3,1,AM,0.0,,alta_vs_baixa,baixa,alta,1,False,0,1.0
2019,adulto,3,1,BA,0.0,,alta_vs_baixa,baixa,alta,3,False,0,3.0
2019,adulto,3,1,CE,1.0,,alta_vs_baixa,baixa,alta,1,False,0,0.0
2019,adulto,3,1,DF,1.0,,alta_vs_baixa,baixa,alta,1,False,0,0.0
2019,adulto,3,1,GO,0.0,,alta_vs_baixa,baixa,alta,2,False,0,2.0
2019,adulto,3,1,MG,2.0,,alta_vs_baixa,baixa,alta,7,False,2,5.0
2019,adulto,3,1,MS,0.0,,alta_vs_baixa,baixa,alta,2,False,0,2.0
2019,adulto,3,1,MT,0.0,,alta_vs_baixa,baixa,alta,2,False,0,2.0
2019,adulto,3,1,PA,1.0,,alta_vs_baixa,baixa,alta,4,False,1,3.0
2019,adulto,3,1,PE,0.0,,alta_vs_baixa,baixa,alta,3,False,0,3.0
2019,adulto,3,1,PR,0.0,,alta_vs_baixa,baixa,alta,5,False,0,5.0
2019,adulto,3,1,RJ,1.0,,alta_vs_baixa,baixa,alta,2,False,1,1.0
2019,adulto,3,1,RN,1.0,,alta_vs_baixa,baixa,alta,1,False,0,0.0
2019,adulto,3,1,SP,1.0,,alta_vs_baixa,baixa,alta,14,False,1,13.0
2019,adulto,3,2,CE,0.0,,alta_vs_baixa,baixa,alta,1,False,0,1.0
2019,adulto,3,2,MG,0.0,,alta_vs_baixa,baixa,alta,4,False,0,4.0
2019,adulto,3,2,MT,1.0,,alta_vs_baixa,baixa,alta,2,False,1,1.0
2019,adulto,3,2,PB,0.0,,alta_vs_baixa,baixa,alta,1,False,0,1.0
2019,adulto,3,2,PE,0.0,,alta_vs_baixa,baixa,alta,1,False,0,1.0
2019,adulto,3,2,PI,0.0,,alta_vs_baixa,baixa,alta,1,False,0,1.0
2019,adulto,3,2,PR,0.0,,alta_vs_baixa,baixa,alta,1,False,0,1.0
2019,adulto,3,2,RS,0.0,,alta_vs_baixa,baixa,alta,1,False,0,1.0
2019,adulto,3,2,SC,0.0,,alta_vs_baixa,baixa,alta,2,False,0,2.0
2019,adulto,3,2,SP,1.0,,alta_vs_baixa,baixa,alta,11,False,1,10.0
2019,adulto,4,0,PA,0.0,,alta_vs_baixa,baixa,alta,1,False,0,1.0
2019,adulto,4,0,PI,0.0,,alta_vs_baixa,baixa,alta,1,False,0,1.0
2019,adulto,4,1,AC,29.0,,alta_vs_baixa,baixa,alta,54,True,25,25.0
2019,adulto,4,1,AL,77.0,,alta_vs_baixa,baixa,alta,159,True,77,82.0
2019,adulto,4,1,AM,70.0,,alta_vs_baixa,baixa,alta,589,True,70,519.0
2019,adulto,4,1,AP,9.0,,alta_vs_baixa,baixa,alta,70,False,9,61.0
2019,adulto,4,1,BA,233.0,,alta_vs_baixa,baixa,alta,956,True,233,723.0
2019,adulto,4,1,CE,276.0,,alta_vs_baixa,baixa,alta,932,True,276,656.0
2019,adulto,4,1,DF,12.0,,alta_vs_baixa,baixa,alta,168,False,12,156.0
2019,adulto,4,1,ES,21.0,,alta_vs_baixa,baixa,alta,139,True,21,118.0
2019,adulto,4,1,GO,59.0,,alta_vs_baixa,baixa,alta,611,True,59,552.0
2019,adulto,4,1,MA,211.0,,alta_vs_baixa,baixa,alta,790,True,211,579.0
2019,adulto,4,1,MG,150.0,,alta_vs_baixa,baixa,alta,1153,True,150,1003.0
2019,adulto,4,1,MS,23.0,,alta_vs_baixa,baixa,alta,222,True,23,199.0
2019,adulto,4,1,MT,41.0,,alta_vs_baixa,baixa,alta,385,True,41,344.0
2019,adulto,4,1,PA,133.0,,alta_vs_baixa,baixa,alta,729,True,133,596.0
2019,adulto,4,1,PB,53.0,,alta_vs_baixa,baixa,alta,101,True,48,48.0
2019,adulto,4,1,PE,302.0,,alta_vs_baixa,baixa,alta,861,True,302,559.0
2019,adulto,4,1,PI,104.0,,alta_vs_baixa,baixa,alta,277,True,104,173.0
2019,adulto,4,1,PR,33.0,,alta_vs_baixa,baixa,alta,406,True,33,373.0
2019,adulto,4,1,RJ,62.0,,alta_vs_baixa,baixa,alta,670,True,62,608.0
2019,adulto,4,1,RN,54.0,,alta_vs_baixa,baixa,alta,160,True,54,106.0
2019,adulto,4,1,RO,15.0,,alta_vs_baixa,baixa,alta,127,False,15,112.0
2019,adulto,4,1,RR,6.0,,alta_vs_baixa,baixa,alta,92,False,6,86.0
2019,adulto,4,1,RS,10.0,,alta_vs_baixa,baixa,alta,87,False,10,77.0
2019,adulto,4,1,SC,1.0,,alta_vs_baixa,baixa,alta,78,False,1,77.0
2019,adulto,4,1,SE,67.0,,alta_vs_baixa,baixa,alta,260,True,67,193.0
2019,adulto,4,1,SP,105.0,,alta_vs_baixa,baixa,alta,1680,True,105,1575.0
2019,adulto,4,1,TO,23.0,,alta_vs_baixa,baixa,alta,116,True,23,93.0
2019,adulto,4,2,AC,11.0,,alta_vs_baixa,baixa,alta,22,False,11,11.0
2019,adulto,4,2,AL,29.0,,alta_vs_baixa,baixa,alta,68,True,29,39.0
2019,adulto,4,2,AM,27.0,,alta_vs_baixa,baixa,alta,234,True,27,207.0
2019,adulto,4,2,AP,5.0,,alta_vs_baixa,baixa,alta,24,False,5,19.0
2019,adulto,4,2,BA,74.0,,alta_vs_baixa,baixa,alta,469,True,74,395.0
2019,adulto,4,2,CE,84.0,,alta_vs_baixa,baixa,alta,379,True,84,295.0
2019,adulto,4,2,DF,5.0,,alta_vs_baixa,baixa,alta,50,False,5,45.0
2019,adulto,4,2,ES,9.0,,alta_vs_baixa,baixa,alta,84,False,9,75.0
2019,adulto,4,2,GO,22.0,,alta_vs_baixa,baixa,alta,234,True,22,212.0
2019,adulto,4,2,MA,75.0,,alta_vs_baixa,baixa,alta,343,True,75,268.0
2019,adulto,4,2,MG,61.0,,alta_vs_baixa,baixa,alta,546,True,61,485.0
2019,adulto,4,2,MS,13.0,,alta_vs_baixa,baixa,alta,119,False,13,106.0
2019,adulto,4,2,MT,17.0,,alta_vs_baixa,baixa,alta,172,False,17,155.0
2019,adulto,4,2,PA,53.0,,alta_vs_baixa,baixa,alta,364,True,53,311.0
2019,adulto,4,2,PB,18.0,,alta_vs_baixa,baixa,alta,62,False,18,44.0
2019,adulto,4,2,PE,81.0,,alta_vs_baixa,baixa,alta,386,True,81,305.0
2019,adulto,4,2,PI,35.0,,alta_vs_baixa,baixa,alta,110,True,35,75.0
2019,adulto,4,2,PR,18.0,,alta_vs_baixa,baixa,alta,160,False,18,142.0
2019,adulto,4,2,RJ,35.0,,alta_vs_baixa,baixa,alta,415,True,35,380.0
2019,adulto,4,2,RN,18.0,,alta_vs_baixa,baixa,alta,73,False,18,55.0
2019,adulto,4,2,RO,5.0,,alta_vs_baixa,baixa,alta,52,False,5,47.0
2019,adulto,4,2,RR,1.0,,alta_vs_baixa,baixa,alta,35,False,1,34.0
2019,adulto,4,2,RS,4.0,,alta_vs_baixa,baixa,alta,45,False,4,41.0
2019,adulto,4,2,SC,2.0,,alta_vs_baixa,baixa,alta,23,False,2,21.0
2019,adulto,4,2,SE,18.0,,alta_vs_baixa,baixa,alta,88,False,18,70.0
2019,adulto,4,2,SP,52.0,,alta_vs_baixa,baixa,alta,821,True,52,769.0
2019,adulto,4,2,TO,8.0,,alta_vs_baixa,baixa,alta,56,False,8,48.0
2019,adulto,5,1,AC,2.0,,alta_vs_baixa,baixa,alta,3,False,1,1.0
2019,adulto,5,1,AM,13.0,,alta_vs_baixa,baixa,alta,30,False,13,17.0
2019,adulto,5,1,BA,0.0,,alta_vs_baixa,baixa,alta,1,False,0,1.0
2019,adulto,5,1,CE,0.0,,alta_vs_baixa,baixa,alta,2,False,0,2.0
2019,adulto,5,1,MA,4.0,,alta_vs_baixa,baixa,alta,9,False,4,5.0
2019,adulto,5,1,MG,3.0,,alta_vs_baixa,baixa,alta,3,False,0,0.0
2019,adulto,5,1,MS,1.0,,alta_vs_baixa,baixa,alta,13,False,1,12.0
2019,adulto,5,1,MT,4.0,,alta_vs_baixa,baixa,alta,6,False,2,2.0
2019,adulto,5,1,PA,1.0,,alta_vs_baixa,baixa,alta,2,False,1,1.0
2019,adulto,5,1,PE,1.0,,alta_vs_baixa,baixa,alta,3,False,1,2.0
2019,adulto,5,1,PR,1.0,,alta_vs_baixa,baixa,alta,3,False,1,2.0
2019,adulto,5,1,RJ,0.0,,alta_vs_baixa,baixa,alta,1,False,0,1.0
2019,adulto,5,1,RN,0.0,,alta_vs_baixa,baixa,alta,1,False,0,1.0
2019,adulto,5,1,RO,1.0,,alta_vs_baixa,baixa,alta,1,False,0,0.0
2019,adulto,5,1,RR,6.0,,alta_vs_baixa,baixa,alta,17,False,6,11.0
2019,adulto,5,1,RS,1.0,,alta_vs_baixa,baixa,alta,2,False,1,1.0
2019,adulto,5,1,SC,0.0,,alta_vs_baixa,baixa,alta,1,False,0,1.0
2019,adulto,5,1,SP,0.0,,alta_vs_baixa,baixa,alta,3,False,0,3.0
2019,adulto,5,1,TO,0.0,,alta_vs_baixa,baixa,alta,1,False,0,1.0
2019,adulto,5,2,AC,1.0,,alta_vs_baixa,baixa,alta,4,False,1,3.0
2019,adulto,5,2,AM,5.0,,alta_vs_baixa,baixa,alta,6,False,1,1.0
2019,adulto,5,2,BA,0.0,,alta_vs_baixa,baixa,alta,1,False,0,1.0
2019,adulto,5,2,CE,0.0,,alta_vs_baixa,baixa,alta,1,False,0,1.0
2019,adulto,5,2,MA,3.0,,alta_vs_baixa,baixa,alta,3,False,0,0.0
2019,adulto,5,2,MS,8.0,,alta_vs_baixa,baixa,alta,22,False,8,14.0
2019,adulto,5,2,MT,2.0,,alta_vs_baixa,baixa,alta,7,False,2,5.0
2019,adulto,5,2,PA,1.0,,alta_vs_baixa,baixa,alta,3,False,1,2.0
2019,adulto,5,2,PB,0.0,,alta_vs_baixa,baixa,alta,1,False,0,1.0
2019,adulto,5,2,PE,0.0,,alta_vs_baixa,baixa,alta,3,False,0,3.0
2019,adulto,5,2,PR,2.0,,alta_vs_baixa,baixa,alta,3,False,1,1.0
2019,adulto,5,2,RR,0.0,,alta_vs_baixa,baixa,alta,2,False,0,2.0
2019,adulto,5,2,RS,1.0,,alta_vs_baixa,baixa,alta,2,False,1,1.0
2019,adulto,5,2,SC,0.0,,alta_vs_baixa,baixa,alta,2,False,0,2.0
2019,adulto,5,2,SP,0.0,,alta_vs_baixa,baixa,alta,2,False,0,2.0
2019,adulto,5,2,TO,0.0,,alta_vs_baixa,baixa,alta,2,False,0,2.0
2019,idoso,1,0,SP,1.0,,alta_vs_baixa,baixa,alta,2,False,1,1.0
2019,idoso,1,1,AC,12.0,,alta_vs_baixa,baixa,alta,18,False,6,6.0
2019,idoso,1,1,AL,97.0,,alta_vs_baixa,baixa,alta,148,True,51,51.0
2019,idoso,1,1,AM,46.0,,alta_vs_baixa,baixa,alta,134,True,46,88.0
2019,idoso,1,1,AP,14.0,,alta_vs_baixa,baixa,alta,30,False,14,16.0
2019,idoso,1,1,BA,259.0,,alta_vs_baixa,baixa,alta,556,True,259,297.0
2019,idoso,1,1,CE,313.0,,alta_vs_baixa,baixa,alta,562,True,249,249.0
2019,idoso,1,1,DF,51.0,,alta_vs_baixa,baixa,alta,227,True,51,176.0
2019,idoso,1,1,ES,91.0,,alta_vs_baixa,baixa,alta,239,True,91,148.0
2019,idoso,1,1,GO,281.0,,alta_vs_baixa,baixa,alta,665,True,281,384.0
2019,idoso,1,1,MA,185.0,,alta_vs_baixa,baixa,alta,350,True,165,165.0
2019,idoso,1,1,MG,674.0,,alta_vs_baixa,baixa,alta,2576,True,674,1902.0
2019,idoso,1,1,MS,112.0,,alta_vs_baixa,baixa,alta,417,True,112,305.0
2019,idoso,1,1,MT,99.0,,alta_vs_baixa,baixa,alta,345,True,99,246.0
2019,idoso,1,1,PA,111.0,,alta_vs_baixa,baixa,alta,269,True,111,158.0
2019,idoso,1,1,PB,97.0,,alta_vs_baixa,baixa,alta,140,True,43,43.0
2019,idoso,1,1,PE,402.0,,alta_vs_baixa,baixa,alta,884,True,402,482.0
2019,idoso,1,1,PI,102.0,,alta_vs_baixa,baixa,alta,151,True,49,49.0
2019,idoso,1,1,PR,746.0,,alta_vs_baixa,baixa,alta,2734,True,746,1988.0
2019,idoso,1,1,RJ,398.0,,alta_vs_baixa,baixa,alta,2620,True,398,2222.0
2019,idoso,1,1,RN,178.0,,alta_vs_baixa,baixa,alta,292,True,114,114.0
2019,idoso,1,1,RO,59.0,,alta_vs_baixa,baixa,alta,110,True,51,51.0
2019,idoso,1,1,RR,13.0,,alta_vs_baixa,baixa,alta,30,False,13,17.0
2019,idoso,1,1,RS,591.0,,alta_vs_baixa,baixa,alta,2584,True,591,1993.0
2019,idoso,1,1,SC,292.0,,alta_vs_baixa,baixa,alta,1528,True,292,1236.0
2019,idoso,1,1,SE,67.0,,alta_vs_baixa,baixa,alta,154,True,67,87.0
2019,idoso,1,1,SP,1308.0,,alta_vs_baixa,baixa,alta,8711,True,1308,7403.0
2019,idoso,1,1,TO,34.0,,alta_vs_baixa,baixa,alta,79,True,34,45.0
2019,idoso,1,2,AC,13.0,,alta_vs_baixa,baixa,alta,21,False,8,8.0
2019,idoso,1,2,AL,105.0,,alta_vs_baixa,baixa,alta,139,True,34,34.0
2019,idoso,1,2,AM,31.0,,alta_vs_baixa,baixa,alta,121,True,31,90.0
2019,idoso,1,2,AP,16.0,,alta_vs_baixa,baixa,alta,26,False,10,10.0
2019,idoso,1,2,BA,266.0,,alta_vs_baixa,baixa,alta,502,True,236,236.0
2019,idoso,1,2,CE,283.0,,alta_vs_baixa,baixa,alta,508,True,225,225.0
2019,idoso,1,2,DF,67.0,,alta_vs_baixa,baixa,alta,223,True,67,156.0
2019,idoso,1,2,ES,89.0,,alta_vs_baixa,baixa,alta,169,True,80,80.0
2019,idoso,1,2,GO,281.0,,alta_vs_baixa,baixa,alta,583,True,281,302.0
2019,idoso,1,2,MA,173.0,,alta_vs_baixa,baixa,alta,300,True,127,127.0
2019,idoso,1,2,MG,755.0,,alta_vs_baixa,baixa,alta,2002,True,755,1247.0
2019,idoso,1,2,MS,157.0,,alta_vs_baixa,baixa,alta,359,True,157,202.0
2019,idoso,1,2,MT,97.0,,alta_vs_baixa,baixa,alta,231,True,97,134.0
2019,idoso,1,2,PA,107.0,,alta_vs_baixa,baixa,alta,233,True,107,126.0
2019,idoso,1,2,PB,87.0,,alta_vs_baixa,baixa,alta,143,True,56,56.0
2019,idoso,1,2,PE,504.0,,alta_vs_baixa,baixa,alta,878,True,374,374.0
2019,idoso,1,2,PI,101.0,,alta_vs_baixa,baixa,alta,139,True,38,38.0
2019,idoso,1,2,PR,1005.0,,alta_vs_baixa,baixa,alta,2141,True,1005,1136.0
2019,idoso,1,2,RJ,583.0,,alta_vs_baixa,baixa,alta,2315,True,583,1732.0
2019,idoso,1,2,RN,157.0,,alta_vs_baixa,baixa,alta,243,True,86,86.0
2019,idoso,1,2,RO,81.0,,alta_vs_baixa,baixa,alta,123,True,42,42.0
2019,idoso,1,2,RR,10.0,,alta_vs_baixa,baixa,alta,21,False,10,11.0
2019,idoso,1,2,RS,550.0,,alta_vs_baixa,baixa,alta,1888,True,550,1338.0
2019,idoso,1,2,SC,311.0,,alta_vs_baixa,baixa,alta,1009,True,311,698.0
2019,idoso,1,2,SE,88.0,,alta_vs_baixa,baixa,alta,135,True,47,47.0
2019,idoso,1,2,SP,1850.0,,alta_vs_baixa,baixa,alta,6366,True,1850,4516.0
2019,idoso,1,2,TO,32.0,,alta_vs_baixa,baixa,alta,60,True,28,28.0
2019,idoso,2,1,AC,3.0,,alta_vs_baixa,baixa,alta,5,False,2,2.0
2019,idoso,2,1,AL,40.0,,alta_vs_baixa,baixa,alta,52,False,12,12.0
2019,idoso,2,1,AM,13.0,,alta_vs_baixa,baixa,alta,20,False,7,7.0
2019,idoso,2,1,AP,7.0,,alta_vs_baixa,baixa,alta,11,False,4,4.0
2019,idoso,2,1,BA,413.0,,alta_vs_baixa,baixa,alta,578,True,165,165.0
2019,idoso,2,1,CE,101.0,,alta_vs_baixa,baixa,alta,120,False,19,19.0
2019,idoso,2,1,DF,18.0,,alta_vs_baixa,baixa,alta,46,False,18,28.0
2019,idoso,2,1,ES,48.0,,alta_vs_baixa,baixa,alta,66,False,18,18.0
2019,idoso,2,1,GO,121.0,,alta_vs_baixa,baixa,alta,161,True,40,40.0
2019,idoso,2,1,MA,205.0,,alta_vs_baixa,baixa,alta,252,True,47,47.0
2019,idoso,2,1,MG,359.0,,alta_vs_baixa,baixa,alta,603,True,244,244.0
2019,idoso,2,1,MS,27.0,,alta_vs_baixa,baixa,alta,45,False,18,18.0
2019,idoso,2,1,MT,69.0,,alta_vs_baixa,baixa,alta,104,True,35,35.0
2019,idoso,2,1,PA,94.0,,alta_vs_baixa,baixa,alta,118,True,24,24.0
2019,idoso,2,1,PB,32.0,,alta_vs_baixa,baixa,alta,38,False,6,6.0
2019,idoso,2,1,PE,157.0,,alta_vs_baixa,baixa,alta,237,True,80,80.0
2019,idoso,2,1,PI,98.0,,alta_vs_baixa,baixa,alta,110,False,12,12.0
2019,idoso,2,1,PR,98.0,,alta_vs_baixa,baixa,alta,171,True,73,73.0
2019,idoso,2,1,RJ,234.0,,alta_vs_baixa,baixa,alta,742,True,234,508.0
2019,idoso,2,1,RN,45.0,,alta_vs_baixa,baixa,alta,55,False,10,10.0
2019,idoso,2,1,RO,28.0,,alta_vs_baixa,baixa,alta,40,False,12,12.0
2019,idoso,2,1,RR,9.0,,alta_vs_baixa,baixa,alta,11,False,2,2.0
2019,idoso,2,1,RS,79.0,,alta_vs_baixa,baixa,alta,185,True,79,106.0
2019,idoso,2,1,SC,23.0,,alta_vs_baixa,baixa,alta,63,True,23,40.0
2019,idoso,2,1,SE,66.0,,alta_vs_baixa,baixa,alta,93,True,27,27.0
2019,idoso,2,1,SP,262.0,,alta_vs_baixa,baixa,alta,850,True,262,588.0
2019,idoso,2,1,TO,43.0,,alta_vs_baixa,baixa,alta,48,False,5,5.0
2019,idoso,2,2,AC,8.0,,alta_vs_baixa,baixa,alta,9,False,1,1.0
2019,idoso,2,2,AL,40.0,,alta_vs_baixa,baixa,alta,47,False,7,7.0
2019,idoso,2,2,AM,6.0,,alta_vs_baixa,baixa,alta,13,False,6,7.0
2019,idoso,2,2,AP,6.0,,alta_vs_baixa,baixa,alta,7,False,1,1.0
2019,idoso,2,2,BA,382.0,,alta_vs_baixa,baixa,alta,516,True,134,134.0
2019,idoso,2,2,CE,64.0,,alta_vs_baixa,baixa,alta,74,False,10,10.0
2019,idoso,2,2,DF,22.0,,alta_vs_baixa,baixa,alta,39,False,17,17.0
2019,idoso,2,2,ES,40.0,,alta_vs_baixa,baixa,alta,57,False,17,17.0
2019,idoso,2,2,GO,107.0,,alta_vs_baixa,baixa,alta,123,False,16,16.0
2019,idoso,2,2,MA,140.0,,alta_vs_baixa,baixa,alta,171,True,31,31.0
2019,idoso,2,2,MG,343.0,,alta_vs_baixa,baixa,alta,489,True,146,146.0
2019,idoso,2,2,MS,29.0,,alta_vs_baixa,baixa,alta,35,False,6,6.0
2019,idoso,2,2,MT,41.0,,alta_vs_baixa,baixa,alta,56,False,15,15.0
2019,idoso,2,2,PA,56.0,,alta_vs_baixa,baixa,alta,80,True,24,24.0
2019,idoso,2,2,PB,24.0,,alta_vs_baixa,baixa,alta,27,False,3,3.0
2019,idoso,2,2,PE,151.0,,alta_vs_baixa,baixa,alta,203,True,52,52.0
2019,idoso,2,2,PI,87.0,,alta_vs_baixa,baixa,alta,94,False,7,7.0
2019,idoso,2,2,PR,106.0,,alta_vs_baixa,baixa,alta,137,True,31,31.0
2019,idoso,2,2,RJ,359.0,,alta_vs_baixa,baixa,alta,723,True,359,364.0
2019,idoso,2,2,RN,22.0,,alta_vs_baixa,baixa,alta,30,False,8,8.0
2019,idoso,2,2,RO,26.0,,alta_vs_baixa,baixa,alta,29,False,3,3.0
2019,idoso,2,2,RR,3.0,,alta_vs_baixa,baixa,alta,3,False,0,0.0
2019,idoso,2,2,RS,79.0,,alta_vs_baixa,baixa,alta,157,True,78,78.0
2019,idoso,2,2,SC,22.0,,alta_vs_baixa,baixa,alta,37,False,15,15.0
2019,idoso,2,2,SE,51.0,,alta_vs_baixa,baixa,alta,63,False,12,12.0
2019,idoso,2,2,SP,319.0,,alta_vs_baixa,baixa,alta,718,True,319,399.0
2019,idoso,2,2,TO,37.0,,alta_vs_baixa,baixa,alta,40,False,3,3.0
2019,idoso,3,1,AL,2.0,,alta_vs_baixa,baixa,alta,2,False,0,0.0
2019,idoso,3,1,AM,3.0,,alta_vs_baixa,baixa,alta,5,False,2,2.0
2019,idoso,3,1,AP,1.0,,alta_vs_baixa,baixa,alta,1,False,0,0.0
2019,idoso,3,1,BA,3.0,,alta_vs_baixa,baixa,alta,5,False,2,2.0
2019,idoso,3,1,CE,4.0,,alta_vs_baixa,baixa,alta,4,False,0,0.0
2019,idoso,3,1,DF,1.0,,alta_vs_baixa,baixa,alta,3,False,1,2.0
2019,idoso,3,1,ES,0.0,,alta_vs_baixa,baixa,alta,2,False,0,2.0
2019,idoso,3,1,GO,6.0,,alta_vs_baixa,baixa,alta,7,False,1,1.0
2019,idoso,3,1,MA,5.0,,alta_vs_baixa,baixa,alta,7,False,2,2.0
2019,idoso,3,1,MG,9.0,,alta_vs_baixa,baixa,alta,22,False,9,13.0
2019,idoso,3,1,MS,3.0,,alta_vs_baixa,baixa,alta,17,False,3,14.0
2019,idoso,3,1,MT,0.0,,alta_vs_baixa,baixa,alta,4,False,0,4.0
2019,idoso,3,1,PA,2.0,,alta_vs_baixa,baixa,alta,8,False,2,6.0
2019,idoso,3,1,PB,0.0,,alta_vs_baixa,baixa,alta,1,False,0,1.0
2019,idoso,3,1,PE,1.0,,alta_vs_baixa,baixa,alta,3,False,1,2.0
2019,idoso,3,1,PI,2.0,,alta_vs_baixa,baixa,alta,3,False,1,1.0
2019,idoso,3,1,PR,1.0,,alta_vs_baixa,baixa,alta,41,False,1,40.0
2019,idoso,3,1,RJ,1.0,,alta_vs_baixa,baixa,alta,5,False,1,4.0
2019,idoso,3,1,RO,1.0,,alta_vs_baixa,baixa,alta,1,False,0,0.0
2019,idoso,3,1,SC,0.0,,alta_vs_baixa,baixa,alta,3,False,0,3.0
2019,idoso,3,1,SP,3.0,,alta_vs_baixa,baixa,alta,166,False,3,163.0
2019,idoso,3,1,TO,2.0,,alta_vs_baixa,baixa,alta,2,False,0,0.0
2019,idoso,3,2,AL,2.0,,alta_vs_baixa,baixa,alta,3,False,1,1.0
2019,idoso,3,2,AM,0.0,,alta_vs_baixa,baixa,alta,1,False,0,1.0
2019,idoso,3,2,BA,3.0,,alta_vs_baixa,baixa,alta,5,False,2,2.0
2019,idoso,3,2,CE,2.0,,alta_vs_baixa,baixa,alta,4,False,2,2.0
2019,idoso,3,2,DF,0.0,,alta_vs_baixa,baixa,alta,5,False,0,5.0
2019,idoso,3,2,ES,0.0,,alta_vs_baixa,baixa,alta,1,False,0,1.0
2019,idoso,3,2,GO,5.0,,alta_vs_baixa,baixa,alta,7,False,2,2.0
2019,idoso,3,2,MA,7.0,,alta_vs_baixa,baixa,alta,8,False,1,1.0
2019,idoso,3,2,MG,8.0,,alta_vs_baixa,baixa,alta,21,False,8,13.0
2019,idoso,3,2,MS,1.0,,alta_vs_baixa,baixa,alta,2,False,1,1.0
2019,idoso,3,2,MT,1.0,,alta_vs_baixa,baixa,alta,6,False,1,5.0
2019,idoso,3,2,PA,3.0,,alta_vs_baixa,baixa,alta,8,False,3,5.0
2019,idoso,3,2,PB,1.0,,alta_vs_baixa,baixa,alta,1,False,0,0.0
2019,idoso,3,2,PE,2.0,,alta_vs_baixa,baixa,alta,2,False,0,0.0
2019,idoso,3,2,PI,1.0,,alta_vs_baixa,baixa,alta,1,False,0,0.0
2019,idoso,3,2,PR,3.0,,alta_vs_baixa,baixa,alta,19,False,3,16.0
2019,idoso,3,2,RJ,5.0,,alta_vs_baixa,baixa,alta,7,False,2,2.0
2019,idoso,3,2,RN,1.0,,alta_vs_baixa,baixa,alta,2,False,1,1.0
2019,idoso,3,2,RS,1.0,,alta_vs_baixa,baixa,alta,2,False,1,1.0
2019,idoso,3,2,SC,2.0,,alta_vs_baixa,baixa,alta,4,False,2,2.0
2019,idoso,3,2,SE,1.0,,alta_vs_baixa,baixa,alta,1,False,0,0.0
2019,idoso,3,2,SP,3.0,,alta_vs_baixa,baixa,alta,90,False,3,87.0
2019,idoso,3,2,TO,1.0,,alta_vs_baixa,baixa,alta,2,False,1,1.0
2019,idoso,4,0,PI,1.0,,alta_vs_baixa,baixa,alta,1,False,0,0.0
2019,idoso,4,0,TO,0.0,,alta_vs_baixa,baixa,alta,1,False,0,1.0
2019,idoso,4,1,AC,102.0,,alta_vs_baixa,baixa,alta,122,True,20,20.0
2019,idoso,4,1,AL,336.0,,alta_vs_baixa,baixa,alta,414,True,78,78.0
2019,idoso,4,1,AM,372.0,,alta_vs_baixa,baixa,alta,684,True,312,312.0
2019,idoso,4,1,AP,50.0,,alta_vs_baixa,baixa,alta,81,True,31,31.0
2019,idoso,4,1,BA,1243.0,,alta_vs_baixa,baixa,alta,1911,True,668,668.0
2019,idoso,4,1,CE,1552.0,,alta_vs_baixa,baixa,alta,2063,True,511,511.0
2019,idoso,4,1,DF,92.0,,alta_vs_baixa,baixa,alta,243,True,92,151.0
2019,idoso,4,1,ES,134.0,,alta_vs_baixa,baixa,alta,277,True,134,143.0
2019,idoso,4,1,GO,491.0,,alta_vs_baixa,baixa,alta,806,True,315,315.0
2019,idoso,4,1,MA,1058.0,,alta_vs_baixa,baixa,alta,1396,True,338,338.0
2019,idoso,4,1,MG,1063.0,,alta_vs_baixa,baixa,alta,2049,True,986,986.0
2019,idoso,4,1,MS,197.0,,alta_vs_baixa,baixa,alta,412,True,197,215.0
2019,idoso,4,1,MT,287.0,,alta_vs_baixa,baixa,alta,542,True,255,255.0
2019,idoso,4,1,PA,676.0,,alta_vs_baixa,baixa,alta,1147,True,471,471.0
2019,idoso,4,1,PB,364.0,,alta_vs_baixa,baixa,alta,454,True,90,90.0
2019,idoso,4,1,PE,1223.0,,alta_vs_baixa,baixa,alta,1834,True,611,611.0
2019,idoso,4,1,PI,492.0,,alta_vs_baixa,baixa,alta,617,True,125,125.0
2019,idoso,4,1,PR,294.0,,alta_vs_baixa,baixa,alta,558,True,264,264.0
2019,idoso,4,1,RJ,441.0,,alta_vs_baixa,baixa,alta,1503,True,441,1062.0
2019,idoso,4,1,RN,397.0,,alta_vs_baixa,baixa,alta,506,True,109,109.0
2019,idoso,4,1,RO,115.0,,alta_vs_baixa,baixa,alta,178,True,63,63.0
2019,idoso,4,1,RR,58.0,,alta_vs_baixa,baixa,alta,93,True,35,35.0
2019,idoso,4,1,RS,86.0,,alta_vs_baixa,baixa,alta,190,True,86,104.0
2019,idoso,4,1,SC,35.0,,alta_vs_baixa,baixa,alta,87,True,35,52.0
2019,idoso,4,1,SE,282.0,,alta_vs_baixa,baixa,alta,439,True,157,157.0
2019,idoso,4,1,SP,757.0,,alta_vs_baixa,baixa,alta,2350,True,757,1593.0
2019,idoso,4,1,TO,176.0,,alta_vs_baixa,baixa,alta,212,True,36,36.0
2019,idoso,4,2,AC,77.0,,alta_vs_baixa,baixa,alta,90,False,13,13.0
2019,idoso,4,2,AL,317.0,,alta_vs_baixa,baixa,alta,360,True,43,43.0
2019,idoso,4,2,AM,235.0,,alta_vs_baixa,baixa,alta,412,True,177,177.0
2019,idoso,4,2,AP,47.0,,alta_vs_baixa,baixa,alta,66,False,19,19.0
2019,idoso,4,2,BA,1066.0,,alta_vs_baixa,baixa,alta,1518,True,452,452.0
2019,idoso,4,2,CE,1260.0,,alta_vs_baixa,baixa,alta,1630,True,370,370.0
2019,idoso,4,2,DF,83.0,,alta_vs_baixa,baixa,alta,190,True,83,107.0
2019,idoso,4,2,ES,159.0,,alta_vs_baixa,baixa,alta,225,True,66,66.0
2019,idoso,4,2,GO,437.0,,alta_vs_baixa,baixa,alta,630,True,193,193.0
2019,idoso,4,2,MA,845.0,,alta_vs_baixa,baixa,alta,1102,True,257,257.0
2019,idoso,4,2,MG,1031.0,,alta_vs_baixa,baixa,alta,1621,True,590,590.0
2019,idoso,4,2,MS,219.0,,alta_vs_baixa,baixa,alta,334,True,115,115.0
2019,idoso,4,2,MT,240.0,,alta_vs_baixa,baixa,alta,398,True,158,158.0
2019,idoso,4,2,PA,586.0,,alta_vs_baixa,baixa,alta,903,True,317,317.0
2019,idoso,4,2,PB,261.0,,alta_vs_baixa,baixa,alta,324,True,63,63.0
2019,idoso,4,2,PE,1276.0,,alta_vs_baixa,baixa,alta,1720,True,444,444.0
2019,idoso,4,2,PI,476.0,,alta_vs_baixa,baixa,alta,541,True,65,65.0
2019,idoso,4,2,PR,384.0,,alta_vs_baixa,baixa,alta,508,True,124,124.0
2019,idoso,4,2,RJ,577.0,,alta_vs_baixa,baixa,alta,1299,True,577,722.0
2019,idoso,4,2,RN,260.0,,alta_vs_baixa,baixa,alta,347,True,87,87.0
2019,idoso,4,2,RO,97.0,,alta_vs_baixa,baixa,alta,135,True,38,38.0
2019,idoso,4,2,RR,33.0,,alta_vs_baixa,baixa,alta,55,True,22,22.0
2019,idoso,4,2,RS,84.0,,alta_vs_baixa,baixa,alta,156,True,72,72.0
2019,idoso,4,2,SC,49.0,,alta_vs_baixa,baixa,alta,80,True,31,31.0
2019,idoso,4,2,SE,283.0,,alta_vs_baixa,baixa,alta,370,True,87,87.0
2019,idoso,4,2,SP,941.0,,alta_vs_baixa,baixa,alta,1873,True,932,932.0
2019,idoso,4,2,TO,124.0,,alta_vs_baixa,baixa,alta,144,True,20,20.0
2019,idoso,5,1,AC,2.0,,alta_vs_baixa,baixa,alta,2,False,0,0.0
2019,idoso,5,1,AL,1.0,,alta_vs_baixa,baixa,alta,1,False,0,0.0
2019,idoso,5,1,AM,23.0,,alta_vs_baixa,baixa,alta,25,False,2,2.0
2019,idoso,5,1,AP,1.0,,alta_vs_baixa,baixa,alta,1,False,0,0.0
2019,idoso,5,1,BA,3.0,,alta_vs_baixa,baixa,alta,3,False,0,0.0
2019,idoso,5,1,CE,3.0,,alta_vs_baixa,baixa,alta,3,False,0,0.0
2019,idoso,5,1,DF,0.0,,alta_vs_baixa,baixa,alta,1,False,0,1.0
2019,idoso,5,1,GO,0.0,,alta_vs_baixa,baixa,alta,1,False,0,1.0
2019,idoso,5,1,MA,8.0,,alta_vs_baixa,baixa,alta,8,False,0,0.0
2019,idoso,5,1,MG,5.0,,alta_vs_baixa,baixa,alta,6,False,1,1.0
2019,idoso,5,1,MS,13.0,,alta_vs_baixa,baixa,alta,15,False,2,2.0
2019,idoso,5,1,MT,6.0,,alta_vs_baixa,baixa,alta,6,False,0,0.0
2019,idoso,5,1,PA,7.0,,alta_vs_baixa,baixa,alta,8,False,1,1.0
2019,idoso,5,1,PB,1.0,,alta_vs_baixa,baixa,alta,2,False,1,1.0
2019,idoso,5,1,PE,8.0,,alta_vs_baixa,baixa,alta,9,False,1,1.0
2019,idoso,5,1,PI,1.0,,alta_vs_baixa,baixa,alta,1,False,0,0.0
2019,idoso,5,1,PR,4.0,,alta_vs_baixa,baixa,alta,6,False,2,2.0
2019,idoso,5,1,RJ,2.0,,alta_vs_baixa,baixa,alta,5,False,2,3.0
2019,idoso,5,1,RN,0.0,,alta_vs_baixa,baixa,alta,1,False,0,1.0
2019,idoso,5,1,RO,3.0,,alta_vs_baixa,baixa,alta,3,False,0,0.0
2019,idoso,5,1,RR,13.0,,alta_vs_baixa,baixa,alta,15,False,2,2.0
2019,idoso,5,1,RS,1.0,,alta_vs_baixa,baixa,alta,4,False,1,3.0
2019,idoso,5,1,SC,3.0,,alta_vs_baixa,baixa,alta,3,False,0,0.0
2019,idoso,5,1,SP,2.0,,alta_vs_baixa,baixa,alta,6,False,2,4.0
2019,idoso,5,1,TO,3.0,,alta_vs_baixa,baixa,alta,3,False,0,0.0
2019,idoso,5,2,AC,1.0,,alta_vs_baixa,baixa,alta,1,False,0,0.0
2019,idoso,5,2,AL,1.0,,alta_vs_baixa,baixa,alta,2,False,1,1.0
2019,idoso,5,2,AM,22.0,,alta_vs_baixa,baixa,alta,22,False,0,0.0
2019,idoso,5,2,BA,5.0,,alta_vs_baixa,baixa,alta,7,False,2,2.0
2019,idoso,5,2,CE,2.0,,alta_vs_baixa,baixa,alta,3,False,1,1.0
2019,idoso,5,2,DF,1.0,,alta_vs_baixa,baixa,alta,1,False,0,0.0
2019,idoso,5,2,GO,0.0,,alta_vs_baixa,baixa,alta,1,False,0,1.0
2019,idoso,5,2,MA,2.0,,alta_vs_baixa,baixa,alta,3,False,1,1.0
2019,idoso,5,2,MG,2.0,,alta_vs_baixa,baixa,alta,2,False,0,0.0
2019,idoso,5,2,MS,14.0,,alta_vs_baixa,baixa,alta,14,False,0,0.0
2019,idoso,5,2,MT,5.0,,alta_vs_baixa,baixa,alta,6,False,1,1.0
2019,idoso,5,2,PA,2.0,,alta_vs_baixa,baixa,alta,2,False,0,0.0
2019,idoso,5,2,PB,1.0,,alta_vs_baixa,baixa,alta,1,False,0,0.0
2019,idoso,5,2,PE,8.0,,alta_vs_baixa,baixa,alta,10,False,2,2.0
2019,idoso,5,2,PI,1.0,,alta_vs_baixa,baixa,alta,1,False,0,0.0
2019,idoso,5,2,PR,1.0,,alta_vs_baixa,baixa,alta,1,False,0,0.0
2019,idoso,5,2,RJ,0.0,,alta_vs_baixa,baixa,alta,1,False,0,1.0
2019,idoso,5,2,RN,4.0,,alta_vs_baixa,baixa,alta,4,False,0,0.0
2019,idoso,5,2,RO,3.0,,alta_vs_baixa,baixa,alta,3,False,0,0.0
2019,idoso,5,2,RR,12.0,,alta_vs_baixa,baixa,alta,13,False,1,1.0
2019,idoso,5,2,RS,2.0,,alta_vs_baixa,baixa,alta,3,False,1,1.0
2019,idoso,5,2,SC,3.0,,alta_vs_baixa,baixa,alta,3,False,0,0.0
2019,idoso,5,2,SE,1.0,,alta_vs_baixa,baixa,alta,2,False,1,1.0
2019,idoso,5,2,SP,2.0,,alta_vs_baixa,baixa,alta,3,False,1,1.0
2019,idoso,5,2,TO,1.0,,alta_vs_baixa,baixa,alta,1,False,0,0.0
2019,jovem,1,1,AC,0.0,,alta_vs_baixa,baixa,alta,8,False,0,8.0
2019,jovem,1,1,AL,3.0,,alta_vs_baixa,baixa,alta,5,False,2,2.0
2019,jovem,1,1,AM,3.0,,alta_vs_baixa,baixa,alta,44,False,3,41.0
2019,jovem,1,1,AP,0.0,,alta_vs_baixa,baixa,alta,1,False,0,1.0
2019,jovem,1,1,BA,14.0,,alta_vs_baixa,baixa,alta,58,False,14,44.0
2019,jovem,1,1,CE,18.0,,alta_vs_baixa,baixa,alta,71,False,18,53.0
2019,jovem,1,1,DF,4.0,,alta_vs_baixa,baixa,alta,32,False,4,28.0
2019,jovem,1,1,ES,1.0,,alta_vs_baixa,baixa,alta,19,False,1,18.0
2019,jovem,1,1,GO,11.0,,alta_vs_baixa,baixa,alta,127,False,11,116.0
2019,jovem,1,1,MA,11.0,,alta_vs_baixa,baixa,alta,54,False,11,43.0
2019,jovem,1,1,MG,38.0,,alta_vs_baixa,baixa,alta,352,True,38,314.0
2019,jovem,1,1,MS,4.0,,alta_vs_baixa,baixa,alta,59,False,4,55.0
2019,jovem,1,1,MT,3.0,,alta_vs_baixa,baixa,alta,73,False,3,70.0
2019,jovem,1,1,PA,13.0,,alta_vs_baixa,baixa,alta,57,False,13,44.0
2019,jovem,1,1,PB,5.0,,alta_vs_baixa,baixa,alta,13,False,5,8.0
2019,jovem,1,1,PE,21.0,,alta_vs_baixa,baixa,alta,117,True,21,96.0
2019,jovem,1,1,PI,5.0,,alta_vs_baixa,baixa,alta,23,False,5,18.0
2019,jovem,1,1,PR,51.0,,alta_vs_baixa,baixa,alta,733,True,51,682.0
2019,jovem,1,1,RJ,12.0,,alta_vs_baixa,baixa,alta,190,False,12,178.0
2019,jovem,1,1,RN,6.0,,alta_vs_baixa,baixa,alta,21,False,6,15.0
2019,jovem,1,1,RO,2.0,,alta_vs_baixa,baixa,alta,21,False,2,19.0
2019,jovem,1,1,RR,1.0,,alta_vs_baixa,baixa,alta,6,False,1,5.0
2019,jovem,1,1,RS,31.0,,alta_vs_baixa,baixa,alta,267,True,31,236.0
2019,jovem,1,1,SC,19.0,,alta_vs_baixa,baixa,alta,306,False,19,287.0
2019,jovem,1,1,SE,3.0,,alta_vs_baixa,baixa,alta,18,False,3,15.0
2019,jovem,1,1,SP,110.0,,alta_vs_baixa,baixa,alta,848,True,110,738.0
2019,jovem,1,1,TO,1.0,,alta_vs_baixa,baixa,alta,15,False,1,14.0
2019,jovem,1,2,AC,1.0,,alta_vs_baixa,baixa,alta,2,False,1,1.0
2019,jovem,1,2,AL,4.0,,alta_vs_baixa,baixa,alta,8,False,4,4.0
2019,jovem,1,2,AM,0.0,,alta_vs_baixa,baixa,alta,19,False,0,19.0
2019,jovem,1,2,AP,4.0,,alta_vs_baixa,baixa,alta,6,False,2,2.0
2019,jovem,1,2,BA,15.0,,alta_vs_baixa,baixa,alta,41,False,15,26.0
2019,jovem,1,2,CE,14.0,,alta_vs_baixa,baixa,alta,44,False,14,30.0
2019,jovem,1,2,DF,4.0,,alta_vs_baixa,baixa,alta,11,False,4,7.0
2019,jovem,1,2,ES,1.0,,alta_vs_baixa,baixa,alta,14,False,1,13.0
2019,jovem,1,2,GO,5.0,,alta_vs_baixa,baixa,alta,41,False,5,36.0
2019,jovem,1,2,MA,6.0,,alta_vs_baixa,baixa,alta,18,False,6,12.0
2019,jovem,1,2,MG,28.0,,alta_vs_baixa,baixa,alta,148,True,28,120.0
2019,jovem,1,2,MS,7.0,,alta_vs_baixa,baixa,alta,26,False,7,19.0
2019,jovem,1,2,MT,9.0,,alta_vs_baixa,baixa,alta,32,False,9,23.0
2019,jovem,1,2,PA,11.0,,alta_vs_baixa,baixa,alta,37,False,11,26.0
2019,jovem,1,2,PB,2.0,,alta_vs_baixa,baixa,alta,6,False,2,4.0
2019,jovem,1,2,PE,11.0,,alta_vs_baixa,baixa,alta,41,False,11,30.0
2019,jovem,1,2,PI,4.0,,alta_vs_baixa,baixa,alta,10,False,4,6.0
2019,jovem,1,2,PR,35.0,,alta_vs_baixa,baixa,alta,205,True,35,170.0
2019,jovem,1,2,RJ,11.0,,alta_vs_baixa,baixa,alta,75,False,11,64.0
2019,jovem,1,2,RN,1.0,,alta_vs_baixa,baixa,alta,10,False,1,9.0
2019,jovem,1,2,RO,2.0,,alta_vs_baixa,baixa,alta,8,False,2,6.0
2019,jovem,1,2,RR,1.0,,alta_vs_baixa,baixa,alta,7,False,1,6.0
2019,jovem,1,2,RS,17.0,,alta_vs_baixa,baixa,alta,83,False,17,66.0
2019,jovem,1,2,SC,23.0,,alta_vs_baixa,baixa,alta,113,True,23,90.0
2019,jovem,1,2,SE,4.0,,alta_vs_baixa,baixa,alta,14,False,4,10.0
2019,jovem,1,2,SP,82.0,,alta_vs_baixa,baixa,alta,419,True,82,337.0
2019,jovem,1,2,TO,1.0,,alta_vs_baixa,baixa,alta,3,False,1,2.0
2019,jovem,2,1,AC,0.0,,alta_vs_baixa,baixa,alta,4,False,0,4.0
2019,jovem,2,1,AL,1.0,,alta_vs_baixa,baixa,alta,2,False,1,1.0
2019,jovem,2,1,AM,0.0,,alta_vs_baixa,baixa,alta,2,False,0,2.0
2019,jovem,2,1,AP,0.0,,alta_vs_baixa,baixa,alta,1,False,0,1.0
2019,jovem,2,1,BA,11.0,,alta_vs_baixa,baixa,alta,89,False,11,78.0
2019,jovem,2,1,CE,2.0,,alta_vs_baixa,baixa,alta,6,False,2,4.0
2019,jovem,2,1,DF,0.0,,alta_vs_baixa,baixa,alta,6,False,0,6.0
2019,jovem,2,1,ES,0.0,,alta_vs_baixa,baixa,alta,5,False,0,5.0
2019,jovem,2,1,GO,0.0,,alta_vs_baixa,baixa,alta,27,False,0,27.0
2019,jovem,2,1,MA,3.0,,alta_vs_baixa,baixa,alta,34,False,3,31.0
2019,jovem,2,1,MG,10.0,,alta_vs_baixa,baixa,alta,104,False,10,94.0
2019,jovem,2,1,MS,1.0,,alta_vs_baixa,baixa,alta,8,False,1,7.0
2019,jovem,2,1,MT,0.0,,alta_vs_baixa,baixa,alta,16,False,0,16.0
2019,jovem,2,1,PA,3.0,,alta_vs_baixa,baixa,alta,27,False,3,24.0
2019,jovem,2,1,PE,0.0,,alta_vs_baixa,baixa,alta,12,False,0,12.0
2019,jovem,2,1,PI,2.0,,alta_vs_baixa,baixa,alta,13,False,2,11.0
2019,jovem,2,1,PR,1.0,,alta_vs_baixa,baixa,alta,20,False,1,19.0
2019,jovem,2,1,RJ,5.0,,alta_vs_baixa,baixa,alta,96,False,5,91.0
2019,jovem,2,1,RN,0.0,,alta_vs_baixa,baixa,alta,2,False,0,2.0
2019,jovem,2,1,RO,1.0,,alta_vs_baixa,baixa,alta,2,False,1,1.0
2019,jovem,2,1,RR,0.0,,alta_vs_baixa,baixa,alta,1,False,0,1.0
2019,jovem,2,1,RS,0.0,,alta_vs_baixa,baixa,alta,17,False,0,17.0
2019,jovem,2,1,SC,1.0,,alta_vs_baixa,baixa,alta,12,False,1,11.0
2019,jovem,2,1,SE,1.0,,alta_vs_baixa,baixa,alta,6,False,1,5.0
2019,jovem,2,1,SP,3.0,,alta_vs_baixa,baixa,alta,115,False,3,112.0
2019,jovem,2,1,TO,0.0,,alta_vs_baixa,baixa,alta,8,False,0,8.0
2019,jovem,2,2,AC,0.0,,alta_vs_baixa,baixa,alta,1,False,0,1.0
2019,jovem,2,2,AL,0.0,,alta_vs_baixa,baixa,alta,2,False,0,2.0
2019,jovem,2,2,AM,0.0,,alta_vs_baixa,baixa,alta,3,False,0,3.0
2019,jovem,2,2,AP,0.0,,alta_vs_baixa,baixa,alta,3,False,0,3.0
2019,jovem,2,2,BA,7.0,,alta_vs_baixa,baixa,alta,21,False,7,14.0
2019,jovem,2,2,CE,0.0,,alta_vs_baixa,baixa,alta,2,False,0,2.0
2019,jovem,2,2,DF,0.0,,alta_vs_baixa,baixa,alta,3,False,0,3.0
2019,jovem,2,2,ES,0.0,,alta_vs_baixa,baixa,alta,3,False,0,3.0
2019,jovem,2,2,GO,1.0,,alta_vs_baixa,baixa,alta,12,False,1,11.0
2019,jovem,2,2,MA,1.0,,alta_vs_baixa,baixa,alta,12,False,1,11.0
2019,jovem,2,2,MG,3.0,,alta_vs_baixa,baixa,alta,33,False,3,30.0
2019,jovem,2,2,MS,1.0,,alta_vs_baixa,baixa,alta,2,False,1,1.0
2019,jovem,2,2,MT,0.0,,alta_vs_baixa,baixa,alta,2,False,0,2.0
2019,jovem,2,2,PA,0.0,,alta_vs_baixa,baixa,alta,7,False,0,7.0
2019,jovem,2,2,PE,0.0,,alta_vs_baixa,baixa,alta,5,False,0,5.0
2019,jovem,2,2,PI,0.0,,alta_vs_baixa,baixa,alta,1,False,0,1.0
2019,jovem,2,2,PR,3.0,,alta_vs_baixa,baixa,alta,12,False,3,9.0
2019,jovem,2,2,RJ,2.0,,alta_vs_baixa,baixa,alta,33,False,2,31.0
2019,jovem,2,2,RO,0.0,,alta_vs_baixa,baixa,alta,1,False,0,1.0
2019,jovem,2,2,RS,1.0,,alta_vs_baixa,baixa,alta,7,False,1,6.0
2019,jovem,2,2,SC,0.0,,alta_vs_baixa,baixa,alta,4,False,0,4.0
2019,jovem,2,2,SE,0.0,,alta_vs_baixa,baixa,alta,2,False,0,2.0
2019,jovem,2,2,SP,5.0,,alta_vs_baixa,baixa,alta,46,False,5,41.0
2019,jovem,2,2,TO,0.0,,alta_vs_baixa,baixa,alta,1,False,0,1.0
2019,jovem,3,1,AM,0.0,,alta_vs_baixa,baixa,alta,4,False,0,4.0
2019,jovem,3,1,CE,1.0,,alta_vs_baixa,baixa,alta,1,False,0,0.0
2019,jovem,3,1,MA,1.0,,alta_vs_baixa,baixa,alta,1,False,0,0.0
2019,jovem,3,1,MS,1.0,,alta_vs_baixa,baixa,alta,1,False,0,0.0
2019,jovem,3,1,MT,0.0,,alta_vs_baixa,baixa,alta,1,False,0,1.0
2019,jovem,3,1,PA,0.0,,alta_vs_baixa,baixa,alta,1,False,0,1.0
2019,jovem,3,1,SC,0.0,,alta_vs_baixa,baixa,alta,1,False,0,1.0
2019,jovem,3,1,SP,1.0,,alta_vs_baixa,baixa,alta,6,False,1,5.0
2019,jovem,3,2,AC,1.0,,alta_vs_baixa,baixa,alta,1,False,0,0.0
2019,jovem,3,2,CE,0.0,,alta_vs_baixa,baixa,alta,1,False,0,1.0
2019,jovem,3,2,DF,0.0,,alta_vs_baixa,baixa,alta,1,False,0,1.0
2019,jovem,3,2,MT,0.0,,alta_vs_baixa,baixa,alta,2,False,0,2.0
2019,jovem,3,2,PR,0.0,,alta_vs_baixa,baixa,alta,1,False,0,1.0
2019,jovem,3,2,SC,0.0,,alta_vs_baixa,baixa,alta,1,False,0,1.0
2019,jovem,3,2,SP,0.0,,alta_vs_baixa,baixa,alta,2,False,0,2.0
2019,jovem,4,0,MG,0.0,,alta_vs_baixa,baixa,alta,1,False,0,1.0
2019,jovem,4,1,AC,10.0,,alta_vs_baixa,baixa,alta,35,False,10,25.0
2019,jovem,4,1,AL,7.0,,alta_vs_baixa,baixa,alta,86,False,7,79.0
2019,jovem,4,1,AM,28.0,,alta_vs_baixa,baixa,alta,354,True,28,326.0
2019,jovem,4,1,AP,7.0,,alta_vs_baixa,baixa,alta,61,False,7,54.0
2019,jovem,4,1,BA,45.0,,alta_vs_baixa,baixa,alta,405,True,45,360.0
2019,jovem,4,1,CE,53.0,,alta_vs_baixa,baixa,alta,348,True,53,295.0
2019,jovem,4,1,DF,2.0,,alta_vs_baixa,baixa,alta,56,False,2,54.0
2019,jovem,4,1,ES,5.0,,alta_vs_baixa,baixa,alta,71,False,5,66.0
2019,jovem,4,1,GO,7.0,,alta_vs_baixa,baixa,alta,270,False,7,263.0
2019,jovem,4,1,MA,38.0,,alta_vs_baixa,baixa,alta,348,True,38,310.0
2019,jovem,4,1,MG,29.0,,alta_vs_baixa,baixa,alta,477,True,29,448.0
2019,jovem,4,1,MS,2.0,,alta_vs_baixa,baixa,alta,89,False,2,87.0
2019,jovem,4,1,MT,10.0,,alta_vs_baixa,baixa,alta,207,False,10,197.0
2019,jovem,4,1,PA,37.0,,alta_vs_baixa,baixa,alta,356,True,37,319.0
2019,jovem,4,1,PB,4.0,,alta_vs_baixa,baixa,alta,23,False,4,19.0
2019,jovem,4,1,PE,47.0,,alta_vs_baixa,baixa,alta,313,True,47,266.0
2019,jovem,4,1,PI,11.0,,alta_vs_baixa,baixa,alta,98,False,11,87.0
2019,jovem,4,1,PR,8.0,,alta_vs_baixa,baixa,alta,177,False,8,169.0
2019,jovem,4,1,RJ,15.0,,alta_vs_baixa,baixa,alta,314,False,15,299.0
2019,jovem,4,1,RN,10.0,,alta_vs_baixa,baixa,alta,37,False,10,27.0
2019,jovem,4,1,RO,5.0,,alta_vs_baixa,baixa,alta,64,False,5,59.0
2019,jovem,4,1,RR,2.0,,alta_vs_baixa,baixa,alta,43,False,2,41.0
2019,jovem,4,1,RS,2.0,,alta_vs_baixa,baixa,alta,38,False,2,36.0
2019,jovem,4,1,SC,1.0,,alta_vs_baixa,baixa,alta,40,False,1,39.0
2019,jovem,4,1,SE,18.0,,alta_vs_baixa,baixa,alta,114,False,18,96.0
2019,jovem,4,1,SP,28.0,,alta_vs_baixa,baixa,alta,626,True,28,598.0
2019,jovem,4,1,TO,7.0,,alta_vs_baixa,baixa,alta,66,False,7,59.0
2019,jovem,4,2,AC,3.0,,alta_vs_baixa,baixa,alta,15,False,3,12.0
2019,jovem,4,2,AL,4.0,,alta_vs_baixa,baixa,alta,19,False,4,15.0
2019,jovem,4,2,AM,5.0,,alta_vs_baixa,baixa,alta,78,False,5,73.0
2019,jovem,4,2,AP,2.0,,alta_vs_baixa,baixa,alta,12,False,2,10.0
2019,jovem,4,2,BA,18.0,,alta_vs_baixa,baixa,alta,119,False,18,101.0
2019,jovem,4,2,CE,22.0,,alta_vs_baixa,baixa,alta,118,True,22,96.0
2019,jovem,4,2,DF,1.0,,alta_vs_baixa,baixa,alta,10,False,1,9.0
2019,jovem,4,2,ES,2.0,,alta_vs_baixa,baixa,alta,24,False,2,22.0
2019,jovem,4,2,GO,3.0,,alta_vs_baixa,baixa,alta,71,False,3,68.0
2019,jovem,4,2,MA,21.0,,alta_vs_baixa,baixa,alta,142,True,21,121.0
2019,jovem,4,2,MG,21.0,,alta_vs_baixa,baixa,alta,164,True,21,143.0
2019,jovem,4,2,MS,5.0,,alta_vs_baixa,baixa,alta,34,False,5,29.0
2019,jovem,4,2,MT,7.0,,alta_vs_baixa,baixa,alta,59,False,7,52.0
2019,jovem,4,2,PA,18.0,,alta_vs_baixa,baixa,alta,117,False,18,99.0
2019,jovem,4,2,PB,3.0,,alta_vs_baixa,baixa,alta,16,False,3,13.0
2019,jovem,4,2,PE,13.0,,alta_vs_baixa,baixa,alta,106,False,13,93.0
2019,jovem,4,2,PI,3.0,,alta_vs_baixa,baixa,alta,37,False,3,34.0
2019,jovem,4,2,PR,8.0,,alta_vs_baixa,baixa,alta,41,False,8,33.0
2019,jovem,4,2,RJ,8.0,,alta_vs_baixa,baixa,alta,87,False,8,79.0
2019,jovem,4,2,RN,0.0,,alta_vs_baixa,baixa,alta,12,False,0,12.0
2019,jovem,4,2,RO,1.0,,alta_vs_baixa,baixa,alta,19,False,1,18.0
2019,jovem,4,2,RR,0.0,,alta_vs_baixa,baixa,alta,23,False,0,23.0
2019,jovem,4,2,RS,0.0,,alta_vs_baixa,baixa,alta,10,False,0,10.0
2019,jovem,4,2,SC,1.0,,alta_vs_baixa,baixa,alta,7,False,1,6.0
2019,jovem,4,2,SE,7.0,,alta_vs_baixa,baixa,alta,29,False,7,22.0
2019,jovem,4,2,SP,24.0,,alta_vs_baixa,baixa,alta,244,True,24,220.0
2019,jovem,4,2,TO,0.0,,alta_vs_baixa,baixa,alta,17,False,0,17.0
2019,jovem,5,1,AM,14.0,,alta_vs_baixa,baixa,alta,33,False,14,19.0
2019,jovem,5,1,MA,0.0,,alta_vs_baixa,baixa,alta,2,False,0,2.0
2019,jovem,5,1,MS,2.0,,alta_vs_baixa,baixa,alta,13,False,2,11.0
2019,jovem,5,1,MT,0.0,,alta_vs_baixa,baixa,alta,5,False,0,5.0
2019,jovem,5,1,PA,0.0,,alta_vs_baixa,baixa,alta,2,False,0,2.0
2019,jovem,5,1,PE,1.0,,alta_vs_baixa,baixa,alta,3,False,1,2.0
2019,jovem,5,1,PR,0.0,,alta_vs_baixa,baixa,alta,2,False,0,2.0
2019,jovem,5,1,RO,0.0,,alta_vs_baixa,baixa,alta,1,False,0,1.0
2019,jovem,5,1,RR,8.0,,alta_vs_baixa,baixa,alta,15,False,7,7.0
2019,jovem,5,1,RS,1.0,,alta_vs_baixa,baixa,alta,1,False,0,0.0
2019,jovem,5,1,SC,0.0,,alta_vs_baixa,baixa,alta,2,False,0,2.0
2019,jovem,5,2,AC,0.0,,alta_vs_baixa,baixa,alta,1,False,0,1.0
2019,jovem,5,2,AM,4.0,,alta_vs_baixa,baixa,alta,14,False,4,10.0
2019,jovem,5,2,MA,2.0,,alta_vs_baixa,baixa,alta,4,False,2,2.0
2019,jovem,5,2,MS,1.0,,alta_vs_baixa,baixa,alta,10,False,1,9.0
2019,jovem,5,2,MT,1.0,,alta_vs_baixa,baixa,alta,2,False,1,1.0
2019,jovem,5,2,PR,0.0,,alta_vs_baixa,baixa,alta,4,False,0,4.0
2019,jovem,5,2,RR,3.0,,alta_vs_baixa,baixa,alta,8,False,3,5.0
2019,jovem,5,2,RS,0.0,,alta_vs_baixa,baixa,alta,1,False,0,1.0
2019,meia-idade,1,0,PR,0.0,,alta_vs_baixa,baixa,alta,1,False,0,1.0
2019,meia-idade,1,1,AC,1.0,,alta_vs_baixa,baixa,alta,2,False,1,1.0
2019,meia-idade,1,1,AL,27.0,,alta_vs_baixa,baixa,alta,64,True,27,37.0
2019,meia-idade,1,1,AM,10.0,,alta_vs_baixa,baixa,alta,63,False,10,53.0
2019,meia-idade,1,1,AP,4.0,,alta_vs_baixa,baixa,alta,14,False,4,10.0
2019,meia-idade,1,1,BA,68.0,,alta_vs_baixa,baixa,alta,228,True,68,160.0
2019,meia-idade,1,1,CE,98.0,,alta_vs_baixa,baixa,alta,251,True,98,153.0
2019,meia-idade,1,1,DF,8.0,,alta_vs_baixa,baixa,alta,133,False,8,125.0
2019,meia-idade,1,1,ES,24.0,,alta_vs_baixa,baixa,alta,103,True,24,79.0
2019,meia-idade,1,1,GO,66.0,,alta_vs_baixa,baixa,alta,329,True,66,263.0
2019,meia-idade,1,1,MA,42.0,,alta_vs_baixa,baixa,alta,142,True,42,100.0
2019,meia-idade,1,1,MG,211.0,,alta_vs_baixa,baixa,alta,1442,True,211,1231.0
2019,meia-idade,1,1,MS,33.0,,alta_vs_baixa,baixa,alta,249,True,33,216.0
2019,meia-idade,1,1,MT,23.0,,alta_vs_baixa,baixa,alta,230,True,23,207.0
2019,meia-idade,1,1,PA,39.0,,alta_vs_baixa,baixa,alta,128,True,39,89.0
2019,meia-idade,1,1,PB,31.0,,alta_vs_baixa,baixa,alta,57,True,26,26.0
2019,meia-idade,1,1,PE,157.0,,alta_vs_baixa,baixa,alta,448,True,157,291.0
2019,meia-idade,1,1,PI,31.0,,alta_vs_baixa,baixa,alta,72,True,31,41.0
2019,meia-idade,1,1,PR,214.0,,alta_vs_baixa,baixa,alta,1802,True,214,1588.0
2019,meia-idade,1,1,RJ,115.0,,alta_vs_baixa,baixa,alta,1000,True,115,885.0
2019,meia-idade,1,1,RN,49.0,,alta_vs_baixa,baixa,alta,114,True,49,65.0
2019,meia-idade,1,1,RO,17.0,,alta_vs_baixa,baixa,alta,64,False,17,47.0
2019,meia-idade,1,1,RR,4.0,,alta_vs_baixa,baixa,alta,16,False,4,12.0
2019,meia-idade,1,1,RS,136.0,,alta_vs_baixa,baixa,alta,1290,True,136,1154.0
2019,meia-idade,1,1,SC,87.0,,alta_vs_baixa,baixa,alta,1159,True,87,1072.0
2019,meia-idade,1,1,SE,21.0,,alta_vs_baixa,baixa,alta,66,True,21,45.0
2019,meia-idade,1,1,SP,414.0,,alta_vs_baixa,baixa,alta,5268,True,414,4854.0
2019,meia-idade,1,1,TO,10.0,,alta_vs_baixa,baixa,alta,41,False,10,31.0
2019,meia-idade,1,2,AC,5.0,,alta_vs_baixa,baixa,alta,9,False,4,4.0
2019,meia-idade,1,2,AL,25.0,,alta_vs_baixa,baixa,alta,44,False,19,19.0
2019,meia-idade,1,2,AM,7.0,,alta_vs_baixa,baixa,alta,50,False,7,43.0
2019,meia-idade,1,2,AP,5.0,,alta_vs_baixa,baixa,alta,12,False,5,7.0
2019,meia-idade,1,2,BA,66.0,,alta_vs_baixa,baixa,alta,206,True,66,140.0
2019,meia-idade,1,2,CE,65.0,,alta_vs_baixa,baixa,alta,199,True,65,134.0
2019,meia-idade,1,2,DF,20.0,,alta_vs_baixa,baixa,alta,120,True,20,100.0
2019,meia-idade,1,2,ES,18.0,,alta_vs_baixa,baixa,alta,66,False,18,48.0
2019,meia-idade,1,2,GO,54.0,,alta_vs_baixa,baixa,alta,246,True,54,192.0
2019,meia-idade,1,2,MA,55.0,,alta_vs_baixa,baixa,alta,136,True,55,81.0
2019,meia-idade,1,2,MG,173.0,,alta_vs_baixa,baixa,alta,999,True,173,826.0
2019,meia-idade,1,2,MS,24.0,,alta_vs_baixa,baixa,alta,170,True,24,146.0
2019,meia-idade,1,2,MT,23.0,,alta_vs_baixa,baixa,alta,124,True,23,101.0
2019,meia-idade,1,2,PA,32.0,,alta_vs_baixa,baixa,alta,98,True,32,66.0
2019,meia-idade,1,2,PB,29.0,,alta_vs_baixa,baixa,alta,51,True,22,22.0
2019,meia-idade,1,2,PE,109.0,,alta_vs_baixa,baixa,alta,349,True,109,240.0
2019,meia-idade,1,2,PI,23.0,,alta_vs_baixa,baixa,alta,52,True,23,29.0
2019,meia-idade,1,2,PR,205.0,,alta_vs_baixa,baixa,alta,1105,True,205,900.0
2019,meia-idade,1,2,RJ,121.0,,alta_vs_baixa,baixa,alta,1002,True,121,881.0
2019,meia-idade,1,2,RN,40.0,,alta_vs_baixa,baixa,alta,89,True,40,49.0
2019,meia-idade,1,2,RO,10.0,,alta_vs_baixa,baixa,alta,46,False,10,36.0
2019,meia-idade,1,2,RR,0.0,,alta_vs_baixa,baixa,alta,8,False,0,8.0
2019,meia-idade,1,2,RS,126.0,,alta_vs_baixa,baixa,alta,922,True,126,796.0
2019,meia-idade,1,2,SC,66.0,,alta_vs_baixa,baixa,alta,662,True,66,596.0
2019,meia-idade,1,2,SE,18.0,,alta_vs_baixa,baixa,alta,44,False,18,26.0
2019,meia-idade,1,2,SP,355.0,,alta_vs_baixa,baixa,alta,3321,True,355,2966.0
2019,meia-idade,1,2,TO,8.0,,alta_vs_baixa,baixa,alta,23,False,8,15.0
2019,meia-idade,2,1,AC,6.0,,alta_vs_baixa,baixa,alta,10,False,4,4.0
2019,meia-idade,2,1,AL,17.0,,alta_vs_baixa,baixa,alta,24,False,7,7.0
2019,meia-idade,2,1,AM,2.0,,alta_vs_baixa,baixa,alta,21,False,2,19.0
2019,meia-idade,2,1,AP,5.0,,alta_vs_baixa,baixa,alta,9,False,4,4.0
2019,meia-idade,2,1,BA,167.0,,alta_vs_baixa,baixa,alta,323,True,156,156.0
2019,meia-idade,2,1,CE,62.0,,alta_vs_baixa,baixa,alta,80,False,18,18.0
2019,meia-idade,2,1,DF,8.0,,alta_vs_baixa,baixa,alta,39,False,8,31.0
2019,meia-idade,2,1,ES,18.0,,alta_vs_baixa,baixa,alta,33,False,15,15.0
2019,meia-idade,2,1,GO,70.0,,alta_vs_baixa,baixa,alta,119,True,49,49.0
2019,meia-idade,2,1,MA,85.0,,alta_vs_baixa,baixa,alta,129,True,44,44.0
2019,meia-idade,2,1,MG,153.0,,alta_vs_baixa,baixa,alta,433,True,153,280.0
2019,meia-idade,2,1,MS,11.0,,alta_vs_baixa,baixa,alta,30,False,11,19.0
2019,meia-idade,2,1,MT,22.0,,alta_vs_baixa,baixa,alta,75,True,22,53.0
2019,meia-idade,2,1,PA,43.0,,alta_vs_baixa,baixa,alta,66,True,23,23.0
2019,meia-idade,2,1,PB,14.0,,alta_vs_baixa,baixa,alta,16,False,2,2.0
2019,meia-idade,2,1,PE,73.0,,alta_vs_baixa,baixa,alta,136,True,63,63.0
2019,meia-idade,2,1,PI,45.0,,alta_vs_baixa,baixa,alta,54,False,9,9.0
2019,meia-idade,2,1,PR,27.0,,alta_vs_baixa,baixa,alta,91,True,27,64.0
2019,meia-idade,2,1,RJ,98.0,,alta_vs_baixa,baixa,alta,432,True,98,334.0
2019,meia-idade,2,1,RN,14.0,,alta_vs_baixa,baixa,alta,20,False,6,6.0
2019,meia-idade,2,1,RO,10.0,,alta_vs_baixa,baixa,alta,16,False,6,6.0
2019,meia-idade,2,1,RR,1.0,,alta_vs_baixa,baixa,alta,5,False,1,4.0
2019,meia-idade,2,1,RS,40.0,,alta_vs_baixa,baixa,alta,113,True,40,73.0
2019,meia-idade,2,1,SC,11.0,,alta_vs_baixa,baixa,alta,61,False,11,50.0
2019,meia-idade,2,1,SE,31.0,,alta_vs_baixa,baixa,alta,60,True,29,29.0
2019,meia-idade,2,1,SP,82.0,,alta_vs_baixa,baixa,alta,659,True,82,577.0
2019,meia-idade,2,1,TO,18.0,,alta_vs_baixa,baixa,alta,21,False,3,3.0
2019,meia-idade,2,2,AC,3.0,,alta_vs_baixa,baixa,alta,3,False,0,0.0
2019,meia-idade,2,2,AL,14.0,,alta_vs_baixa,baixa,alta,18,False,4,4.0
2019,meia-idade,2,2,AM,7.0,,alta_vs_baixa,baixa,alta,13,False,6,6.0
2019,meia-idade,2,2,AP,1.0,,alta_vs_baixa,baixa,alta,3,False,1,2.0
2019,meia-idade,2,2,BA,111.0,,alta_vs_baixa,baixa,alta,239,True,111,128.0
2019,meia-idade,2,2,CE,16.0,,alta_vs_baixa,baixa,alta,29,False,13,13.0
2019,meia-idade,2,2,DF,9.0,,alta_vs_baixa,baixa,alta,28,False,9,19.0
2019,meia-idade,2,2,ES,16.0,,alta_vs_baixa,baixa,alta,33,False,16,17.0
2019,meia-idade,2,2,GO,36.0,,alta_vs_baixa,baixa,alta,64,True,28,28.0
2019,meia-idade,2,2,MA,46.0,,alta_vs_baixa,baixa,alta,75,True,29,29.0
2019,meia-idade,2,2,MG,82.0,,alta_vs_baixa,baixa,alta,231,True,82,149.0
2019,meia-idade,2,2,MS,6.0,,alta_vs_baixa,baixa,alta,17,False,6,11.0
2019,meia-idade,2,2,MT,24.0,,alta_vs_baixa,baixa,alta,35,False,11,11.0
2019,meia-idade,2,2,PA,30.0,,alta_vs_baixa,baixa,alta,55,True,25,25.0
2019,meia-idade,2,2,PB,8.0,,alta_vs_baixa,baixa,alta,10,False,2,2.0
2019,meia-idade,2,2,PE,57.0,,alta_vs_baixa,baixa,alta,97,True,40,40.0
2019,meia-idade,2,2,PI,18.0,,alta_vs_baixa,baixa,alta,27,False,9,9.0
2019,meia-idade,2,2,PR,33.0,,alta_vs_baixa,baixa,alta,90,True,33,57.0
2019,meia-idade,2,2,RJ,69.0,,alta_vs_baixa,baixa,alta,395,True,69,326.0
2019,meia-idade,2,2,RN,10.0,,alta_vs_baixa,baixa,alta,11,False,1,1.0
2019,meia-idade,2,2,RO,5.0,,alta_vs_baixa,baixa,alta,13,False,5,8.0
2019,meia-idade,2,2,RR,2.0,,alta_vs_baixa,baixa,alta,8,False,2,6.0
2019,meia-idade,2,2,RS,16.0,,alta_vs_baixa,baixa,alta,56,False,16,40.0
2019,meia-idade,2,2,SC,8.0,,alta_vs_baixa,baixa,alta,31,False,8,23.0
2019,meia-idade,2,2,SE,19.0,,alta_vs_baixa,baixa,alta,31,False,12,12.0
2019,meia-idade,2,2,SP,83.0,,alta_vs_baixa,baixa,alta,421,True,83,338.0
2019,meia-idade,2,2,TO,9.0,,alta_vs_baixa,baixa,alta,14,False,5,5.0
2019,meia-idade,3,1,AM,0.0,,alta_vs_baixa,baixa,alta,2,False,0,2.0
2019,meia-idade,3,1,BA,1.0,,alta_vs_baixa,baixa,alta,4,False,1,3.0
2019,meia-idade,3,1,CE,1.0,,alta_vs_baixa,baixa,alta,2,False,1,1.0
2019,meia-idade,3,1,GO,1.0,,alta_vs_baixa,baixa,alta,3,False,1,2.0
2019,meia-idade,3,1,MA,3.0,,alta_vs_baixa,baixa,alta,7,False,3,4.0
2019,meia-idade,3,1,MG,2.0,,alta_vs_baixa,baixa,alta,13,False,2,11.0
2019,meia-idade,3,1,MS,1.0,,alta_vs_baixa,baixa,alta,5,False,1,4.0
2019,meia-idade,3,1,MT,1.0,,alta_vs_baixa,baixa,alta,7,False,1,6.0
2019,meia-idade,3,1,PA,1.0,,alta_vs_baixa,baixa,alta,4,False,1,3.0
2019,meia-idade,3,1,PB,1.0,,alta_vs_baixa,baixa,alta,1,False,0,0.0
2019,meia-idade,3,1,PE,1.0,,alta_vs_baixa,baixa,alta,2,False,1,1.0
2019,meia-idade,3,1,PR,2.0,,alta_vs_baixa,baixa,alta,13,False,2,11.0
2019,meia-idade,3,1,RJ,0.0,,alta_vs_baixa,baixa,alta,2,False,0,2.0
2019,meia-idade,3,1,RN,0.0,,alta_vs_baixa,baixa,alta,1,False,0,1.0
2019,meia-idade,3,1,RO,0.0,,alta_vs_baixa,baixa,alta,1,False,0,1.0
2019,meia-idade,3,1,RS,1.0,,alta_vs_baixa,baixa,alta,1,False,0,0.0
2019,meia-idade,3,1,SP,3.0,,alta_vs_baixa,baixa,alta,44,False,3,41.0
2019,meia-idade,3,1,TO,0.0,,alta_vs_baixa,baixa,alta,1,False,0,1.0
2019,meia-idade,3,2,AC,1.0,,alta_vs_baixa,baixa,alta,1,False,0,0.0
2019,meia-idade,3,2,BA,2.0,,alta_vs_baixa,baixa,alta,2,False,0,0.0
2019,meia-idade,3,2,CE,1.0,,alta_vs_baixa,baixa,alta,3,False,1,2.0
2019,meia-idade,3,2,DF,0.0,,alta_vs_baixa,baixa,alta,1,False,0,1.0
2019,meia-idade,3,2,GO,1.0,,alta_vs_baixa,baixa,alta,3,False,1,2.0
2019,meia-idade,3,2,MA,1.0,,alta_vs_baixa,baixa,alta,2,False,1,1.0
2019,meia-idade,3,2,MG,2.0,,alta_vs_baixa,baixa,alta,8,False,2,6.0
2019,meia-idade,3,2,MS,0.0,,alta_vs_baixa,baixa,alta,6,False,0,6.0
2019,meia-idade,3,2,MT,0.0,,alta_vs_baixa,baixa,alta,1,False,0,1.0
2019,meia-idade,3,2,PA,0.0,,alta_vs_baixa,baixa,alta,2,False,0,2.0
2019,meia-idade,3,2,PB,0.0,,alta_vs_baixa,baixa,alta,1,False,0,1.0
2019,meia-idade,3,2,PE,2.0,,alta_vs_baixa,baixa,alta,4,False,2,2.0
2019,meia-idade,3,2,PR,1.0,,alta_vs_baixa,baixa,alta,3,False,1,2.0
2019,meia-idade,3,2,RJ,1.0,,alta_vs_baixa,baixa,alta,4,False,1,3.0
2019,meia-idade,3,2,RO,1.0,,alta_vs_baixa,baixa,alta,1,False,0,0.0
2019,meia-idade,3,2,RS,0.0,,alta_vs_baixa,baixa,alta,2,False,0,2.0
2019,meia-idade,3,2,SC,0.0,,alta_vs_baixa,baixa,alta,1,False,0,1.0
2019,meia-idade,3,2,SE,0.0,,alta_vs_baixa,baixa,alta,1,False,0,1.0
2019,meia-idade,3,2,SP,2.0,,alta_vs_baixa,baixa,alta,31,False,2,29.0
2019,meia-idade,4,0,SP,0.0,,alta_vs_baixa,baixa,alta,1,False,0,1.0
2019,meia-idade,4,1,AC,39.0,,alta_vs_baixa,baixa,alta,58,False,19,19.0
2019,meia-idade,4,1,AL,176.0,,alta_vs_baixa,baixa,alta,254,True,78,78.0
2019,meia-idade,4,1,AM,133.0,,alta_vs_baixa,baixa,alta,443,True,133,310.0
2019,meia-idade,4,1,AP,17.0,,alta_vs_baixa,baixa,alta,60,False,17,43.0
2019,meia-idade,4,1,BA,537.0,,alta_vs_baixa,baixa,alta,1074,True,537,537.0
2019,meia-idade,4,1,CE,705.0,,alta_vs_baixa,baixa,alta,1226,True,521,521.0
2019,meia-idade,4,1,DF,29.0,,alta_vs_baixa,baixa,alta,181,True,29,152.0
2019,meia-idade,4,1,ES,58.0,,alta_vs_baixa,baixa,alta,167,True,58,109.0
2019,meia-idade,4,1,GO,185.0,,alta_vs_baixa,baixa,alta,545,True,185,360.0
2019,meia-idade,4,1,MA,414.0,,alta_vs_baixa,baixa,alta,758,True,344,344.0
2019,meia-idade,4,1,MG,447.0,,alta_vs_baixa,baixa,alta,1328,True,447,881.0
2019,meia-idade,4,1,MS,80.0,,alta_vs_baixa,baixa,alta,282,True,80,202.0
2019,meia-idade,4,1,MT,104.0,,alta_vs_baixa,baixa,alta,381,True,104,277.0
2019,meia-idade,4,1,PA,274.0,,alta_vs_baixa,baixa,alta,673,True,274,399.0
2019,meia-idade,4,1,PB,138.0,,alta_vs_baixa,baixa,alta,243,True,105,105.0
2019,meia-idade,4,1,PE,641.0,,alta_vs_baixa,baixa,alta,1136,True,495,495.0
2019,meia-idade,4,1,PI,211.0,,alta_vs_baixa,baixa,alta,315,True,104,104.0
2019,meia-idade,4,1,PR,103.0,,alta_vs_baixa,baixa,alta,427,True,103,324.0
2019,meia-idade,4,1,RJ,173.0,,alta_vs_baixa,baixa,alta,823,True,173,650.0
2019,meia-idade,4,1,RN,180.0,,alta_vs_baixa,baixa,alta,298,True,118,118.0
2019,meia-idade,4,1,RO,43.0,,alta_vs_baixa,baixa,alta,113,True,43,70.0
2019,meia-idade,4,1,RR,25.0,,alta_vs_baixa,baixa,alta,71,True,25,46.0
2019,meia-idade,4,1,RS,24.0,,alta_vs_baixa,baixa,alta,107,True,24,83.0
2019,meia-idade,4,1,SC,11.0,,alta_vs_baixa,baixa,alta,69,False,11,58.0
2019,meia-idade,4,1,SE,127.0,,alta_vs_baixa,baixa,alta,269,True,127,142.0
2019,meia-idade,4,1,SP,269.0,,alta_vs_baixa,baixa,alta,2009,True,269,1740.0
2019,meia-idade,4,1,TO,69.0,,alta_vs_baixa,baixa,alta,139,True,69,70.0
2019,meia-idade,4,2,AC,26.0,,alta_vs_baixa,baixa,alta,32,False,6,6.0
2019,meia-idade,4,2,AL,115.0,,alta_vs_baixa,baixa,alta,160,True,45,45.0
2019,meia-idade,4,2,AM,85.0,,alta_vs_baixa,baixa,alta,266,True,85,181.0
2019,meia-idade,4,2,AP,25.0,,alta_vs_baixa,baixa,alta,56,True,25,31.0
2019,meia-idade,4,2,BA,315.0,,alta_vs_baixa,baixa,alta,702,True,315,387.0
2019,meia-idade,4,2,CE,338.0,,alta_vs_baixa,baixa,alta,652,True,314,314.0
2019,meia-idade,4,2,DF,12.0,,alta_vs_baixa,baixa,alta,101,False,12,89.0
2019,meia-idade,4,2,ES,29.0,,alta_vs_baixa,baixa,alta,91,True,29,62.0
2019,meia-idade,4,2,GO,113.0,,alta_vs_baixa,baixa,alta,349,True,113,236.0
2019,meia-idade,4,2,MA,242.0,,alta_vs_baixa,baixa,alta,458,True,216,216.0
2019,meia-idade,4,2,MG,261.0,,alta_vs_baixa,baixa,alta,856,True,261,595.0
2019,meia-idade,4,2,MS,57.0,,alta_vs_baixa,baixa,alta,183,True,57,126.0
2019,meia-idade,4,2,MT,68.0,,alta_vs_baixa,baixa,alta,250,True,68,182.0
2019,meia-idade,4,2,PA,143.0,,alta_vs_baixa,baixa,alta,447,True,143,304.0
2019,meia-idade,4,2,PB,74.0,,alta_vs_baixa,baixa,alta,135,True,61,61.0
2019,meia-idade,4,2,PE,354.0,,alta_vs_baixa,baixa,alta,740,True,354,386.0
2019,meia-idade,4,2,PI,114.0,,alta_vs_baixa,baixa,alta,189,True,75,75.0
2019,meia-idade,4,2,PR,102.0,,alta_vs_baixa,baixa,alta,289,True,102,187.0
2019,meia-idade,4,2,RJ,134.0,,alta_vs_baixa,baixa,alta,748,True,134,614.0
2019,meia-idade,4,2,RN,88.0,,alta_vs_baixa,baixa,alta,176,True,88,88.0
2019,meia-idade,4,2,RO,40.0,,alta_vs_baixa,baixa,alta,84,True,40,44.0
2019,meia-idade,4,2,RR,9.0,,alta_vs_baixa,baixa,alta,46,False,9,37.0
2019,meia-idade,4,2,RS,18.0,,alta_vs_baixa,baixa,alta,73,False,18,55.0
2019,meia-idade,4,2,SC,21.0,,alta_vs_baixa,baixa,alta,49,True,21,28.0
2019,meia-idade,4,2,SE,77.0,,alta_vs_baixa,baixa,alta,155,True,77,78.0
2019,meia-idade,4,2,SP,246.0,,alta_vs_baixa,baixa,alta,1309,True,246,1063.0
2019,meia-idade,4,2,TO,43.0,,alta_vs_baixa,baixa,alta,80,True,37,37.0
2019,meia-idade,5,1,AC,0.0,,alta_vs_baixa,baixa,alta,1,False,0,1.0
2019,meia-idade,5,1,AM,11.0,,alta_vs_baixa,baixa,alta,16,False,5,5.0
2019,meia-idade,5,1,BA,3.0,,alta_vs_baixa,baixa,alta,4,False,1,1.0
2019,meia-idade,5,1,CE,0.0,,alta_vs_baixa,baixa,alta,1,False,0,1.0
2019,meia-idade,5,1,ES,1.0,,alta_vs_baixa,baixa,alta,1,False,0,0.0
2019,meia-idade,5,1,GO,0.0,,alta_vs_baixa,baixa,alta,1,False,0,1.0
2019,meia-idade,5,1,MA,4.0,,alta_vs_baixa,baixa,alta,5,False,1,1.0
2019,meia-idade,5,1,MG,1.0,,alta_vs_baixa,baixa,alta,2,False,1,1.0
2019,meia-idade,5,1,MS,14.0,,alta_vs_baixa,baixa,alta,20,False,6,6.0
2019,meia-idade,5,1,MT,2.0,,alta_vs_baixa,baixa,alta,2,False,0,0.0
2019,meia-idade,5,1,PA,1.0,,alta_vs_baixa,baixa,alta,1,False,0,0.0
2019,meia-idade,5,1,PB,1.0,,alta_vs_baixa,baixa,alta,1,False,0,0.0
2019,meia-idade,5,1,PE,4.0,,alta_vs_baixa,baixa,alta,4,False,0,0.0
2019,meia-idade,5,1,PR,1.0,,alta_vs_baixa,baixa,alta,2,False,1,1.0
2019,meia-idade,5,1,RN,1.0,,alta_vs_baixa,baixa,alta,1,False,0,0.0
2019,meia-idade,5,1,RO,0.0,,alta_vs_baixa,baixa,alta,2,False,0,2.0
2019,meia-idade,5,1,RR,5.0,,alta_vs_baixa,baixa,alta,6,False,1,1.0
2019,meia-idade,5,1,RS,0.0,,alta_vs_baixa,baixa,alta,1,False,0,1.0
2019,meia-idade,5,1,SC,0.0,,alta_vs_baixa,baixa,alta,1,False,0,1.0
2019,meia-idade,5,1,SP,0.0,,alta_vs_baixa,baixa,alta,2,False,0,2.0
2019,meia-idade,5,2,AC,0.0,,alta_vs_baixa,baixa,alta,1,False,0,1.0
2019,meia-idade,5,2,AM,8.0,,alta_vs_baixa,baixa,alta,11,False,3,3.0
2019,meia-idade,5,2,BA,2.0,,alta_vs_baixa,baixa,alta,3,False,1,1.0
2019,meia-idade,5,2,CE,2.0,,alta_vs_baixa,baixa,alta,2,False,0,0.0
2019,meia-idade,5,2,DF,0.0,,alta_vs_baixa,baixa,alta,1,False,0,1.0
2019,meia-idade,5,2,MA,3.0,,alta_vs_baixa,baixa,alta,4,False,1,1.0
2019,meia-idade,5,2,MG,1.0,,alta_vs_baixa,baixa,alta,1,False,0,0.0
2019,meia-idade,5,2,MS,15.0,,alta_vs_baixa,baixa,alta,19,False,4,4.0
2019,meia-idade,5,2,MT,2.0,,alta_vs_baixa,baixa,alta,2,False,0,0.0
2019,meia-idade,5,2,PA,2.0,,alta_vs_baixa,baixa,alta,2,False,0,0.0
2019,meia-idade,5,2,PB,2.0,,alta_vs_baixa,baixa,alta,2,False,0,0.0
2019,meia-idade,5,2,PE,1.0,,alta_vs_baixa,baixa,alta,1,False,0,0.0
2019,meia-idade,5,2,PR,2.0,,alta_vs_baixa,baixa,alta,2,False,0,0.0
2019,meia-idade,5,2,RJ,0.0,,alta_vs_baixa,baixa,alta,3,False,0,3.0
2019,meia-idade,5,2,RN,0.0,,alta_vs_baixa,baixa,alta,2,False,0,2.0
2019,meia-idade,5,2,RO,2.0,,alta_vs_baixa,baixa,alta,4,False,2,2.0
2019,meia-idade,5,2,RR,3.0,,alta_vs_baixa,baixa,alta,7,False,3,4.0
2019,meia-idade,5,2,RS,1.0,,alta_vs_baixa,baixa,alta,2,False,1,1.0
2019,meia-idade,5,2,SC,1.0,,alta_vs_baixa,baixa,alta,1,False,0,0.0
2019,meia-idade,5,2,SP,1.0,,alta_vs_baixa,baixa,alta,5,False,1,4.0
2020,adulto,1,0,SP,0.0,,alta_vs_baixa,baixa,alta,1,False,0,1.0
2020,adulto,1,1,AC,1.0,,alta_vs_baixa,baixa,alta,10,False,1,9.0
2020,adulto,1,1,AL,8.0,,alta_vs_baixa,baixa,alta,31,False,8,23.0
2020,adulto,1,1,AM,5.0,,alta_vs_baixa,baixa,alta,91,False,5,86.0
2020,adulto,1,1,AP,2.0,,alta_vs_baixa,baixa,alta,13,False,2,11.0
2020,adulto,1,1,BA,32.0,,alta_vs_baixa,baixa,alta,153,True,32,121.0
2020,adulto,1,1,CE,34.0,,alta_vs_baixa,baixa,alta,195,True,34,161.0
2020,adulto,1,1,DF,5.0,,alta_vs_baixa,baixa,alta,97,False,5,92.0
2020,adulto,1,1,ES,3.0,,alta_vs_baixa,baixa,alta,58,False,3,55.0
2020,adulto,1,1,GO,23.0,,alta_vs_baixa,baixa,alta,296,True,23,273.0
2020,adulto,1,1,MA,29.0,,alta_vs_baixa,baixa,alta,158,True,29,129.0
2020,adulto,1,1,MG,93.0,,alta_vs_baixa,baixa,alta,935,True,93,842.0
2020,adulto,1,1,MS,11.0,,alta_vs_baixa,baixa,alta,164,False,11,153.0
2020,adulto,1,1,MT,4.0,,alta_vs_baixa,baixa,alta,177,False,4,173.0
2020,adulto,1,1,PA,10.0,,alta_vs_baixa,baixa,alta,115,False,10,105.0
2020,adulto,1,1,PB,9.0,,alta_vs_baixa,baixa,alta,20,False,9,11.0
2020,adulto,1,1,PE,64.0,,alta_vs_baixa,baixa,alta,292,True,64,228.0
2020,adulto,1,1,PI,19.0,,alta_vs_baixa,baixa,alta,51,False,19,32.0
2020,adulto,1,1,PR,74.0,,alta_vs_baixa,baixa,alta,1502,True,74,1428.0
2020,adulto,1,1,RJ,59.0,,alta_vs_baixa,baixa,alta,683,True,59,624.0
2020,adulto,1,1,RN,14.0,,alta_vs_baixa,baixa,alta,67,False,14,53.0
2020,adulto,1,1,RO,7.0,,alta_vs_baixa,baixa,alta,91,False,7,84.0
2020,adulto,1,1,RR,1.0,,alta_vs_baixa,baixa,alta,7,False,1,6.0
2020,adulto,1,1,RS,54.0,,alta_vs_baixa,baixa,alta,729,True,54,675.0
2020,adulto,1,1,SC,35.0,,alta_vs_baixa,baixa,alta,756,True,35,721.0
2020,adulto,1,1,SE,9.0,,alta_vs_baixa,baixa,alta,60,False,9,51.0
2020,adulto,1,1,SP,175.0,,alta_vs_baixa,baixa,alta,3173,True,175,2998.0
2020,adulto,1,1,TO,2.0,,alta_vs_baixa,baixa,alta,39,False,2,37.0
2020,adulto,1,2,AC,2.0,,alta_vs_baixa,baixa,alta,6,False,2,4.0
2020,adulto,1,2,AL,4.0,,alta_vs_baixa,baixa,alta,20,False,4,16.0
2020,adulto,1,2,AM,1.0,,alta_vs_baixa,baixa,alta,63,False,1,62.0
2020,adulto,1,2,AP,0.0,,alta_vs_baixa,baixa,alta,8,False,0,8.0
2020,adulto,1,2,BA,19.0,,alta_vs_baixa,baixa,alta,128,False,19,109.0
2020,adulto,1,2,CE,24.0,,alta_vs_baixa,baixa,alta,104,True,24,80.0
2020,adulto,1,2,DF,1.0,,alta_vs_baixa,baixa,alta,58,False,1,57.0
2020,adulto,1,2,ES,9.0,,alta_vs_baixa,baixa,alta,49,False,9,40.0
2020,adulto,1,2,GO,17.0,,alta_vs_baixa,baixa,alta,194,False,17,177.0
2020,adulto,1,2,MA,14.0,,alta_vs_baixa,baixa,alta,85,False,14,71.0
2020,adulto,1,2,MG,42.0,,alta_vs_baixa,baixa,alta,549,True,42,507.0
2020,adulto,1,2,MS,9.0,,alta_vs_baixa,baixa,alta,102,False,9,93.0
2020,adulto,1,2,MT,7.0,,alta_vs_baixa,baixa,alta,98,False,7,91.0
2020,adulto,1,2,PA,11.0,,alta_vs_baixa,baixa,alta,98,False,11,87.0
2020,adulto,1,2,PB,11.0,,alta_vs_baixa,baixa,alta,36,False,11,25.0
2020,adulto,1,2,PE,34.0,,alta_vs_baixa,baixa,alta,202,True,34,168.0
2020,adulto,1,2,PI,3.0,,alta_vs_baixa,baixa,alta,32,False,3,29.0
2020,adulto,1,2,PR,49.0,,alta_vs_baixa,baixa,alta,632,True,49,583.0
2020,adulto,1,2,RJ,38.0,,alta_vs_baixa,baixa,alta,569,True,38,531.0
2020,adulto,1,2,RN,6.0,,alta_vs_baixa,baixa,alta,44,False,6,38.0
2020,adulto,1,2,RO,3.0,,alta_vs_baixa,baixa,alta,29,False,3,26.0
2020,adulto,1,2,RR,0.0,,alta_vs_baixa,baixa,alta,8,False,0,8.0
2020,adulto,1,2,RS,39.0,,alta_vs_baixa,baixa,alta,411,True,39,372.0
2020,adulto,1,2,SC,22.0,,alta_vs_baixa,baixa,alta,424,True,22,402.0
2020,adulto,1,2,SE,7.0,,alta_vs_baixa,baixa,alta,31,False,7,24.0
2020,adulto,1,2,SP,129.0,,alta_vs_baixa,baixa,alta,1992,True,129,1863.0
2020,adulto,1,2,TO,1.0,,alta_vs_baixa,baixa,alta,19,False,1,18.0
2020,adulto,2,1,AC,1.0,,alta_vs_baixa,baixa,alta,1,False,0,0.0
2020,adulto,2,1,AL,6.0,,alta_vs_baixa,baixa,alta,14,False,6,8.0
2020,adulto,2,1,AM,2.0,,alta_vs_baixa,baixa,alta,16,False,2,14.0
2020,adulto,2,1,AP,1.0,,alta_vs_baixa,baixa,alta,5,False,1,4.0
2020,adulto,2,1,BA,75.0,,alta_vs_baixa,baixa,alta,286,True,75,211.0
2020,adulto,2,1,CE,24.0,,alta_vs_baixa,baixa,alta,47,True,23,23.0
2020,adulto,2,1,DF,4.0,,alta_vs_baixa,baixa,alta,29,False,4,25.0
2020,adulto,2,1,ES,5.0,,alta_vs_baixa,baixa,alta,31,False,5,26.0
2020,adulto,2,1,GO,9.0,,alta_vs_baixa,baixa,alta,84,False,9,75.0
2020,adulto,2,1,MA,37.0,,alta_vs_baixa,baixa,alta,120,True,37,83.0
2020,adulto,2,1,MG,44.0,,alta_vs_baixa,baixa,alta,307,True,44,263.0
2020,adulto,2,1,MS,3.0,,alta_vs_baixa,baixa,alta,19,False,3,16.0
2020,adulto,2,1,MT,6.0,,alta_vs_baixa,baixa,alta,66,False,6,60.0
2020,adulto,2,1,PA,19.0,,alta_vs_baixa,baixa,alta,69,False,19,50.0
2020,adulto,2,1,PB,5.0,,alta_vs_baixa,baixa,alta,7,False,2,2.0
2020,adulto,2,1,PE,24.0,,alta_vs_baixa,baixa,alta,83,True,24,59.0
2020,adulto,2,1,PI,20.0,,alta_vs_baixa,baixa,alta,37,False,17,17.0
2020,adulto,2,1,PR,5.0,,alta_vs_baixa,baixa,alta,84,False,5,79.0
2020,adulto,2,1,RJ,38.0,,alta_vs_baixa,baixa,alta,347,True,38,309.0
2020,adulto,2,1,RN,5.0,,alta_vs_baixa,baixa,alta,13,False,5,8.0
2020,adulto,2,1,RO,4.0,,alta_vs_baixa,baixa,alta,20,False,4,16.0
2020,adulto,2,1,RR,0.0,,alta_vs_baixa,baixa,alta,6,False,0,6.0
2020,adulto,2,1,RS,9.0,,alta_vs_baixa,baixa,alta,72,False,9,63.0
2020,adulto,2,1,SC,3.0,,alta_vs_baixa,baixa,alta,30,False,3,27.0
2020,adulto,2,1,SE,16.0,,alta_vs_baixa,baixa,alta,36,False,16,20.0
2020,adulto,2,1,SP,40.0,,alta_vs_baixa,baixa,alta,545,True,40,505.0
2020,adulto,2,1,TO,1.0,,alta_vs_baixa,baixa,alta,22,False,1,21.0
2020,adulto,2,2,AC,1.0,,alta_vs_baixa,baixa,alta,1,False,0,0.0
2020,adulto,2,2,AL,2.0,,alta_vs_baixa,baixa,alta,6,False,2,4.0
2020,adulto,2,2,AM,2.0,,alta_vs_baixa,baixa,alta,10,False,2,8.0
2020,adulto,2,2,AP,2.0,,alta_vs_baixa,baixa,alta,9,False,2,7.0
2020,adulto,2,2,BA,25.0,,alta_vs_baixa,baixa,alta,155,True,25,130.0
2020,adulto,2,2,CE,3.0,,alta_vs_baixa,baixa,alta,15,False,3,12.0
2020,adulto,2,2,DF,2.0,,alta_vs_baixa,baixa,alta,19,False,2,17.0
2020,adulto,2,2,ES,2.0,,alta_vs_baixa,baixa,alta,15,False,2,13.0
2020,adulto,2,2,GO,2.0,,alta_vs_baixa,baixa,alta,32,False,2,30.0
2020,adulto,2,2,MA,12.0,,alta_vs_baixa,baixa,alta,46,False,12,34.0
2020,adulto,2,2,MG,26.0,,alta_vs_baixa,baixa,alta,187,True,26,161.0
2020,adulto,2,2,MS,2.0,,alta_vs_baixa,baixa,alta,10,False,2,8.0
2020,adulto,2,2,MT,4.0,,alta_vs_baixa,baixa,alta,24,False,4,20.0
2020,adulto,2,2,PA,6.0,,alta_vs_baixa,baixa,alta,30,False,6,24.0
2020,adulto,2,2,PB,0.0,,alta_vs_baixa,baixa,alta,1,False,0,1.0
2020,adulto,2,2,PE,6.0,,alta_vs_baixa,baixa,alta,39,False,6,33.0
2020,adulto,2,2,PI,3.0,,alta_vs_baixa,baixa,alta,12,False,3,9.0
2020,adulto,2,2,PR,7.0,,alta_vs_baixa,baixa,alta,43,False,7,36.0
2020,adulto,2,2,RJ,19.0,,alta_vs_baixa,baixa,alta,239,False,19,220.0
2020,adulto,2,2,RN,2.0,,alta_vs_baixa,baixa,alta,8,False,2,6.0
2020,adulto,2,2,RO,1.0,,alta_vs_baixa,baixa,alta,11,False,1,10.0
2020,adulto,2,2,RR,1.0,,alta_vs_baixa,baixa,alta,4,False,1,3.0
2020,adulto,2,2,RS,7.0,,alta_vs_baixa,baixa,alta,48,False,7,41.0
2020,adulto,2,2,SC,3.0,,alta_vs_baixa,baixa,alta,32,False,3,29.0
2020,adulto,2,2,SE,6.0,,alta_vs_baixa,baixa,alta,21,False,6,15.0
2020,adulto,2,2,SP,16.0,,alta_vs_baixa,baixa,alta,346,False,16,330.0
2020,adulto,2,2,TO,2.0,,alta_vs_baixa,baixa,alta,13,False,2,11.0
2020,adulto,3,1,AL,1.0,,alta_vs_baixa,baixa,alta,2,False,1,1.0
2020,adulto,3,1,AM,0.0,,alta_vs_baixa,baixa,alta,7,False,0,7.0
2020,adulto,3,1,AP,0.0,,alta_vs_baixa,baixa,alta,1,False,0,1.0
2020,adulto,3,1,BA,0.0,,alta_vs_baixa,baixa,alta,2,False,0,2.0
2020,adulto,3,1,CE,1.0,,alta_vs_baixa,baixa,alta,8,False,1,7.0
2020,adulto,3,1,DF,0.0,,alta_vs_baixa,baixa,alta,2,False,0,2.0
2020,adulto,3,1,GO,0.0,,alta_vs_baixa,baixa,alta,3,False,0,3.0
2020,adulto,3,1,MA,0.0,,alta_vs_baixa,baixa,alta,4,False,0,4.0
2020,adulto,3,1,MG,1.0,,alta_vs_baixa,baixa,alta,12,False,1,11.0
2020,adulto,3,1,MT,0.0,,alta_vs_baixa,baixa,alta,4,False,0,4.0
2020,adulto,3,1,PA,2.0,,alta_vs_baixa,baixa,alta,5,False,2,3.0
2020,adulto,3,1,PE,1.0,,alta_vs_baixa,baixa,alta,2,False,1,1.0
2020,adulto,3,1,PI,2.0,,alta_vs_baixa,baixa,alta,2,False,0,0.0
2020,adulto,3,1,PR,1.0,,alta_vs_baixa,baixa,alta,6,False,1,5.0
2020,adulto,3,1,RO,0.0,,alta_vs_baixa,baixa,alta,1,False,0,1.0
2020,adulto,3,1,RR,1.0,,alta_vs_baixa,baixa,alta,1,False,0,0.0
2020,adulto,3,1,RS,0.0,,alta_vs_baixa,baixa,alta,1,False,0,1.0
2020,adulto,3,1,SP,2.0,,alta_vs_baixa,baixa,alta,15,False,2,13.0
2020,adulto,3,1,TO,0.0,,alta_vs_baixa,baixa,alta,2,False,0,2.0
2020,adulto,3,2,AM,0.0,,alta_vs_baixa,baixa,alta,2,False,0,2.0
2020,adulto,3,2,BA,1.0,,alta_vs_baixa,baixa,alta,1,False,0,0.0
2020,adulto,3,2,CE,2.0,,alta_vs_baixa,baixa,alta,4,False,2,2.0
2020,adulto,3,2,DF,0.0,,alta_vs_baixa,baixa,alta,1,False,0,1.0
2020,adulto,3,2,GO,1.0,,alta_vs_baixa,baixa,alta,1,False,0,0.0
2020,adulto,3,2,MA,0.0,,alta_vs_baixa,baixa,alta,1,False,0,1.0
2020,adulto,3,2,MG,0.0,,alta_vs_baixa,baixa,alta,7,False,0,7.0
2020,adulto,3,2,MT,0.0,,alta_vs_baixa,baixa,alta,4,False,0,4.0
2020,adulto,3,2,PA,0.0,,alta_vs_baixa,baixa,alta,2,False,0,2.0
2020,adulto,3,2,PE,0.0,,alta_vs_baixa,baixa,alta,3,False,0,3.0
2020,adulto,3,2,PR,0.0,,alta_vs_baixa,baixa,alta,1,False,0,1.0
2020,adulto,3,2,RS,0.0,,alta_vs_baixa,baixa,alta,1,False,0,1.0
2020,adulto,3,2,SP,1.0,,alta_vs_baixa,baixa,alta,9,False,1,8.0
2020,adulto,4,0,CE,0.0,,alta_vs_baixa,baixa,alta,1,False,0,1.0
2020,adulto,4,1,AC,22.0,,alta_vs_baixa,baixa,alta,60,True,22,38.0
2020,adulto,4,1,AL,96.0,,alta_vs_baixa,baixa,alta,311,True,96,215.0
2020,adulto,4,1,AM,90.0,,alta_vs_baixa,baixa,alta,735,True,90,645.0
2020,adulto,4,1,AP,4.0,,alta_vs_baixa,baixa,alta,83,False,4,79.0
2020,adulto,4,1,BA,250.0,,alta_vs_baixa,baixa,alta,1216,True,250,966.0
2020,adulto,4,1,CE,268.0,,alta_vs_baixa,baixa,alta,1140,True,268,872.0
2020,adulto,4,1,DF,11.0,,alta_vs_baixa,baixa,alta,174,False,11,163.0
2020,adulto,4,1,ES,23.0,,alta_vs_baixa,baixa,alta,190,True,23,167.0
2020,adulto,4,1,GO,59.0,,alta_vs_baixa,baixa,alta,673,True,59,614.0
2020,adulto,4,1,MA,220.0,,alta_vs_baixa,baixa,alta,940,True,220,720.0
2020,adulto,4,1,MG,136.0,,alta_vs_baixa,baixa,alta,1149,True,136,1013.0
2020,adulto,4,1,MS,22.0,,alta_vs_baixa,baixa,alta,271,True,22,249.0
2020,adulto,4,1,MT,30.0,,alta_vs_baixa,baixa,alta,510,True,30,480.0
2020,adulto,4,1,PA,146.0,,alta_vs_baixa,baixa,alta,793,True,146,647.0
2020,adulto,4,1,PB,50.0,,alta_vs_baixa,baixa,alta,126,True,50,76.0
2020,adulto,4,1,PE,333.0,,alta_vs_baixa,baixa,alta,1065,True,333,732.0
2020,adulto,4,1,PI,86.0,,alta_vs_baixa,baixa,alta,254,True,86,168.0
2020,adulto,4,1,PR,37.0,,alta_vs_baixa,baixa,alta,501,True,37,464.0
2020,adulto,4,1,RJ,61.0,,alta_vs_baixa,baixa,alta,809,True,61,748.0
2020,adulto,4,1,RN,58.0,,alta_vs_baixa,baixa,alta,143,True,58,85.0
2020,adulto,4,1,RO,26.0,,alta_vs_baixa,baixa,alta,177,True,26,151.0
2020,adulto,4,1,RR,4.0,,alta_vs_baixa,baixa,alta,83,False,4,79.0
2020,adulto,4,1,RS,14.0,,alta_vs_baixa,baixa,alta,82,False,14,68.0
2020,adulto,4,1,SC,11.0,,alta_vs_baixa,baixa,alta,105,False,11,94.0
2020,adulto,4,1,SE,67.0,,alta_vs_baixa,baixa,alta,325,True,67,258.0
2020,adulto,4,1,SP,129.0,,alta_vs_baixa,baixa,alta,2218,True,129,2089.0
2020,adulto,4,1,TO,20.0,,alta_vs_baixa,baixa,alta,165,True,20,145.0
2020,adulto,4,2,AC,6.0,,alta_vs_baixa,baixa,alta,22,False,6,16.0
2020,adulto,4,2,AL,19.0,,alta_vs_baixa,baixa,alta,75,False,19,56.0
2020,adulto,4,2,AM,26.0,,alta_vs_baixa,baixa,alta,340,True,26,314.0
2020,adulto,4,2,AP,7.0,,alta_vs_baixa,baixa,alta,46,False,7,39.0
2020,adulto,4,2,BA,93.0,,alta_vs_baixa,baixa,alta,537,True,93,444.0
2020,adulto,4,2,CE,86.0,,alta_vs_baixa,baixa,alta,480,True,86,394.0
2020,adulto,4,2,DF,4.0,,alta_vs_baixa,baixa,alta,85,False,4,81.0
2020,adulto,4,2,ES,9.0,,alta_vs_baixa,baixa,alta,108,False,9,99.0
2020,adulto,4,2,GO,20.0,,alta_vs_baixa,baixa,alta,248,True,20,228.0
2020,adulto,4,2,MA,77.0,,alta_vs_baixa,baixa,alta,378,True,77,301.0
2020,adulto,4,2,MG,64.0,,alta_vs_baixa,baixa,alta,588,True,64,524.0
2020,adulto,4,2,MS,13.0,,alta_vs_baixa,baixa,alta,143,False,13,130.0
2020,adulto,4,2,MT,13.0,,alta_vs_baixa,baixa,alta,207,False,13,194.0
2020,adulto,4,2,PA,55.0,,alta_vs_baixa,baixa,alta,417,True,55,362.0
2020,adulto,4,2,PB,18.0,,alta_vs_baixa,baixa,alta,72,False,18,54.0
2020,adulto,4,2,PE,100.0,,alta_vs_baixa,baixa,alta,470,True,100,370.0
2020,adulto,4,2,PI,27.0,,alta_vs_baixa,baixa,alta,118,True,27,91.0
2020,adulto,4,2,PR,19.0,,alta_vs_baixa,baixa,alta,217,False,19,198.0
2020,adulto,4,2,RJ,40.0,,alta_vs_baixa,baixa,alta,538,True,40,498.0
2020,adulto,4,2,RN,13.0,,alta_vs_baixa,baixa,alta,84,False,13,71.0
2020,adulto,4,2,RO,11.0,,alta_vs_baixa,baixa,alta,67,False,11,56.0
2020,adulto,4,2,RR,2.0,,alta_vs_baixa,baixa,alta,39,False,2,37.0
2020,adulto,4,2,RS,6.0,,alta_vs_baixa,baixa,alta,54,False,6,48.0
2020,adulto,4,2,SC,9.0,,alta_vs_baixa,baixa,alta,49,False,9,40.0
2020,adulto,4,2,SE,25.0,,alta_vs_baixa,baixa,alta,110,True,25,85.0
2020,adulto,4,2,SP,56.0,,alta_vs_baixa,baixa,alta,1058,True,56,1002.0
2020,adulto,4,2,TO,9.0,,alta_vs_baixa,baixa,alta,56,False,9,47.0
2020,adulto,5,1,AL,3.0,,alta_vs_baixa,baixa,alta,3,False,0,0.0
2020,adulto,5,1,AM,9.0,,alta_vs_baixa,baixa,alta,22,False,9,13.0
2020,adulto,5,1,CE,0.0,,alta_vs_baixa,baixa,alta,1,False,0,1.0
2020,adulto,5,1,GO,0.0,,alta_vs_baixa,baixa,alta,1,False,0,1.0
2020,adulto,5,1,MA,3.0,,alta_vs_baixa,baixa,alta,4,False,1,1.0
2020,adulto,5,1,MG,0.0,,alta_vs_baixa,baixa,alta,2,False,0,2.0
2020,adulto,5,1,MS,4.0,,alta_vs_baixa,baixa,alta,13,False,4,9.0
2020,adulto,5,1,MT,1.0,,alta_vs_baixa,baixa,alta,6,False,1,5.0
2020,adulto,5,1,PA,0.0,,alta_vs_baixa,baixa,alta,5,False,0,5.0
2020,adulto,5,1,PE,3.0,,alta_vs_baixa,baixa,alta,4,False,1,1.0
2020,adulto,5,1,PR,3.0,,alta_vs_baixa,baixa,alta,5,False,2,2.0
2020,adulto,5,1,RO,0.0,,alta_vs_baixa,baixa,alta,3,False,0,3.0
2020,adulto,5,1,RR,10.0,,alta_vs_baixa,baixa,alta,16,False,6,6.0
2020,adulto,5,1,RS,1.0,,alta_vs_baixa,baixa,alta,3,False,1,2.0
2020,adulto,5,1,SC,0.0,,alta_vs_baixa,baixa,alta,2,False,0,2.0
2020,adulto,5,1,SE,0.0,,alta_vs_baixa,baixa,alta,1,False,0,1.0
2020,adulto,5,1,SP,0.0,,alta_vs_baixa,baixa,alta,4,False,0,4.0
2020,adulto,5,2,AC,2.0,,alta_vs_baixa,baixa,alta,2,False,0,0.0
2020,adulto,5,2,AM,8.0,,alta_vs_baixa,baixa,alta,21,False,8,13.0
2020,adulto,5,2,AP,0.0,,alta_vs_baixa,baixa,alta,1,False,0,1.0
2020,adulto,5,2,CE,0.0,,alta_vs_baixa,baixa,alta,1,False,0,1.0
2020,adulto,5,2,DF,0.0,,alta_vs_baixa,baixa,alta,1,False,0,1.0
2020,adulto,5,2,ES,0.0,,alta_vs_baixa,baixa,alta,1,False,0,1.0
2020,adulto,5,2,GO,2.0,,alta_vs_baixa,baixa,alta,2,False,0,0.0
2020,adulto,5,2,MA,4.0,,alta_vs_baixa,baixa,alta,4,False,0,0.0
2020,adulto,5,2,MG,1.0,,alta_vs_baixa,baixa,alta,2,False,1,1.0
2020,adulto,5,2,MS,8.0,,alta_vs_baixa,baixa,alta,15,False,7,7.0
2020,adulto,5,2,MT,1.0,,alta_vs_baixa,baixa,alta,3,False,1,2.0
2020,adulto,5,2,PA,0.0,,alta_vs_baixa,baixa,alta,1,False,0,1.0
2020,adulto,5,2,PB,0.0,,alta_vs_baixa,baixa,alta,1,False,0,1.0
2020,adulto,5,2,PE,1.0,,alta_vs_baixa,baixa,alta,3,False,1,2.0
2020,adulto,5,2,RN,0.0,,alta_vs_baixa,baixa,alta,2,False,0,2.0
2020,adulto,5,2,RR,6.0,,alta_vs_baixa,baixa,alta,8,False,2,2.0
2020,adulto,5,2,RS,1.0,,alta_vs_baixa,baixa,alta,2,False,1,1.0
2020,adulto,5,2,SC,0.0,,alta_vs_baixa,baixa,alta,1,False,0,1.0
2020,adulto,5,2,SP,0.0,,alta_vs_baixa,baixa,alta,2,False,0,2.0
2020,adulto,5,2,TO,2.0,,alta_vs_baixa,baixa,alta,2,False,0,0.0
2020,idoso,1,0,MG,0.0,,alta_vs_baixa,baixa,alta,1,False,0,1.0
2020,idoso,1,1,AC,9.0,,alta_vs_baixa,baixa,alta,20,False,9,11.0
2020,idoso,1,1,AL,98.0,,alta_vs_baixa,baixa,alta,156,True,58,58.0
2020,idoso,1,1,AM,57.0,,alta_vs_baixa,baixa,alta,224,True,57,167.0
2020,idoso,1,1,AP,9.0,,alta_vs_baixa,baixa,alta,25,False,9,16.0
2020,idoso,1,1,BA,286.0,,alta_vs_baixa,baixa,alta,700,True,286,414.0
2020,idoso,1,1,CE,331.0,,alta_vs_baixa,baixa,alta,657,True,326,326.0
2020,idoso,1,1,DF,56.0,,alta_vs_baixa,baixa,alta,332,True,56,276.0
2020,idoso,1,1,ES,79.0,,alta_vs_baixa,baixa,alta,303,True,79,224.0
2020,idoso,1,1,GO,314.0,,alta_vs_baixa,baixa,alta,890,True,314,576.0
2020,idoso,1,1,MA,190.0,,alta_vs_baixa,baixa,alta,391,True,190,201.0
2020,idoso,1,1,MG,694.0,,alta_vs_baixa,baixa,alta,2929,True,694,2235.0
2020,idoso,1,1,MS,115.0,,alta_vs_baixa,baixa,alta,495,True,115,380.0
2020,idoso,1,1,MT,117.0,,alta_vs_baixa,baixa,alta,432,True,117,315.0
2020,idoso,1,1,PA,138.0,,alta_vs_baixa,baixa,alta,425,True,138,287.0
2020,idoso,1,1,PB,95.0,,alta_vs_baixa,baixa,alta,168,True,73,73.0
2020,idoso,1,1,PE,420.0,,alta_vs_baixa,baixa,alta,1067,True,420,647.0
2020,idoso,1,1,PI,110.0,,alta_vs_baixa,baixa,alta,170,True,60,60.0
2020,idoso,1,1,PR,776.0,,alta_vs_baixa,baixa,alta,3185,True,776,2409.0
2020,idoso,1,1,RJ,479.0,,alta_vs_baixa,baixa,alta,3496,True,479,3017.0
2020,idoso,1,1,RN,184.0,,alta_vs_baixa,baixa,alta,333,True,149,149.0
2020,idoso,1,1,RO,83.0,,alta_vs_baixa,baixa,alta,175,True,83,92.0
2020,idoso,1,1,RR,10.0,,alta_vs_baixa,baixa,alta,26,False,10,16.0
2020,idoso,1,1,RS,534.0,,alta_vs_baixa,baixa,alta,2717,True,534,2183.0
2020,idoso,1,1,SC,298.0,,alta_vs_baixa,baixa,alta,1892,True,298,1594.0
2020,idoso,1,1,SE,74.0,,alta_vs_baixa,baixa,alta,203,True,74,129.0
2020,idoso,1,1,SP,1338.0,,alta_vs_baixa,baixa,alta,10479,True,1338,9141.0
2020,idoso,1,1,TO,36.0,,alta_vs_baixa,baixa,alta,95,True,36,59.0
2020,idoso,1,2,AC,13.0,,alta_vs_baixa,baixa,alta,18,False,5,5.0
2020,idoso,1,2,AL,100.0,,alta_vs_baixa,baixa,alta,144,True,44,44.0
2020,idoso,1,2,AM,48.0,,alta_vs_baixa,baixa,alta,184,True,48,136.0
2020,idoso,1,2,AP,9.0,,alta_vs_baixa,baixa,alta,28,False,9,19.0
2020,idoso,1,2,BA,303.0,,alta_vs_baixa,baixa,alta,659,True,303,356.0
2020,idoso,1,2,CE,342.0,,alta_vs_baixa,baixa,alta,643,True,301,301.0
2020,idoso,1,2,DF,59.0,,alta_vs_baixa,baixa,alta,260,True,59,201.0
2020,idoso,1,2,ES,101.0,,alta_vs_baixa,baixa,alta,228,True,101,127.0
2020,idoso,1,2,GO,331.0,,alta_vs_baixa,baixa,alta,729,True,331,398.0
2020,idoso,1,2,MA,183.0,,alta_vs_baixa,baixa,alta,350,True,167,167.0
2020,idoso,1,2,MG,740.0,,alta_vs_baixa,baixa,alta,2131,True,740,1391.0
2020,idoso,1,2,MS,110.0,,alta_vs_baixa,baixa,alta,346,True,110,236.0
2020,idoso,1,2,MT,117.0,,alta_vs_baixa,baixa,alta,312,True,117,195.0
2020,idoso,1,2,PA,131.0,,alta_vs_baixa,baixa,alta,347,True,131,216.0
2020,idoso,1,2,PB,105.0,,alta_vs_baixa,baixa,alta,151,True,46,46.0
2020,idoso,1,2,PE,509.0,,alta_vs_baixa,baixa,alta,1028,True,509,519.0
2020,idoso,1,2,PI,102.0,,alta_vs_baixa,baixa,alta,149,True,47,47.0
2020,idoso,1,2,PR,1032.0,,alta_vs_baixa,baixa,alta,2334,True,1032,1302.0
2020,idoso,1,2,RJ,591.0,,alta_vs_baixa,baixa,alta,2963,True,591,2372.0
2020,idoso,1,2,RN,185.0,,alta_vs_baixa,baixa,alta,320,True,135,135.0
2020,idoso,1,2,RO,65.0,,alta_vs_baixa,baixa,alta,135,True,65,70.0
2020,idoso,1,2,RR,10.0,,alta_vs_baixa,baixa,alta,28,False,10,18.0
2020,idoso,1,2,RS,516.0,,alta_vs_baixa,baixa,alta,1884,True,516,1368.0
2020,idoso,1,2,SC,310.0,,alta_vs_baixa,baixa,alta,1118,True,310,808.0
2020,idoso,1,2,SE,96.0,,alta_vs_baixa,baixa,alta,173,True,77,77.0
2020,idoso,1,2,SP,1863.0,,alta_vs_baixa,baixa,alta,7620,True,1863,5757.0
2020,idoso,1,2,TO,38.0,,alta_vs_baixa,baixa,alta,72,True,34,34.0
2020,idoso,2,1,AC,5.0,,alta_vs_baixa,baixa,alta,5,False,0,0.0
2020,idoso,2,1,AL,48.0,,alta_vs_baixa,baixa,alta,60,False,12,12.0
2020,idoso,2,1,AM,22.0,,alta_vs_baixa,baixa,alta,47,True,22,25.0
2020,idoso,2,1,AP,13.0,,alta_vs_baixa,baixa,alta,16,False,3,3.0
2020,idoso,2,1,BA,494.0,,alta_vs_baixa,baixa,alta,777,True,283,283.0
2020,idoso,2,1,CE,126.0,,alta_vs_baixa,baixa,alta,152,True,26,26.0
2020,idoso,2,1,DF,18.0,,alta_vs_baixa,baixa,alta,55,False,18,37.0
2020,idoso,2,1,ES,51.0,,alta_vs_baixa,baixa,alta,90,True,39,39.0
2020,idoso,2,1,GO,161.0,,alta_vs_baixa,baixa,alta,224,True,63,63.0
2020,idoso,2,1,MA,238.0,,alta_vs_baixa,baixa,alta,304,True,66,66.0
2020,idoso,2,1,MG,360.0,,alta_vs_baixa,baixa,alta,705,True,345,345.0
2020,idoso,2,1,MS,36.0,,alta_vs_baixa,baixa,alta,68,True,32,32.0
2020,idoso,2,1,MT,82.0,,alta_vs_baixa,baixa,alta,132,True,50,50.0
2020,idoso,2,1,PA,154.0,,alta_vs_baixa,baixa,alta,221,True,67,67.0
2020,idoso,2,1,PB,32.0,,alta_vs_baixa,baixa,alta,38,False,6,6.0
2020,idoso,2,1,PE,179.0,,alta_vs_baixa,baixa,alta,275,True,96,96.0
2020,idoso,2,1,PI,135.0,,alta_vs_baixa,baixa,alta,156,True,21,21.0
2020,idoso,2,1,PR,101.0,,alta_vs_baixa,baixa,alta,212,True,101,111.0
2020,idoso,2,1,RJ,257.0,,alta_vs_baixa,baixa,alta,1010,True,257,753.0
2020,idoso,2,1,RN,49.0,,alta_vs_baixa,baixa,alta,59,False,10,10.0
2020,idoso,2,1,RO,37.0,,alta_vs_baixa,baixa,alta,46,False,9,9.0
2020,idoso,2,1,RR,3.0,,alta_vs_baixa,baixa,alta,9,False,3,6.0
2020,idoso,2,1,RS,68.0,,alta_vs_baixa,baixa,alta,210,True,68,142.0
2020,idoso,2,1,SC,13.0,,alta_vs_baixa,baixa,alta,63,False,13,50.0
2020,idoso,2,1,SE,67.0,,alta_vs_baixa,baixa,alta,112,True,45,45.0
2020,idoso,2,1,SP,279.0,,alta_vs_baixa,baixa,alta,1193,True,279,914.0
2020,idoso,2,1,TO,55.0,,alta_vs_baixa,baixa,alta,61,False,6,6.0
2020,idoso,2,2,AC,6.0,,alta_vs_baixa,baixa,alta,9,False,3,3.0
2020,idoso,2,2,AL,37.0,,alta_vs_baixa,baixa,alta,44,False,7,7.0
2020,idoso,2,2,AM,11.0,,alta_vs_baixa,baixa,alta,20,False,9,9.0
2020,idoso,2,2,AP,10.0,,alta_vs_baixa,baixa,alta,14,False,4,4.0
2020,idoso,2,2,BA,409.0,,alta_vs_baixa,baixa,alta,599,True,190,190.0
2020,idoso,2,2,CE,79.0,,alta_vs_baixa,baixa,alta,99,True,20,20.0
2020,idoso,2,2,DF,31.0,,alta_vs_baixa,baixa,alta,73,True,31,42.0
2020,idoso,2,2,ES,42.0,,alta_vs_baixa,baixa,alta,60,False,18,18.0
2020,idoso,2,2,GO,133.0,,alta_vs_baixa,baixa,alta,174,True,41,41.0
2020,idoso,2,2,MA,189.0,,alta_vs_baixa,baixa,alta,238,True,49,49.0
2020,idoso,2,2,MG,390.0,,alta_vs_baixa,baixa,alta,594,True,204,204.0
2020,idoso,2,2,MS,19.0,,alta_vs_baixa,baixa,alta,36,False,17,17.0
2020,idoso,2,2,MT,61.0,,alta_vs_baixa,baixa,alta,98,True,37,37.0
2020,idoso,2,2,PA,82.0,,alta_vs_baixa,baixa,alta,117,True,35,35.0
2020,idoso,2,2,PB,28.0,,alta_vs_baixa,baixa,alta,31,False,3,3.0
2020,idoso,2,2,PE,180.0,,alta_vs_baixa,baixa,alta,247,True,67,67.0
2020,idoso,2,2,PI,83.0,,alta_vs_baixa,baixa,alta,89,False,6,6.0
2020,idoso,2,2,PR,107.0,,alta_vs_baixa,baixa,alta,157,True,50,50.0
2020,idoso,2,2,RJ,381.0,,alta_vs_baixa,baixa,alta,982,True,381,601.0
2020,idoso,2,2,RN,31.0,,alta_vs_baixa,baixa,alta,37,False,6,6.0
2020,idoso,2,2,RO,21.0,,alta_vs_baixa,baixa,alta,26,False,5,5.0
2020,idoso,2,2,RR,4.0,,alta_vs_baixa,baixa,alta,5,False,1,1.0
2020,idoso,2,2,RS,65.0,,alta_vs_baixa,baixa,alta,172,True,65,107.0
2020,idoso,2,2,SC,30.0,,alta_vs_baixa,baixa,alta,71,True,30,41.0
2020,idoso,2,2,SE,55.0,,alta_vs_baixa,baixa,alta,76,True,21,21.0
2020,idoso,2,2,SP,393.0,,alta_vs_baixa,baixa,alta,956,True,393,563.0
2020,idoso,2,2,TO,28.0,,alta_vs_baixa,baixa,alta,30,False,2,2.0
2020,idoso,3,1,AM,3.0,,alta_vs_baixa,baixa,alta,4,False,1,1.0
2020,idoso,3,1,AP,0.0,,alta_vs_baixa,baixa,alta,3,False,0,3.0
2020,idoso,3,1,BA,4.0,,alta_vs_baixa,baixa,alta,12,False,4,8.0
2020,idoso,3,1,CE,11.0,,alta_vs_baixa,baixa,alta,15,False,4,4.0
2020,idoso,3,1,DF,2.0,,alta_vs_baixa,baixa,alta,9,False,2,7.0
2020,idoso,3,1,ES,2.0,,alta_vs_baixa,baixa,alta,3,False,1,1.0
2020,idoso,3,1,GO,6.0,,alta_vs_baixa,baixa,alta,10,False,4,4.0
2020,idoso,3,1,MA,9.0,,alta_vs_baixa,baixa,alta,13,False,4,4.0
2020,idoso,3,1,MG,11.0,,alta_vs_baixa,baixa,alta,36,False,11,25.0
2020,idoso,3,1,MS,1.0,,alta_vs_baixa,baixa,alta,16,False,1,15.0
2020,idoso,3,1,MT,5.0,,alta_vs_baixa,baixa,alta,25,False,5,20.0
2020,idoso,3,1,PA,3.0,,alta_vs_baixa,baixa,alta,10,False,3,7.0
2020,idoso,3,1,PB,2.0,,alta_vs_baixa,baixa,alta,3,False,1,1.0
2020,idoso,3,1,PE,5.0,,alta_vs_baixa,baixa,alta,7,False,2,2.0
2020,idoso,3,1,PI,4.0,,alta_vs_baixa,baixa,alta,4,False,0,0.0
2020,idoso,3,1,PR,4.0,,alta_vs_baixa,baixa,alta,34,False,4,30.0
2020,idoso,3,1,RJ,2.0,,alta_vs_baixa,baixa,alta,8,False,2,6.0
2020,idoso,3,1,RN,2.0,,alta_vs_baixa,baixa,alta,3,False,1,1.0
2020,idoso,3,1,RO,0.0,,alta_vs_baixa,baixa,alta,3,False,0,3.0
2020,idoso,3,1,RR,1.0,,alta_vs_baixa,baixa,alta,1,False,0,0.0
2020,idoso,3,1,RS,1.0,,alta_vs_baixa,baixa,alta,3,False,1,2.0
2020,idoso,3,1,SE,2.0,,alta_vs_baixa,baixa,alta,2,False,0,0.0
2020,idoso,3,1,SP,9.0,,alta_vs_baixa,baixa,alta,228,False,9,219.0
2020,idoso,3,1,TO,1.0,,alta_vs_baixa,baixa,alta,1,False,0,0.0
2020,idoso,3,2,AC,2.0,,alta_vs_baixa,baixa,alta,2,False,0,0.0
2020,idoso,3,2,AM,1.0,,alta_vs_baixa,baixa,alta,3,False,1,2.0
2020,idoso,3,2,AP,2.0,,alta_vs_baixa,baixa,alta,4,False,2,2.0
2020,idoso,3,2,BA,2.0,,alta_vs_baixa,baixa,alta,7,False,2,5.0
2020,idoso,3,2,CE,11.0,,alta_vs_baixa,baixa,alta,15,False,4,4.0
2020,idoso,3,2,DF,2.0,,alta_vs_baixa,baixa,alta,5,False,2,3.0
2020,idoso,3,2,ES,2.0,,alta_vs_baixa,baixa,alta,2,False,0,0.0
2020,idoso,3,2,GO,5.0,,alta_vs_baixa,baixa,alta,8,False,3,3.0
2020,idoso,3,2,MA,7.0,,alta_vs_baixa,baixa,alta,10,False,3,3.0
2020,idoso,3,2,MG,7.0,,alta_vs_baixa,baixa,alta,18,False,7,11.0
2020,idoso,3,2,MS,1.0,,alta_vs_baixa,baixa,alta,6,False,1,5.0
2020,idoso,3,2,MT,9.0,,alta_vs_baixa,baixa,alta,16,False,7,7.0
2020,idoso,3,2,PA,2.0,,alta_vs_baixa,baixa,alta,5,False,2,3.0
2020,idoso,3,2,PB,1.0,,alta_vs_baixa,baixa,alta,1,False,0,0.0
2020,idoso,3,2,PE,3.0,,alta_vs_baixa,baixa,alta,4,False,1,1.0
2020,idoso,3,2,PI,4.0,,alta_vs_baixa,baixa,alta,4,False,0,0.0
2020,idoso,3,2,PR,7.0,,alta_vs_baixa,baixa,alta,28,False,7,21.0
2020,idoso,3,2,RJ,4.0,,alta_vs_baixa,baixa,alta,11,False,4,7.0
2020,idoso,3,2,RO,1.0,,alta_vs_baixa,baixa,alta,1,False,0,0.0
2020,idoso,3,2,RS,0.0,,alta_vs_baixa,baixa,alta,1,False,0,1.0
2020,idoso,3,2,SC,1.0,,alta_vs_baixa,baixa,alta,3,False,1,2.0
2020,idoso,3,2,SE,0.0,,alta_vs_baixa,baixa,alta,1,False,0,1.0
2020,idoso,3,2,SP,9.0,,alta_vs_baixa,baixa,alta,127,False,9,118.0
2020,idoso,3,2,TO,1.0,,alta_vs_baixa,baixa,alta,2,False,1,1.0
2020,idoso,4,0,ES,1.0,,alta_vs_baixa,baixa,alta,1,False,0,0.0
2020,idoso,4,0,SP,0.0,,alta_vs_baixa,baixa,alta,1,False,0,1.0
2020,idoso,4,1,AC,107.0,,alta_vs_baixa,baixa,alta,153,True,46,46.0
2020,idoso,4,1,AL,396.0,,alta_vs_baixa,baixa,alta,519,True,123,123.0
2020,idoso,4,1,AM,465.0,,alta_vs_baixa,baixa,alta,1158,True,465,693.0
2020,idoso,4,1,AP,77.0,,alta_vs_baixa,baixa,alta,113,True,36,36.0
2020,idoso,4,1,BA,1364.0,,alta_vs_baixa,baixa,alta,2308,True,944,944.0
2020,idoso,4,1,CE,1785.0,,alta_vs_baixa,baixa,alta,2593,True,808,808.0
2020,idoso,4,1,DF,107.0,,alta_vs_baixa,baixa,alta,335,True,107,228.0
2020,idoso,4,1,ES,148.0,,alta_vs_baixa,baixa,alta,344,True,148,196.0
2020,idoso,4,1,GO,544.0,,alta_vs_baixa,baixa,alta,1046,True,502,502.0
2020,idoso,4,1,MA,1276.0,,alta_vs_baixa,baixa,alta,1762,True,486,486.0
2020,idoso,4,1,MG,1117.0,,alta_vs_baixa,baixa,alta,2273,True,1117,1156.0
2020,idoso,4,1,MS,196.0,,alta_vs_baixa,baixa,alta,507,True,196,311.0
2020,idoso,4,1,MT,329.0,,alta_vs_baixa,baixa,alta,697,True,329,368.0
2020,idoso,4,1,PA,937.0,,alta_vs_baixa,baixa,alta,1645,True,708,708.0
2020,idoso,4,1,PB,368.0,,alta_vs_baixa,baixa,alta,476,True,108,108.0
2020,idoso,4,1,PE,1402.0,,alta_vs_baixa,baixa,alta,2328,True,926,926.0
2020,idoso,4,1,PI,566.0,,alta_vs_baixa,baixa,alta,702,True,136,136.0
2020,idoso,4,1,PR,346.0,,alta_vs_baixa,baixa,alta,730,True,346,384.0
2020,idoso,4,1,RJ,473.0,,alta_vs_baixa,baixa,alta,2091,True,473,1618.0
2020,idoso,4,1,RN,431.0,,alta_vs_baixa,baixa,alta,576,True,145,145.0
2020,idoso,4,1,RO,166.0,,alta_vs_baixa,baixa,alta,295,True,129,129.0
2020,idoso,4,1,RR,49.0,,alta_vs_baixa,baixa,alta,100,True,49,51.0
2020,idoso,4,1,RS,90.0,,alta_vs_baixa,baixa,alta,216,True,90,126.0
2020,idoso,4,1,SC,32.0,,alta_vs_baixa,baixa,alta,97,True,32,65.0
2020,idoso,4,1,SE,321.0,,alta_vs_baixa,baixa,alta,570,True,249,249.0
2020,idoso,4,1,SP,924.0,,alta_vs_baixa,baixa,alta,3371,True,924,2447.0
2020,idoso,4,1,TO,237.0,,alta_vs_baixa,baixa,alta,310,True,73,73.0
2020,idoso,4,2,AC,74.0,,alta_vs_baixa,baixa,alta,104,True,30,30.0
2020,idoso,4,2,AL,327.0,,alta_vs_baixa,baixa,alta,397,True,70,70.0
2020,idoso,4,2,AM,331.0,,alta_vs_baixa,baixa,alta,714,True,331,383.0
2020,idoso,4,2,AP,43.0,,alta_vs_baixa,baixa,alta,77,True,34,34.0
2020,idoso,4,2,BA,1283.0,,alta_vs_baixa,baixa,alta,1905,True,622,622.0
2020,idoso,4,2,CE,1296.0,,alta_vs_baixa,baixa,alta,1822,True,526,526.0
2020,idoso,4,2,DF,129.0,,alta_vs_baixa,baixa,alta,266,True,129,137.0
2020,idoso,4,2,ES,159.0,,alta_vs_baixa,baixa,alta,261,True,102,102.0
2020,idoso,4,2,GO,452.0,,alta_vs_baixa,baixa,alta,718,True,266,266.0
2020,idoso,4,2,MA,963.0,,alta_vs_baixa,baixa,alta,1287,True,324,324.0
2020,idoso,4,2,MG,1042.0,,alta_vs_baixa,baixa,alta,1701,True,659,659.0
2020,idoso,4,2,MS,187.0,,alta_vs_baixa,baixa,alta,335,True,148,148.0
2020,idoso,4,2,MT,247.0,,alta_vs_baixa,baixa,alta,454,True,207,207.0
2020,idoso,4,2,PA,645.0,,alta_vs_baixa,baixa,alta,1123,True,478,478.0
2020,idoso,4,2,PB,300.0,,alta_vs_baixa,baixa,alta,385,True,85,85.0
2020,idoso,4,2,PE,1349.0,,alta_vs_baixa,baixa,alta,1911,True,562,562.0
2020,idoso,4,2,PI,426.0,,alta_vs_baixa,baixa,alta,527,True,101,101.0
2020,idoso,4,2,PR,422.0,,alta_vs_baixa,baixa,alta,599,True,177,177.0
2020,idoso,4,2,RJ,707.0,,alta_vs_baixa,baixa,alta,1847,True,707,1140.0
2020,idoso,4,2,RN,251.0,,alta_vs_baixa,baixa,alta,352,True,101,101.0
2020,idoso,4,2,RO,117.0,,alta_vs_baixa,baixa,alta,185,True,68,68.0
2020,idoso,4,2,RR,38.0,,alta_vs_baixa,baixa,alta,64,True,26,26.0
2020,idoso,4,2,RS,75.0,,alta_vs_baixa,baixa,alta,161,True,75,86.0
2020,idoso,4,2,SC,41.0,,alta_vs_baixa,baixa,alta,68,True,27,27.0
2020,idoso,4,2,SE,266.0,,alta_vs_baixa,baixa,alta,405,True,139,139.0
2020,idoso,4,2,SP,1222.0,,alta_vs_baixa,baixa,alta,2540,True,1222,1318.0
2020,idoso,4,2,TO,162.0,,alta_vs_baixa,baixa,alta,210,True,48,48.0
2020,idoso,5,1,AC,2.0,,alta_vs_baixa,baixa,alta,5,False,2,3.0
2020,idoso,5,1,AL,2.0,,alta_vs_baixa,baixa,alta,3,False,1,1.0
2020,idoso,5,1,AM,40.0,,alta_vs_baixa,baixa,alta,45,False,5,5.0
2020,idoso,5,1,AP,1.0,,alta_vs_baixa,baixa,alta,1,False,0,0.0
2020,idoso,5,1,BA,6.0,,alta_vs_baixa,baixa,alta,8,False,2,2.0
2020,idoso,5,1,CE,6.0,,alta_vs_baixa,baixa,alta,7,False,1,1.0
2020,idoso,5,1,ES,1.0,,alta_vs_baixa,baixa,alta,1,False,0,0.0
2020,idoso,5,1,GO,1.0,,alta_vs_baixa,baixa,alta,1,False,0,0.0
2020,idoso,5,1,MA,8.0,,alta_vs_baixa,baixa,alta,10,False,2,2.0
2020,idoso,5,1,MG,3.0,,alta_vs_baixa,baixa,alta,4,False,1,1.0
2020,idoso,5,1,MS,18.0,,alta_vs_baixa,baixa,alta,28,False,10,10.0
2020,idoso,5,1,MT,7.0,,alta_vs_baixa,baixa,alta,10,False,3,3.0
2020,idoso,5,1,PA,9.0,,alta_vs_baixa,baixa,alta,9,False,0,0.0
2020,idoso,5,1,PB,3.0,,alta_vs_baixa,baixa,alta,3,False,0,0.0
2020,idoso,5,1,PE,6.0,,alta_vs_baixa,baixa,alta,7,False,1,1.0
2020,idoso,5,1,PI,1.0,,alta_vs_baixa,baixa,alta,1,False,0,0.0
2020,idoso,5,1,PR,2.0,,alta_vs_baixa,baixa,alta,3,False,1,1.0
2020,idoso,5,1,RJ,0.0,,alta_vs_baixa,baixa,alta,2,False,0,2.0
2020,idoso,5,1,RN,5.0,,alta_vs_baixa,baixa,alta,7,False,2,2.0
2020,idoso,5,1,RO,6.0,,alta_vs_baixa,baixa,alta,7,False,1,1.0
2020,idoso,5,1,RR,12.0,,alta_vs_baixa,baixa,alta,16,False,4,4.0
2020,idoso,5,1,RS,2.0,,alta_vs_baixa,baixa,alta,4,False,2,2.0
2020,idoso,5,1,SC,2.0,,alta_vs_baixa,baixa,alta,2,False,0,0.0
2020,idoso,5,1,SP,3.0,,alta_vs_baixa,baixa,alta,9,False,3,6.0
2020,idoso,5,1,TO,0.0,,alta_vs_baixa,baixa,alta,1,False,0,1.0
2020,idoso,5,2,AC,1.0,,alta_vs_baixa,baixa,alta,1,False,0,0.0
2020,idoso,5,2,AL,2.0,,alta_vs_baixa,baixa,alta,2,False,0,0.0
2020,idoso,5,2,AM,31.0,,alta_vs_baixa,baixa,alta,36,False,5,5.0
2020,idoso,5,2,AP,2.0,,alta_vs_baixa,baixa,alta,2,False,0,0.0
2020,idoso,5,2,BA,11.0,,alta_vs_baixa,baixa,alta,15,False,4,4.0
2020,idoso,5,2,CE,4.0,,alta_vs_baixa,baixa,alta,4,False,0,0.0
2020,idoso,5,2,DF,1.0,,alta_vs_baixa,baixa,alta,1,False,0,0.0
2020,idoso,5,2,ES,1.0,,alta_vs_baixa,baixa,alta,1,False,0,0.0
2020,idoso,5,2,GO,1.0,,alta_vs_baixa,baixa,alta,1,False,0,0.0
2020,idoso,5,2,MA,6.0,,alta_vs_baixa,baixa,alta,6,False,0,0.0
2020,idoso,5,2,MG,5.0,,alta_vs_baixa,baixa,alta,7,False,2,2.0
2020,idoso,5,2,MS,21.0,,alta_vs_baixa,baixa,alta,25,False,4,4.0
2020,idoso,5,2,MT,8.0,,alta_vs_baixa,baixa,alta,11,False,3,3.0
2020,idoso,5,2,PA,8.0,,alta_vs_baixa,baixa,alta,8,False,0,0.0
2020,idoso,5,2,PB,1.0,,alta_vs_baixa,baixa,alta,2,False,1,1.0
2020,idoso,5,2,PE,6.0,,alta_vs_baixa,baixa,alta,8,False,2,2.0
2020,idoso,5,2,PR,2.0,,alta_vs_baixa,baixa,alta,2,False,0,0.0
2020,idoso,5,2,RJ,1.0,,alta_vs_baixa,baixa,alta,2,False,1,1.0
2020,idoso,5,2,RN,0.0,,alta_vs_baixa,baixa,alta,1,False,0,1.0
2020,idoso,5,2,RO,3.0,,alta_vs_baixa,baixa,alta,3,False,0,0.0
2020,idoso,5,2,RR,13.0,,alta_vs_baixa,baixa,alta,14,False,1,1.0
2020,idoso,5,2,RS,5.0,,alta_vs_baixa,baixa,alta,6,False,1,1.0
2020,idoso,5,2,SC,2.0,,alta_vs_baixa,baixa,alta,2,False,0,0.0
2020,idoso,5,2,SP,0.0,,alta_vs_baixa,baixa,alta,5,False,0,5.0
2020,idoso,5,2,TO,3.0,,alta_vs_baixa,baixa,alta,3,False,0,0.0
2020,jovem,1,1,AC,0.0,,alta_vs_baixa,baixa,alta,6,False,0,6.0
2020,jovem,1,1,AL,3.0,,alta_vs_baixa,baixa,alta,8,False,3,5.0
2020,jovem,1,1,AM,6.0,,alta_vs_baixa,baixa,alta,49,False,6,43.0
2020,jovem,1,1,AP,1.0,,alta_vs_baixa,baixa,alta,6,False,1,5.0
2020,jovem,1,1,BA,14.0,,alta_vs_baixa,baixa,alta,61,False,14,47.0
2020,jovem,1,1,CE,10.0,,alta_vs_baixa,baixa,alta,35,False,10,25.0
2020,jovem,1,1,DF,2.0,,alta_vs_baixa,baixa,alta,22,False,2,20.0
2020,jovem,1,1,ES,3.0,,alta_vs_baixa,baixa,alta,25,False,3,22.0
2020,jovem,1,1,GO,7.0,,alta_vs_baixa,baixa,alta,134,False,7,127.0
2020,jovem,1,1,MA,4.0,,alta_vs_baixa,baixa,alta,64,False,4,60.0
2020,jovem,1,1,MG,25.0,,alta_vs_baixa,baixa,alta,342,True,25,317.0
2020,jovem,1,1,MS,11.0,,alta_vs_baixa,baixa,alta,62,False,11,51.0
2020,jovem,1,1,MT,10.0,,alta_vs_baixa,baixa,alta,89,False,10,79.0
2020,jovem,1,1,PA,4.0,,alta_vs_baixa,baixa,alta,53,False,4,49.0
2020,jovem,1,1,PB,1.0,,alta_vs_baixa,baixa,alta,12,False,1,11.0
2020,jovem,1,1,PE,20.0,,alta_vs_baixa,baixa,alta,105,True,20,85.0
2020,jovem,1,1,PI,5.0,,alta_vs_baixa,baixa,alta,26,False,5,21.0
2020,jovem,1,1,PR,54.0,,alta_vs_baixa,baixa,alta,683,True,54,629.0
2020,jovem,1,1,RJ,15.0,,alta_vs_baixa,baixa,alta,211,False,15,196.0
2020,jovem,1,1,RN,3.0,,alta_vs_baixa,baixa,alta,11,False,3,8.0
2020,jovem,1,1,RO,6.0,,alta_vs_baixa,baixa,alta,49,False,6,43.0
2020,jovem,1,1,RR,2.0,,alta_vs_baixa,baixa,alta,4,False,2,2.0
2020,jovem,1,1,RS,13.0,,alta_vs_baixa,baixa,alta,226,False,13,213.0
2020,jovem,1,1,SC,14.0,,alta_vs_baixa,baixa,alta,283,False,14,269.0
2020,jovem,1,1,SE,3.0,,alta_vs_baixa,baixa,alta,12,False,3,9.0
2020,jovem,1,1,SP,84.0,,alta_vs_baixa,baixa,alta,864,True,84,780.0
2020,jovem,1,1,TO,4.0,,alta_vs_baixa,baixa,alta,21,False,4,17.0
2020,jovem,1,2,AC,1.0,,alta_vs_baixa,baixa,alta,3,False,1,2.0
2020,jovem,1,2,AL,0.0,,alta_vs_baixa,baixa,alta,3,False,0,3.0
2020,jovem,1,2,AM,5.0,,alta_vs_baixa,baixa,alta,23,False,5,18.0
2020,jovem,1,2,AP,0.0,,alta_vs_baixa,baixa,alta,3,False,0,3.0
2020,jovem,1,2,BA,5.0,,alta_vs_baixa,baixa,alta,29,False,5,24.0
2020,jovem,1,2,CE,6.0,,alta_vs_baixa,baixa,alta,41,False,6,35.0
2020,jovem,1,2,DF,2.0,,alta_vs_baixa,baixa,alta,12,False,2,10.0
2020,jovem,1,2,ES,0.0,,alta_vs_baixa,baixa,alta,2,False,0,2.0
2020,jovem,1,2,GO,3.0,,alta_vs_baixa,baixa,alta,46,False,3,43.0
2020,jovem,1,2,MA,8.0,,alta_vs_baixa,baixa,alta,33,False,8,25.0
2020,jovem,1,2,MG,16.0,,alta_vs_baixa,baixa,alta,125,False,16,109.0
2020,jovem,1,2,MS,2.0,,alta_vs_baixa,baixa,alta,18,False,2,16.0
2020,jovem,1,2,MT,4.0,,alta_vs_baixa,baixa,alta,26,False,4,22.0
2020,jovem,1,2,PA,2.0,,alta_vs_baixa,baixa,alta,22,False,2,20.0
2020,jovem,1,2,PB,0.0,,alta_vs_baixa,baixa,alta,6,False,0,6.0
2020,jovem,1,2,PE,16.0,,alta_vs_baixa,baixa,alta,51,False,16,35.0
2020,jovem,1,2,PI,3.0,,alta_vs_baixa,baixa,alta,12,False,3,9.0
2020,jovem,1,2,PR,37.0,,alta_vs_baixa,baixa,alta,208,True,37,171.0
2020,jovem,1,2,RJ,15.0,,alta_vs_baixa,baixa,alta,104,False,15,89.0
2020,jovem,1,2,RN,3.0,,alta_vs_baixa,baixa,alta,10,False,3,7.0
2020,jovem,1,2,RO,2.0,,alta_vs_baixa,baixa,alta,13,False,2,11.0
2020,jovem,1,2,RR,0.0,,alta_vs_baixa,baixa,alta,5,False,0,5.0
2020,jovem,1,2,RS,20.0,,alta_vs_baixa,baixa,alta,98,True,20,78.0
2020,jovem,1,2,SC,9.0,,alta_vs_baixa,baixa,alta,95,False,9,86.0
2020,jovem,1,2,SE,3.0,,alta_vs_baixa,baixa,alta,8,False,3,5.0
2020,jovem,1,2,SP,54.0,,alta_vs_baixa,baixa,alta,397,True,54,343.0
2020,jovem,1,2,TO,1.0,,alta_vs_baixa,baixa,alta,5,False,1,4.0
2020,jovem,2,1,AL,1.0,,alta_vs_baixa,baixa,alta,2,False,1,1.0
2020,jovem,2,1,AM,1.0,,alta_vs_baixa,baixa,alta,4,False,1,3.0
2020,jovem,2,1,AP,0.0,,alta_vs_baixa,baixa,alta,1,False,0,1.0
2020,jovem,2,1,BA,8.0,,alta_vs_baixa,baixa,alta,69,False,8,61.0
2020,jovem,2,1,CE,1.0,,alta_vs_baixa,baixa,alta,2,False,1,1.0
2020,jovem,2,1,DF,1.0,,alta_vs_baixa,baixa,alta,11,False,1,10.0
2020,jovem,2,1,ES,1.0,,alta_vs_baixa,baixa,alta,7,False,1,6.0
2020,jovem,2,1,GO,0.0,,alta_vs_baixa,baixa,alta,36,False,0,36.0
2020,jovem,2,1,MA,6.0,,alta_vs_baixa,baixa,alta,49,False,6,43.0
2020,jovem,2,1,MG,3.0,,alta_vs_baixa,baixa,alta,88,False,3,85.0
2020,jovem,2,1,MS,0.0,,alta_vs_baixa,baixa,alta,5,False,0,5.0
2020,jovem,2,1,MT,1.0,,alta_vs_baixa,baixa,alta,23,False,1,22.0
2020,jovem,2,1,PA,3.0,,alta_vs_baixa,baixa,alta,24,False,3,21.0
2020,jovem,2,1,PE,2.0,,alta_vs_baixa,baixa,alta,15,False,2,13.0
2020,jovem,2,1,PI,3.0,,alta_vs_baixa,baixa,alta,14,False,3,11.0
2020,jovem,2,1,PR,2.0,,alta_vs_baixa,baixa,alta,22,False,2,20.0
2020,jovem,2,1,RJ,5.0,,alta_vs_baixa,baixa,alta,122,False,5,117.0
2020,jovem,2,1,RN,0.0,,alta_vs_baixa,baixa,alta,1,False,0,1.0
2020,jovem,2,1,RO,0.0,,alta_vs_baixa,baixa,alta,3,False,0,3.0
2020,jovem,2,1,RR,0.0,,alta_vs_baixa,baixa,alta,2,False,0,2.0
2020,jovem,2,1,RS,2.0,,alta_vs_baixa,baixa,alta,24,False,2,22.0
2020,jovem,2,1,SC,0.0,,alta_vs_baixa,baixa,alta,8,False,0,8.0
2020,jovem,2,1,SE,1.0,,alta_vs_baixa,baixa,alta,10,False,1,9.0
2020,jovem,2,1,SP,5.0,,alta_vs_baixa,baixa,alta,132,False,5,127.0
2020,jovem,2,1,TO,1.0,,alta_vs_baixa,baixa,alta,14,False,1,13.0
2020,jovem,2,2,AL,0.0,,alta_vs_baixa,baixa,alta,1,False,0,1.0
2020,jovem,2,2,AM,0.0,,alta_vs_baixa,baixa,alta,3,False,0,3.0
2020,jovem,2,2,AP,0.0,,alta_vs_baixa,baixa,alta,1,False,0,1.0
2020,jovem,2,2,BA,6.0,,alta_vs_baixa,baixa,alta,32,False,6,26.0
2020,jovem,2,2,CE,0.0,,alta_vs_baixa,baixa,alta,2,False,0,2.0
2020,jovem,2,2,DF,0.0,,alta_vs_baixa,baixa,alta,2,False,0,2.0
2020,jovem,2,2,ES,1.0,,alta_vs_baixa,baixa,alta,2,False,1,1.0
2020,jovem,2,2,GO,0.0,,alta_vs_baixa,baixa,alta,5,False,0,5.0
2020,jovem,2,2,MA,1.0,,alta_vs_baixa,baixa,alta,10,False,1,9.0
2020,jovem,2,2,MG,4.0,,alta_vs_baixa,baixa,alta,41,False,4,37.0
2020,jovem,2,2,MS,0.0,,alta_vs_baixa,baixa,alta,4,False,0,4.0
2020,jovem,2,2,MT,0.0,,alta_vs_baixa,baixa,alta,5,False,0,5.0
2020,jovem,2,2,PA,1.0,,alta_vs_baixa,baixa,alta,11,False,1,10.0
2020,jovem,2,2,PE,0.0,,alta_vs_baixa,baixa,alta,7,False,0,7.0
2020,jovem,2,2,PI,0.0,,alta_vs_baixa,baixa,alta,4,False,0,4.0
2020,jovem,2,2,PR,1.0,,alta_vs_baixa,baixa,alta,7,False,1,6.0
2020,jovem,2,2,RJ,4.0,,alta_vs_baixa,baixa,alta,43,False,4,39.0
2020,jovem,2,2,RO,0.0,,alta_vs_baixa,baixa,alta,3,False,0,3.0
2020,jovem,2,2,RS,0.0,,alta_vs_baixa,baixa,alta,9,False,0,9.0
2020,jovem,2,2,SC,1.0,,alta_vs_baixa,baixa,alta,6,False,1,5.0
2020,jovem,2,2,SE,0.0,,alta_vs_baixa,baixa,alta,3,False,0,3.0
2020,jovem,2,2,SP,4.0,,alta_vs_baixa,baixa,alta,54,False,4,50.0
2020,jovem,2,2,TO,0.0,,alta_vs_baixa,baixa,alta,2,False,0,2.0
2020,jovem,3,1,AM,0.0,,alta_vs_baixa,baixa,alta,3,False,0,3.0
2020,jovem,3,1,BA,0.0,,alta_vs_baixa,baixa,alta,1,False,0,1.0
2020,jovem,3,1,CE,0.0,,alta_vs_baixa,baixa,alta,1,False,0,1.0
2020,jovem,3,1,GO,0.0,,alta_vs_baixa,baixa,alta,1,False,0,1.0
2020,jovem,3,1,MA,0.0,,alta_vs_baixa,baixa,alta,3,False,0,3.0
2020,jovem,3,1,MG,0.0,,alta_vs_baixa,baixa,alta,2,False,0,2.0
2020,jovem,3,1,MS,0.0,,alta_vs_baixa,baixa,alta,2,False,0,2.0
2020,jovem,3,1,PI,0.0,,alta_vs_baixa,baixa,alta,1,False,0,1.0
2020,jovem,3,1,RR,0.0,,alta_vs_baixa,baixa,alta,1,False,0,1.0
2020,jovem,3,1,RS,0.0,,alta_vs_baixa,baixa,alta,1,False,0,1.0
2020,jovem,3,1,SE,0.0,,alta_vs_baixa,baixa,alta,1,False,0,1.0
2020,jovem,3,1,SP,1.0,,alta_vs_baixa,baixa,alta,3,False,1,2.0
2020,jovem,3,2,GO,0.0,,alta_vs_baixa,baixa,alta,1,False,0,1.0
2020,jovem,3,2,MA,0.0,,alta_vs_baixa,baixa,alta,1,False,0,1.0
2020,jovem,3,2,MS,0.0,,alta_vs_baixa,baixa,alta,1,False,0,1.0
2020,jovem,3,2,MT,1.0,,alta_vs_baixa,baixa,alta,1,False,0,0.0
2020,jovem,3,2,PA,0.0,,alta_vs_baixa,baixa,alta,2,False,0,2.0
2020,jovem,3,2,SP,0.0,,alta_vs_baixa,baixa,alta,3,False,0,3.0
2020,jovem,4,1,AC,1.0,,alta_vs_baixa,baixa,alta,21,False,1,20.0
2020,jovem,4,1,AL,14.0,,alta_vs_baixa,baixa,alta,168,False,14,154.0
2020,jovem,4,1,AM,22.0,,alta_vs_baixa,baixa,alta,356,True,22,334.0
2020,jovem,4,1,AP,2.0,,alta_vs_baixa,baixa,alta,42,False,2,40.0
2020,jovem,4,1,BA,52.0,,alta_vs_baixa,baixa,alta,470,True,52,418.0
2020,jovem,4,1,CE,39.0,,alta_vs_baixa,baixa,alta,406,True,39,367.0
2020,jovem,4,1,DF,1.0,,alta_vs_baixa,baixa,alta,57,False,1,56.0
2020,jovem,4,1,ES,1.0,,alta_vs_baixa,baixa,alta,63,False,1,62.0
2020,jovem,4,1,GO,6.0,,alta_vs_baixa,baixa,alta,349,False,6,343.0
2020,jovem,4,1,MA,34.0,,alta_vs_baixa,baixa,alta,434,True,34,400.0
2020,jovem,4,1,MG,22.0,,alta_vs_baixa,baixa,alta,427,True,22,405.0
2020,jovem,4,1,MS,6.0,,alta_vs_baixa,baixa,alta,90,False,6,84.0
2020,jovem,4,1,MT,10.0,,alta_vs_baixa,baixa,alta,263,False,10,253.0
2020,jovem,4,1,PA,32.0,,alta_vs_baixa,baixa,alta,314,True,32,282.0
2020,jovem,4,1,PB,4.0,,alta_vs_baixa,baixa,alta,23,False,4,19.0
2020,jovem,4,1,PE,41.0,,alta_vs_baixa,baixa,alta,391,True,41,350.0
2020,jovem,4,1,PI,10.0,,alta_vs_baixa,baixa,alta,99,False,10,89.0
2020,jovem,4,1,PR,9.0,,alta_vs_baixa,baixa,alta,213,False,9,204.0
2020,jovem,4,1,RJ,16.0,,alta_vs_baixa,baixa,alta,320,False,16,304.0
2020,jovem,4,1,RN,9.0,,alta_vs_baixa,baixa,alta,49,False,9,40.0
2020,jovem,4,1,RO,3.0,,alta_vs_baixa,baixa,alta,80,False,3,77.0
2020,jovem,4,1,RR,0.0,,alta_vs_baixa,baixa,alta,39,False,0,39.0
2020,jovem,4,1,RS,8.0,,alta_vs_baixa,baixa,alta,56,False,8,48.0
2020,jovem,4,1,SC,1.0,,alta_vs_baixa,baixa,alta,66,False,1,65.0
2020,jovem,4,1,SE,14.0,,alta_vs_baixa,baixa,alta,138,False,14,124.0
2020,jovem,4,1,SP,28.0,,alta_vs_baixa,baixa,alta,698,True,28,670.0
2020,jovem,4,1,TO,5.0,,alta_vs_baixa,baixa,alta,67,False,5,62.0
2020,jovem,4,2,AC,1.0,,alta_vs_baixa,baixa,alta,8,False,1,7.0
2020,jovem,4,2,AL,3.0,,alta_vs_baixa,baixa,alta,35,False,3,32.0
2020,jovem,4,2,AM,5.0,,alta_vs_baixa,baixa,alta,103,False,5,98.0
2020,jovem,4,2,AP,0.0,,alta_vs_baixa,baixa,alta,11,False,0,11.0
2020,jovem,4,2,BA,26.0,,alta_vs_baixa,baixa,alta,143,True,26,117.0
2020,jovem,4,2,CE,12.0,,alta_vs_baixa,baixa,alta,106,False,12,94.0
2020,jovem,4,2,DF,1.0,,alta_vs_baixa,baixa,alta,17,False,1,16.0
2020,jovem,4,2,ES,3.0,,alta_vs_baixa,baixa,alta,35,False,3,32.0
2020,jovem,4,2,GO,4.0,,alta_vs_baixa,baixa,alta,97,False,4,93.0
2020,jovem,4,2,MA,9.0,,alta_vs_baixa,baixa,alta,119,False,9,110.0
2020,jovem,4,2,MG,8.0,,alta_vs_baixa,baixa,alta,115,False,8,107.0
2020,jovem,4,2,MS,3.0,,alta_vs_baixa,baixa,alta,38,False,3,35.0
2020,jovem,4,2,MT,3.0,,alta_vs_baixa,baixa,alta,51,False,3,48.0
2020,jovem,4,2,PA,14.0,,alta_vs_baixa,baixa,alta,123,False,14,109.0
2020,jovem,4,2,PB,4.0,,alta_vs_baixa,baixa,alta,22,False,4,18.0
2020,jovem,4,2,PE,16.0,,alta_vs_baixa,baixa,alta,120,False,16,104.0
2020,jovem,4,2,PI,3.0,,alta_vs_baixa,baixa,alta,23,False,3,20.0
2020,jovem,4,2,PR,7.0,,alta_vs_baixa,baixa,alta,38,False,7,31.0
2020,jovem,4,2,RJ,8.0,,alta_vs_baixa,baixa,alta,135,False,8,127.0
2020,jovem,4,2,RN,2.0,,alta_vs_baixa,baixa,alta,14,False,2,12.0
2020,jovem,4,2,RO,1.0,,alta_vs_baixa,baixa,alta,15,False,1,14.0
2020,jovem,4,2,RR,0.0,,alta_vs_baixa,baixa,alta,8,False,0,8.0
2020,jovem,4,2,RS,4.0,,alta_vs_baixa,baixa,alta,21,False,4,17.0
2020,jovem,4,2,SC,0.0,,alta_vs_baixa,baixa,alta,15,False,0,15.0
2020,jovem,4,2,SE,4.0,,alta_vs_baixa,baixa,alta,27,False,4,23.0
2020,jovem,4,2,SP,24.0,,alta_vs_baixa,baixa,alta,255,True,24,231.0
2020,jovem,4,2,TO,3.0,,alta_vs_baixa,baixa,alta,25,False,3,22.0
2020,jovem,5,1,AM,10.0,,alta_vs_baixa,baixa,alta,33,False,10,23.0
2020,jovem,5,1,BA,0.0,,alta_vs_baixa,baixa,alta,2,False,0,2.0
2020,jovem,5,1,MA,1.0,,alta_vs_baixa,baixa,alta,2,False,1,1.0
2020,jovem,5,1,MS,1.0,,alta_vs_baixa,baixa,alta,10,False,1,9.0
2020,jovem,5,1,MT,1.0,,alta_vs_baixa,baixa,alta,5,False,1,4.0
2020,jovem,5,1,PA,3.0,,alta_vs_baixa,baixa,alta,5,False,2,2.0
2020,jovem,5,1,PE,2.0,,alta_vs_baixa,baixa,alta,2,False,0,0.0
2020,jovem,5,1,PR,0.0,,alta_vs_baixa,baixa,alta,4,False,0,4.0
2020,jovem,5,1,RO,1.0,,alta_vs_baixa,baixa,alta,1,False,0,0.0
2020,jovem,5,1,RR,13.0,,alta_vs_baixa,baixa,alta,18,False,5,5.0
2020,jovem,5,1,SC,0.0,,alta_vs_baixa,baixa,alta,1,False,0,1.0
2020,jovem,5,1,SP,1.0,,alta_vs_baixa,baixa,alta,2,False,1,1.0
2020,jovem,5,1,TO,0.0,,alta_vs_baixa,baixa,alta,2,False,0,2.0
2020,jovem,5,2,AC,0.0,,alta_vs_baixa,baixa,alta,1,False,0,1.0
2020,jovem,5,2,AM,3.0,,alta_vs_baixa,baixa,alta,16,False,3,13.0
2020,jovem,5,2,AP,0.0,,alta_vs_baixa,baixa,alta,1,False,0,1.0
2020,jovem,5,2,BA,1.0,,alta_vs_baixa,baixa,alta,1,False,0,0.0
2020,jovem,5,2,CE,0.0,,alta_vs_baixa,baixa,alta,1,False,0,1.0
2020,jovem,5,2,GO,0.0,,alta_vs_baixa,baixa,alta,1,False,0,1.0
2020,jovem,5,2,MA,1.0,,alta_vs_baixa,baixa,alta,2,False,1,1.0
2020,jovem,5,2,MS,0.0,,alta_vs_baixa,baixa,alta,2,False,0,2.0
2020,jovem,5,2,MT,2.0,,alta_vs_baixa,baixa,alta,5,False,2,3.0
2020,jovem,5,2,PA,1.0,,alta_vs_baixa,baixa,alta,1,False,0,0.0
2020,jovem,5,2,PB,0.0,,alta_vs_baixa,baixa,alta,1,False,0,1.0
2020,jovem,5,2,PR,0.0,,alta_vs_baixa,baixa,alta,3,False,0,3.0
2020,jovem,5,2,RO,1.0,,alta_vs_baixa,baixa,alta,1,False,0,0.0
2020,jovem,5,2,RR,6.0,,alta_vs_baixa,baixa,alta,9,False,3,3.0
2020,jovem,5,2,SC,0.0,,alta_vs_baixa,baixa,alta,1,False,0,1.0
2020,jovem,5,2,SP,0.0,,alta_vs_baixa,baixa,alta,1,False,0,1.0
2020,meia-idade,1,1,AC,2.0,,alta_vs_baixa,baixa,alta,14,False,2,12.0
2020,meia-idade,1,1,AL,33.0,,alta_vs_baixa,baixa,alta,71,True,33,38.0
2020,meia-idade,1,1,AM,15.0,,alta_vs_baixa,baixa,alta,125,False,15,110.0
2020,meia-idade,1,1,AP,3.0,,alta_vs_baixa,baixa,alta,23,False,3,20.0
2020,meia-idade,1,1,BA,85.0,,alta_vs_baixa,baixa,alta,294,True,85,209.0
2020,meia-idade,1,1,CE,90.0,,alta_vs_baixa,baixa,alta,276,True,90,186.0
2020,meia-idade,1,1,DF,17.0,,alta_vs_baixa,baixa,alta,178,False,17,161.0
2020,meia-idade,1,1,ES,22.0,,alta_vs_baixa,baixa,alta,136,True,22,114.0
2020,meia-idade,1,1,GO,72.0,,alta_vs_baixa,baixa,alta,427,True,72,355.0
2020,meia-idade,1,1,MA,52.0,,alta_vs_baixa,baixa,alta,173,True,52,121.0
2020,meia-idade,1,1,MG,209.0,,alta_vs_baixa,baixa,alta,1493,True,209,1284.0
2020,meia-idade,1,1,MS,31.0,,alta_vs_baixa,baixa,alta,292,True,31,261.0
2020,meia-idade,1,1,MT,23.0,,alta_vs_baixa,baixa,alta,280,True,23,257.0
2020,meia-idade,1,1,PA,32.0,,alta_vs_baixa,baixa,alta,166,True,32,134.0
2020,meia-idade,1,1,PB,32.0,,alta_vs_baixa,baixa,alta,69,True,32,37.0
2020,meia-idade,1,1,PE,144.0,,alta_vs_baixa,baixa,alta,487,True,144,343.0
2020,meia-idade,1,1,PI,25.0,,alta_vs_baixa,baixa,alta,58,True,25,33.0
2020,meia-idade,1,1,PR,214.0,,alta_vs_baixa,baixa,alta,2107,True,214,1893.0
2020,meia-idade,1,1,RJ,151.0,,alta_vs_baixa,baixa,alta,1472,True,151,1321.0
2020,meia-idade,1,1,RN,45.0,,alta_vs_baixa,baixa,alta,127,True,45,82.0
2020,meia-idade,1,1,RO,18.0,,alta_vs_baixa,baixa,alta,110,False,18,92.0
2020,meia-idade,1,1,RR,3.0,,alta_vs_baixa,baixa,alta,17,False,3,14.0
2020,meia-idade,1,1,RS,170.0,,alta_vs_baixa,baixa,alta,1350,True,170,1180.0
2020,meia-idade,1,1,SC,100.0,,alta_vs_baixa,baixa,alta,1222,True,100,1122.0
2020,meia-idade,1,1,SE,25.0,,alta_vs_baixa,baixa,alta,93,True,25,68.0
2020,meia-idade,1,1,SP,403.0,,alta_vs_baixa,baixa,alta,6101,True,403,5698.0
2020,meia-idade,1,1,TO,6.0,,alta_vs_baixa,baixa,alta,50,False,6,44.0
2020,meia-idade,1,2,AC,4.0,,alta_vs_baixa,baixa,alta,13,False,4,9.0
2020,meia-idade,1,2,AL,18.0,,alta_vs_baixa,baixa,alta,44,False,18,26.0
2020,meia-idade,1,2,AM,11.0,,alta_vs_baixa,baixa,alta,107,False,11,96.0
2020,meia-idade,1,2,AP,5.0,,alta_vs_baixa,baixa,alta,18,False,5,13.0
2020,meia-idade,1,2,BA,66.0,,alta_vs_baixa,baixa,alta,250,True,66,184.0
2020,meia-idade,1,2,CE,76.0,,alta_vs_baixa,baixa,alta,241,True,76,165.0
2020,meia-idade,1,2,DF,11.0,,alta_vs_baixa,baixa,alta,118,False,11,107.0
2020,meia-idade,1,2,ES,23.0,,alta_vs_baixa,baixa,alta,97,True,23,74.0
2020,meia-idade,1,2,GO,56.0,,alta_vs_baixa,baixa,alta,312,True,56,256.0
2020,meia-idade,1,2,MA,35.0,,alta_vs_baixa,baixa,alta,128,True,35,93.0
2020,meia-idade,1,2,MG,153.0,,alta_vs_baixa,baixa,alta,1079,True,153,926.0
2020,meia-idade,1,2,MS,24.0,,alta_vs_baixa,baixa,alta,185,True,24,161.0
2020,meia-idade,1,2,MT,23.0,,alta_vs_baixa,baixa,alta,167,True,23,144.0
2020,meia-idade,1,2,PA,41.0,,alta_vs_baixa,baixa,alta,138,True,41,97.0
2020,meia-idade,1,2,PB,17.0,,alta_vs_baixa,baixa,alta,50,False,17,33.0
2020,meia-idade,1,2,PE,125.0,,alta_vs_baixa,baixa,alta,395,True,125,270.0
2020,meia-idade,1,2,PI,19.0,,alta_vs_baixa,baixa,alta,48,False,19,29.0
2020,meia-idade,1,2,PR,193.0,,alta_vs_baixa,baixa,alta,1177,True,193,984.0
2020,meia-idade,1,2,RJ,121.0,,alta_vs_baixa,baixa,alta,1276,True,121,1155.0
2020,meia-idade,1,2,RN,34.0,,alta_vs_baixa,baixa,alta,105,True,34,71.0
2020,meia-idade,1,2,RO,16.0,,alta_vs_baixa,baixa,alta,63,False,16,47.0
2020,meia-idade,1,2,RR,2.0,,alta_vs_baixa,baixa,alta,13,False,2,11.0
2020,meia-idade,1,2,RS,114.0,,alta_vs_baixa,baixa,alta,848,True,114,734.0
2020,meia-idade,1,2,SC,70.0,,alta_vs_baixa,baixa,alta,714,True,70,644.0
2020,meia-idade,1,2,SE,29.0,,alta_vs_baixa,baixa,alta,95,True,29,66.0
2020,meia-idade,1,2,SP,360.0,,alta_vs_baixa,baixa,alta,3857,True,360,3497.0
2020,meia-idade,1,2,TO,8.0,,alta_vs_baixa,baixa,alta,35,False,8,27.0
2020,meia-idade,2,1,AC,0.0,,alta_vs_baixa,baixa,alta,1,False,0,1.0
2020,meia-idade,2,1,AL,26.0,,alta_vs_baixa,baixa,alta,33,False,7,7.0
2020,meia-idade,2,1,AM,8.0,,alta_vs_baixa,baixa,alta,28,False,8,20.0
2020,meia-idade,2,1,AP,4.0,,alta_vs_baixa,baixa,alta,10,False,4,6.0
2020,meia-idade,2,1,BA,195.0,,alta_vs_baixa,baixa,alta,402,True,195,207.0
2020,meia-idade,2,1,CE,61.0,,alta_vs_baixa,baixa,alta,91,True,30,30.0
2020,meia-idade,2,1,DF,15.0,,alta_vs_baixa,baixa,alta,59,False,15,44.0
2020,meia-idade,2,1,ES,17.0,,alta_vs_baixa,baixa,alta,51,False,17,34.0
2020,meia-idade,2,1,GO,65.0,,alta_vs_baixa,baixa,alta,136,True,65,71.0
2020,meia-idade,2,1,MA,94.0,,alta_vs_baixa,baixa,alta,162,True,68,68.0
2020,meia-idade,2,1,MG,141.0,,alta_vs_baixa,baixa,alta,434,True,141,293.0
2020,meia-idade,2,1,MS,7.0,,alta_vs_baixa,baixa,alta,25,False,7,18.0
2020,meia-idade,2,1,MT,15.0,,alta_vs_baixa,baixa,alta,79,False,15,64.0
2020,meia-idade,2,1,PA,40.0,,alta_vs_baixa,baixa,alta,83,True,40,43.0
2020,meia-idade,2,1,PB,16.0,,alta_vs_baixa,baixa,alta,22,False,6,6.0
2020,meia-idade,2,1,PE,82.0,,alta_vs_baixa,baixa,alta,164,True,82,82.0
2020,meia-idade,2,1,PI,47.0,,alta_vs_baixa,baixa,alta,57,False,10,10.0
2020,meia-idade,2,1,PR,32.0,,alta_vs_baixa,baixa,alta,136,True,32,104.0
2020,meia-idade,2,1,RJ,87.0,,alta_vs_baixa,baixa,alta,542,True,87,455.0
2020,meia-idade,2,1,RN,13.0,,alta_vs_baixa,baixa,alta,32,False,13,19.0
2020,meia-idade,2,1,RO,7.0,,alta_vs_baixa,baixa,alta,16,False,7,9.0
2020,meia-idade,2,1,RR,1.0,,alta_vs_baixa,baixa,alta,3,False,1,2.0
2020,meia-idade,2,1,RS,29.0,,alta_vs_baixa,baixa,alta,127,True,29,98.0
2020,meia-idade,2,1,SC,10.0,,alta_vs_baixa,baixa,alta,58,False,10,48.0
2020,meia-idade,2,1,SE,29.0,,alta_vs_baixa,baixa,alta,67,True,29,38.0
2020,meia-idade,2,1,SP,119.0,,alta_vs_baixa,baixa,alta,953,True,119,834.0
2020,meia-idade,2,1,TO,25.0,,alta_vs_baixa,baixa,alta,34,False,9,9.0
2020,meia-idade,2,2,AC,4.0,,alta_vs_baixa,baixa,alta,6,False,2,2.0
2020,meia-idade,2,2,AL,18.0,,alta_vs_baixa,baixa,alta,24,False,6,6.0
2020,meia-idade,2,2,AM,2.0,,alta_vs_baixa,baixa,alta,17,False,2,15.0
2020,meia-idade,2,2,AP,1.0,,alta_vs_baixa,baixa,alta,6,False,1,5.0
2020,meia-idade,2,2,BA,115.0,,alta_vs_baixa,baixa,alta,280,True,115,165.0
2020,meia-idade,2,2,CE,21.0,,alta_vs_baixa,baixa,alta,36,False,15,15.0
2020,meia-idade,2,2,DF,6.0,,alta_vs_baixa,baixa,alta,24,False,6,18.0
2020,meia-idade,2,2,ES,12.0,,alta_vs_baixa,baixa,alta,36,False,12,24.0
2020,meia-idade,2,2,GO,25.0,,alta_vs_baixa,baixa,alta,64,True,25,39.0
2020,meia-idade,2,2,MA,65.0,,alta_vs_baixa,baixa,alta,105,True,40,40.0
2020,meia-idade,2,2,MG,95.0,,alta_vs_baixa,baixa,alta,298,True,95,203.0
2020,meia-idade,2,2,MS,8.0,,alta_vs_baixa,baixa,alta,20,False,8,12.0
2020,meia-idade,2,2,MT,21.0,,alta_vs_baixa,baixa,alta,49,True,21,28.0
2020,meia-idade,2,2,PA,38.0,,alta_vs_baixa,baixa,alta,64,True,26,26.0
2020,meia-idade,2,2,PB,6.0,,alta_vs_baixa,baixa,alta,8,False,2,2.0
2020,meia-idade,2,2,PE,55.0,,alta_vs_baixa,baixa,alta,106,True,51,51.0
2020,meia-idade,2,2,PI,15.0,,alta_vs_baixa,baixa,alta,20,False,5,5.0
2020,meia-idade,2,2,PR,34.0,,alta_vs_baixa,baixa,alta,95,True,34,61.0
2020,meia-idade,2,2,RJ,86.0,,alta_vs_baixa,baixa,alta,497,True,86,411.0
2020,meia-idade,2,2,RN,8.0,,alta_vs_baixa,baixa,alta,16,False,8,8.0
2020,meia-idade,2,2,RO,9.0,,alta_vs_baixa,baixa,alta,19,False,9,10.0
2020,meia-idade,2,2,RR,0.0,,alta_vs_baixa,baixa,alta,2,False,0,2.0
2020,meia-idade,2,2,RS,20.0,,alta_vs_baixa,baixa,alta,84,True,20,64.0
2020,meia-idade,2,2,SC,8.0,,alta_vs_baixa,baixa,alta,51,False,8,43.0
2020,meia-idade,2,2,SE,11.0,,alta_vs_baixa,baixa,alta,29,False,11,18.0
2020,meia-idade,2,2,SP,92.0,,alta_vs_baixa,baixa,alta,574,True,92,482.0
2020,meia-idade,2,2,TO,6.0,,alta_vs_baixa,baixa,alta,12,False,6,6.0
2020,meia-idade,3,1,AP,0.0,,alta_vs_baixa,baixa,alta,1,False,0,1.0
2020,meia-idade,3,1,BA,2.0,,alta_vs_baixa,baixa,alta,6,False,2,4.0
2020,meia-idade,3,1,CE,4.0,,alta_vs_baixa,baixa,alta,8,False,4,4.0
2020,meia-idade,3,1,DF,1.0,,alta_vs_baixa,baixa,alta,4,False,1,3.0
2020,meia-idade,3,1,GO,2.0,,alta_vs_baixa,baixa,alta,5,False,2,3.0
2020,meia-idade,3,1,MA,0.0,,alta_vs_baixa,baixa,alta,1,False,0,1.0
2020,meia-idade,3,1,MG,4.0,,alta_vs_baixa,baixa,alta,18,False,4,14.0
2020,meia-idade,3,1,MS,0.0,,alta_vs_baixa,baixa,alta,4,False,0,4.0
2020,meia-idade,3,1,MT,2.0,,alta_vs_baixa,baixa,alta,17,False,2,15.0
2020,meia-idade,3,1,PA,2.0,,alta_vs_baixa,baixa,alta,5,False,2,3.0
2020,meia-idade,3,1,PE,4.0,,alta_vs_baixa,baixa,alta,6,False,2,2.0
2020,meia-idade,3,1,PI,1.0,,alta_vs_baixa,baixa,alta,2,False,1,1.0
2020,meia-idade,3,1,PR,1.0,,alta_vs_baixa,baixa,alta,15,False,1,14.0
2020,meia-idade,3,1,RJ,1.0,,alta_vs_baixa,baixa,alta,1,False,0,0.0
2020,meia-idade,3,1,RO,2.0,,alta_vs_baixa,baixa,alta,4,False,2,2.0
2020,meia-idade,3,1,RR,0.0,,alta_vs_baixa,baixa,alta,1,False,0,1.0
2020,meia-idade,3,1,RS,0.0,,alta_vs_baixa,baixa,alta,3,False,0,3.0
2020,meia-idade,3,1,SC,0.0,,alta_vs_baixa,baixa,alta,1,False,0,1.0
2020,meia-idade,3,1,SP,4.0,,alta_vs_baixa,baixa,alta,56,False,4,52.0
2020,meia-idade,3,2,AM,0.0,,alta_vs_baixa,baixa,alta,1,False,0,1.0
2020,meia-idade,3,2,AP,2.0,,alta_vs_baixa,baixa,alta,2,False,0,0.0
2020,meia-idade,3,2,BA,0.0,,alta_vs_baixa,baixa,alta,4,False,0,4.0
2020,meia-idade,3,2,CE,3.0,,alta_vs_baixa,baixa,alta,9,False,3,6.0
2020,meia-idade,3,2,DF,1.0,,alta_vs_baixa,baixa,alta,4,False,1,3.0
2020,meia-idade,3,2,ES,0.0,,alta_vs_baixa,baixa,alta,2,False,0,2.0
2020,meia-idade,3,2,GO,1.0,,alta_vs_baixa,baixa,alta,3,False,1,2.0
2020,meia-idade,3,2,MA,0.0,,alta_vs_baixa,baixa,alta,1,False,0,1.0
2020,meia-idade,3,2,MG,1.0,,alta_vs_baixa,baixa,alta,10,False,1,9.0
2020,meia-idade,3,2,MS,0.0,,alta_vs_baixa,baixa,alta,3,False,0,3.0
2020,meia-idade,3,2,MT,1.0,,alta_vs_baixa,baixa,alta,7,False,1,6.0
2020,meia-idade,3,2,PB,1.0,,alta_vs_baixa,baixa,alta,2,False,1,1.0
2020,meia-idade,3,2,PE,3.0,,alta_vs_baixa,baixa,alta,8,False,3,5.0
2020,meia-idade,3,2,PI,3.0,,alta_vs_baixa,baixa,alta,3,False,0,0.0
2020,meia-idade,3,2,PR,0.0,,alta_vs_baixa,baixa,alta,10,False,0,10.0
2020,meia-idade,3,2,RJ,0.0,,alta_vs_baixa,baixa,alta,2,False,0,2.0
2020,meia-idade,3,2,RN,0.0,,alta_vs_baixa,baixa,alta,2,False,0,2.0
2020,meia-idade,3,2,RO,0.0,,alta_vs_baixa,baixa,alta,1,False,0,1.0
2020,meia-idade,3,2,RR,0.0,,alta_vs_baixa,baixa,alta,1,False,0,1.0
2020,meia-idade,3,2,RS,1.0,,alta_vs_baixa,baixa,alta,2,False,1,1.0
2020,meia-idade,3,2,SE,0.0,,alta_vs_baixa,baixa,alta,1,False,0,1.0
2020,meia-idade,3,2,SP,2.0,,alta_vs_baixa,baixa,alta,28,False,2,26.0
2020,meia-idade,3,2,TO,0.0,,alta_vs_baixa,baixa,alta,1,False,0,1.0
2020,meia-idade,4,0,PE,0.0,,alta_vs_baixa,baixa,alta,1,False,0,1.0
2020,meia-idade,4,1,AC,37.0,,alta_vs_baixa,baixa,alta,63,True,26,26.0
2020,meia-idade,4,1,AL,214.0,,alta_vs_baixa,baixa,alta,350,True,136,136.0
2020,meia-idade,4,1,AM,161.0,,alta_vs_baixa,baixa,alta,723,True,161,562.0
2020,meia-idade,4,1,AP,39.0,,alta_vs_baixa,baixa,alta,105,True,39,66.0
2020,meia-idade,4,1,BA,572.0,,alta_vs_baixa,baixa,alta,1314,True,572,742.0
2020,meia-idade,4,1,CE,763.0,,alta_vs_baixa,baixa,alta,1477,True,714,714.0
2020,meia-idade,4,1,DF,39.0,,alta_vs_baixa,baixa,alta,229,True,39,190.0
2020,meia-idade,4,1,ES,51.0,,alta_vs_baixa,baixa,alta,214,True,51,163.0
2020,meia-idade,4,1,GO,214.0,,alta_vs_baixa,baixa,alta,711,True,214,497.0
2020,meia-idade,4,1,MA,454.0,,alta_vs_baixa,baixa,alta,923,True,454,469.0
2020,meia-idade,4,1,MG,441.0,,alta_vs_baixa,baixa,alta,1491,True,441,1050.0
2020,meia-idade,4,1,MS,57.0,,alta_vs_baixa,baixa,alta,338,True,57,281.0
2020,meia-idade,4,1,MT,114.0,,alta_vs_baixa,baixa,alta,504,True,114,390.0
2020,meia-idade,4,1,PA,335.0,,alta_vs_baixa,baixa,alta,952,True,335,617.0
2020,meia-idade,4,1,PB,175.0,,alta_vs_baixa,baixa,alta,266,True,91,91.0
2020,meia-idade,4,1,PE,712.0,,alta_vs_baixa,baixa,alta,1422,True,710,710.0
2020,meia-idade,4,1,PI,247.0,,alta_vs_baixa,baixa,alta,392,True,145,145.0
2020,meia-idade,4,1,PR,138.0,,alta_vs_baixa,baixa,alta,579,True,138,441.0
2020,meia-idade,4,1,RJ,176.0,,alta_vs_baixa,baixa,alta,1262,True,176,1086.0
2020,meia-idade,4,1,RN,158.0,,alta_vs_baixa,baixa,alta,299,True,141,141.0
2020,meia-idade,4,1,RO,48.0,,alta_vs_baixa,baixa,alta,200,True,48,152.0
2020,meia-idade,4,1,RR,17.0,,alta_vs_baixa,baixa,alta,71,False,17,54.0
2020,meia-idade,4,1,RS,22.0,,alta_vs_baixa,baixa,alta,100,True,22,78.0
2020,meia-idade,4,1,SC,22.0,,alta_vs_baixa,baixa,alta,110,True,22,88.0
2020,meia-idade,4,1,SE,142.0,,alta_vs_baixa,baixa,alta,368,True,142,226.0
2020,meia-idade,4,1,SP,347.0,,alta_vs_baixa,baixa,alta,2879,True,347,2532.0
2020,meia-idade,4,1,TO,82.0,,alta_vs_baixa,baixa,alta,168,True,82,86.0
2020,meia-idade,4,2,AC,21.0,,alta_vs_baixa,baixa,alta,43,True,21,22.0
2020,meia-idade,4,2,AL,124.0,,alta_vs_baixa,baixa,alta,195,True,71,71.0
2020,meia-idade,4,2,AM,97.0,,alta_vs_baixa,baixa,alta,460,True,97,363.0
2020,meia-idade,4,2,AP,9.0,,alta_vs_baixa,baixa,alta,49,False,9,40.0
2020,meia-idade,4,2,BA,345.0,,alta_vs_baixa,baixa,alta,897,True,345,552.0
2020,meia-idade,4,2,CE,384.0,,alta_vs_baixa,baixa,alta,789,True,384,405.0
2020,meia-idade,4,2,DF,26.0,,alta_vs_baixa,baixa,alta,146,True,26,120.0
2020,meia-idade,4,2,ES,52.0,,alta_vs_baixa,baixa,alta,154,True,52,102.0
2020,meia-idade,4,2,GO,114.0,,alta_vs_baixa,baixa,alta,371,True,114,257.0
2020,meia-idade,4,2,MA,311.0,,alta_vs_baixa,baixa,alta,624,True,311,313.0
2020,meia-idade,4,2,MG,239.0,,alta_vs_baixa,baixa,alta,929,True,239,690.0
2020,meia-idade,4,2,MS,64.0,,alta_vs_baixa,baixa,alta,199,True,64,135.0
2020,meia-idade,4,2,MT,70.0,,alta_vs_baixa,baixa,alta,301,True,70,231.0
2020,meia-idade,4,2,PA,194.0,,alta_vs_baixa,baixa,alta,580,True,194,386.0
2020,meia-idade,4,2,PB,84.0,,alta_vs_baixa,baixa,alta,168,True,84,84.0
2020,meia-idade,4,2,PE,454.0,,alta_vs_baixa,baixa,alta,958,True,454,504.0
2020,meia-idade,4,2,PI,107.0,,alta_vs_baixa,baixa,alta,186,True,79,79.0
2020,meia-idade,4,2,PR,99.0,,alta_vs_baixa,baixa,alta,323,True,99,224.0
2020,meia-idade,4,2,RJ,189.0,,alta_vs_baixa,baixa,alta,1037,True,189,848.0
2020,meia-idade,4,2,RN,71.0,,alta_vs_baixa,baixa,alta,162,True,71,91.0
2020,meia-idade,4,2,RO,32.0,,alta_vs_baixa,baixa,alta,107,True,32,75.0
2020,meia-idade,4,2,RR,7.0,,alta_vs_baixa,baixa,alta,49,False,7,42.0
2020,meia-idade,4,2,RS,10.0,,alta_vs_baixa,baixa,alta,77,False,10,67.0
2020,meia-idade,4,2,SC,14.0,,alta_vs_baixa,baixa,alta,47,False,14,33.0
2020,meia-idade,4,2,SE,89.0,,alta_vs_baixa,baixa,alta,213,True,89,124.0
2020,meia-idade,4,2,SP,234.0,,alta_vs_baixa,baixa,alta,1638,True,234,1404.0
2020,meia-idade,4,2,TO,35.0,,alta_vs_baixa,baixa,alta,89,True,35,54.0
2020,meia-idade,5,1,AC,0.0,,alta_vs_baixa,baixa,alta,1,False,0,1.0
2020,meia-idade,5,1,AL,1.0,,alta_vs_baixa,baixa,alta,1,False,0,0.0
2020,meia-idade,5,1,AM,17.0,,alta_vs_baixa,baixa,alta,37,False,17,20.0
2020,meia-idade,5,1,BA,3.0,,alta_vs_baixa,baixa,alta,5,False,2,2.0
2020,meia-idade,5,1,CE,5.0,,alta_vs_baixa,baixa,alta,5,False,0,0.0
2020,meia-idade,5,1,GO,0.0,,alta_vs_baixa,baixa,alta,1,False,0,1.0
2020,meia-idade,5,1,MA,5.0,,alta_vs_baixa,baixa,alta,7,False,2,2.0
2020,meia-idade,5,1,MG,1.0,,alta_vs_baixa,baixa,alta,2,False,1,1.0
2020,meia-idade,5,1,MS,4.0,,alta_vs_baixa,baixa,alta,15,False,4,11.0
2020,meia-idade,5,1,MT,5.0,,alta_vs_baixa,baixa,alta,8,False,3,3.0
2020,meia-idade,5,1,PA,3.0,,alta_vs_baixa,baixa,alta,5,False,2,2.0
2020,meia-idade,5,1,PE,2.0,,alta_vs_baixa,baixa,alta,5,False,2,3.0
2020,meia-idade,5,1,PR,4.0,,alta_vs_baixa,baixa,alta,7,False,3,3.0
2020,meia-idade,5,1,RJ,0.0,,alta_vs_baixa,baixa,alta,1,False,0,1.0
2020,meia-idade,5,1,RN,1.0,,alta_vs_baixa,baixa,alta,1,False,0,0.0
2020,meia-idade,5,1,RO,3.0,,alta_vs_baixa,baixa,alta,5,False,2,2.0
2020,meia-idade,5,1,RR,5.0,,alta_vs_baixa,baixa,alta,13,False,5,8.0
2020,meia-idade,5,1,RS,1.0,,alta_vs_baixa,baixa,alta,2,False,1,1.0
2020,meia-idade,5,1,SE,1.0,,alta_vs_baixa,baixa,alta,1,False,0,0.0
2020,meia-idade,5,1,SP,1.0,,alta_vs_baixa,baixa,alta,10,False,1,9.0
2020,meia-idade,5,2,AM,14.0,,alta_vs_baixa,baixa,alta,21,False,7,7.0
2020,meia-idade,5,2,BA,0.0,,alta_vs_baixa,baixa,alta,1,False,0,1.0
2020,meia-idade,5,2,CE,0.0,,alta_vs_baixa,baixa,alta,2,False,0,2.0
2020,meia-idade,5,2,GO,0.0,,alta_vs_baixa,baixa,alta,3,False,0,3.0
2020,meia-idade,5,2,MA,5.0,,alta_vs_baixa,baixa,alta,6,False,1,1.0
2020,meia-idade,5,2,MG,5.0,,alta_vs_baixa,baixa,alta,8,False,3,3.0
2020,meia-idade,5,2,MS,12.0,,alta_vs_baixa,baixa,alta,16,False,4,4.0
2020,meia-idade,5,2,MT,3.0,,alta_vs_baixa,baixa,alta,5,False,2,2.0
2020,meia-idade,5,2,PA,3.0,,alta_vs_baixa,baixa,alta,3,False,0,0.0
2020,meia-idade,5,2,PB,1.0,,alta_vs_baixa,baixa,alta,1,False,0,0.0
2020,meia-idade,5,2,PE,3.0,,alta_vs_baixa,baixa,alta,3,False,0,0.0
2020,meia-idade,5,2,PR,6.0,,alta_vs_baixa,baixa,alta,6,False,0,0.0
2020,meia-idade,5,2,RJ,0.0,,alta_vs_baixa,baixa,alta,4,False,0,4.0
2020,meia-idade,5,2,RO,2.0,,alta_vs_baixa,baixa,alta,2,False,0,0.0
2020,meia-idade,5,2,RR,3.0,,alta_vs_baixa,baixa,alta,6,False,3,3.0
2020,meia-idade,5,2,RS,1.0,,alta_vs_baixa,baixa,alta,1,False,0,0.0
2020,meia-idade,5,2,SP,1.0,,alta_vs_baixa,baixa,alta,5,False,1,4.0
2020,meia-idade,5,2,TO,5.0,,alta_vs_baixa,baixa,alta,5,False,0,0.0
2021,adulto,1,0,MA,0.0,,alta_vs_baixa,baixa,alta,1,False,0,1.0
2021,adulto,1,0,PE,1.0,,alta_vs_baixa,baixa,alta,1,False,0,0.0
2021,adulto,1,1,AC,4.0,,alta_vs_baixa,baixa,alta,10,False,4,6.0
2021,adulto,1,1,AL,7.0,,alta_vs_baixa,baixa,alta,37,False,7,30.0
2021,adulto,1,1,AM,12.0,,alta_vs_baixa,baixa,alta,138,False,12,126.0
2021,adulto,1,1,AP,1.0,,alta_vs_baixa,baixa,alta,13,False,1,12.0
2021,adulto,1,1,BA,48.0,,alta_vs_baixa,baixa,alta,284,True,48,236.0
2021,adulto,1,1,CE,48.0,,alta_vs_baixa,baixa,alta,274,True,48,226.0
2021,adulto,1,1,DF,10.0,,alta_vs_baixa,baixa,alta,136,False,10,126.0
2021,adulto,1,1,ES,15.0,,alta_vs_baixa,baixa,alta,131,False,15,116.0
2021,adulto,1,1,GO,35.0,,alta_vs_baixa,baixa,alta,540,True,35,505.0
2021,adulto,1,1,MA,20.0,,alta_vs_baixa,baixa,alta,215,True,20,195.0
2021,adulto,1,1,MG,107.0,,alta_vs_baixa,baixa,alta,1431,True,107,1324.0
2021,adulto,1,1,MS,27.0,,alta_vs_baixa,baixa,alta,285,True,27,258.0
2021,adulto,1,1,MT,11.0,,alta_vs_baixa,baixa,alta,302,False,11,291.0
2021,adulto,1,1,PA,20.0,,alta_vs_baixa,baixa,alta,142,True,20,122.0
2021,adulto,1,1,PB,21.0,,alta_vs_baixa,baixa,alta,76,True,21,55.0
2021,adulto,1,1,PE,67.0,,alta_vs_baixa,baixa,alta,383,True,67,316.0
2021,adulto,1,1,PI,21.0,,alta_vs_baixa,baixa,alta,61,True,21,40.0
2021,adulto,1,1,PR,110.0,,alta_vs_baixa,baixa,alta,2446,True,110,2336.0
2021,adulto,1,1,RJ,61.0,,alta_vs_baixa,baixa,alta,887,True,61,826.0
2021,adulto,1,1,RN,24.0,,alta_vs_baixa,baixa,alta,95,True,24,71.0
2021,adulto,1,1,RO,4.0,,alta_vs_baixa,baixa,alta,101,False,4,97.0
2021,adulto,1,1,RR,1.0,,alta_vs_baixa,baixa,alta,23,False,1,22.0
2021,adulto,1,1,RS,70.0,,alta_vs_baixa,baixa,alta,1216,True,70,1146.0
2021,adulto,1,1,SC,45.0,,alta_vs_baixa,baixa,alta,1136,True,45,1091.0
2021,adulto,1,1,SE,9.0,,alta_vs_baixa,baixa,alta,67,False,9,58.0
2021,adulto,1,1,SP,239.0,,alta_vs_baixa,baixa,alta,5185,True,239,4946.0
2021,adulto,1,1,TO,3.0,,alta_vs_baixa,baixa,alta,47,False,3,44.0
2021,adulto,1,2,AC,2.0,,alta_vs_baixa,baixa,alta,8,False,2,6.0
2021,adulto,1,2,AL,6.0,,alta_vs_baixa,baixa,alta,33,False,6,27.0
2021,adulto,1,2,AM,11.0,,alta_vs_baixa,baixa,alta,121,False,11,110.0
2021,adulto,1,2,AP,4.0,,alta_vs_baixa,baixa,alta,15,False,4,11.0
2021,adulto,1,2,BA,34.0,,alta_vs_baixa,baixa,alta,182,True,34,148.0
2021,adulto,1,2,CE,40.0,,alta_vs_baixa,baixa,alta,209,True,40,169.0
2021,adulto,1,2,DF,6.0,,alta_vs_baixa,baixa,alta,74,False,6,68.0
2021,adulto,1,2,ES,9.0,,alta_vs_baixa,baixa,alta,81,False,9,72.0
2021,adulto,1,2,GO,19.0,,alta_vs_baixa,baixa,alta,394,False,19,375.0
2021,adulto,1,2,MA,14.0,,alta_vs_baixa,baixa,alta,117,False,14,103.0
2021,adulto,1,2,MG,51.0,,alta_vs_baixa,baixa,alta,803,True,51,752.0
2021,adulto,1,2,MS,18.0,,alta_vs_baixa,baixa,alta,207,False,18,189.0
2021,adulto,1,2,MT,6.0,,alta_vs_baixa,baixa,alta,160,False,6,154.0
2021,adulto,1,2,PA,12.0,,alta_vs_baixa,baixa,alta,132,False,12,120.0
2021,adulto,1,2,PB,8.0,,alta_vs_baixa,baixa,alta,57,False,8,49.0
2021,adulto,1,2,PE,49.0,,alta_vs_baixa,baixa,alta,277,True,49,228.0
2021,adulto,1,2,PI,15.0,,alta_vs_baixa,baixa,alta,55,False,15,40.0
2021,adulto,1,2,PR,80.0,,alta_vs_baixa,baixa,alta,1150,True,80,1070.0
2021,adulto,1,2,RJ,32.0,,alta_vs_baixa,baixa,alta,722,True,32,690.0
2021,adulto,1,2,RN,9.0,,alta_vs_baixa,baixa,alta,86,False,9,77.0
2021,adulto,1,2,RO,2.0,,alta_vs_baixa,baixa,alta,42,False,2,40.0
2021,adulto,1,2,RR,2.0,,alta_vs_baixa,baixa,alta,18,False,2,16.0
2021,adulto,1,2,RS,66.0,,alta_vs_baixa,baixa,alta,750,True,66,684.0
2021,adulto,1,2,SC,28.0,,alta_vs_baixa,baixa,alta,612,True,28,584.0
2021,adulto,1,2,SE,2.0,,alta_vs_baixa,baixa,alta,47,False,2,45.0
2021,adulto,1,2,SP,219.0,,alta_vs_baixa,baixa,alta,3368,True,219,3149.0
2021,adulto,1,2,TO,3.0,,alta_vs_baixa,baixa,alta,40,False,3,37.0
2021,adulto,2,1,AC,1.0,,alta_vs_baixa,baixa,alta,2,False,1,1.0
2021,adulto,2,1,AL,5.0,,alta_vs_baixa,baixa,alta,9,False,4,4.0
2021,adulto,2,1,AM,3.0,,alta_vs_baixa,baixa,alta,24,False,3,21.0
2021,adulto,2,1,AP,3.0,,alta_vs_baixa,baixa,alta,10,False,3,7.0
2021,adulto,2,1,BA,62.0,,alta_vs_baixa,baixa,alta,397,True,62,335.0
2021,adulto,2,1,CE,19.0,,alta_vs_baixa,baixa,alta,51,False,19,32.0
2021,adulto,2,1,DF,3.0,,alta_vs_baixa,baixa,alta,38,False,3,35.0
2021,adulto,2,1,ES,8.0,,alta_vs_baixa,baixa,alta,44,False,8,36.0
2021,adulto,2,1,GO,22.0,,alta_vs_baixa,baixa,alta,142,True,22,120.0
2021,adulto,2,1,MA,40.0,,alta_vs_baixa,baixa,alta,152,True,40,112.0
2021,adulto,2,1,MG,51.0,,alta_vs_baixa,baixa,alta,413,True,51,362.0
2021,adulto,2,1,MS,4.0,,alta_vs_baixa,baixa,alta,41,False,4,37.0
2021,adulto,2,1,MT,6.0,,alta_vs_baixa,baixa,alta,87,False,6,81.0
2021,adulto,2,1,PA,20.0,,alta_vs_baixa,baixa,alta,79,True,20,59.0
2021,adulto,2,1,PB,9.0,,alta_vs_baixa,baixa,alta,13,False,4,4.0
2021,adulto,2,1,PE,31.0,,alta_vs_baixa,baixa,alta,103,True,31,72.0
2021,adulto,2,1,PI,23.0,,alta_vs_baixa,baixa,alta,39,False,16,16.0
2021,adulto,2,1,PR,9.0,,alta_vs_baixa,baixa,alta,157,False,9,148.0
2021,adulto,2,1,RJ,44.0,,alta_vs_baixa,baixa,alta,437,True,44,393.0
2021,adulto,2,1,RN,10.0,,alta_vs_baixa,baixa,alta,21,False,10,11.0
2021,adulto,2,1,RO,4.0,,alta_vs_baixa,baixa,alta,35,False,4,31.0
2021,adulto,2,1,RR,0.0,,alta_vs_baixa,baixa,alta,9,False,0,9.0
2021,adulto,2,1,RS,11.0,,alta_vs_baixa,baixa,alta,119,False,11,108.0
2021,adulto,2,1,SC,1.0,,alta_vs_baixa,baixa,alta,68,False,1,67.0
2021,adulto,2,1,SE,8.0,,alta_vs_baixa,baixa,alta,51,False,8,43.0
2021,adulto,2,1,SP,46.0,,alta_vs_baixa,baixa,alta,772,True,46,726.0
2021,adulto,2,1,TO,4.0,,alta_vs_baixa,baixa,alta,30,False,4,26.0
2021,adulto,2,2,AC,0.0,,alta_vs_baixa,baixa,alta,1,False,0,1.0
2021,adulto,2,2,AL,3.0,,alta_vs_baixa,baixa,alta,15,False,3,12.0
2021,adulto,2,2,AM,2.0,,alta_vs_baixa,baixa,alta,21,False,2,19.0
2021,adulto,2,2,AP,1.0,,alta_vs_baixa,baixa,alta,2,False,1,1.0
2021,adulto,2,2,BA,29.0,,alta_vs_baixa,baixa,alta,204,True,29,175.0
2021,adulto,2,2,CE,5.0,,alta_vs_baixa,baixa,alta,26,False,5,21.0
2021,adulto,2,2,DF,0.0,,alta_vs_baixa,baixa,alta,18,False,0,18.0
2021,adulto,2,2,ES,1.0,,alta_vs_baixa,baixa,alta,32,False,1,31.0
2021,adulto,2,2,GO,6.0,,alta_vs_baixa,baixa,alta,83,False,6,77.0
2021,adulto,2,2,MA,19.0,,alta_vs_baixa,baixa,alta,65,False,19,46.0
2021,adulto,2,2,MG,21.0,,alta_vs_baixa,baixa,alta,276,True,21,255.0
2021,adulto,2,2,MS,2.0,,alta_vs_baixa,baixa,alta,27,False,2,25.0
2021,adulto,2,2,MT,1.0,,alta_vs_baixa,baixa,alta,33,False,1,32.0
2021,adulto,2,2,PA,5.0,,alta_vs_baixa,baixa,alta,35,False,5,30.0
2021,adulto,2,2,PB,3.0,,alta_vs_baixa,baixa,alta,10,False,3,7.0
2021,adulto,2,2,PE,11.0,,alta_vs_baixa,baixa,alta,58,False,11,47.0
2021,adulto,2,2,PI,4.0,,alta_vs_baixa,baixa,alta,23,False,4,19.0
2021,adulto,2,2,PR,6.0,,alta_vs_baixa,baixa,alta,67,False,6,61.0
2021,adulto,2,2,RJ,19.0,,alta_vs_baixa,baixa,alta,337,False,19,318.0
2021,adulto,2,2,RN,4.0,,alta_vs_baixa,baixa,alta,14,False,4,10.0
2021,adulto,2,2,RO,3.0,,alta_vs_baixa,baixa,alta,14,False,3,11.0
2021,adulto,2,2,RR,0.0,,alta_vs_baixa,baixa,alta,7,False,0,7.0
2021,adulto,2,2,RS,9.0,,alta_vs_baixa,baixa,alta,80,False,9,71.0
2021,adulto,2,2,SC,3.0,,alta_vs_baixa,baixa,alta,47,False,3,44.0
2021,adulto,2,2,SE,4.0,,alta_vs_baixa,baixa,alta,23,False,4,19.0
2021,adulto,2,2,SP,28.0,,alta_vs_baixa,baixa,alta,463,True,28,435.0
2021,adulto,2,2,TO,1.0,,alta_vs_baixa,baixa,alta,11,False,1,10.0
2021,adulto,3,1,AL,1.0,,alta_vs_baixa,baixa,alta,2,False,1,1.0
2021,adulto,3,1,AM,0.0,,alta_vs_baixa,baixa,alta,1,False,0,1.0
2021,adulto,3,1,BA,1.0,,alta_vs_baixa,baixa,alta,3,False,1,2.0
2021,adulto,3,1,CE,1.0,,alta_vs_baixa,baixa,alta,2,False,1,1.0
2021,adulto,3,1,DF,1.0,,alta_vs_baixa,baixa,alta,4,False,1,3.0
2021,adulto,3,1,ES,0.0,,alta_vs_baixa,baixa,alta,2,False,0,2.0
2021,adulto,3,1,GO,1.0,,alta_vs_baixa,baixa,alta,7,False,1,6.0
2021,adulto,3,1,MA,2.0,,alta_vs_baixa,baixa,alta,7,False,2,5.0
2021,adulto,3,1,MG,0.0,,alta_vs_baixa,baixa,alta,4,False,0,4.0
2021,adulto,3,1,MS,0.0,,alta_vs_baixa,baixa,alta,1,False,0,1.0
2021,adulto,3,1,MT,1.0,,alta_vs_baixa,baixa,alta,9,False,1,8.0
2021,adulto,3,1,PA,0.0,,alta_vs_baixa,baixa,alta,6,False,0,6.0
2021,adulto,3,1,PB,0.0,,alta_vs_baixa,baixa,alta,1,False,0,1.0
2021,adulto,3,1,PE,0.0,,alta_vs_baixa,baixa,alta,1,False,0,1.0
2021,adulto,3,1,PI,0.0,,alta_vs_baixa,baixa,alta,2,False,0,2.0
2021,adulto,3,1,PR,1.0,,alta_vs_baixa,baixa,alta,8,False,1,7.0
2021,adulto,3,1,RJ,0.0,,alta_vs_baixa,baixa,alta,3,False,0,3.0
2021,adulto,3,1,RO,0.0,,alta_vs_baixa,baixa,alta,1,False,0,1.0
2021,adulto,3,1,RR,0.0,,alta_vs_baixa,baixa,alta,1,False,0,1.0
2021,adulto,3,1,RS,0.0,,alta_vs_baixa,baixa,alta,2,False,0,2.0
2021,adulto,3,1,SP,0.0,,alta_vs_baixa,baixa,alta,34,False,0,34.0
2021,adulto,3,1,TO,1.0,,alta_vs_baixa,baixa,alta,4,False,1,3.0
2021,adulto,3,2,BA,0.0,,alta_vs_baixa,baixa,alta,1,False,0,1.0
2021,adulto,3,2,CE,1.0,,alta_vs_baixa,baixa,alta,2,False,1,1.0
2021,adulto,3,2,GO,0.0,,alta_vs_baixa,baixa,alta,2,False,0,2.0
2021,adulto,3,2,MA,0.0,,alta_vs_baixa,baixa,alta,6,False,0,6.0
2021,adulto,3,2,MG,0.0,,alta_vs_baixa,baixa,alta,1,False,0,1.0
2021,adulto,3,2,MS,0.0,,alta_vs_baixa,baixa,alta,1,False,0,1.0
2021,adulto,3,2,MT,0.0,,alta_vs_baixa,baixa,alta,2,False,0,2.0
2021,adulto,3,2,PE,0.0,,alta_vs_baixa,baixa,alta,5,False,0,5.0
2021,adulto,3,2,PR,1.0,,alta_vs_baixa,baixa,alta,9,False,1,8.0
2021,adulto,3,2,RJ,0.0,,alta_vs_baixa,baixa,alta,3,False,0,3.0
2021,adulto,3,2,RN,1.0,,alta_vs_baixa,baixa,alta,2,False,1,1.0
2021,adulto,3,2,RO,0.0,,alta_vs_baixa,baixa,alta,1,False,0,1.0
2021,adulto,3,2,RS,0.0,,alta_vs_baixa,baixa,alta,1,False,0,1.0
2021,adulto,3,2,SE,0.0,,alta_vs_baixa,baixa,alta,1,False,0,1.0
2021,adulto,3,2,SP,0.0,,alta_vs_baixa,baixa,alta,16,False,0,16.0
2021,adulto,4,0,SP,0.0,,alta_vs_baixa,baixa,alta,1,False,0,1.0
2021,adulto,4,1,AC,14.0,,alta_vs_baixa,baixa,alta,41,False,14,27.0
2021,adulto,4,1,AL,85.0,,alta_vs_baixa,baixa,alta,402,True,85,317.0
2021,adulto,4,1,AM,89.0,,alta_vs_baixa,baixa,alta,1130,True,89,1041.0
2021,adulto,4,1,AP,13.0,,alta_vs_baixa,baixa,alta,125,False,13,112.0
2021,adulto,4,1,BA,246.0,,alta_vs_baixa,baixa,alta,1525,True,246,1279.0
2021,adulto,4,1,CE,279.0,,alta_vs_baixa,baixa,alta,1313,True,279,1034.0
2021,adulto,4,1,DF,12.0,,alta_vs_baixa,baixa,alta,225,False,12,213.0
2021,adulto,4,1,ES,25.0,,alta_vs_baixa,baixa,alta,218,True,25,193.0
2021,adulto,4,1,GO,70.0,,alta_vs_baixa,baixa,alta,1030,True,70,960.0
2021,adulto,4,1,MA,215.0,,alta_vs_baixa,baixa,alta,1184,True,215,969.0
2021,adulto,4,1,MG,138.0,,alta_vs_baixa,baixa,alta,1525,True,138,1387.0
2021,adulto,4,1,MS,45.0,,alta_vs_baixa,baixa,alta,410,True,45,365.0
2021,adulto,4,1,MT,36.0,,alta_vs_baixa,baixa,alta,615,True,36,579.0
2021,adulto,4,1,PA,140.0,,alta_vs_baixa,baixa,alta,923,True,140,783.0
2021,adulto,4,1,PB,44.0,,alta_vs_baixa,baixa,alta,149,True,44,105.0
2021,adulto,4,1,PE,275.0,,alta_vs_baixa,baixa,alta,1093,True,275,818.0
2021,adulto,4,1,PI,106.0,,alta_vs_baixa,baixa,alta,379,True,106,273.0
2021,adulto,4,1,PR,59.0,,alta_vs_baixa,baixa,alta,892,True,59,833.0
2021,adulto,4,1,RJ,62.0,,alta_vs_baixa,baixa,alta,1045,True,62,983.0
2021,adulto,4,1,RN,60.0,,alta_vs_baixa,baixa,alta,223,True,60,163.0
2021,adulto,4,1,RO,15.0,,alta_vs_baixa,baixa,alta,246,False,15,231.0
2021,adulto,4,1,RR,9.0,,alta_vs_baixa,baixa,alta,176,False,9,167.0
2021,adulto,4,1,RS,11.0,,alta_vs_baixa,baixa,alta,115,False,11,104.0
2021,adulto,4,1,SC,5.0,,alta_vs_baixa,baixa,alta,135,False,5,130.0
2021,adulto,4,1,SE,60.0,,alta_vs_baixa,baixa,alta,350,True,60,290.0
2021,adulto,4,1,SP,134.0,,alta_vs_baixa,baixa,alta,3068,True,134,2934.0
2021,adulto,4,1,TO,32.0,,alta_vs_baixa,baixa,alta,250,True,32,218.0
2021,adulto,4,2,AC,7.0,,alta_vs_baixa,baixa,alta,40,False,7,33.0
2021,adulto,4,2,AL,30.0,,alta_vs_baixa,baixa,alta,144,True,30,114.0
2021,adulto,4,2,AM,28.0,,alta_vs_baixa,baixa,alta,456,True,28,428.0
2021,adulto,4,2,AP,4.0,,alta_vs_baixa,baixa,alta,56,False,4,52.0
2021,adulto,4,2,BA,98.0,,alta_vs_baixa,baixa,alta,726,True,98,628.0
2021,adulto,4,2,CE,93.0,,alta_vs_baixa,baixa,alta,566,True,93,473.0
2021,adulto,4,2,DF,8.0,,alta_vs_baixa,baixa,alta,105,False,8,97.0
2021,adulto,4,2,ES,8.0,,alta_vs_baixa,baixa,alta,125,False,8,117.0
2021,adulto,4,2,GO,31.0,,alta_vs_baixa,baixa,alta,523,True,31,492.0
2021,adulto,4,2,MA,77.0,,alta_vs_baixa,baixa,alta,474,True,77,397.0
2021,adulto,4,2,MG,73.0,,alta_vs_baixa,baixa,alta,851,True,73,778.0
2021,adulto,4,2,MS,16.0,,alta_vs_baixa,baixa,alta,228,False,16,212.0
2021,adulto,4,2,MT,21.0,,alta_vs_baixa,baixa,alta,307,True,21,286.0
2021,adulto,4,2,PA,58.0,,alta_vs_baixa,baixa,alta,542,True,58,484.0
2021,adulto,4,2,PB,17.0,,alta_vs_baixa,baixa,alta,96,False,17,79.0
2021,adulto,4,2,PE,92.0,,alta_vs_baixa,baixa,alta,526,True,92,434.0
2021,adulto,4,2,PI,34.0,,alta_vs_baixa,baixa,alta,156,True,34,122.0
2021,adulto,4,2,PR,31.0,,alta_vs_baixa,baixa,alta,371,True,31,340.0
2021,adulto,4,2,RJ,50.0,,alta_vs_baixa,baixa,alta,725,True,50,675.0
2021,adulto,4,2,RN,16.0,,alta_vs_baixa,baixa,alta,113,False,16,97.0
2021,adulto,4,2,RO,6.0,,alta_vs_baixa,baixa,alta,102,False,6,96.0
2021,adulto,4,2,RR,3.0,,alta_vs_baixa,baixa,alta,74,False,3,71.0
2021,adulto,4,2,RS,4.0,,alta_vs_baixa,baixa,alta,81,False,4,77.0
2021,adulto,4,2,SC,4.0,,alta_vs_baixa,baixa,alta,67,False,4,63.0
2021,adulto,4,2,SE,15.0,,alta_vs_baixa,baixa,alta,149,False,15,134.0
2021,adulto,4,2,SP,67.0,,alta_vs_baixa,baixa,alta,1644,True,67,1577.0
2021,adulto,4,2,TO,12.0,,alta_vs_baixa,baixa,alta,96,False,12,84.0
2021,adulto,5,1,AC,1.0,,alta_vs_baixa,baixa,alta,2,False,1,1.0
2021,adulto,5,1,AM,10.0,,alta_vs_baixa,baixa,alta,36,False,10,26.0
2021,adulto,5,1,AP,1.0,,alta_vs_baixa,baixa,alta,1,False,0,0.0
2021,adulto,5,1,BA,2.0,,alta_vs_baixa,baixa,alta,3,False,1,1.0
2021,adulto,5,1,CE,4.0,,alta_vs_baixa,baixa,alta,5,False,1,1.0
2021,adulto,5,1,MA,3.0,,alta_vs_baixa,baixa,alta,8,False,3,5.0
2021,adulto,5,1,MG,3.0,,alta_vs_baixa,baixa,alta,4,False,1,1.0
2021,adulto,5,1,MS,5.0,,alta_vs_baixa,baixa,alta,18,False,5,13.0
2021,adulto,5,1,MT,0.0,,alta_vs_baixa,baixa,alta,6,False,0,6.0
2021,adulto,5,1,PA,2.0,,alta_vs_baixa,baixa,alta,2,False,0,0.0
2021,adulto,5,1,PB,0.0,,alta_vs_baixa,baixa,alta,1,False,0,1.0
2021,adulto,5,1,PE,2.0,,alta_vs_baixa,baixa,alta,7,False,2,5.0
2021,adulto,5,1,PR,2.0,,alta_vs_baixa,baixa,alta,5,False,2,3.0
2021,adulto,5,1,RJ,0.0,,alta_vs_baixa,baixa,alta,2,False,0,2.0
2021,adulto,5,1,RO,0.0,,alta_vs_baixa,baixa,alta,2,False,0,2.0
2021,adulto,5,1,RR,13.0,,alta_vs_baixa,baixa,alta,19,False,6,6.0
2021,adulto,5,1,RS,2.0,,alta_vs_baixa,baixa,alta,4,False,2,2.0
2021,adulto,5,1,SP,0.0,,alta_vs_baixa,baixa,alta,4,False,0,4.0
2021,adulto,5,1,TO,0.0,,alta_vs_baixa,baixa,alta,1,False,0,1.0
2021,adulto,5,2,AM,12.0,,alta_vs_baixa,baixa,alta,30,False,12,18.0
2021,adulto,5,2,BA,0.0,,alta_vs_baixa,baixa,alta,1,False,0,1.0
2021,adulto,5,2,CE,0.0,,alta_vs_baixa,baixa,alta,1,False,0,1.0
2021,adulto,5,2,ES,0.0,,alta_vs_baixa,baixa,alta,1,False,0,1.0
2021,adulto,5,2,MA,3.0,,alta_vs_baixa,baixa,alta,4,False,1,1.0
2021,adulto,5,2,MS,3.0,,alta_vs_baixa,baixa,alta,9,False,3,6.0
2021,adulto,5,2,MT,1.0,,alta_vs_baixa,baixa,alta,1,False,0,0.0
2021,adulto,5,2,PA,0.0,,alta_vs_baixa,baixa,alta,1,False,0,1.0
2021,adulto,5,2,PE,2.0,,alta_vs_baixa,baixa,alta,5,False,2,3.0
2021,adulto,5,2,PR,2.0,,alta_vs_baixa,baixa,alta,3,False,1,1.0
2021,adulto,5,2,RJ,0.0,,alta_vs_baixa,baixa,alta,2,False,0,2.0
2021,adulto,5,2,RR,9.0,,alta_vs_baixa,baixa,alta,13,False,4,4.0
2021,adulto,5,2,RS,1.0,,alta_vs_baixa,baixa,alta,1,False,0,0.0
2021,adulto,5,2,SC,1.0,,alta_vs_baixa,baixa,alta,4,False,1,3.0
2021,adulto,5,2,SP,0.0,,alta_vs_baixa,baixa,alta,1,False,0,1.0
2021,adulto,5,2,TO,0.0,,alta_vs_baixa,baixa,alta,3,False,0,3.0
2021,idoso,1,1,AC,11.0,,alta_vs_baixa,baixa,alta,25,False,11,14.0
2021,idoso,1,1,AL,96.0,,alta_vs_baixa,baixa,alta,188,True,92,92.0
2021,idoso,1,1,AM,51.0,,alta_vs_baixa,baixa,alta,311,True,51,260.0
2021,idoso,1,1,AP,7.0,,alta_vs_baixa,baixa,alta,45,False,7,38.0
2021,idoso,1,1,BA,317.0,,alta_vs_baixa,baixa,alta,859,True,317,542.0
2021,idoso,1,1,CE,370.0,,alta_vs_baixa,baixa,alta,857,True,370,487.0
2021,idoso,1,1,DF,60.0,,alta_vs_baixa,baixa,alta,393,True,60,333.0
2021,idoso,1,1,ES,96.0,,alta_vs_baixa,baixa,alta,441,True,96,345.0
2021,idoso,1,1,GO,334.0,,alta_vs_baixa,baixa,alta,1229,True,334,895.0
2021,idoso,1,1,MA,216.0,,alta_vs_baixa,baixa,alta,472,True,216,256.0
2021,idoso,1,1,MG,830.0,,alta_vs_baixa,baixa,alta,3933,True,830,3103.0
2021,idoso,1,1,MS,129.0,,alta_vs_baixa,baixa,alta,679,True,129,550.0
2021,idoso,1,1,MT,146.0,,alta_vs_baixa,baixa,alta,562,True,146,416.0
2021,idoso,1,1,PA,147.0,,alta_vs_baixa,baixa,alta,448,True,147,301.0
2021,idoso,1,1,PB,100.0,,alta_vs_baixa,baixa,alta,181,True,81,81.0
2021,idoso,1,1,PE,465.0,,alta_vs_baixa,baixa,alta,1233,True,465,768.0
2021,idoso,1,1,PI,123.0,,alta_vs_baixa,baixa,alta,210,True,87,87.0
2021,idoso,1,1,PR,899.0,,alta_vs_baixa,baixa,alta,4235,True,899,3336.0
2021,idoso,1,1,RJ,498.0,,alta_vs_baixa,baixa,alta,4016,True,498,3518.0
2021,idoso,1,1,RN,190.0,,alta_vs_baixa,baixa,alta,367,True,177,177.0
2021,idoso,1,1,RO,55.0,,alta_vs_baixa,baixa,alta,190,True,55,135.0
2021,idoso,1,1,RR,8.0,,alta_vs_baixa,baixa,alta,50,False,8,42.0
2021,idoso,1,1,RS,599.0,,alta_vs_baixa,baixa,alta,3834,True,599,3235.0
2021,idoso,1,1,SC,309.0,,alta_vs_baixa,baixa,alta,2604,True,309,2295.0
2021,idoso,1,1,SE,77.0,,alta_vs_baixa,baixa,alta,245,True,77,168.0
2021,idoso,1,1,SP,1486.0,,alta_vs_baixa,baixa,alta,13968,True,1486,12482.0
2021,idoso,1,1,TO,56.0,,alta_vs_baixa,baixa,alta,132,True,56,76.0
2021,idoso,1,2,AC,17.0,,alta_vs_baixa,baixa,alta,27,False,10,10.0
2021,idoso,1,2,AL,118.0,,alta_vs_baixa,baixa,alta,181,True,63,63.0
2021,idoso,1,2,AM,50.0,,alta_vs_baixa,baixa,alta,262,True,50,212.0
2021,idoso,1,2,AP,11.0,,alta_vs_baixa,baixa,alta,37,False,11,26.0
2021,idoso,1,2,BA,379.0,,alta_vs_baixa,baixa,alta,809,True,379,430.0
2021,idoso,1,2,CE,354.0,,alta_vs_baixa,baixa,alta,796,True,354,442.0
2021,idoso,1,2,DF,84.0,,alta_vs_baixa,baixa,alta,382,True,84,298.0
2021,idoso,1,2,ES,109.0,,alta_vs_baixa,baixa,alta,333,True,109,224.0
2021,idoso,1,2,GO,392.0,,alta_vs_baixa,baixa,alta,1053,True,392,661.0
2021,idoso,1,2,MA,231.0,,alta_vs_baixa,baixa,alta,454,True,223,223.0
2021,idoso,1,2,MG,915.0,,alta_vs_baixa,baixa,alta,2928,True,915,2013.0
2021,idoso,1,2,MS,163.0,,alta_vs_baixa,baixa,alta,544,True,163,381.0
2021,idoso,1,2,MT,145.0,,alta_vs_baixa,baixa,alta,408,True,145,263.0
2021,idoso,1,2,PA,143.0,,alta_vs_baixa,baixa,alta,422,True,143,279.0
2021,idoso,1,2,PB,81.0,,alta_vs_baixa,baixa,alta,173,True,81,92.0
2021,idoso,1,2,PE,589.0,,alta_vs_baixa,baixa,alta,1288,True,589,699.0
2021,idoso,1,2,PI,134.0,,alta_vs_baixa,baixa,alta,220,True,86,86.0
2021,idoso,1,2,PR,1252.0,,alta_vs_baixa,baixa,alta,3383,True,1252,2131.0
2021,idoso,1,2,RJ,618.0,,alta_vs_baixa,baixa,alta,3556,True,618,2938.0
2021,idoso,1,2,RN,158.0,,alta_vs_baixa,baixa,alta,341,True,158,183.0
2021,idoso,1,2,RO,75.0,,alta_vs_baixa,baixa,alta,154,True,75,79.0
2021,idoso,1,2,RR,14.0,,alta_vs_baixa,baixa,alta,43,False,14,29.0
2021,idoso,1,2,RS,651.0,,alta_vs_baixa,baixa,alta,2985,True,651,2334.0
2021,idoso,1,2,SC,347.0,,alta_vs_baixa,baixa,alta,1606,True,347,1259.0
2021,idoso,1,2,SE,84.0,,alta_vs_baixa,baixa,alta,197,True,84,113.0
2021,idoso,1,2,SP,2252.0,,alta_vs_baixa,baixa,alta,10321,True,2252,8069.0
2021,idoso,1,2,TO,52.0,,alta_vs_baixa,baixa,alta,120,True,52,68.0
2021,idoso,2,0,PR,1.0,,alta_vs_baixa,baixa,alta,1,False,0,0.0
2021,idoso,2,1,AC,4.0,,alta_vs_baixa,baixa,alta,6,False,2,2.0
2021,idoso,2,1,AL,53.0,,alta_vs_baixa,baixa,alta,64,False,11,11.0
2021,idoso,2,1,AM,27.0,,alta_vs_baixa,baixa,alta,69,True,27,42.0
2021,idoso,2,1,AP,18.0,,alta_vs_baixa,baixa,alta,25,False,7,7.0
2021,idoso,2,1,BA,479.0,,alta_vs_baixa,baixa,alta,876,True,397,397.0
2021,idoso,2,1,CE,138.0,,alta_vs_baixa,baixa,alta,187,True,49,49.0
2021,idoso,2,1,DF,31.0,,alta_vs_baixa,baixa,alta,83,True,31,52.0
2021,idoso,2,1,ES,70.0,,alta_vs_baixa,baixa,alta,134,True,64,64.0
2021,idoso,2,1,GO,159.0,,alta_vs_baixa,baixa,alta,266,True,107,107.0
2021,idoso,2,1,MA,261.0,,alta_vs_baixa,baixa,alta,359,True,98,98.0
2021,idoso,2,1,MG,438.0,,alta_vs_baixa,baixa,alta,891,True,438,453.0
2021,idoso,2,1,MS,42.0,,alta_vs_baixa,baixa,alta,83,True,41,41.0
2021,idoso,2,1,MT,87.0,,alta_vs_baixa,baixa,alta,155,True,68,68.0
2021,idoso,2,1,PA,134.0,,alta_vs_baixa,baixa,alta,193,True,59,59.0
2021,idoso,2,1,PB,45.0,,alta_vs_baixa,baixa,alta,54,False,9,9.0
2021,idoso,2,1,PE,182.0,,alta_vs_baixa,baixa,alta,306,True,124,124.0
2021,idoso,2,1,PI,154.0,,alta_vs_baixa,baixa,alta,182,True,28,28.0
2021,idoso,2,1,PR,126.0,,alta_vs_baixa,baixa,alta,293,True,126,167.0
2021,idoso,2,1,RJ,289.0,,alta_vs_baixa,baixa,alta,1130,True,289,841.0
2021,idoso,2,1,RN,54.0,,alta_vs_baixa,baixa,alta,68,False,14,14.0
2021,idoso,2,1,RO,26.0,,alta_vs_baixa,baixa,alta,49,True,23,23.0
2021,idoso,2,1,RR,10.0,,alta_vs_baixa,baixa,alta,12,False,2,2.0
2021,idoso,2,1,RS,80.0,,alta_vs_baixa,baixa,alta,291,True,80,211.0
2021,idoso,2,1,SC,11.0,,alta_vs_baixa,baixa,alta,78,False,11,67.0
2021,idoso,2,1,SE,72.0,,alta_vs_baixa,baixa,alta,117,True,45,45.0
2021,idoso,2,1,SP,352.0,,alta_vs_baixa,baixa,alta,1573,True,352,1221.0
2021,idoso,2,1,TO,57.0,,alta_vs_baixa,baixa,alta,77,True,20,20.0
2021,idoso,2,2,AC,3.0,,alta_vs_baixa,baixa,alta,3,False,0,0.0
2021,idoso,2,2,AL,45.0,,alta_vs_baixa,baixa,alta,48,False,3,3.0
2021,idoso,2,2,AM,18.0,,alta_vs_baixa,baixa,alta,37,False,18,19.0
2021,idoso,2,2,AP,10.0,,alta_vs_baixa,baixa,alta,18,False,8,8.0
2021,idoso,2,2,BA,455.0,,alta_vs_baixa,baixa,alta,696,True,241,241.0
2021,idoso,2,2,CE,87.0,,alta_vs_baixa,baixa,alta,107,True,20,20.0
2021,idoso,2,2,DF,35.0,,alta_vs_baixa,baixa,alta,67,True,32,32.0
2021,idoso,2,2,ES,60.0,,alta_vs_baixa,baixa,alta,111,True,51,51.0
2021,idoso,2,2,GO,140.0,,alta_vs_baixa,baixa,alta,201,True,61,61.0
2021,idoso,2,2,MA,189.0,,alta_vs_baixa,baixa,alta,255,True,66,66.0
2021,idoso,2,2,MG,437.0,,alta_vs_baixa,baixa,alta,695,True,258,258.0
2021,idoso,2,2,MS,29.0,,alta_vs_baixa,baixa,alta,63,True,29,34.0
2021,idoso,2,2,MT,68.0,,alta_vs_baixa,baixa,alta,114,True,46,46.0
2021,idoso,2,2,PA,99.0,,alta_vs_baixa,baixa,alta,137,True,38,38.0
2021,idoso,2,2,PB,29.0,,alta_vs_baixa,baixa,alta,33,False,4,4.0
2021,idoso,2,2,PE,168.0,,alta_vs_baixa,baixa,alta,240,True,72,72.0
2021,idoso,2,2,PI,96.0,,alta_vs_baixa,baixa,alta,112,False,16,16.0
2021,idoso,2,2,PR,134.0,,alta_vs_baixa,baixa,alta,209,True,75,75.0
2021,idoso,2,2,RJ,441.0,,alta_vs_baixa,baixa,alta,1155,True,441,714.0
2021,idoso,2,2,RN,48.0,,alta_vs_baixa,baixa,alta,59,False,11,11.0
2021,idoso,2,2,RO,26.0,,alta_vs_baixa,baixa,alta,34,False,8,8.0
2021,idoso,2,2,RR,2.0,,alta_vs_baixa,baixa,alta,5,False,2,3.0
2021,idoso,2,2,RS,93.0,,alta_vs_baixa,baixa,alta,274,True,93,181.0
2021,idoso,2,2,SC,19.0,,alta_vs_baixa,baixa,alta,65,False,19,46.0
2021,idoso,2,2,SE,56.0,,alta_vs_baixa,baixa,alta,80,True,24,24.0
2021,idoso,2,2,SP,401.0,,alta_vs_baixa,baixa,alta,1191,True,401,790.0
2021,idoso,2,2,TO,37.0,,alta_vs_baixa,baixa,alta,44,False,7,7.0
2021,idoso,3,0,SP,0.0,,alta_vs_baixa,baixa,alta,1,False,0,1.0
2021,idoso,3,1,AL,1.0,,alta_vs_baixa,baixa,alta,1,False,0,0.0
2021,idoso,3,1,AM,2.0,,alta_vs_baixa,baixa,alta,5,False,2,3.0
2021,idoso,3,1,AP,3.0,,alta_vs_baixa,baixa,alta,3,False,0,0.0
2021,idoso,3,1,BA,7.0,,alta_vs_baixa,baixa,alta,14,False,7,7.0
2021,idoso,3,1,CE,7.0,,alta_vs_baixa,baixa,alta,10,False,3,3.0
2021,idoso,3,1,DF,4.0,,alta_vs_baixa,baixa,alta,8,False,4,4.0
2021,idoso,3,1,GO,4.0,,alta_vs_baixa,baixa,alta,17,False,4,13.0
2021,idoso,3,1,MA,8.0,,alta_vs_baixa,baixa,alta,9,False,1,1.0
2021,idoso,3,1,MG,10.0,,alta_vs_baixa,baixa,alta,32,False,10,22.0
2021,idoso,3,1,MS,3.0,,alta_vs_baixa,baixa,alta,12,False,3,9.0
2021,idoso,3,1,MT,3.0,,alta_vs_baixa,baixa,alta,17,False,3,14.0
2021,idoso,3,1,PA,3.0,,alta_vs_baixa,baixa,alta,5,False,2,2.0
2021,idoso,3,1,PB,0.0,,alta_vs_baixa,baixa,alta,3,False,0,3.0
2021,idoso,3,1,PE,1.0,,alta_vs_baixa,baixa,alta,6,False,1,5.0
2021,idoso,3,1,PI,2.0,,alta_vs_baixa,baixa,alta,4,False,2,2.0
2021,idoso,3,1,PR,6.0,,alta_vs_baixa,baixa,alta,76,False,6,70.0
2021,idoso,3,1,RJ,6.0,,alta_vs_baixa,baixa,alta,21,False,6,15.0
2021,idoso,3,1,RN,2.0,,alta_vs_baixa,baixa,alta,3,False,1,1.0
2021,idoso,3,1,RO,1.0,,alta_vs_baixa,baixa,alta,2,False,1,1.0
2021,idoso,3,1,RS,0.0,,alta_vs_baixa,baixa,alta,2,False,0,2.0
2021,idoso,3,1,SC,1.0,,alta_vs_baixa,baixa,alta,6,False,1,5.0
2021,idoso,3,1,SP,8.0,,alta_vs_baixa,baixa,alta,285,False,8,277.0
2021,idoso,3,1,TO,6.0,,alta_vs_baixa,baixa,alta,7,False,1,1.0
2021,idoso,3,2,AL,1.0,,alta_vs_baixa,baixa,alta,2,False,1,1.0
2021,idoso,3,2,AM,2.0,,alta_vs_baixa,baixa,alta,5,False,2,3.0
2021,idoso,3,2,AP,4.0,,alta_vs_baixa,baixa,alta,4,False,0,0.0
2021,idoso,3,2,BA,6.0,,alta_vs_baixa,baixa,alta,8,False,2,2.0
2021,idoso,3,2,CE,5.0,,alta_vs_baixa,baixa,alta,9,False,4,4.0
2021,idoso,3,2,DF,1.0,,alta_vs_baixa,baixa,alta,4,False,1,3.0
2021,idoso,3,2,ES,0.0,,alta_vs_baixa,baixa,alta,2,False,0,2.0
2021,idoso,3,2,GO,7.0,,alta_vs_baixa,baixa,alta,14,False,7,7.0
2021,idoso,3,2,MA,3.0,,alta_vs_baixa,baixa,alta,4,False,1,1.0
2021,idoso,3,2,MG,4.0,,alta_vs_baixa,baixa,alta,16,False,4,12.0
2021,idoso,3,2,MS,3.0,,alta_vs_baixa,baixa,alta,18,False,3,15.0
2021,idoso,3,2,MT,4.0,,alta_vs_baixa,baixa,alta,8,False,4,4.0
2021,idoso,3,2,PA,2.0,,alta_vs_baixa,baixa,alta,5,False,2,3.0
2021,idoso,3,2,PB,3.0,,alta_vs_baixa,baixa,alta,3,False,0,0.0
2021,idoso,3,2,PE,3.0,,alta_vs_baixa,baixa,alta,8,False,3,5.0
2021,idoso,3,2,PI,5.0,,alta_vs_baixa,baixa,alta,7,False,2,2.0
2021,idoso,3,2,PR,8.0,,alta_vs_baixa,baixa,alta,30,False,8,22.0
2021,idoso,3,2,RJ,5.0,,alta_vs_baixa,baixa,alta,13,False,5,8.0
2021,idoso,3,2,RN,4.0,,alta_vs_baixa,baixa,alta,9,False,4,5.0
2021,idoso,3,2,RO,1.0,,alta_vs_baixa,baixa,alta,2,False,1,1.0
2021,idoso,3,2,RS,0.0,,alta_vs_baixa,baixa,alta,1,False,0,1.0
2021,idoso,3,2,SC,1.0,,alta_vs_baixa,baixa,alta,5,False,1,4.0
2021,idoso,3,2,SP,11.0,,alta_vs_baixa,baixa,alta,144,False,11,133.0
2021,idoso,3,2,TO,2.0,,alta_vs_baixa,baixa,alta,2,False,0,0.0
2021,idoso,4,0,SP,0.0,,alta_vs_baixa,baixa,alta,1,False,0,1.0
2021,idoso,4,1,AC,91.0,,alta_vs_baixa,baixa,alta,119,True,28,28.0
2021,idoso,4,1,AL,427.0,,alta_vs_baixa,baixa,alta,616,True,189,189.0
2021,idoso,4,1,AM,496.0,,alta_vs_baixa,baixa,alta,1392,True,496,896.0
2021,idoso,4,1,AP,66.0,,alta_vs_baixa,baixa,alta,105,True,39,39.0
2021,idoso,4,1,BA,1436.0,,alta_vs_baixa,baixa,alta,2626,True,1190,1190.0
2021,idoso,4,1,CE,1933.0,,alta_vs_baixa,baixa,alta,2902,True,969,969.0
2021,idoso,4,1,DF,106.0,,alta_vs_baixa,baixa,alta,368,True,106,262.0
2021,idoso,4,1,ES,155.0,,alta_vs_baixa,baixa,alta,423,True,155,268.0
2021,idoso,4,1,GO,633.0,,alta_vs_baixa,baixa,alta,1480,True,633,847.0
2021,idoso,4,1,MA,1193.0,,alta_vs_baixa,baixa,alta,1791,True,598,598.0
2021,idoso,4,1,MG,1171.0,,alta_vs_baixa,baixa,alta,2785,True,1171,1614.0
2021,idoso,4,1,MS,223.0,,alta_vs_baixa,baixa,alta,688,True,223,465.0
2021,idoso,4,1,MT,344.0,,alta_vs_baixa,baixa,alta,761,True,344,417.0
2021,idoso,4,1,PA,934.0,,alta_vs_baixa,baixa,alta,1747,True,813,813.0
2021,idoso,4,1,PB,357.0,,alta_vs_baixa,baixa,alta,485,True,128,128.0
2021,idoso,4,1,PE,1376.0,,alta_vs_baixa,baixa,alta,2313,True,937,937.0
2021,idoso,4,1,PI,631.0,,alta_vs_baixa,baixa,alta,807,True,176,176.0
2021,idoso,4,1,PR,433.0,,alta_vs_baixa,baixa,alta,995,True,433,562.0
2021,idoso,4,1,RJ,499.0,,alta_vs_baixa,baixa,alta,2294,True,499,1795.0
2021,idoso,4,1,RN,403.0,,alta_vs_baixa,baixa,alta,585,True,182,182.0
2021,idoso,4,1,RO,156.0,,alta_vs_baixa,baixa,alta,335,True,156,179.0
2021,idoso,4,1,RR,71.0,,alta_vs_baixa,baixa,alta,163,True,71,92.0
2021,idoso,4,1,RS,83.0,,alta_vs_baixa,baixa,alta,285,True,83,202.0
2021,idoso,4,1,SC,54.0,,alta_vs_baixa,baixa,alta,144,True,54,90.0
2021,idoso,4,1,SE,342.0,,alta_vs_baixa,baixa,alta,645,True,303,303.0
2021,idoso,4,1,SP,1048.0,,alta_vs_baixa,baixa,alta,4248,True,1048,3200.0
2021,idoso,4,1,TO,266.0,,alta_vs_baixa,baixa,alta,380,True,114,114.0
2021,idoso,4,2,AC,86.0,,alta_vs_baixa,baixa,alta,108,True,22,22.0
2021,idoso,4,2,AL,399.0,,alta_vs_baixa,baixa,alta,492,True,93,93.0
2021,idoso,4,2,AM,392.0,,alta_vs_baixa,baixa,alta,965,True,392,573.0
2021,idoso,4,2,AP,56.0,,alta_vs_baixa,baixa,alta,99,True,43,43.0
2021,idoso,4,2,BA,1356.0,,alta_vs_baixa,baixa,alta,2185,True,829,829.0
2021,idoso,4,2,CE,1396.0,,alta_vs_baixa,baixa,alta,2102,True,706,706.0
2021,idoso,4,2,DF,145.0,,alta_vs_baixa,baixa,alta,346,True,145,201.0
2021,idoso,4,2,ES,204.0,,alta_vs_baixa,baixa,alta,352,True,148,148.0
2021,idoso,4,2,GO,546.0,,alta_vs_baixa,baixa,alta,999,True,453,453.0
2021,idoso,4,2,MA,1005.0,,alta_vs_baixa,baixa,alta,1411,True,406,406.0
2021,idoso,4,2,MG,1204.0,,alta_vs_baixa,baixa,alta,2154,True,950,950.0
2021,idoso,4,2,MS,204.0,,alta_vs_baixa,baixa,alta,486,True,204,282.0
2021,idoso,4,2,MT,339.0,,alta_vs_baixa,baixa,alta,624,True,285,285.0
2021,idoso,4,2,PA,731.0,,alta_vs_baixa,baixa,alta,1308,True,577,577.0
2021,idoso,4,2,PB,317.0,,alta_vs_baixa,baixa,alta,433,True,116,116.0
2021,idoso,4,2,PE,1323.0,,alta_vs_baixa,baixa,alta,2002,True,679,679.0
2021,idoso,4,2,PI,497.0,,alta_vs_baixa,baixa,alta,648,True,151,151.0
2021,idoso,4,2,PR,594.0,,alta_vs_baixa,baixa,alta,875,True,281,281.0
2021,idoso,4,2,RJ,727.0,,alta_vs_baixa,baixa,alta,2152,True,727,1425.0
2021,idoso,4,2,RN,289.0,,alta_vs_baixa,baixa,alta,429,True,140,140.0
2021,idoso,4,2,RO,139.0,,alta_vs_baixa,baixa,alta,275,True,136,136.0
2021,idoso,4,2,RR,46.0,,alta_vs_baixa,baixa,alta,119,True,46,73.0
2021,idoso,4,2,RS,107.0,,alta_vs_baixa,baixa,alta,225,True,107,118.0
2021,idoso,4,2,SC,62.0,,alta_vs_baixa,baixa,alta,122,True,60,60.0
2021,idoso,4,2,SE,272.0,,alta_vs_baixa,baixa,alta,440,True,168,168.0
2021,idoso,4,2,SP,1442.0,,alta_vs_baixa,baixa,alta,3334,True,1442,1892.0
2021,idoso,4,2,TO,205.0,,alta_vs_baixa,baixa,alta,266,True,61,61.0
2021,idoso,5,1,AC,2.0,,alta_vs_baixa,baixa,alta,2,False,0,0.0
2021,idoso,5,1,AL,2.0,,alta_vs_baixa,baixa,alta,2,False,0,0.0
2021,idoso,5,1,AM,35.0,,alta_vs_baixa,baixa,alta,43,False,8,8.0
2021,idoso,5,1,AP,1.0,,alta_vs_baixa,baixa,alta,1,False,0,0.0
2021,idoso,5,1,BA,5.0,,alta_vs_baixa,baixa,alta,7,False,2,2.0
2021,idoso,5,1,CE,5.0,,alta_vs_baixa,baixa,alta,8,False,3,3.0
2021,idoso,5,1,DF,0.0,,alta_vs_baixa,baixa,alta,2,False,0,2.0
2021,idoso,5,1,ES,1.0,,alta_vs_baixa,baixa,alta,1,False,0,0.0
2021,idoso,5,1,MA,4.0,,alta_vs_baixa,baixa,alta,7,False,3,3.0
2021,idoso,5,1,MG,3.0,,alta_vs_baixa,baixa,alta,4,False,1,1.0
2021,idoso,5,1,MS,19.0,,alta_vs_baixa,baixa,alta,25,False,6,6.0
2021,idoso,5,1,MT,4.0,,alta_vs_baixa,baixa,alta,6,False,2,2.0
2021,idoso,5,1,PA,5.0,,alta_vs_baixa,baixa,alta,5,False,0,0.0
2021,idoso,5,1,PB,7.0,,alta_vs_baixa,baixa,alta,7,False,0,0.0
2021,idoso,5,1,PE,5.0,,alta_vs_baixa,baixa,alta,7,False,2,2.0
2021,idoso,5,1,PR,6.0,,alta_vs_baixa,baixa,alta,7,False,1,1.0
2021,idoso,5,1,RJ,0.0,,alta_vs_baixa,baixa,alta,4,False,0,4.0
2021,idoso,5,1,RN,3.0,,alta_vs_baixa,baixa,alta,3,False,0,0.0
2021,idoso,5,1,RO,4.0,,alta_vs_baixa,baixa,alta,4,False,0,0.0
2021,idoso,5,1,RR,13.0,,alta_vs_baixa,baixa,alta,13,False,0,0.0
2021,idoso,5,1,RS,4.0,,alta_vs_baixa,baixa,alta,5,False,1,1.0
2021,idoso,5,1,SC,1.0,,alta_vs_baixa,baixa,alta,3,False,1,2.0
2021,idoso,5,1,SP,4.0,,alta_vs_baixa,baixa,alta,9,False,4,5.0
2021,idoso,5,1,TO,3.0,,alta_vs_baixa,baixa,alta,4,False,1,1.0
2021,idoso,5,2,AC,1.0,,alta_vs_baixa,baixa,alta,1,False,0,0.0
2021,idoso,5,2,AL,3.0,,alta_vs_baixa,baixa,alta,3,False,0,0.0
2021,idoso,5,2,AM,39.0,,alta_vs_baixa,baixa,alta,42,False,3,3.0
2021,idoso,5,2,BA,6.0,,alta_vs_baixa,baixa,alta,6,False,0,0.0
2021,idoso,5,2,CE,5.0,,alta_vs_baixa,baixa,alta,6,False,1,1.0
2021,idoso,5,2,DF,1.0,,alta_vs_baixa,baixa,alta,1,False,0,0.0
2021,idoso,5,2,ES,1.0,,alta_vs_baixa,baixa,alta,2,False,1,1.0
2021,idoso,5,2,GO,2.0,,alta_vs_baixa,baixa,alta,2,False,0,0.0
2021,idoso,5,2,MA,2.0,,alta_vs_baixa,baixa,alta,2,False,0,0.0
2021,idoso,5,2,MG,8.0,,alta_vs_baixa,baixa,alta,8,False,0,0.0
2021,idoso,5,2,MS,16.0,,alta_vs_baixa,baixa,alta,18,False,2,2.0
2021,idoso,5,2,MT,5.0,,alta_vs_baixa,baixa,alta,5,False,0,0.0
2021,idoso,5,2,PA,4.0,,alta_vs_baixa,baixa,alta,5,False,1,1.0
2021,idoso,5,2,PE,6.0,,alta_vs_baixa,baixa,alta,9,False,3,3.0
2021,idoso,5,2,PR,7.0,,alta_vs_baixa,baixa,alta,9,False,2,2.0
2021,idoso,5,2,RJ,2.0,,alta_vs_baixa,baixa,alta,7,False,2,5.0
2021,idoso,5,2,RN,2.0,,alta_vs_baixa,baixa,alta,2,False,0,0.0
2021,idoso,5,2,RO,4.0,,alta_vs_baixa,baixa,alta,7,False,3,3.0
2021,idoso,5,2,RR,18.0,,alta_vs_baixa,baixa,alta,22,False,4,4.0
2021,idoso,5,2,RS,7.0,,alta_vs_baixa,baixa,alta,8,False,1,1.0
2021,idoso,5,2,SC,1.0,,alta_vs_baixa,baixa,alta,2,False,1,1.0
2021,idoso,5,2,SP,4.0,,alta_vs_baixa,baixa,alta,11,False,4,7.0
2021,jovem,1,1,AC,1.0,,alta_vs_baixa,baixa,alta,5,False,1,4.0
2021,jovem,1,1,AL,2.0,,alta_vs_baixa,baixa,alta,8,False,2,6.0
2021,jovem,1,1,AM,11.0,,alta_vs_baixa,baixa,alta,70,False,11,59.0
2021,jovem,1,1,AP,1.0,,alta_vs_baixa,baixa,alta,3,False,1,2.0
2021,jovem,1,1,BA,15.0,,alta_vs_baixa,baixa,alta,74,False,15,59.0
2021,jovem,1,1,CE,16.0,,alta_vs_baixa,baixa,alta,66,False,16,50.0
2021,jovem,1,1,DF,0.0,,alta_vs_baixa,baixa,alta,27,False,0,27.0
2021,jovem,1,1,ES,3.0,,alta_vs_baixa,baixa,alta,22,False,3,19.0
2021,jovem,1,1,GO,10.0,,alta_vs_baixa,baixa,alta,156,False,10,146.0
2021,jovem,1,1,MA,7.0,,alta_vs_baixa,baixa,alta,67,False,7,60.0
2021,jovem,1,1,MG,24.0,,alta_vs_baixa,baixa,alta,316,True,24,292.0
2021,jovem,1,1,MS,5.0,,alta_vs_baixa,baixa,alta,67,False,5,62.0
2021,jovem,1,1,MT,4.0,,alta_vs_baixa,baixa,alta,84,False,4,80.0
2021,jovem,1,1,PA,7.0,,alta_vs_baixa,baixa,alta,41,False,7,34.0
2021,jovem,1,1,PB,1.0,,alta_vs_baixa,baixa,alta,13,False,1,12.0
2021,jovem,1,1,PE,17.0,,alta_vs_baixa,baixa,alta,131,False,17,114.0
2021,jovem,1,1,PI,6.0,,alta_vs_baixa,baixa,alta,26,False,6,20.0
2021,jovem,1,1,PR,53.0,,alta_vs_baixa,baixa,alta,675,True,53,622.0
2021,jovem,1,1,RJ,23.0,,alta_vs_baixa,baixa,alta,217,True,23,194.0
2021,jovem,1,1,RN,7.0,,alta_vs_baixa,baixa,alta,25,False,7,18.0
2021,jovem,1,1,RO,5.0,,alta_vs_baixa,baixa,alta,45,False,5,40.0
2021,jovem,1,1,RR,0.0,,alta_vs_baixa,baixa,alta,11,False,0,11.0
2021,jovem,1,1,RS,22.0,,alta_vs_baixa,baixa,alta,252,True,22,230.0
2021,jovem,1,1,SC,13.0,,alta_vs_baixa,baixa,alta,310,False,13,297.0
2021,jovem,1,1,SE,6.0,,alta_vs_baixa,baixa,alta,18,False,6,12.0
2021,jovem,1,1,SP,99.0,,alta_vs_baixa,baixa,alta,961,True,99,862.0
2021,jovem,1,1,TO,2.0,,alta_vs_baixa,baixa,alta,13,False,2,11.0
2021,jovem,1,2,AC,1.0,,alta_vs_baixa,baixa,alta,5,False,1,4.0
2021,jovem,1,2,AL,0.0,,alta_vs_baixa,baixa,alta,4,False,0,4.0
2021,jovem,1,2,AM,4.0,,alta_vs_baixa,baixa,alta,25,False,4,21.0
2021,jovem,1,2,AP,0.0,,alta_vs_baixa,baixa,alta,2,False,0,2.0
2021,jovem,1,2,BA,14.0,,alta_vs_baixa,baixa,alta,39,False,14,25.0
2021,jovem,1,2,CE,8.0,,alta_vs_baixa,baixa,alta,45,False,8,37.0
2021,jovem,1,2,DF,2.0,,alta_vs_baixa,baixa,alta,15,False,2,13.0
2021,jovem,1,2,ES,6.0,,alta_vs_baixa,baixa,alta,27,False,6,21.0
2021,jovem,1,2,GO,8.0,,alta_vs_baixa,baixa,alta,57,False,8,49.0
2021,jovem,1,2,MA,3.0,,alta_vs_baixa,baixa,alta,31,False,3,28.0
2021,jovem,1,2,MG,24.0,,alta_vs_baixa,baixa,alta,152,True,24,128.0
2021,jovem,1,2,MS,2.0,,alta_vs_baixa,baixa,alta,25,False,2,23.0
2021,jovem,1,2,MT,6.0,,alta_vs_baixa,baixa,alta,35,False,6,29.0
2021,jovem,1,2,PA,8.0,,alta_vs_baixa,baixa,alta,37,False,8,29.0
2021,jovem,1,2,PB,0.0,,alta_vs_baixa,baixa,alta,4,False,0,4.0
2021,jovem,1,2,PE,17.0,,alta_vs_baixa,baixa,alta,51,False,17,34.0
2021,jovem,1,2,PI,5.0,,alta_vs_baixa,baixa,alta,19,False,5,14.0
2021,jovem,1,2,PR,38.0,,alta_vs_baixa,baixa,alta,252,True,38,214.0
2021,jovem,1,2,RJ,11.0,,alta_vs_baixa,baixa,alta,122,False,11,111.0
2021,jovem,1,2,RN,0.0,,alta_vs_baixa,baixa,alta,17,False,0,17.0
2021,jovem,1,2,RO,0.0,,alta_vs_baixa,baixa,alta,21,False,0,21.0
2021,jovem,1,2,RR,0.0,,alta_vs_baixa,baixa,alta,5,False,0,5.0
2021,jovem,1,2,RS,25.0,,alta_vs_baixa,baixa,alta,128,True,25,103.0
2021,jovem,1,2,SC,13.0,,alta_vs_baixa,baixa,alta,111,False,13,98.0
2021,jovem,1,2,SE,6.0,,alta_vs_baixa,baixa,alta,15,False,6,9.0
2021,jovem,1,2,SP,72.0,,alta_vs_baixa,baixa,alta,501,True,72,429.0
2021,jovem,1,2,TO,2.0,,alta_vs_baixa,baixa,alta,7,False,2,5.0
2021,jovem,2,1,AL,0.0,,alta_vs_baixa,baixa,alta,2,False,0,2.0
2021,jovem,2,1,AM,0.0,,alta_vs_baixa,baixa,alta,6,False,0,6.0
2021,jovem,2,1,AP,0.0,,alta_vs_baixa,baixa,alta,3,False,0,3.0
2021,jovem,2,1,BA,14.0,,alta_vs_baixa,baixa,alta,132,False,14,118.0
2021,jovem,2,1,CE,2.0,,alta_vs_baixa,baixa,alta,7,False,2,5.0
2021,jovem,2,1,DF,0.0,,alta_vs_baixa,baixa,alta,5,False,0,5.0
2021,jovem,2,1,ES,0.0,,alta_vs_baixa,baixa,alta,11,False,0,11.0
2021,jovem,2,1,GO,1.0,,alta_vs_baixa,baixa,alta,35,False,1,34.0
2021,jovem,2,1,MA,4.0,,alta_vs_baixa,baixa,alta,46,False,4,42.0
2021,jovem,2,1,MG,8.0,,alta_vs_baixa,baixa,alta,100,False,8,92.0
2021,jovem,2,1,MS,2.0,,alta_vs_baixa,baixa,alta,7,False,2,5.0
2021,jovem,2,1,MT,0.0,,alta_vs_baixa,baixa,alta,22,False,0,22.0
2021,jovem,2,1,PA,1.0,,alta_vs_baixa,baixa,alta,10,False,1,9.0
2021,jovem,2,1,PB,0.0,,alta_vs_baixa,baixa,alta,1,False,0,1.0
2021,jovem,2,1,PE,4.0,,alta_vs_baixa,baixa,alta,25,False,4,21.0
2021,jovem,2,1,PI,3.0,,alta_vs_baixa,baixa,alta,17,False,3,14.0
2021,jovem,2,1,PR,4.0,,alta_vs_baixa,baixa,alta,37,False,4,33.0
2021,jovem,2,1,RJ,6.0,,alta_vs_baixa,baixa,alta,125,False,6,119.0
2021,jovem,2,1,RO,0.0,,alta_vs_baixa,baixa,alta,6,False,0,6.0
2021,jovem,2,1,RR,0.0,,alta_vs_baixa,baixa,alta,2,False,0,2.0
2021,jovem,2,1,RS,1.0,,alta_vs_baixa,baixa,alta,24,False,1,23.0
2021,jovem,2,1,SC,0.0,,alta_vs_baixa,baixa,alta,9,False,0,9.0
2021,jovem,2,1,SE,5.0,,alta_vs_baixa,baixa,alta,14,False,5,9.0
2021,jovem,2,1,SP,7.0,,alta_vs_baixa,baixa,alta,124,False,7,117.0
2021,jovem,2,1,TO,1.0,,alta_vs_baixa,baixa,alta,12,False,1,11.0
2021,jovem,2,2,AL,0.0,,alta_vs_baixa,baixa,alta,1,False,0,1.0
2021,jovem,2,2,AM,0.0,,alta_vs_baixa,baixa,alta,2,False,0,2.0
2021,jovem,2,2,AP,1.0,,alta_vs_baixa,baixa,alta,1,False,0,0.0
2021,jovem,2,2,BA,4.0,,alta_vs_baixa,baixa,alta,40,False,4,36.0
2021,jovem,2,2,CE,0.0,,alta_vs_baixa,baixa,alta,3,False,0,3.0
2021,jovem,2,2,DF,0.0,,alta_vs_baixa,baixa,alta,2,False,0,2.0
2021,jovem,2,2,ES,0.0,,alta_vs_baixa,baixa,alta,3,False,0,3.0
2021,jovem,2,2,GO,2.0,,alta_vs_baixa,baixa,alta,15,False,2,13.0
2021,jovem,2,2,MA,1.0,,alta_vs_baixa,baixa,alta,22,False,1,21.0
2021,jovem,2,2,MG,3.0,,alta_vs_baixa,baixa,alta,38,False,3,35.0
2021,jovem,2,2,MS,0.0,,alta_vs_baixa,baixa,alta,1,False,0,1.0
2021,jovem,2,2,MT,1.0,,alta_vs_baixa,baixa,alta,7,False,1,6.0
2021,jovem,2,2,PA,0.0,,alta_vs_baixa,baixa,alta,7,False,0,7.0
2021,jovem,2,2,PE,0.0,,alta_vs_baixa,baixa,alta,4,False,0,4.0
2021,jovem,2,2,PI,1.0,,alta_vs_baixa,baixa,alta,6,False,1,5.0
2021,jovem,2,2,PR,0.0,,alta_vs_baixa,baixa,alta,11,False,0,11.0
2021,jovem,2,2,RJ,6.0,,alta_vs_baixa,baixa,alta,65,False,6,59.0
2021,jovem,2,2,RO,0.0,,alta_vs_baixa,baixa,alta,3,False,0,3.0
2021,jovem,2,2,RS,1.0,,alta_vs_baixa,baixa,alta,13,False,1,12.0
2021,jovem,2,2,SC,0.0,,alta_vs_baixa,baixa,alta,6,False,0,6.0
2021,jovem,2,2,SE,0.0,,alta_vs_baixa,baixa,alta,2,False,0,2.0
2021,jovem,2,2,SP,5.0,,alta_vs_baixa,baixa,alta,57,False,5,52.0
2021,jovem,2,2,TO,0.0,,alta_vs_baixa,baixa,alta,3,False,0,3.0
2021,jovem,3,1,AM,1.0,,alta_vs_baixa,baixa,alta,2,False,1,1.0
2021,jovem,3,1,BA,0.0,,alta_vs_baixa,baixa,alta,2,False,0,2.0
2021,jovem,3,1,CE,0.0,,alta_vs_baixa,baixa,alta,1,False,0,1.0
2021,jovem,3,1,GO,0.0,,alta_vs_baixa,baixa,alta,2,False,0,2.0
2021,jovem,3,1,MA,0.0,,alta_vs_baixa,baixa,alta,1,False,0,1.0
2021,jovem,3,1,MG,0.0,,alta_vs_baixa,baixa,alta,1,False,0,1.0
2021,jovem,3,1,MT,0.0,,alta_vs_baixa,baixa,alta,2,False,0,2.0
2021,jovem,3,1,PE,0.0,,alta_vs_baixa,baixa,alta,1,False,0,1.0
2021,jovem,3,1,PR,0.0,,alta_vs_baixa,baixa,alta,2,False,0,2.0
2021,jovem,3,1,RJ,0.0,,alta_vs_baixa,baixa,alta,1,False,0,1.0
2021,jovem,3,1,RR,0.0,,alta_vs_baixa,baixa,alta,1,False,0,1.0
2021,jovem,3,1,SP,1.0,,alta_vs_baixa,baixa,alta,6,False,1,5.0
2021,jovem,3,2,BA,0.0,,alta_vs_baixa,baixa,alta,1,False,0,1.0
2021,jovem,3,2,DF,0.0,,alta_vs_baixa,baixa,alta,1,False,0,1.0
2021,jovem,3,2,MA,0.0,,alta_vs_baixa,baixa,alta,1,False,0,1.0
2021,jovem,3,2,RJ,0.0,,alta_vs_baixa,baixa,alta,1,False,0,1.0
2021,jovem,3,2,SP,0.0,,alta_vs_baixa,baixa,alta,4,False,0,4.0
2021,jovem,3,2,TO,0.0,,alta_vs_baixa,baixa,alta,2,False,0,2.0
2021,jovem,4,0,GO,0.0,,alta_vs_baixa,baixa,alta,1,False,0,1.0
2021,jovem,4,1,AC,5.0,,alta_vs_baixa,baixa,alta,22,False,5,17.0
2021,jovem,4,1,AL,14.0,,alta_vs_baixa,baixa,alta,228,False,14,214.0
2021,jovem,4,1,AM,27.0,,alta_vs_baixa,baixa,alta,547,True,27,520.0
2021,jovem,4,1,AP,1.0,,alta_vs_baixa,baixa,alta,53,False,1,52.0
2021,jovem,4,1,BA,46.0,,alta_vs_baixa,baixa,alta,615,True,46,569.0
2021,jovem,4,1,CE,49.0,,alta_vs_baixa,baixa,alta,399,True,49,350.0
2021,jovem,4,1,DF,1.0,,alta_vs_baixa,baixa,alta,50,False,1,49.0
2021,jovem,4,1,ES,2.0,,alta_vs_baixa,baixa,alta,78,False,2,76.0
2021,jovem,4,1,GO,7.0,,alta_vs_baixa,baixa,alta,353,False,7,346.0
2021,jovem,4,1,MA,33.0,,alta_vs_baixa,baixa,alta,483,True,33,450.0
2021,jovem,4,1,MG,25.0,,alta_vs_baixa,baixa,alta,441,True,25,416.0
2021,jovem,4,1,MS,12.0,,alta_vs_baixa,baixa,alta,116,False,12,104.0
2021,jovem,4,1,MT,2.0,,alta_vs_baixa,baixa,alta,199,False,2,197.0
2021,jovem,4,1,PA,33.0,,alta_vs_baixa,baixa,alta,366,True,33,333.0
2021,jovem,4,1,PB,4.0,,alta_vs_baixa,baixa,alta,43,False,4,39.0
2021,jovem,4,1,PE,47.0,,alta_vs_baixa,baixa,alta,396,True,47,349.0
2021,jovem,4,1,PI,12.0,,alta_vs_baixa,baixa,alta,121,False,12,109.0
2021,jovem,4,1,PR,14.0,,alta_vs_baixa,baixa,alta,301,False,14,287.0
2021,jovem,4,1,RJ,21.0,,alta_vs_baixa,baixa,alta,372,True,21,351.0
2021,jovem,4,1,RN,8.0,,alta_vs_baixa,baixa,alta,42,False,8,34.0
2021,jovem,4,1,RO,3.0,,alta_vs_baixa,baixa,alta,102,False,3,99.0
2021,jovem,4,1,RR,2.0,,alta_vs_baixa,baixa,alta,69,False,2,67.0
2021,jovem,4,1,RS,1.0,,alta_vs_baixa,baixa,alta,39,False,1,38.0
2021,jovem,4,1,SC,1.0,,alta_vs_baixa,baixa,alta,42,False,1,41.0
2021,jovem,4,1,SE,16.0,,alta_vs_baixa,baixa,alta,128,False,16,112.0
2021,jovem,4,1,SP,36.0,,alta_vs_baixa,baixa,alta,693,True,36,657.0
2021,jovem,4,1,TO,4.0,,alta_vs_baixa,baixa,alta,84,False,4,80.0
2021,jovem,4,2,AC,2.0,,alta_vs_baixa,baixa,alta,16,False,2,14.0
2021,jovem,4,2,AL,2.0,,alta_vs_baixa,baixa,alta,34,False,2,32.0
2021,jovem,4,2,AM,11.0,,alta_vs_baixa,baixa,alta,148,False,11,137.0
2021,jovem,4,2,AP,2.0,,alta_vs_baixa,baixa,alta,12,False,2,10.0
2021,jovem,4,2,BA,24.0,,alta_vs_baixa,baixa,alta,153,True,24,129.0
2021,jovem,4,2,CE,15.0,,alta_vs_baixa,baixa,alta,112,False,15,97.0
2021,jovem,4,2,DF,1.0,,alta_vs_baixa,baixa,alta,23,False,1,22.0
2021,jovem,4,2,ES,3.0,,alta_vs_baixa,baixa,alta,26,False,3,23.0
2021,jovem,4,2,GO,3.0,,alta_vs_baixa,baixa,alta,76,False,3,73.0
2021,jovem,4,2,MA,17.0,,alta_vs_baixa,baixa,alta,137,False,17,120.0
2021,jovem,4,2,MG,14.0,,alta_vs_baixa,baixa,alta,161,False,14,147.0
2021,jovem,4,2,MS,7.0,,alta_vs_baixa,baixa,alta,54,False,7,47.0
2021,jovem,4,2,MT,2.0,,alta_vs_baixa,baixa,alta,58,False,2,56.0
2021,jovem,4,2,PA,17.0,,alta_vs_baixa,baixa,alta,142,False,17,125.0
2021,jovem,4,2,PB,3.0,,alta_vs_baixa,baixa,alta,22,False,3,19.0
2021,jovem,4,2,PE,13.0,,alta_vs_baixa,baixa,alta,110,False,13,97.0
2021,jovem,4,2,PI,2.0,,alta_vs_baixa,baixa,alta,38,False,2,36.0
2021,jovem,4,2,PR,6.0,,alta_vs_baixa,baixa,alta,102,False,6,96.0
2021,jovem,4,2,RJ,9.0,,alta_vs_baixa,baixa,alta,117,False,9,108.0
2021,jovem,4,2,RN,2.0,,alta_vs_baixa,baixa,alta,17,False,2,15.0
2021,jovem,4,2,RO,2.0,,alta_vs_baixa,baixa,alta,33,False,2,31.0
2021,jovem,4,2,RR,0.0,,alta_vs_baixa,baixa,alta,20,False,0,20.0
2021,jovem,4,2,RS,3.0,,alta_vs_baixa,baixa,alta,16,False,3,13.0
2021,jovem,4,2,SC,1.0,,alta_vs_baixa,baixa,alta,18,False,1,17.0
2021,jovem,4,2,SE,5.0,,alta_vs_baixa,baixa,alta,28,False,5,23.0
2021,jovem,4,2,SP,23.0,,alta_vs_baixa,baixa,alta,264,True,23,241.0
2021,jovem,4,2,TO,2.0,,alta_vs_baixa,baixa,alta,26,False,2,24.0
2021,jovem,5,1,AC,0.0,,alta_vs_baixa,baixa,alta,1,False,0,1.0
2021,jovem,5,1,AM,10.0,,alta_vs_baixa,baixa,alta,31,False,10,21.0
2021,jovem,5,1,AP,1.0,,alta_vs_baixa,baixa,alta,1,False,0,0.0
2021,jovem,5,1,ES,1.0,,alta_vs_baixa,baixa,alta,1,False,0,0.0
2021,jovem,5,1,MA,4.0,,alta_vs_baixa,baixa,alta,6,False,2,2.0
2021,jovem,5,1,MG,1.0,,alta_vs_baixa,baixa,alta,1,False,0,0.0
2021,jovem,5,1,MS,1.0,,alta_vs_baixa,baixa,alta,17,False,1,16.0
2021,jovem,5,1,MT,0.0,,alta_vs_baixa,baixa,alta,3,False,0,3.0
2021,jovem,5,1,PA,0.0,,alta_vs_baixa,baixa,alta,2,False,0,2.0
2021,jovem,5,1,PR,1.0,,alta_vs_baixa,baixa,alta,6,False,1,5.0
2021,jovem,5,1,RO,0.0,,alta_vs_baixa,baixa,alta,1,False,0,1.0
2021,jovem,5,1,RR,18.0,,alta_vs_baixa,baixa,alta,28,False,10,10.0
2021,jovem,5,1,RS,0.0,,alta_vs_baixa,baixa,alta,1,False,0,1.0
2021,jovem,5,1,SC,0.0,,alta_vs_baixa,baixa,alta,4,False,0,4.0
2021,jovem,5,1,SP,0.0,,alta_vs_baixa,baixa,alta,3,False,0,3.0
2021,jovem,5,1,TO,1.0,,alta_vs_baixa,baixa,alta,3,False,1,2.0
2021,jovem,5,2,AC,2.0,,alta_vs_baixa,baixa,alta,2,False,0,0.0
2021,jovem,5,2,AM,6.0,,alta_vs_baixa,baixa,alta,23,False,6,17.0
2021,jovem,5,2,BA,1.0,,alta_vs_baixa,baixa,alta,2,False,1,1.0
2021,jovem,5,2,CE,1.0,,alta_vs_baixa,baixa,alta,2,False,1,1.0
2021,jovem,5,2,MA,0.0,,alta_vs_baixa,baixa,alta,1,False,0,1.0
2021,jovem,5,2,MS,0.0,,alta_vs_baixa,baixa,alta,2,False,0,2.0
2021,jovem,5,2,PB,1.0,,alta_vs_baixa,baixa,alta,1,False,0,0.0
2021,jovem,5,2,PE,0.0,,alta_vs_baixa,baixa,alta,3,False,0,3.0
2021,jovem,5,2,PR,0.0,,alta_vs_baixa,baixa,alta,3,False,0,3.0
2021,jovem,5,2,RR,10.0,,alta_vs_baixa,baixa,alta,12,False,2,2.0
2021,jovem,5,2,RS,1.0,,alta_vs_baixa,baixa,alta,1,False,0,0.0
2021,jovem,5,2,SC,0.0,,alta_vs_baixa,baixa,alta,1,False,0,1.0
2021,jovem,5,2,SP,0.0,,alta_vs_baixa,baixa,alta,1,False,0,1.0
2021,meia-idade,1,0,SP,0.0,,alta_vs_baixa,baixa,alta,2,False,0,2.0
2021,meia-idade,1,1,AC,2.0,,alta_vs_baixa,baixa,alta,11,False,2,9.0
2021,meia-idade,1,1,AL,28.0,,alta_vs_baixa,baixa,alta,76,True,28,48.0
2021,meia-idade,1,1,AM,14.0,,alta_vs_baixa,baixa,alta,188,False,14,174.0
2021,meia-idade,1,1,AP,7.0,,alta_vs_baixa,baixa,alta,24,False,7,17.0
2021,meia-idade,1,1,BA,103.0,,alta_vs_baixa,baixa,alta,424,True,103,321.0
2021,meia-idade,1,1,CE,126.0,,alta_vs_baixa,baixa,alta,434,True,126,308.0
2021,meia-idade,1,1,DF,22.0,,alta_vs_baixa,baixa,alta,244,True,22,222.0
2021,meia-idade,1,1,ES,22.0,,alta_vs_baixa,baixa,alta,233,True,22,211.0
2021,meia-idade,1,1,GO,108.0,,alta_vs_baixa,baixa,alta,851,True,108,743.0
2021,meia-idade,1,1,MA,55.0,,alta_vs_baixa,baixa,alta,272,True,55,217.0
2021,meia-idade,1,1,MG,253.0,,alta_vs_baixa,baixa,alta,2462,True,253,2209.0
2021,meia-idade,1,1,MS,52.0,,alta_vs_baixa,baixa,alta,533,True,52,481.0
2021,meia-idade,1,1,MT,44.0,,alta_vs_baixa,baixa,alta,416,True,44,372.0
2021,meia-idade,1,1,PA,32.0,,alta_vs_baixa,baixa,alta,205,True,32,173.0
2021,meia-idade,1,1,PB,34.0,,alta_vs_baixa,baixa,alta,91,True,34,57.0
2021,meia-idade,1,1,PE,167.0,,alta_vs_baixa,baixa,alta,649,True,167,482.0
2021,meia-idade,1,1,PI,28.0,,alta_vs_baixa,baixa,alta,85,True,28,57.0
2021,meia-idade,1,1,PR,288.0,,alta_vs_baixa,baixa,alta,3517,True,288,3229.0
2021,meia-idade,1,1,RJ,143.0,,alta_vs_baixa,baixa,alta,1788,True,143,1645.0
2021,meia-idade,1,1,RN,54.0,,alta_vs_baixa,baixa,alta,175,True,54,121.0
2021,meia-idade,1,1,RO,12.0,,alta_vs_baixa,baixa,alta,142,False,12,130.0
2021,meia-idade,1,1,RR,4.0,,alta_vs_baixa,baixa,alta,33,False,4,29.0
2021,meia-idade,1,1,RS,190.0,,alta_vs_baixa,baixa,alta,2156,True,190,1966.0
2021,meia-idade,1,1,SC,145.0,,alta_vs_baixa,baixa,alta,1977,True,145,1832.0
2021,meia-idade,1,1,SE,34.0,,alta_vs_baixa,baixa,alta,135,True,34,101.0
2021,meia-idade,1,1,SP,536.0,,alta_vs_baixa,baixa,alta,10046,True,536,9510.0
2021,meia-idade,1,1,TO,18.0,,alta_vs_baixa,baixa,alta,89,False,18,71.0
2021,meia-idade,1,2,AC,2.0,,alta_vs_baixa,baixa,alta,7,False,2,5.0
2021,meia-idade,1,2,AL,42.0,,alta_vs_baixa,baixa,alta,90,True,42,48.0
2021,meia-idade,1,2,AM,13.0,,alta_vs_baixa,baixa,alta,185,False,13,172.0
2021,meia-idade,1,2,AP,4.0,,alta_vs_baixa,baixa,alta,10,False,4,6.0
2021,meia-idade,1,2,BA,79.0,,alta_vs_baixa,baixa,alta,329,True,79,250.0
2021,meia-idade,1,2,CE,108.0,,alta_vs_baixa,baixa,alta,374,True,108,266.0
2021,meia-idade,1,2,DF,17.0,,alta_vs_baixa,baixa,alta,177,False,17,160.0
2021,meia-idade,1,2,ES,22.0,,alta_vs_baixa,baixa,alta,153,True,22,131.0
2021,meia-idade,1,2,GO,78.0,,alta_vs_baixa,baixa,alta,606,True,78,528.0
2021,meia-idade,1,2,MA,46.0,,alta_vs_baixa,baixa,alta,197,True,46,151.0
2021,meia-idade,1,2,MG,230.0,,alta_vs_baixa,baixa,alta,1640,True,230,1410.0
2021,meia-idade,1,2,MS,30.0,,alta_vs_baixa,baixa,alta,330,True,30,300.0
2021,meia-idade,1,2,MT,29.0,,alta_vs_baixa,baixa,alta,229,True,29,200.0
2021,meia-idade,1,2,PA,38.0,,alta_vs_baixa,baixa,alta,194,True,38,156.0
2021,meia-idade,1,2,PB,27.0,,alta_vs_baixa,baixa,alta,80,True,27,53.0
2021,meia-idade,1,2,PE,154.0,,alta_vs_baixa,baixa,alta,569,True,154,415.0
2021,meia-idade,1,2,PI,23.0,,alta_vs_baixa,baixa,alta,76,True,23,53.0
2021,meia-idade,1,2,PR,299.0,,alta_vs_baixa,baixa,alta,2153,True,299,1854.0
2021,meia-idade,1,2,RJ,119.0,,alta_vs_baixa,baixa,alta,1625,True,119,1506.0
2021,meia-idade,1,2,RN,52.0,,alta_vs_baixa,baixa,alta,157,True,52,105.0
2021,meia-idade,1,2,RO,8.0,,alta_vs_baixa,baixa,alta,83,False,8,75.0
2021,meia-idade,1,2,RR,1.0,,alta_vs_baixa,baixa,alta,23,False,1,22.0
2021,meia-idade,1,2,RS,147.0,,alta_vs_baixa,baixa,alta,1454,True,147,1307.0
2021,meia-idade,1,2,SC,91.0,,alta_vs_baixa,baixa,alta,1146,True,91,1055.0
2021,meia-idade,1,2,SE,26.0,,alta_vs_baixa,baixa,alta,102,True,26,76.0
2021,meia-idade,1,2,SP,482.0,,alta_vs_baixa,baixa,alta,6427,True,482,5945.0
2021,meia-idade,1,2,TO,7.0,,alta_vs_baixa,baixa,alta,41,False,7,34.0
2021,meia-idade,2,1,AC,2.0,,alta_vs_baixa,baixa,alta,5,False,2,3.0
2021,meia-idade,2,1,AL,25.0,,alta_vs_baixa,baixa,alta,37,False,12,12.0
2021,meia-idade,2,1,AM,7.0,,alta_vs_baixa,baixa,alta,38,False,7,31.0
2021,meia-idade,2,1,AP,8.0,,alta_vs_baixa,baixa,alta,22,False,8,14.0
2021,meia-idade,2,1,BA,216.0,,alta_vs_baixa,baixa,alta,537,True,216,321.0
2021,meia-idade,2,1,CE,49.0,,alta_vs_baixa,baixa,alta,101,True,49,52.0
2021,meia-idade,2,1,DF,10.0,,alta_vs_baixa,baixa,alta,68,False,10,58.0
2021,meia-idade,2,1,ES,22.0,,alta_vs_baixa,baixa,alta,93,True,22,71.0
2021,meia-idade,2,1,GO,70.0,,alta_vs_baixa,baixa,alta,219,True,70,149.0
2021,meia-idade,2,1,MA,102.0,,alta_vs_baixa,baixa,alta,188,True,86,86.0
2021,meia-idade,2,1,MG,153.0,,alta_vs_baixa,baixa,alta,584,True,153,431.0
2021,meia-idade,2,1,MS,13.0,,alta_vs_baixa,baixa,alta,61,False,13,48.0
2021,meia-idade,2,1,MT,29.0,,alta_vs_baixa,baixa,alta,107,True,29,78.0
2021,meia-idade,2,1,PA,42.0,,alta_vs_baixa,baixa,alta,87,True,42,45.0
2021,meia-idade,2,1,PB,21.0,,alta_vs_baixa,baixa,alta,29,False,8,8.0
2021,meia-idade,2,1,PE,98.0,,alta_vs_baixa,baixa,alta,206,True,98,108.0
2021,meia-idade,2,1,PI,60.0,,alta_vs_baixa,baixa,alta,78,False,18,18.0
2021,meia-idade,2,1,PR,37.0,,alta_vs_baixa,baixa,alta,223,True,37,186.0
2021,meia-idade,2,1,RJ,101.0,,alta_vs_baixa,baixa,alta,715,True,101,614.0
2021,meia-idade,2,1,RN,24.0,,alta_vs_baixa,baixa,alta,38,False,14,14.0
2021,meia-idade,2,1,RO,7.0,,alta_vs_baixa,baixa,alta,25,False,7,18.0
2021,meia-idade,2,1,RR,1.0,,alta_vs_baixa,baixa,alta,7,False,1,6.0
2021,meia-idade,2,1,RS,39.0,,alta_vs_baixa,baixa,alta,185,True,39,146.0
2021,meia-idade,2,1,SC,9.0,,alta_vs_baixa,baixa,alta,58,False,9,49.0
2021,meia-idade,2,1,SE,41.0,,alta_vs_baixa,baixa,alta,87,True,41,46.0
2021,meia-idade,2,1,SP,132.0,,alta_vs_baixa,baixa,alta,1321,True,132,1189.0
2021,meia-idade,2,1,TO,20.0,,alta_vs_baixa,baixa,alta,36,False,16,16.0
2021,meia-idade,2,2,AC,1.0,,alta_vs_baixa,baixa,alta,3,False,1,2.0
2021,meia-idade,2,2,AL,18.0,,alta_vs_baixa,baixa,alta,29,False,11,11.0
2021,meia-idade,2,2,AM,3.0,,alta_vs_baixa,baixa,alta,24,False,3,21.0
2021,meia-idade,2,2,AP,2.0,,alta_vs_baixa,baixa,alta,7,False,2,5.0
2021,meia-idade,2,2,BA,128.0,,alta_vs_baixa,baixa,alta,363,True,128,235.0
2021,meia-idade,2,2,CE,28.0,,alta_vs_baixa,baixa,alta,47,False,19,19.0
2021,meia-idade,2,2,DF,6.0,,alta_vs_baixa,baixa,alta,28,False,6,22.0
2021,meia-idade,2,2,ES,15.0,,alta_vs_baixa,baixa,alta,50,False,15,35.0
2021,meia-idade,2,2,GO,34.0,,alta_vs_baixa,baixa,alta,115,True,34,81.0
2021,meia-idade,2,2,MA,58.0,,alta_vs_baixa,baixa,alta,102,True,44,44.0
2021,meia-idade,2,2,MG,104.0,,alta_vs_baixa,baixa,alta,388,True,104,284.0
2021,meia-idade,2,2,MS,8.0,,alta_vs_baixa,baixa,alta,38,False,8,30.0
2021,meia-idade,2,2,MT,20.0,,alta_vs_baixa,baixa,alta,67,True,20,47.0
2021,meia-idade,2,2,PA,34.0,,alta_vs_baixa,baixa,alta,59,True,25,25.0
2021,meia-idade,2,2,PB,5.0,,alta_vs_baixa,baixa,alta,13,False,5,8.0
2021,meia-idade,2,2,PE,42.0,,alta_vs_baixa,baixa,alta,123,True,42,81.0
2021,meia-idade,2,2,PI,18.0,,alta_vs_baixa,baixa,alta,33,False,15,15.0
2021,meia-idade,2,2,PR,27.0,,alta_vs_baixa,baixa,alta,117,True,27,90.0
2021,meia-idade,2,2,RJ,126.0,,alta_vs_baixa,baixa,alta,645,True,126,519.0
2021,meia-idade,2,2,RN,15.0,,alta_vs_baixa,baixa,alta,34,False,15,19.0
2021,meia-idade,2,2,RO,5.0,,alta_vs_baixa,baixa,alta,15,False,5,10.0
2021,meia-idade,2,2,RR,1.0,,alta_vs_baixa,baixa,alta,3,False,1,2.0
2021,meia-idade,2,2,RS,22.0,,alta_vs_baixa,baixa,alta,130,True,22,108.0
2021,meia-idade,2,2,SC,8.0,,alta_vs_baixa,baixa,alta,46,False,8,38.0
2021,meia-idade,2,2,SE,18.0,,alta_vs_baixa,baixa,alta,53,False,18,35.0
2021,meia-idade,2,2,SP,108.0,,alta_vs_baixa,baixa,alta,793,True,108,685.0
2021,meia-idade,2,2,TO,12.0,,alta_vs_baixa,baixa,alta,23,False,11,11.0
2021,meia-idade,3,1,AL,1.0,,alta_vs_baixa,baixa,alta,4,False,1,3.0
2021,meia-idade,3,1,AM,0.0,,alta_vs_baixa,baixa,alta,3,False,0,3.0
2021,meia-idade,3,1,BA,0.0,,alta_vs_baixa,baixa,alta,3,False,0,3.0
2021,meia-idade,3,1,CE,5.0,,alta_vs_baixa,baixa,alta,10,False,5,5.0
2021,meia-idade,3,1,DF,0.0,,alta_vs_baixa,baixa,alta,3,False,0,3.0
2021,meia-idade,3,1,GO,1.0,,alta_vs_baixa,baixa,alta,13,False,1,12.0
2021,meia-idade,3,1,MA,2.0,,alta_vs_baixa,baixa,alta,8,False,2,6.0
2021,meia-idade,3,1,MG,1.0,,alta_vs_baixa,baixa,alta,8,False,1,7.0
2021,meia-idade,3,1,MS,0.0,,alta_vs_baixa,baixa,alta,4,False,0,4.0
2021,meia-idade,3,1,MT,1.0,,alta_vs_baixa,baixa,alta,16,False,1,15.0
2021,meia-idade,3,1,PA,0.0,,alta_vs_baixa,baixa,alta,3,False,0,3.0
2021,meia-idade,3,1,PE,1.0,,alta_vs_baixa,baixa,alta,3,False,1,2.0
2021,meia-idade,3,1,PR,4.0,,alta_vs_baixa,baixa,alta,33,False,4,29.0
2021,meia-idade,3,1,RJ,0.0,,alta_vs_baixa,baixa,alta,7,False,0,7.0
2021,meia-idade,3,1,RN,1.0,,alta_vs_baixa,baixa,alta,1,False,0,0.0
2021,meia-idade,3,1,RO,0.0,,alta_vs_baixa,baixa,alta,1,False,0,1.0
2021,meia-idade,3,1,RR,0.0,,alta_vs_baixa,baixa,alta,2,False,0,2.0
2021,meia-idade,3,1,RS,0.0,,alta_vs_baixa,baixa,alta,3,False,0,3.0
2021,meia-idade,3,1,SC,0.0,,alta_vs_baixa,baixa,alta,1,False,0,1.0
2021,meia-idade,3,1,SE,0.0,,alta_vs_baixa,baixa,alta,1,False,0,1.0
2021,meia-idade,3,1,SP,3.0,,alta_vs_baixa,baixa,alta,107,False,3,104.0
2021,meia-idade,3,1,TO,2.0,,alta_vs_baixa,baixa,alta,3,False,1,1.0
2021,meia-idade,3,2,AM,1.0,,alta_vs_baixa,baixa,alta,2,False,1,1.0
2021,meia-idade,3,2,BA,4.0,,alta_vs_baixa,baixa,alta,6,False,2,2.0
2021,meia-idade,3,2,CE,3.0,,alta_vs_baixa,baixa,alta,3,False,0,0.0
2021,meia-idade,3,2,DF,1.0,,alta_vs_baixa,baixa,alta,6,False,1,5.0
2021,meia-idade,3,2,GO,1.0,,alta_vs_baixa,baixa,alta,9,False,1,8.0
2021,meia-idade,3,2,MA,2.0,,alta_vs_baixa,baixa,alta,4,False,2,2.0
2021,meia-idade,3,2,MG,0.0,,alta_vs_baixa,baixa,alta,8,False,0,8.0
2021,meia-idade,3,2,MS,1.0,,alta_vs_baixa,baixa,alta,5,False,1,4.0
2021,meia-idade,3,2,MT,0.0,,alta_vs_baixa,baixa,alta,8,False,0,8.0
2021,meia-idade,3,2,PA,0.0,,alta_vs_baixa,baixa,alta,1,False,0,1.0
2021,meia-idade,3,2,PB,1.0,,alta_vs_baixa,baixa,alta,2,False,1,1.0
2021,meia-idade,3,2,PE,2.0,,alta_vs_baixa,baixa,alta,5,False,2,3.0
2021,meia-idade,3,2,PI,0.0,,alta_vs_baixa,baixa,alta,1,False,0,1.0
2021,meia-idade,3,2,PR,0.0,,alta_vs_baixa,baixa,alta,7,False,0,7.0
2021,meia-idade,3,2,RJ,0.0,,alta_vs_baixa,baixa,alta,5,False,0,5.0
2021,meia-idade,3,2,RO,0.0,,alta_vs_baixa,baixa,alta,1,False,0,1.0
2021,meia-idade,3,2,RS,1.0,,alta_vs_baixa,baixa,alta,2,False,1,1.0
2021,meia-idade,3,2,SC,0.0,,alta_vs_baixa,baixa,alta,2,False,0,2.0
2021,meia-idade,3,2,SP,3.0,,alta_vs_baixa,baixa,alta,55,False,3,52.0
2021,meia-idade,4,0,SP,0.0,,alta_vs_baixa,baixa,alta,2,False,0,2.0
2021,meia-idade,4,1,AC,33.0,,alta_vs_baixa,baixa,alta,66,True,33,33.0
2021,meia-idade,4,1,AL,214.0,,alta_vs_baixa,baixa,alta,442,True,214,228.0
2021,meia-idade,4,1,AM,178.0,,alta_vs_baixa,baixa,alta,989,True,178,811.0
2021,meia-idade,4,1,AP,28.0,,alta_vs_baixa,baixa,alta,107,True,28,79.0
2021,meia-idade,4,1,BA,698.0,,alta_vs_baixa,baixa,alta,1759,True,698,1061.0
2021,meia-idade,4,1,CE,817.0,,alta_vs_baixa,baixa,alta,1747,True,817,930.0
2021,meia-idade,4,1,DF,42.0,,alta_vs_baixa,baixa,alta,350,True,42,308.0
2021,meia-idade,4,1,ES,84.0,,alta_vs_baixa,baixa,alta,371,True,84,287.0
2021,meia-idade,4,1,GO,245.0,,alta_vs_baixa,baixa,alta,1190,True,245,945.0
2021,meia-idade,4,1,MA,485.0,,alta_vs_baixa,baixa,alta,1101,True,485,616.0
2021,meia-idade,4,1,MG,509.0,,alta_vs_baixa,baixa,alta,2082,True,509,1573.0
2021,meia-idade,4,1,MS,107.0,,alta_vs_baixa,baixa,alta,611,True,107,504.0
2021,meia-idade,4,1,MT,128.0,,alta_vs_baixa,baixa,alta,646,True,128,518.0
2021,meia-idade,4,1,PA,371.0,,alta_vs_baixa,baixa,alta,1111,True,371,740.0
2021,meia-idade,4,1,PB,168.0,,alta_vs_baixa,baixa,alta,292,True,124,124.0
2021,meia-idade,4,1,PE,725.0,,alta_vs_baixa,baixa,alta,1577,True,725,852.0
2021,meia-idade,4,1,PI,247.0,,alta_vs_baixa,baixa,alta,445,True,198,198.0
2021,meia-idade,4,1,PR,168.0,,alta_vs_baixa,baixa,alta,995,True,168,827.0
2021,meia-idade,4,1,RJ,178.0,,alta_vs_baixa,baixa,alta,1378,True,178,1200.0
2021,meia-idade,4,1,RN,170.0,,alta_vs_baixa,baixa,alta,365,True,170,195.0
2021,meia-idade,4,1,RO,50.0,,alta_vs_baixa,baixa,alta,255,True,50,205.0
2021,meia-idade,4,1,RR,19.0,,alta_vs_baixa,baixa,alta,133,False,19,114.0
2021,meia-idade,4,1,RS,40.0,,alta_vs_baixa,baixa,alta,187,True,40,147.0
2021,meia-idade,4,1,SC,23.0,,alta_vs_baixa,baixa,alta,137,True,23,114.0
2021,meia-idade,4,1,SE,155.0,,alta_vs_baixa,baixa,alta,457,True,155,302.0
2021,meia-idade,4,1,SP,409.0,,alta_vs_baixa,baixa,alta,3904,True,409,3495.0
2021,meia-idade,4,1,TO,96.0,,alta_vs_baixa,baixa,alta,233,True,96,137.0
2021,meia-idade,4,2,AC,28.0,,alta_vs_baixa,baixa,alta,61,True,28,33.0
2021,meia-idade,4,2,AL,128.0,,alta_vs_baixa,baixa,alta,251,True,123,123.0
2021,meia-idade,4,2,AM,113.0,,alta_vs_baixa,baixa,alta,718,True,113,605.0
2021,meia-idade,4,2,AP,23.0,,alta_vs_baixa,baixa,alta,69,True,23,46.0
2021,meia-idade,4,2,BA,424.0,,alta_vs_baixa,baixa,alta,1161,True,424,737.0
2021,meia-idade,4,2,CE,435.0,,alta_vs_baixa,baixa,alta,1005,True,435,570.0
2021,meia-idade,4,2,DF,42.0,,alta_vs_baixa,baixa,alta,210,True,42,168.0
2021,meia-idade,4,2,ES,52.0,,alta_vs_baixa,baixa,alta,228,True,52,176.0
2021,meia-idade,4,2,GO,165.0,,alta_vs_baixa,baixa,alta,735,True,165,570.0
2021,meia-idade,4,2,MA,319.0,,alta_vs_baixa,baixa,alta,687,True,319,368.0
2021,meia-idade,4,2,MG,331.0,,alta_vs_baixa,baixa,alta,1313,True,331,982.0
2021,meia-idade,4,2,MS,78.0,,alta_vs_baixa,baixa,alta,382,True,78,304.0
2021,meia-idade,4,2,MT,77.0,,alta_vs_baixa,baixa,alta,420,True,77,343.0
2021,meia-idade,4,2,PA,208.0,,alta_vs_baixa,baixa,alta,716,True,208,508.0
2021,meia-idade,4,2,PB,84.0,,alta_vs_baixa,baixa,alta,209,True,84,125.0
2021,meia-idade,4,2,PE,446.0,,alta_vs_baixa,baixa,alta,1071,True,446,625.0
2021,meia-idade,4,2,PI,126.0,,alta_vs_baixa,baixa,alta,232,True,106,106.0
2021,meia-idade,4,2,PR,165.0,,alta_vs_baixa,baixa,alta,565,True,165,400.0
2021,meia-idade,4,2,RJ,169.0,,alta_vs_baixa,baixa,alta,1182,True,169,1013.0
2021,meia-idade,4,2,RN,88.0,,alta_vs_baixa,baixa,alta,211,True,88,123.0
2021,meia-idade,4,2,RO,35.0,,alta_vs_baixa,baixa,alta,165,True,35,130.0
2021,meia-idade,4,2,RR,10.0,,alta_vs_baixa,baixa,alta,77,False,10,67.0
2021,meia-idade,4,2,RS,24.0,,alta_vs_baixa,baixa,alta,124,True,24,100.0
2021,meia-idade,4,2,SC,22.0,,alta_vs_baixa,baixa,alta,76,True,22,54.0
2021,meia-idade,4,2,SE,86.0,,alta_vs_baixa,baixa,alta,270,True,86,184.0
2021,meia-idade,4,2,SP,325.0,,alta_vs_baixa,baixa,alta,2499,True,325,2174.0
2021,meia-idade,4,2,TO,41.0,,alta_vs_baixa,baixa,alta,149,True,41,108.0
2021,meia-idade,5,1,AL,0.0,,alta_vs_baixa,baixa,alta,1,False,0,1.0
2021,meia-idade,5,1,AM,16.0,,alta_vs_baixa,baixa,alta,29,False,13,13.0
2021,meia-idade,5,1,BA,1.0,,alta_vs_baixa,baixa,alta,1,False,0,0.0
2021,meia-idade,5,1,CE,4.0,,alta_vs_baixa,baixa,alta,5,False,1,1.0
2021,meia-idade,5,1,DF,0.0,,alta_vs_baixa,baixa,alta,1,False,0,1.0
2021,meia-idade,5,1,ES,0.0,,alta_vs_baixa,baixa,alta,2,False,0,2.0
2021,meia-idade,5,1,GO,1.0,,alta_vs_baixa,baixa,alta,1,False,0,0.0
2021,meia-idade,5,1,MA,1.0,,alta_vs_baixa,baixa,alta,4,False,1,3.0
2021,meia-idade,5,1,MG,3.0,,alta_vs_baixa,baixa,alta,6,False,3,3.0
2021,meia-idade,5,1,MS,11.0,,alta_vs_baixa,baixa,alta,17,False,6,6.0
2021,meia-idade,5,1,MT,5.0,,alta_vs_baixa,baixa,alta,6,False,1,1.0
2021,meia-idade,5,1,PB,1.0,,alta_vs_baixa,baixa,alta,1,False,0,0.0
2021,meia-idade,5,1,PE,3.0,,alta_vs_baixa,baixa,alta,4,False,1,1.0
2021,meia-idade,5,1,PR,4.0,,alta_vs_baixa,baixa,alta,8,False,4,4.0
2021,meia-idade,5,1,RN,2.0,,alta_vs_baixa,baixa,alta,3,False,1,1.0
2021,meia-idade,5,1,RO,2.0,,alta_vs_baixa,baixa,alta,3,False,1,1.0
2021,meia-idade,5,1,RR,14.0,,alta_vs_baixa,baixa,alta,20,False,6,6.0
2021,meia-idade,5,1,RS,1.0,,alta_vs_baixa,baixa,alta,2,False,1,1.0
2021,meia-idade,5,1,SC,0.0,,alta_vs_baixa,baixa,alta,4,False,0,4.0
2021,meia-idade,5,1,SE,1.0,,alta_vs_baixa,baixa,alta,1,False,0,0.0
2021,meia-idade,5,1,SP,0.0,,alta_vs_baixa,baixa,alta,7,False,0,7.0
2021,meia-idade,5,1,TO,1.0,,alta_vs_baixa,baixa,alta,1,False,0,0.0
2021,meia-idade,5,2,AC,0.0,,alta_vs_baixa,baixa,alta,1,False,0,1.0
2021,meia-idade,5,2,AL,1.0,,alta_vs_baixa,baixa,alta,1,False,0,0.0
2021,meia-idade,5,2,AM,15.0,,alta_vs_baixa,baixa,alta,20,False,5,5.0
2021,meia-idade,5,2,AP,1.0,,alta_vs_baixa,baixa,alta,1,False,0,0.0
2021,meia-idade,5,2,BA,5.0,,alta_vs_baixa,baixa,alta,8,False,3,3.0
2021,meia-idade,5,2,CE,0.0,,alta_vs_baixa,baixa,alta,1,False,0,1.0
2021,meia-idade,5,2,ES,0.0,,alta_vs_baixa,baixa,alta,1,False,0,1.0
2021,meia-idade,5,2,MA,2.0,,alta_vs_baixa,baixa,alta,3,False,1,1.0
2021,meia-idade,5,2,MG,3.0,,alta_vs_baixa,baixa,alta,6,False,3,3.0
2021,meia-idade,5,2,MS,6.0,,alta_vs_baixa,baixa,alta,8,False,2,2.0
2021,meia-idade,5,2,MT,1.0,,alta_vs_baixa,baixa,alta,5,False,1,4.0
2021,meia-idade,5,2,PA,2.0,,alta_vs_baixa,baixa,alta,5,False,2,3.0
2021,meia-idade,5,2,PE,2.0,,alta_vs_baixa,baixa,alta,5,False,2,3.0
2021,meia-idade,5,2,PR,1.0,,alta_vs_baixa,baixa,alta,2,False,1,1.0
2021,meia-idade,5,2,RN,1.0,,alta_vs_baixa,baixa,alta,1,False,0,0.0
2021,meia-idade,5,2,RO,2.0,,alta_vs_baixa,baixa,alta,4,False,2,2.0
2021,meia-idade,5,2,RR,7.0,,alta_vs_baixa,baixa,alta,11,False,4,4.0
2021,meia-idade,5,2,RS,2.0,,alta_vs_baixa,baixa,alta,2,False,0,0.0
2021,meia-idade,5,2,SC,1.0,,alta_vs_baixa,baixa,alta,1,False,0,0.0
2021,meia-idade,5,2,SE,1.0,,alta_vs_baixa,baixa,alta,1,False,0,0.0
2021,meia-idade,5,2,SP,1.0,,alta_vs_baixa,baixa,alta,4,False,1,3.0
2021,meia-idade,5,2,TO,3.0,,alta_vs_baixa,baixa,alta,3,False,0,0.0
2022,adulto,1,1,AC,2.0,,alta_vs_baixa,baixa,alta,6,False,2,4.0
2022,adulto,1,1,AL,14.0,,alta_vs_baixa,baixa,alta,33,False,14,19.0
2022,adulto,1,1,AM,6.0,,alta_vs_baixa,baixa,alta,80,False,6,74.0
2022,adulto,1,1,AP,1.0,,alta_vs_baixa,baixa,alta,7,False,1,6.0
2022,adulto,1,1,BA,33.0,,alta_vs_baixa,baixa,alta,163,True,33,130.0
2022,adulto,1,1,CE,41.0,,alta_vs_baixa,baixa,alta,223,True,41,182.0
2022,adulto,1,1,DF,5.0,,alta_vs_baixa,baixa,alta,56,False,5,51.0
2022,adulto,1,1,ES,11.0,,alta_vs_baixa,baixa,alta,85,False,11,74.0
2022,adulto,1,1,GO,24.0,,alta_vs_baixa,baixa,alta,304,True,24,280.0
2022,adulto,1,1,MA,24.0,,alta_vs_baixa,baixa,alta,154,True,24,130.0
2022,adulto,1,1,MG,89.0,,alta_vs_baixa,baixa,alta,843,True,89,754.0
2022,adulto,1,1,MS,28.0,,alta_vs_baixa,baixa,alta,205,True,28,177.0
2022,adulto,1,1,MT,6.0,,alta_vs_baixa,baixa,alta,173,False,6,167.0
2022,adulto,1,1,PA,16.0,,alta_vs_baixa,baixa,alta,105,False,16,89.0
2022,adulto,1,1,PB,13.0,,alta_vs_baixa,baixa,alta,28,False,13,15.0
2022,adulto,1,1,PE,49.0,,alta_vs_baixa,baixa,alta,306,True,49,257.0
2022,adulto,1,1,PI,14.0,,alta_vs_baixa,baixa,alta,61,False,14,47.0
2022,adulto,1,1,PR,90.0,,alta_vs_baixa,baixa,alta,1519,True,90,1429.0
2022,adulto,1,1,RJ,45.0,,alta_vs_baixa,baixa,alta,574,True,45,529.0
2022,adulto,1,1,RN,16.0,,alta_vs_baixa,baixa,alta,63,False,16,47.0
2022,adulto,1,1,RO,7.0,,alta_vs_baixa,baixa,alta,101,False,7,94.0
2022,adulto,1,1,RR,2.0,,alta_vs_baixa,baixa,alta,17,False,2,15.0
2022,adulto,1,1,RS,62.0,,alta_vs_baixa,baixa,alta,824,True,62,762.0
2022,adulto,1,1,SC,39.0,,alta_vs_baixa,baixa,alta,720,True,39,681.0
2022,adulto,1,1,SE,12.0,,alta_vs_baixa,baixa,alta,42,False,12,30.0
2022,adulto,1,1,SP,196.0,,alta_vs_baixa,baixa,alta,3328,True,196,3132.0
2022,adulto,1,1,TO,6.0,,alta_vs_baixa,baixa,alta,46,False,6,40.0
2022,adulto,1,2,AC,2.0,,alta_vs_baixa,baixa,alta,6,False,2,4.0
2022,adulto,1,2,AL,5.0,,alta_vs_baixa,baixa,alta,21,False,5,16.0
2022,adulto,1,2,AM,4.0,,alta_vs_baixa,baixa,alta,57,False,4,53.0
2022,adulto,1,2,AP,1.0,,alta_vs_baixa,baixa,alta,7,False,1,6.0
2022,adulto,1,2,BA,28.0,,alta_vs_baixa,baixa,alta,142,True,28,114.0
2022,adulto,1,2,CE,29.0,,alta_vs_baixa,baixa,alta,145,True,29,116.0
2022,adulto,1,2,DF,2.0,,alta_vs_baixa,baixa,alta,57,False,2,55.0
2022,adulto,1,2,ES,9.0,,alta_vs_baixa,baixa,alta,58,False,9,49.0
2022,adulto,1,2,GO,16.0,,alta_vs_baixa,baixa,alta,181,False,16,165.0
2022,adulto,1,2,MA,8.0,,alta_vs_baixa,baixa,alta,75,False,8,67.0
2022,adulto,1,2,MG,53.0,,alta_vs_baixa,baixa,alta,501,True,53,448.0
2022,adulto,1,2,MS,7.0,,alta_vs_baixa,baixa,alta,99,False,7,92.0
2022,adulto,1,2,MT,6.0,,alta_vs_baixa,baixa,alta,65,False,6,59.0
2022,adulto,1,2,PA,9.0,,alta_vs_baixa,baixa,alta,88,False,9,79.0
2022,adulto,1,2,PB,4.0,,alta_vs_baixa,baixa,alta,30,False,4,26.0
2022,adulto,1,2,PE,28.0,,alta_vs_baixa,baixa,alta,144,True,28,116.0
2022,adulto,1,2,PI,4.0,,alta_vs_baixa,baixa,alta,41,False,4,37.0
2022,adulto,1,2,PR,57.0,,alta_vs_baixa,baixa,alta,644,True,57,587.0
2022,adulto,1,2,RJ,33.0,,alta_vs_baixa,baixa,alta,461,True,33,428.0
2022,adulto,1,2,RN,7.0,,alta_vs_baixa,baixa,alta,70,False,7,63.0
2022,adulto,1,2,RO,8.0,,alta_vs_baixa,baixa,alta,40,False,8,32.0
2022,adulto,1,2,RR,0.0,,alta_vs_baixa,baixa,alta,12,False,0,12.0
2022,adulto,1,2,RS,54.0,,alta_vs_baixa,baixa,alta,476,True,54,422.0
2022,adulto,1,2,SC,31.0,,alta_vs_baixa,baixa,alta,419,True,31,388.0
2022,adulto,1,2,SE,7.0,,alta_vs_baixa,baixa,alta,48,False,7,41.0
2022,adulto,1,2,SP,130.0,,alta_vs_baixa,baixa,alta,1930,True,130,1800.0
2022,adulto,1,2,TO,5.0,,alta_vs_baixa,baixa,alta,22,False,5,17.0
2022,adulto,2,1,AC,2.0,,alta_vs_baixa,baixa,alta,3,False,1,1.0
2022,adulto,2,1,AL,3.0,,alta_vs_baixa,baixa,alta,10,False,3,7.0
2022,adulto,2,1,AM,5.0,,alta_vs_baixa,baixa,alta,19,False,5,14.0
2022,adulto,2,1,AP,0.0,,alta_vs_baixa,baixa,alta,5,False,0,5.0
2022,adulto,2,1,BA,67.0,,alta_vs_baixa,baixa,alta,297,True,67,230.0
2022,adulto,2,1,CE,16.0,,alta_vs_baixa,baixa,alta,42,False,16,26.0
2022,adulto,2,1,DF,1.0,,alta_vs_baixa,baixa,alta,29,False,1,28.0
2022,adulto,2,1,ES,7.0,,alta_vs_baixa,baixa,alta,40,False,7,33.0
2022,adulto,2,1,GO,13.0,,alta_vs_baixa,baixa,alta,84,False,13,71.0
2022,adulto,2,1,MA,35.0,,alta_vs_baixa,baixa,alta,126,True,35,91.0
2022,adulto,2,1,MG,27.0,,alta_vs_baixa,baixa,alta,321,True,27,294.0
2022,adulto,2,1,MS,3.0,,alta_vs_baixa,baixa,alta,22,False,3,19.0
2022,adulto,2,1,MT,12.0,,alta_vs_baixa,baixa,alta,63,False,12,51.0
2022,adulto,2,1,PA,16.0,,alta_vs_baixa,baixa,alta,70,False,16,54.0
2022,adulto,2,1,PB,4.0,,alta_vs_baixa,baixa,alta,10,False,4,6.0
2022,adulto,2,1,PE,23.0,,alta_vs_baixa,baixa,alta,81,True,23,58.0
2022,adulto,2,1,PI,17.0,,alta_vs_baixa,baixa,alta,34,False,17,17.0
2022,adulto,2,1,PR,6.0,,alta_vs_baixa,baixa,alta,103,False,6,97.0
2022,adulto,2,1,RJ,27.0,,alta_vs_baixa,baixa,alta,306,True,27,279.0
2022,adulto,2,1,RN,5.0,,alta_vs_baixa,baixa,alta,13,False,5,8.0
2022,adulto,2,1,RO,4.0,,alta_vs_baixa,baixa,alta,24,False,4,20.0
2022,adulto,2,1,RR,0.0,,alta_vs_baixa,baixa,alta,7,False,0,7.0
2022,adulto,2,1,RS,11.0,,alta_vs_baixa,baixa,alta,83,False,11,72.0
2022,adulto,2,1,SC,3.0,,alta_vs_baixa,baixa,alta,58,False,3,55.0
2022,adulto,2,1,SE,10.0,,alta_vs_baixa,baixa,alta,38,False,10,28.0
2022,adulto,2,1,SP,37.0,,alta_vs_baixa,baixa,alta,590,True,37,553.0
2022,adulto,2,1,TO,4.0,,alta_vs_baixa,baixa,alta,24,False,4,20.0
2022,adulto,2,2,AC,0.0,,alta_vs_baixa,baixa,alta,1,False,0,1.0
2022,adulto,2,2,AL,5.0,,alta_vs_baixa,baixa,alta,9,False,4,4.0
2022,adulto,2,2,AM,1.0,,alta_vs_baixa,baixa,alta,4,False,1,3.0
2022,adulto,2,2,AP,0.0,,alta_vs_baixa,baixa,alta,3,False,0,3.0
2022,adulto,2,2,BA,20.0,,alta_vs_baixa,baixa,alta,152,True,20,132.0
2022,adulto,2,2,CE,2.0,,alta_vs_baixa,baixa,alta,17,False,2,15.0
2022,adulto,2,2,DF,0.0,,alta_vs_baixa,baixa,alta,18,False,0,18.0
2022,adulto,2,2,ES,7.0,,alta_vs_baixa,baixa,alta,26,False,7,19.0
2022,adulto,2,2,GO,9.0,,alta_vs_baixa,baixa,alta,48,False,9,39.0
2022,adulto,2,2,MA,15.0,,alta_vs_baixa,baixa,alta,64,False,15,49.0
2022,adulto,2,2,MG,17.0,,alta_vs_baixa,baixa,alta,171,False,17,154.0
2022,adulto,2,2,MS,1.0,,alta_vs_baixa,baixa,alta,14,False,1,13.0
2022,adulto,2,2,MT,3.0,,alta_vs_baixa,baixa,alta,30,False,3,27.0
2022,adulto,2,2,PA,8.0,,alta_vs_baixa,baixa,alta,31,False,8,23.0
2022,adulto,2,2,PB,4.0,,alta_vs_baixa,baixa,alta,5,False,1,1.0
2022,adulto,2,2,PE,3.0,,alta_vs_baixa,baixa,alta,37,False,3,34.0
2022,adulto,2,2,PI,10.0,,alta_vs_baixa,baixa,alta,23,False,10,13.0
2022,adulto,2,2,PR,3.0,,alta_vs_baixa,baixa,alta,49,False,3,46.0
2022,adulto,2,2,RJ,15.0,,alta_vs_baixa,baixa,alta,262,False,15,247.0
2022,adulto,2,2,RN,2.0,,alta_vs_baixa,baixa,alta,6,False,2,4.0
2022,adulto,2,2,RO,0.0,,alta_vs_baixa,baixa,alta,12,False,0,12.0
2022,adulto,2,2,RR,1.0,,alta_vs_baixa,baixa,alta,4,False,1,3.0
2022,adulto,2,2,RS,10.0,,alta_vs_baixa,baixa,alta,57,False,10,47.0
2022,adulto,2,2,SC,2.0,,alta_vs_baixa,baixa,alta,26,False,2,24.0
2022,adulto,2,2,SE,4.0,,alta_vs_baixa,baixa,alta,18,False,4,14.0
2022,adulto,2,2,SP,13.0,,alta_vs_baixa,baixa,alta,307,False,13,294.0
2022,adulto,2,2,TO,1.0,,alta_vs_baixa,baixa,alta,7,False,1,6.0
2022,adulto,3,1,AL,0.0,,alta_vs_baixa,baixa,alta,1,False,0,1.0
2022,adulto,3,1,AM,1.0,,alta_vs_baixa,baixa,alta,2,False,1,1.0
2022,adulto,3,1,BA,1.0,,alta_vs_baixa,baixa,alta,4,False,1,3.0
2022,adulto,3,1,CE,1.0,,alta_vs_baixa,baixa,alta,1,False,0,0.0
2022,adulto,3,1,DF,0.0,,alta_vs_baixa,baixa,alta,1,False,0,1.0
2022,adulto,3,1,ES,0.0,,alta_vs_baixa,baixa,alta,2,False,0,2.0
2022,adulto,3,1,GO,2.0,,alta_vs_baixa,baixa,alta,5,False,2,3.0
2022,adulto,3,1,MA,0.0,,alta_vs_baixa,baixa,alta,2,False,0,2.0
2022,adulto,3,1,MG,0.0,,alta_vs_baixa,baixa,alta,4,False,0,4.0
2022,adulto,3,1,MT,0.0,,alta_vs_baixa,baixa,alta,3,False,0,3.0
2022,adulto,3,1,PA,0.0,,alta_vs_baixa,baixa,alta,1,False,0,1.0
2022,adulto,3,1,PE,0.0,,alta_vs_baixa,baixa,alta,1,False,0,1.0
2022,adulto,3,1,PR,0.0,,alta_vs_baixa,baixa,alta,4,False,0,4.0
2022,adulto,3,1,RJ,0.0,,alta_vs_baixa,baixa,alta,2,False,0,2.0
2022,adulto,3,1,SE,0.0,,alta_vs_baixa,baixa,alta,1,False,0,1.0
2022,adulto,3,1,SP,2.0,,alta_vs_baixa,baixa,alta,20,False,2,18.0
2022,adulto,3,1,TO,0.0,,alta_vs_baixa,baixa,alta,2,False,0,2.0
2022,adulto,3,2,AP,0.0,,alta_vs_baixa,baixa,alta,1,False,0,1.0
2022,adulto,3,2,BA,0.0,,alta_vs_baixa,baixa,alta,2,False,0,2.0
2022,adulto,3,2,CE,2.0,,alta_vs_baixa,baixa,alta,3,False,1,1.0
2022,adulto,3,2,ES,0.0,,alta_vs_baixa,baixa,alta,1,False,0,1.0
2022,adulto,3,2,GO,0.0,,alta_vs_baixa,baixa,alta,1,False,0,1.0
2022,adulto,3,2,MG,0.0,,alta_vs_baixa,baixa,alta,2,False,0,2.0
2022,adulto,3,2,MS,0.0,,alta_vs_baixa,baixa,alta,1,False,0,1.0
2022,adulto,3,2,MT,0.0,,alta_vs_baixa,baixa,alta,1,False,0,1.0
2022,adulto,3,2,PA,0.0,,alta_vs_baixa,baixa,alta,1,False,0,1.0
2022,adulto,3,2,PI,1.0,,alta_vs_baixa,baixa,alta,2,False,1,1.0
2022,adulto,3,2,PR,1.0,,alta_vs_baixa,baixa,alta,5,False,1,4.0
2022,adulto,3,2,RJ,0.0,,alta_vs_baixa,baixa,alta,1,False,0,1.0
2022,adulto,3,2,RO,0.0,,alta_vs_baixa,baixa,alta,2,False,0,2.0
2022,adulto,3,2,SP,1.0,,alta_vs_baixa,baixa,alta,12,False,1,11.0
2022,adulto,4,1,AC,14.0,,alta_vs_baixa,baixa,alta,34,False,14,20.0
2022,adulto,4,1,AL,84.0,,alta_vs_baixa,baixa,alta,329,True,84,245.0
2022,adulto,4,1,AM,78.0,,alta_vs_baixa,baixa,alta,764,True,78,686.0
2022,adulto,4,1,AP,9.0,,alta_vs_baixa,baixa,alta,77,False,9,68.0
2022,adulto,4,1,BA,207.0,,alta_vs_baixa,baixa,alta,1168,True,207,961.0
2022,adulto,4,1,CE,268.0,,alta_vs_baixa,baixa,alta,1142,True,268,874.0
2022,adulto,4,1,DF,13.0,,alta_vs_baixa,baixa,alta,121,False,13,108.0
2022,adulto,4,1,ES,24.0,,alta_vs_baixa,baixa,alta,193,True,24,169.0
2022,adulto,4,1,GO,59.0,,alta_vs_baixa,baixa,alta,851,True,59,792.0
2022,adulto,4,1,MA,183.0,,alta_vs_baixa,baixa,alta,960,True,183,777.0
2022,adulto,4,1,MG,98.0,,alta_vs_baixa,baixa,alta,1079,True,98,981.0
2022,adulto,4,1,MS,48.0,,alta_vs_baixa,baixa,alta,297,True,48,249.0
2022,adulto,4,1,MT,18.0,,alta_vs_baixa,baixa,alta,432,False,18,414.0
2022,adulto,4,1,PA,140.0,,alta_vs_baixa,baixa,alta,788,True,140,648.0
2022,adulto,4,1,PB,49.0,,alta_vs_baixa,baixa,alta,135,True,49,86.0
2022,adulto,4,1,PE,212.0,,alta_vs_baixa,baixa,alta,893,True,212,681.0
2022,adulto,4,1,PI,73.0,,alta_vs_baixa,baixa,alta,319,True,73,246.0
2022,adulto,4,1,PR,41.0,,alta_vs_baixa,baixa,alta,691,True,41,650.0
2022,adulto,4,1,RJ,48.0,,alta_vs_baixa,baixa,alta,773,True,48,725.0
2022,adulto,4,1,RN,37.0,,alta_vs_baixa,baixa,alta,123,True,37,86.0
2022,adulto,4,1,RO,10.0,,alta_vs_baixa,baixa,alta,172,False,10,162.0
2022,adulto,4,1,RR,6.0,,alta_vs_baixa,baixa,alta,137,False,6,131.0
2022,adulto,4,1,RS,17.0,,alta_vs_baixa,baixa,alta,84,False,17,67.0
2022,adulto,4,1,SC,4.0,,alta_vs_baixa,baixa,alta,106,False,4,102.0
2022,adulto,4,1,SE,61.0,,alta_vs_baixa,baixa,alta,302,True,61,241.0
2022,adulto,4,1,SP,117.0,,alta_vs_baixa,baixa,alta,2193,True,117,2076.0
2022,adulto,4,1,TO,25.0,,alta_vs_baixa,baixa,alta,198,True,25,173.0
2022,adulto,4,2,AC,9.0,,alta_vs_baixa,baixa,alta,21,False,9,12.0
2022,adulto,4,2,AL,31.0,,alta_vs_baixa,baixa,alta,127,True,31,96.0
2022,adulto,4,2,AM,28.0,,alta_vs_baixa,baixa,alta,310,True,28,282.0
2022,adulto,4,2,AP,4.0,,alta_vs_baixa,baixa,alta,42,False,4,38.0
2022,adulto,4,2,BA,92.0,,alta_vs_baixa,baixa,alta,607,True,92,515.0
2022,adulto,4,2,CE,81.0,,alta_vs_baixa,baixa,alta,463,True,81,382.0
2022,adulto,4,2,DF,9.0,,alta_vs_baixa,baixa,alta,87,False,9,78.0
2022,adulto,4,2,ES,10.0,,alta_vs_baixa,baixa,alta,111,False,10,101.0
2022,adulto,4,2,GO,18.0,,alta_vs_baixa,baixa,alta,309,False,18,291.0
2022,adulto,4,2,MA,65.0,,alta_vs_baixa,baixa,alta,391,True,65,326.0
2022,adulto,4,2,MG,45.0,,alta_vs_baixa,baixa,alta,522,True,45,477.0
2022,adulto,4,2,MS,14.0,,alta_vs_baixa,baixa,alta,137,False,14,123.0
2022,adulto,4,2,MT,10.0,,alta_vs_baixa,baixa,alta,159,False,10,149.0
2022,adulto,4,2,PA,50.0,,alta_vs_baixa,baixa,alta,440,True,50,390.0
2022,adulto,4,2,PB,21.0,,alta_vs_baixa,baixa,alta,73,True,21,52.0
2022,adulto,4,2,PE,76.0,,alta_vs_baixa,baixa,alta,391,True,76,315.0
2022,adulto,4,2,PI,21.0,,alta_vs_baixa,baixa,alta,133,True,21,112.0
2022,adulto,4,2,PR,16.0,,alta_vs_baixa,baixa,alta,242,False,16,226.0
2022,adulto,4,2,RJ,29.0,,alta_vs_baixa,baixa,alta,445,True,29,416.0
2022,adulto,4,2,RN,15.0,,alta_vs_baixa,baixa,alta,82,False,15,67.0
2022,adulto,4,2,RO,10.0,,alta_vs_baixa,baixa,alta,64,False,10,54.0
2022,adulto,4,2,RR,1.0,,alta_vs_baixa,baixa,alta,43,False,1,42.0
2022,adulto,4,2,RS,6.0,,alta_vs_baixa,baixa,alta,49,False,6,43.0
2022,adulto,4,2,SC,5.0,,alta_vs_baixa,baixa,alta,56,False,5,51.0
2022,adulto,4,2,SE,11.0,,alta_vs_baixa,baixa,alta,121,False,11,110.0
2022,adulto,4,2,SP,59.0,,alta_vs_baixa,baixa,alta,1156,True,59,1097.0
2022,adulto,4,2,TO,7.0,,alta_vs_baixa,baixa,alta,72,False,7,65.0
2022,adulto,5,1,AC,0.0,,alta_vs_baixa,baixa,alta,1,False,0,1.0
2022,adulto,5,1,AL,1.0,,alta_vs_baixa,baixa,alta,1,False,0,0.0
2022,adulto,5,1,AM,5.0,,alta_vs_baixa,baixa,alta,27,False,5,22.0
2022,adulto,5,1,AP,1.0,,alta_vs_baixa,baixa,alta,1,False,0,0.0
2022,adulto,5,1,BA,1.0,,alta_vs_baixa,baixa,alta,1,False,0,0.0
2022,adulto,5,1,CE,2.0,,alta_vs_baixa,baixa,alta,3,False,1,1.0
2022,adulto,5,1,DF,0.0,,alta_vs_baixa,baixa,alta,1,False,0,1.0
2022,adulto,5,1,ES,0.0,,alta_vs_baixa,baixa,alta,1,False,0,1.0
2022,adulto,5,1,MA,3.0,,alta_vs_baixa,baixa,alta,7,False,3,4.0
2022,adulto,5,1,MG,2.0,,alta_vs_baixa,baixa,alta,2,False,0,0.0
2022,adulto,5,1,MS,4.0,,alta_vs_baixa,baixa,alta,12,False,4,8.0
2022,adulto,5,1,MT,1.0,,alta_vs_baixa,baixa,alta,7,False,1,6.0
2022,adulto,5,1,PA,1.0,,alta_vs_baixa,baixa,alta,4,False,1,3.0
2022,adulto,5,1,PB,0.0,,alta_vs_baixa,baixa,alta,1,False,0,1.0
2022,adulto,5,1,PE,1.0,,alta_vs_baixa,baixa,alta,4,False,1,3.0
2022,adulto,5,1,PR,2.0,,alta_vs_baixa,baixa,alta,8,False,2,6.0
2022,adulto,5,1,RO,2.0,,alta_vs_baixa,baixa,alta,4,False,2,2.0
2022,adulto,5,1,RR,3.0,,alta_vs_baixa,baixa,alta,19,False,3,16.0
2022,adulto,5,1,RS,1.0,,alta_vs_baixa,baixa,alta,1,False,0,0.0
2022,adulto,5,1,SC,0.0,,alta_vs_baixa,baixa,alta,4,False,0,4.0
2022,adulto,5,1,SP,0.0,,alta_vs_baixa,baixa,alta,5,False,0,5.0
2022,adulto,5,2,AC,1.0,,alta_vs_baixa,baixa,alta,1,False,0,0.0
2022,adulto,5,2,AM,7.0,,alta_vs_baixa,baixa,alta,21,False,7,14.0
2022,adulto,5,2,BA,0.0,,alta_vs_baixa,baixa,alta,2,False,0,2.0
2022,adulto,5,2,MA,4.0,,alta_vs_baixa,baixa,alta,6,False,2,2.0
2022,adulto,5,2,MG,1.0,,alta_vs_baixa,baixa,alta,1,False,0,0.0
2022,adulto,5,2,MS,1.0,,alta_vs_baixa,baixa,alta,8,False,1,7.0
2022,adulto,5,2,MT,1.0,,alta_vs_baixa,baixa,alta,4,False,1,3.0
2022,adulto,5,2,PA,0.0,,alta_vs_baixa,baixa,alta,1,False,0,1.0
2022,adulto,5,2,PE,0.0,,alta_vs_baixa,baixa,alta,1,False,0,1.0
2022,adulto,5,2,PR,0.0,,alta_vs_baixa,baixa,alta,1,False,0,1.0
2022,adulto,5,2,RJ,0.0,,alta_vs_baixa,baixa,alta,1,False,0,1.0
2022,adulto,5,2,RO,0.0,,alta_vs_baixa,baixa,alta,1,False,0,1.0
2022,adulto,5,2,RR,11.0,,alta_vs_baixa,baixa,alta,20,False,9,9.0
2022,adulto,5,2,RS,2.0,,alta_vs_baixa,baixa,alta,2,False,0,0.0
2022,adulto,5,2,SP,0.0,,alta_vs_baixa,baixa,alta,3,False,0,3.0
2022,adulto,5,2,TO,1.0,,alta_vs_baixa,baixa,alta,2,False,1,1.0
2022,idoso,1,1,AC,10.0,,alta_vs_baixa,baixa,alta,19,False,9,9.0
2022,idoso,1,1,AL,116.0,,alta_vs_baixa,baixa,alta,192,True,76,76.0
2022,idoso,1,1,AM,39.0,,alta_vs_baixa,baixa,alta,171,True,39,132.0
2022,idoso,1,1,AP,5.0,,alta_vs_baixa,baixa,alta,22,False,5,17.0
2022,idoso,1,1,BA,281.0,,alta_vs_baixa,baixa,alta,656,True,281,375.0
2022,idoso,1,1,CE,354.0,,alta_vs_baixa,baixa,alta,682,True,328,328.0
2022,idoso,1,1,DF,37.0,,alta_vs_baixa,baixa,alta,185,True,37,148.0
2022,idoso,1,1,ES,74.0,,alta_vs_baixa,baixa,alta,330,True,74,256.0
2022,idoso,1,1,GO,245.0,,alta_vs_baixa,baixa,alta,938,True,245,693.0
2022,idoso,1,1,MA,192.0,,alta_vs_baixa,baixa,alta,379,True,187,187.0
2022,idoso,1,1,MG,621.0,,alta_vs_baixa,baixa,alta,2698,True,621,2077.0
2022,idoso,1,1,MS,101.0,,alta_vs_baixa,baixa,alta,467,True,101,366.0
2022,idoso,1,1,MT,110.0,,alta_vs_baixa,baixa,alta,333,True,110,223.0
2022,idoso,1,1,PA,99.0,,alta_vs_baixa,baixa,alta,310,True,99,211.0
2022,idoso,1,1,PB,100.0,,alta_vs_baixa,baixa,alta,181,True,81,81.0
2022,idoso,1,1,PE,385.0,,alta_vs_baixa,baixa,alta,889,True,385,504.0
2022,idoso,1,1,PI,124.0,,alta_vs_baixa,baixa,alta,193,True,69,69.0
2022,idoso,1,1,PR,651.0,,alta_vs_baixa,baixa,alta,3004,True,651,2353.0
2022,idoso,1,1,RJ,355.0,,alta_vs_baixa,baixa,alta,2850,True,355,2495.0
2022,idoso,1,1,RN,153.0,,alta_vs_baixa,baixa,alta,289,True,136,136.0
2022,idoso,1,1,RO,45.0,,alta_vs_baixa,baixa,alta,153,True,45,108.0
2022,idoso,1,1,RR,8.0,,alta_vs_baixa,baixa,alta,48,False,8,40.0
2022,idoso,1,1,RS,567.0,,alta_vs_baixa,baixa,alta,3160,True,567,2593.0
2022,idoso,1,1,SC,291.0,,alta_vs_baixa,baixa,alta,1844,True,291,1553.0
2022,idoso,1,1,SE,81.0,,alta_vs_baixa,baixa,alta,202,True,81,121.0
2022,idoso,1,1,SP,1255.0,,alta_vs_baixa,baixa,alta,10776,True,1255,9521.0
2022,idoso,1,1,TO,38.0,,alta_vs_baixa,baixa,alta,81,True,38,43.0
2022,idoso,1,2,AC,7.0,,alta_vs_baixa,baixa,alta,14,False,7,7.0
2022,idoso,1,2,AL,125.0,,alta_vs_baixa,baixa,alta,188,True,63,63.0
2022,idoso,1,2,AM,33.0,,alta_vs_baixa,baixa,alta,114,True,33,81.0
2022,idoso,1,2,AP,7.0,,alta_vs_baixa,baixa,alta,18,False,7,11.0
2022,idoso,1,2,BA,274.0,,alta_vs_baixa,baixa,alta,571,True,274,297.0
2022,idoso,1,2,CE,314.0,,alta_vs_baixa,baixa,alta,636,True,314,322.0
2022,idoso,1,2,DF,57.0,,alta_vs_baixa,baixa,alta,232,True,57,175.0
2022,idoso,1,2,ES,87.0,,alta_vs_baixa,baixa,alta,271,True,87,184.0
2022,idoso,1,2,GO,287.0,,alta_vs_baixa,baixa,alta,788,True,287,501.0
2022,idoso,1,2,MA,181.0,,alta_vs_baixa,baixa,alta,308,True,127,127.0
2022,idoso,1,2,MG,688.0,,alta_vs_baixa,baixa,alta,2142,True,688,1454.0
2022,idoso,1,2,MS,103.0,,alta_vs_baixa,baixa,alta,318,True,103,215.0
2022,idoso,1,2,MT,122.0,,alta_vs_baixa,baixa,alta,265,True,122,143.0
2022,idoso,1,2,PA,134.0,,alta_vs_baixa,baixa,alta,313,True,134,179.0
2022,idoso,1,2,PB,100.0,,alta_vs_baixa,baixa,alta,167,True,67,67.0
2022,idoso,1,2,PE,481.0,,alta_vs_baixa,baixa,alta,984,True,481,503.0
2022,idoso,1,2,PI,125.0,,alta_vs_baixa,baixa,alta,174,True,49,49.0
2022,idoso,1,2,PR,951.0,,alta_vs_baixa,baixa,alta,2373,True,951,1422.0
2022,idoso,1,2,RJ,463.0,,alta_vs_baixa,baixa,alta,2525,True,463,2062.0
2022,idoso,1,2,RN,139.0,,alta_vs_baixa,baixa,alta,255,True,116,116.0
2022,idoso,1,2,RO,65.0,,alta_vs_baixa,baixa,alta,116,True,51,51.0
2022,idoso,1,2,RR,6.0,,alta_vs_baixa,baixa,alta,21,False,6,15.0
2022,idoso,1,2,RS,507.0,,alta_vs_baixa,baixa,alta,2291,True,507,1784.0
2022,idoso,1,2,SC,295.0,,alta_vs_baixa,baixa,alta,1235,True,295,940.0
2022,idoso,1,2,SE,81.0,,alta_vs_baixa,baixa,alta,141,True,60,60.0
2022,idoso,1,2,SP,1687.0,,alta_vs_baixa,baixa,alta,7858,True,1687,6171.0
2022,idoso,1,2,TO,37.0,,alta_vs_baixa,baixa,alta,71,True,34,34.0
2022,idoso,2,1,AC,6.0,,alta_vs_baixa,baixa,alta,7,False,1,1.0
2022,idoso,2,1,AL,51.0,,alta_vs_baixa,baixa,alta,61,False,10,10.0
2022,idoso,2,1,AM,21.0,,alta_vs_baixa,baixa,alta,34,False,13,13.0
2022,idoso,2,1,AP,7.0,,alta_vs_baixa,baixa,alta,12,False,5,5.0
2022,idoso,2,1,BA,436.0,,alta_vs_baixa,baixa,alta,677,True,241,241.0
2022,idoso,2,1,CE,113.0,,alta_vs_baixa,baixa,alta,147,True,34,34.0
2022,idoso,2,1,DF,25.0,,alta_vs_baixa,baixa,alta,60,True,25,35.0
2022,idoso,2,1,ES,58.0,,alta_vs_baixa,baixa,alta,114,True,56,56.0
2022,idoso,2,1,GO,125.0,,alta_vs_baixa,baixa,alta,204,True,79,79.0
2022,idoso,2,1,MA,209.0,,alta_vs_baixa,baixa,alta,283,True,74,74.0
2022,idoso,2,1,MG,368.0,,alta_vs_baixa,baixa,alta,673,True,305,305.0
2022,idoso,2,1,MS,35.0,,alta_vs_baixa,baixa,alta,62,True,27,27.0
2022,idoso,2,1,MT,73.0,,alta_vs_baixa,baixa,alta,115,True,42,42.0
2022,idoso,2,1,PA,144.0,,alta_vs_baixa,baixa,alta,190,True,46,46.0
2022,idoso,2,1,PB,33.0,,alta_vs_baixa,baixa,alta,37,False,4,4.0
2022,idoso,2,1,PE,175.0,,alta_vs_baixa,baixa,alta,274,True,99,99.0
2022,idoso,2,1,PI,144.0,,alta_vs_baixa,baixa,alta,162,False,18,18.0
2022,idoso,2,1,PR,85.0,,alta_vs_baixa,baixa,alta,199,True,85,114.0
2022,idoso,2,1,RJ,242.0,,alta_vs_baixa,baixa,alta,895,True,242,653.0
2022,idoso,2,1,RN,49.0,,alta_vs_baixa,baixa,alta,65,False,16,16.0
2022,idoso,2,1,RO,29.0,,alta_vs_baixa,baixa,alta,39,False,10,10.0
2022,idoso,2,1,RR,4.0,,alta_vs_baixa,baixa,alta,9,False,4,5.0
2022,idoso,2,1,RS,75.0,,alta_vs_baixa,baixa,alta,247,True,75,172.0
2022,idoso,2,1,SC,14.0,,alta_vs_baixa,baixa,alta,68,False,14,54.0
2022,idoso,2,1,SE,73.0,,alta_vs_baixa,baixa,alta,125,True,52,52.0
2022,idoso,2,1,SP,319.0,,alta_vs_baixa,baixa,alta,1232,True,319,913.0
2022,idoso,2,1,TO,48.0,,alta_vs_baixa,baixa,alta,56,False,8,8.0
2022,idoso,2,2,AC,4.0,,alta_vs_baixa,baixa,alta,4,False,0,0.0
2022,idoso,2,2,AL,44.0,,alta_vs_baixa,baixa,alta,50,False,6,6.0
2022,idoso,2,2,AM,4.0,,alta_vs_baixa,baixa,alta,15,False,4,11.0
2022,idoso,2,2,AP,7.0,,alta_vs_baixa,baixa,alta,11,False,4,4.0
2022,idoso,2,2,BA,410.0,,alta_vs_baixa,baixa,alta,586,True,176,176.0
2022,idoso,2,2,CE,72.0,,alta_vs_baixa,baixa,alta,85,False,13,13.0
2022,idoso,2,2,DF,17.0,,alta_vs_baixa,baixa,alta,34,False,17,17.0
2022,idoso,2,2,ES,55.0,,alta_vs_baixa,baixa,alta,81,True,26,26.0
2022,idoso,2,2,GO,103.0,,alta_vs_baixa,baixa,alta,169,True,66,66.0
2022,idoso,2,2,MA,146.0,,alta_vs_baixa,baixa,alta,185,True,39,39.0
2022,idoso,2,2,MG,334.0,,alta_vs_baixa,baixa,alta,540,True,206,206.0
2022,idoso,2,2,MS,25.0,,alta_vs_baixa,baixa,alta,46,True,21,21.0
2022,idoso,2,2,MT,44.0,,alta_vs_baixa,baixa,alta,68,True,24,24.0
2022,idoso,2,2,PA,77.0,,alta_vs_baixa,baixa,alta,110,True,33,33.0
2022,idoso,2,2,PB,27.0,,alta_vs_baixa,baixa,alta,32,False,5,5.0
2022,idoso,2,2,PE,151.0,,alta_vs_baixa,baixa,alta,209,True,58,58.0
2022,idoso,2,2,PI,79.0,,alta_vs_baixa,baixa,alta,89,False,10,10.0
2022,idoso,2,2,PR,95.0,,alta_vs_baixa,baixa,alta,153,True,58,58.0
2022,idoso,2,2,RJ,333.0,,alta_vs_baixa,baixa,alta,858,True,333,525.0
2022,idoso,2,2,RN,20.0,,alta_vs_baixa,baixa,alta,27,False,7,7.0
2022,idoso,2,2,RO,27.0,,alta_vs_baixa,baixa,alta,40,False,13,13.0
2022,idoso,2,2,RR,6.0,,alta_vs_baixa,baixa,alta,8,False,2,2.0
2022,idoso,2,2,RS,70.0,,alta_vs_baixa,baixa,alta,188,True,70,118.0
2022,idoso,2,2,SC,31.0,,alta_vs_baixa,baixa,alta,69,True,31,38.0
2022,idoso,2,2,SE,38.0,,alta_vs_baixa,baixa,alta,57,False,19,19.0
2022,idoso,2,2,SP,338.0,,alta_vs_baixa,baixa,alta,954,True,338,616.0
2022,idoso,2,2,TO,21.0,,alta_vs_baixa,baixa,alta,27,False,6,6.0
2022,idoso,3,1,AC,2.0,,alta_vs_baixa,baixa,alta,2,False,0,0.0
2022,idoso,3,1,AL,3.0,,alta_vs_baixa,baixa,alta,3,False,0,0.0
2022,idoso,3,1,AM,0.0,,alta_vs_baixa,baixa,alta,1,False,0,1.0
2022,idoso,3,1,BA,2.0,,alta_vs_baixa,baixa,alta,6,False,2,4.0
2022,idoso,3,1,CE,4.0,,alta_vs_baixa,baixa,alta,4,False,0,0.0
2022,idoso,3,1,DF,1.0,,alta_vs_baixa,baixa,alta,4,False,1,3.0
2022,idoso,3,1,ES,0.0,,alta_vs_baixa,baixa,alta,4,False,0,4.0
2022,idoso,3,1,GO,5.0,,alta_vs_baixa,baixa,alta,13,False,5,8.0
2022,idoso,3,1,MA,3.0,,alta_vs_baixa,baixa,alta,8,False,3,5.0
2022,idoso,3,1,MG,4.0,,alta_vs_baixa,baixa,alta,18,False,4,14.0
2022,idoso,3,1,MS,1.0,,alta_vs_baixa,baixa,alta,10,False,1,9.0
2022,idoso,3,1,MT,4.0,,alta_vs_baixa,baixa,alta,12,False,4,8.0
2022,idoso,3,1,PA,4.0,,alta_vs_baixa,baixa,alta,11,False,4,7.0
2022,idoso,3,1,PB,5.0,,alta_vs_baixa,baixa,alta,5,False,0,0.0
2022,idoso,3,1,PE,0.0,,alta_vs_baixa,baixa,alta,3,False,0,3.0
2022,idoso,3,1,PI,1.0,,alta_vs_baixa,baixa,alta,1,False,0,0.0
2022,idoso,3,1,PR,2.0,,alta_vs_baixa,baixa,alta,36,False,2,34.0
2022,idoso,3,1,RJ,0.0,,alta_vs_baixa,baixa,alta,6,False,0,6.0
2022,idoso,3,1,RN,2.0,,alta_vs_baixa,baixa,alta,3,False,1,1.0
2022,idoso,3,1,RO,0.0,,alta_vs_baixa,baixa,alta,4,False,0,4.0
2022,idoso,3,1,RS,0.0,,alta_vs_baixa,baixa,alta,3,False,0,3.0
2022,idoso,3,1,SC,1.0,,alta_vs_baixa,baixa,alta,5,False,1,4.0
2022,idoso,3,1,SE,4.0,,alta_vs_baixa,baixa,alta,6,False,2,2.0
2022,idoso,3,1,SP,6.0,,alta_vs_baixa,baixa,alta,213,False,6,207.0
2022,idoso,3,1,TO,0.0,,alta_vs_baixa,baixa,alta,2,False,0,2.0
2022,idoso,3,2,AL,0.0,,alta_vs_baixa,baixa,alta,2,False,0,2.0
2022,idoso,3,2,AM,2.0,,alta_vs_baixa,baixa,alta,2,False,0,0.0
2022,idoso,3,2,AP,1.0,,alta_vs_baixa,baixa,alta,1,False,0,0.0
2022,idoso,3,2,BA,5.0,,alta_vs_baixa,baixa,alta,10,False,5,5.0
2022,idoso,3,2,CE,5.0,,alta_vs_baixa,baixa,alta,5,False,0,0.0
2022,idoso,3,2,DF,0.0,,alta_vs_baixa,baixa,alta,2,False,0,2.0
2022,idoso,3,2,ES,0.0,,alta_vs_baixa,baixa,alta,1,False,0,1.0
2022,idoso,3,2,GO,7.0,,alta_vs_baixa,baixa,alta,12,False,5,5.0
2022,idoso,3,2,MA,4.0,,alta_vs_baixa,baixa,alta,5,False,1,1.0
2022,idoso,3,2,MG,5.0,,alta_vs_baixa,baixa,alta,7,False,2,2.0
2022,idoso,3,2,MS,0.0,,alta_vs_baixa,baixa,alta,3,False,0,3.0
2022,idoso,3,2,MT,5.0,,alta_vs_baixa,baixa,alta,8,False,3,3.0
2022,idoso,3,2,PA,1.0,,alta_vs_baixa,baixa,alta,4,False,1,3.0
2022,idoso,3,2,PB,1.0,,alta_vs_baixa,baixa,alta,1,False,0,0.0
2022,idoso,3,2,PE,4.0,,alta_vs_baixa,baixa,alta,5,False,1,1.0
2022,idoso,3,2,PI,3.0,,alta_vs_baixa,baixa,alta,3,False,0,0.0
2022,idoso,3,2,PR,7.0,,alta_vs_baixa,baixa,alta,31,False,7,24.0
2022,idoso,3,2,RJ,2.0,,alta_vs_baixa,baixa,alta,7,False,2,5.0
2022,idoso,3,2,RN,1.0,,alta_vs_baixa,baixa,alta,4,False,1,3.0
2022,idoso,3,2,RO,1.0,,alta_vs_baixa,baixa,alta,3,False,1,2.0
2022,idoso,3,2,RS,3.0,,alta_vs_baixa,baixa,alta,3,False,0,0.0
2022,idoso,3,2,SC,0.0,,alta_vs_baixa,baixa,alta,1,False,0,1.0
2022,idoso,3,2,SE,1.0,,alta_vs_baixa,baixa,alta,1,False,0,0.0
2022,idoso,3,2,SP,10.0,,alta_vs_baixa,baixa,alta,115,False,10,105.0
2022,idoso,3,2,TO,2.0,,alta_vs_baixa,baixa,alta,3,False,1,1.0
2022,idoso,4,0,ES,0.0,,alta_vs_baixa,baixa,alta,1,False,0,1.0
2022,idoso,4,0,PA,1.0,,alta_vs_baixa,baixa,alta,2,False,1,1.0
2022,idoso,4,0,RJ,1.0,,alta_vs_baixa,baixa,alta,1,False,0,0.0
2022,idoso,4,0,RS,0.0,,alta_vs_baixa,baixa,alta,1,False,0,1.0
2022,idoso,4,0,SP,0.0,,alta_vs_baixa,baixa,alta,2,False,0,2.0
2022,idoso,4,1,AC,68.0,,alta_vs_baixa,baixa,alta,87,False,19,19.0
2022,idoso,4,1,AL,439.0,,alta_vs_baixa,baixa,alta,658,True,219,219.0
2022,idoso,4,1,AM,336.0,,alta_vs_baixa,baixa,alta,788,True,336,452.0
2022,idoso,4,1,AP,49.0,,alta_vs_baixa,baixa,alta,92,True,43,43.0
2022,idoso,4,1,BA,1277.0,,alta_vs_baixa,baixa,alta,2110,True,833,833.0
2022,idoso,4,1,CE,1693.0,,alta_vs_baixa,baixa,alta,2468,True,775,775.0
2022,idoso,4,1,DF,84.0,,alta_vs_baixa,baixa,alta,252,True,84,168.0
2022,idoso,4,1,ES,147.0,,alta_vs_baixa,baixa,alta,378,True,147,231.0
2022,idoso,4,1,GO,496.0,,alta_vs_baixa,baixa,alta,1089,True,496,593.0
2022,idoso,4,1,MA,994.0,,alta_vs_baixa,baixa,alta,1430,True,436,436.0
2022,idoso,4,1,MG,949.0,,alta_vs_baixa,baixa,alta,2014,True,949,1065.0
2022,idoso,4,1,MS,183.0,,alta_vs_baixa,baixa,alta,488,True,183,305.0
2022,idoso,4,1,MT,259.0,,alta_vs_baixa,baixa,alta,547,True,259,288.0
2022,idoso,4,1,PA,824.0,,alta_vs_baixa,baixa,alta,1394,True,570,570.0
2022,idoso,4,1,PB,288.0,,alta_vs_baixa,baixa,alta,387,True,99,99.0
2022,idoso,4,1,PE,1223.0,,alta_vs_baixa,baixa,alta,1994,True,771,771.0
2022,idoso,4,1,PI,559.0,,alta_vs_baixa,baixa,alta,713,True,154,154.0
2022,idoso,4,1,PR,354.0,,alta_vs_baixa,baixa,alta,765,True,354,411.0
2022,idoso,4,1,RJ,412.0,,alta_vs_baixa,baixa,alta,1784,True,412,1372.0
2022,idoso,4,1,RN,353.0,,alta_vs_baixa,baixa,alta,488,True,135,135.0
2022,idoso,4,1,RO,127.0,,alta_vs_baixa,baixa,alta,262,True,127,135.0
2022,idoso,4,1,RR,44.0,,alta_vs_baixa,baixa,alta,128,True,44,84.0
2022,idoso,4,1,RS,70.0,,alta_vs_baixa,baixa,alta,211,True,70,141.0
2022,idoso,4,1,SC,47.0,,alta_vs_baixa,baixa,alta,122,True,47,75.0
2022,idoso,4,1,SE,279.0,,alta_vs_baixa,baixa,alta,502,True,223,223.0
2022,idoso,4,1,SP,899.0,,alta_vs_baixa,baixa,alta,3404,True,899,2505.0
2022,idoso,4,1,TO,179.0,,alta_vs_baixa,baixa,alta,268,True,89,89.0
2022,idoso,4,2,AC,54.0,,alta_vs_baixa,baixa,alta,68,False,14,14.0
2022,idoso,4,2,AL,389.0,,alta_vs_baixa,baixa,alta,511,True,122,122.0
2022,idoso,4,2,AM,249.0,,alta_vs_baixa,baixa,alta,564,True,249,315.0
2022,idoso,4,2,AP,41.0,,alta_vs_baixa,baixa,alta,67,True,26,26.0
2022,idoso,4,2,BA,1148.0,,alta_vs_baixa,baixa,alta,1780,True,632,632.0
2022,idoso,4,2,CE,1221.0,,alta_vs_baixa,baixa,alta,1722,True,501,501.0
2022,idoso,4,2,DF,94.0,,alta_vs_baixa,baixa,alta,204,True,94,110.0
2022,idoso,4,2,ES,132.0,,alta_vs_baixa,baixa,alta,239,True,107,107.0
2022,idoso,4,2,GO,438.0,,alta_vs_baixa,baixa,alta,810,True,372,372.0
2022,idoso,4,2,MA,921.0,,alta_vs_baixa,baixa,alta,1239,True,318,318.0
2022,idoso,4,2,MG,891.0,,alta_vs_baixa,baixa,alta,1512,True,621,621.0
2022,idoso,4,2,MS,140.0,,alta_vs_baixa,baixa,alta,320,True,140,180.0
2022,idoso,4,2,MT,220.0,,alta_vs_baixa,baixa,alta,381,True,161,161.0
2022,idoso,4,2,PA,619.0,,alta_vs_baixa,baixa,alta,1029,True,410,410.0
2022,idoso,4,2,PB,249.0,,alta_vs_baixa,baixa,alta,328,True,79,79.0
2022,idoso,4,2,PE,1210.0,,alta_vs_baixa,baixa,alta,1705,True,495,495.0
2022,idoso,4,2,PI,475.0,,alta_vs_baixa,baixa,alta,575,True,100,100.0
2022,idoso,4,2,PR,405.0,,alta_vs_baixa,baixa,alta,641,True,236,236.0
2022,idoso,4,2,RJ,483.0,,alta_vs_baixa,baixa,alta,1488,True,483,1005.0
2022,idoso,4,2,RN,230.0,,alta_vs_baixa,baixa,alta,336,True,106,106.0
2022,idoso,4,2,RO,118.0,,alta_vs_baixa,baixa,alta,190,True,72,72.0
2022,idoso,4,2,RR,22.0,,alta_vs_baixa,baixa,alta,66,True,22,44.0
2022,idoso,4,2,RS,72.0,,alta_vs_baixa,baixa,alta,153,True,72,81.0
2022,idoso,4,2,SC,48.0,,alta_vs_baixa,baixa,alta,95,True,47,47.0
2022,idoso,4,2,SE,249.0,,alta_vs_baixa,baixa,alta,372,True,123,123.0
2022,idoso,4,2,SP,1013.0,,alta_vs_baixa,baixa,alta,2591,True,1013,1578.0
2022,idoso,4,2,TO,137.0,,alta_vs_baixa,baixa,alta,200,True,63,63.0
2022,idoso,5,1,AC,1.0,,alta_vs_baixa,baixa,alta,1,False,0,0.0
2022,idoso,5,1,AL,4.0,,alta_vs_baixa,baixa,alta,4,False,0,0.0
2022,idoso,5,1,AM,25.0,,alta_vs_baixa,baixa,alta,37,False,12,12.0
2022,idoso,5,1,BA,9.0,,alta_vs_baixa,baixa,alta,9,False,0,0.0
2022,idoso,5,1,CE,8.0,,alta_vs_baixa,baixa,alta,8,False,0,0.0
2022,idoso,5,1,DF,0.0,,alta_vs_baixa,baixa,alta,1,False,0,1.0
2022,idoso,5,1,ES,2.0,,alta_vs_baixa,baixa,alta,2,False,0,0.0
2022,idoso,5,1,GO,1.0,,alta_vs_baixa,baixa,alta,1,False,0,0.0
2022,idoso,5,1,MA,9.0,,alta_vs_baixa,baixa,alta,10,False,1,1.0
2022,idoso,5,1,MG,1.0,,alta_vs_baixa,baixa,alta,4,False,1,3.0
2022,idoso,5,1,MS,12.0,,alta_vs_baixa,baixa,alta,16,False,4,4.0
2022,idoso,5,1,MT,2.0,,alta_vs_baixa,baixa,alta,5,False,2,3.0
2022,idoso,5,1,PA,0.0,,alta_vs_baixa,baixa,alta,2,False,0,2.0
2022,idoso,5,1,PE,8.0,,alta_vs_baixa,baixa,alta,8,False,0,0.0
2022,idoso,5,1,PI,1.0,,alta_vs_baixa,baixa,alta,1,False,0,0.0
2022,idoso,5,1,PR,1.0,,alta_vs_baixa,baixa,alta,1,False,0,0.0
2022,idoso,5,1,RJ,1.0,,alta_vs_baixa,baixa,alta,1,False,0,0.0
2022,idoso,5,1,RN,1.0,,alta_vs_baixa,baixa,alta,2,False,1,1.0
2022,idoso,5,1,RO,1.0,,alta_vs_baixa,baixa,alta,1,False,0,0.0
2022,idoso,5,1,RR,10.0,,alta_vs_baixa,baixa,alta,15,False,5,5.0
2022,idoso,5,1,RS,2.0,,alta_vs_baixa,baixa,alta,4,False,2,2.0
2022,idoso,5,1,SC,4.0,,alta_vs_baixa,baixa,alta,4,False,0,0.0
2022,idoso,5,1,SE,0.0,,alta_vs_baixa,baixa,alta,1,False,0,1.0
2022,idoso,5,1,SP,6.0,,alta_vs_baixa,baixa,alta,12,False,6,6.0
2022,idoso,5,1,TO,0.0,,alta_vs_baixa,baixa,alta,1,False,0,1.0
2022,idoso,5,2,AC,1.0,,alta_vs_baixa,baixa,alta,1,False,0,0.0
2022,idoso,5,2,AM,23.0,,alta_vs_baixa,baixa,alta,24,False,1,1.0
2022,idoso,5,2,AP,2.0,,alta_vs_baixa,baixa,alta,2,False,0,0.0
2022,idoso,5,2,BA,3.0,,alta_vs_baixa,baixa,alta,7,False,3,4.0
2022,idoso,5,2,CE,2.0,,alta_vs_baixa,baixa,alta,2,False,0,0.0
2022,idoso,5,2,DF,1.0,,alta_vs_baixa,baixa,alta,2,False,1,1.0
2022,idoso,5,2,GO,2.0,,alta_vs_baixa,baixa,alta,2,False,0,0.0
2022,idoso,5,2,MA,8.0,,alta_vs_baixa,baixa,alta,12,False,4,4.0
2022,idoso,5,2,MG,3.0,,alta_vs_baixa,baixa,alta,3,False,0,0.0
2022,idoso,5,2,MS,11.0,,alta_vs_baixa,baixa,alta,13,False,2,2.0
2022,idoso,5,2,MT,6.0,,alta_vs_baixa,baixa,alta,6,False,0,0.0
2022,idoso,5,2,PA,5.0,,alta_vs_baixa,baixa,alta,5,False,0,0.0
2022,idoso,5,2,PB,2.0,,alta_vs_baixa,baixa,alta,2,False,0,0.0
2022,idoso,5,2,PE,14.0,,alta_vs_baixa,baixa,alta,17,False,3,3.0
2022,idoso,5,2,PR,6.0,,alta_vs_baixa,baixa,alta,6,False,0,0.0
2022,idoso,5,2,RN,0.0,,alta_vs_baixa,baixa,alta,1,False,0,1.0
2022,idoso,5,2,RO,5.0,,alta_vs_baixa,baixa,alta,5,False,0,0.0
2022,idoso,5,2,RR,15.0,,alta_vs_baixa,baixa,alta,23,False,8,8.0
2022,idoso,5,2,RS,4.0,,alta_vs_baixa,baixa,alta,5,False,1,1.0
2022,idoso,5,2,SC,1.0,,alta_vs_baixa,baixa,alta,1,False,0,0.0
2022,idoso,5,2,SE,0.0,,alta_vs_baixa,baixa,alta,1,False,0,1.0
2022,idoso,5,2,SP,2.0,,alta_vs_baixa,baixa,alta,8,False,2,6.0
2022,idoso,5,2,TO,5.0,,alta_vs_baixa,baixa,alta,5,False,0,0.0
2022,jovem,1,1,AC,1.0,,alta_vs_baixa,baixa,alta,3,False,1,2.0
2022,jovem,1,1,AL,1.0,,alta_vs_baixa,baixa,alta,4,False,1,3.0
2022,jovem,1,1,AM,0.0,,alta_vs_baixa,baixa,alta,33,False,0,33.0
2022,jovem,1,1,AP,1.0,,alta_vs_baixa,baixa,alta,3,False,1,2.0
2022,jovem,1,1,BA,16.0,,alta_vs_baixa,baixa,alta,72,False,16,56.0
2022,jovem,1,1,CE,9.0,,alta_vs_baixa,baixa,alta,66,False,9,57.0
2022,jovem,1,1,DF,2.0,,alta_vs_baixa,baixa,alta,12,False,2,10.0
2022,jovem,1,1,ES,4.0,,alta_vs_baixa,baixa,alta,23,False,4,19.0
2022,jovem,1,1,GO,7.0,,alta_vs_baixa,baixa,alta,131,False,7,124.0
2022,jovem,1,1,MA,19.0,,alta_vs_baixa,baixa,alta,72,False,19,53.0
2022,jovem,1,1,MG,34.0,,alta_vs_baixa,baixa,alta,256,True,34,222.0
2022,jovem,1,1,MS,10.0,,alta_vs_baixa,baixa,alta,61,False,10,51.0
2022,jovem,1,1,MT,9.0,,alta_vs_baixa,baixa,alta,100,False,9,91.0
2022,jovem,1,1,PA,14.0,,alta_vs_baixa,baixa,alta,80,False,14,66.0
2022,jovem,1,1,PB,5.0,,alta_vs_baixa,baixa,alta,19,False,5,14.0
2022,jovem,1,1,PE,29.0,,alta_vs_baixa,baixa,alta,139,True,29,110.0
2022,jovem,1,1,PI,7.0,,alta_vs_baixa,baixa,alta,29,False,7,22.0
2022,jovem,1,1,PR,50.0,,alta_vs_baixa,baixa,alta,611,True,50,561.0
2022,jovem,1,1,RJ,21.0,,alta_vs_baixa,baixa,alta,204,True,21,183.0
2022,jovem,1,1,RN,3.0,,alta_vs_baixa,baixa,alta,16,False,3,13.0
2022,jovem,1,1,RO,3.0,,alta_vs_baixa,baixa,alta,38,False,3,35.0
2022,jovem,1,1,RR,0.0,,alta_vs_baixa,baixa,alta,4,False,0,4.0
2022,jovem,1,1,RS,28.0,,alta_vs_baixa,baixa,alta,224,True,28,196.0
2022,jovem,1,1,SC,19.0,,alta_vs_baixa,baixa,alta,270,False,19,251.0
2022,jovem,1,1,SE,6.0,,alta_vs_baixa,baixa,alta,18,False,6,12.0
2022,jovem,1,1,SP,101.0,,alta_vs_baixa,baixa,alta,914,True,101,813.0
2022,jovem,1,1,TO,1.0,,alta_vs_baixa,baixa,alta,29,False,1,28.0
2022,jovem,1,2,AC,0.0,,alta_vs_baixa,baixa,alta,1,False,0,1.0
2022,jovem,1,2,AL,1.0,,alta_vs_baixa,baixa,alta,5,False,1,4.0
2022,jovem,1,2,AM,4.0,,alta_vs_baixa,baixa,alta,29,False,4,25.0
2022,jovem,1,2,AP,1.0,,alta_vs_baixa,baixa,alta,2,False,1,1.0
2022,jovem,1,2,BA,18.0,,alta_vs_baixa,baixa,alta,41,False,18,23.0
2022,jovem,1,2,CE,10.0,,alta_vs_baixa,baixa,alta,38,False,10,28.0
2022,jovem,1,2,DF,1.0,,alta_vs_baixa,baixa,alta,13,False,1,12.0
2022,jovem,1,2,ES,3.0,,alta_vs_baixa,baixa,alta,15,False,3,12.0
2022,jovem,1,2,GO,10.0,,alta_vs_baixa,baixa,alta,57,False,10,47.0
2022,jovem,1,2,MA,8.0,,alta_vs_baixa,baixa,alta,31,False,8,23.0
2022,jovem,1,2,MG,30.0,,alta_vs_baixa,baixa,alta,130,True,30,100.0
2022,jovem,1,2,MS,5.0,,alta_vs_baixa,baixa,alta,26,False,5,21.0
2022,jovem,1,2,MT,6.0,,alta_vs_baixa,baixa,alta,23,False,6,17.0
2022,jovem,1,2,PA,4.0,,alta_vs_baixa,baixa,alta,23,False,4,19.0
2022,jovem,1,2,PB,3.0,,alta_vs_baixa,baixa,alta,10,False,3,7.0
2022,jovem,1,2,PE,19.0,,alta_vs_baixa,baixa,alta,57,False,19,38.0
2022,jovem,1,2,PI,4.0,,alta_vs_baixa,baixa,alta,12,False,4,8.0
2022,jovem,1,2,PR,51.0,,alta_vs_baixa,baixa,alta,229,True,51,178.0
2022,jovem,1,2,RJ,14.0,,alta_vs_baixa,baixa,alta,104,False,14,90.0
2022,jovem,1,2,RN,2.0,,alta_vs_baixa,baixa,alta,14,False,2,12.0
2022,jovem,1,2,RO,4.0,,alta_vs_baixa,baixa,alta,14,False,4,10.0
2022,jovem,1,2,RR,0.0,,alta_vs_baixa,baixa,alta,3,False,0,3.0
2022,jovem,1,2,RS,26.0,,alta_vs_baixa,baixa,alta,95,True,26,69.0
2022,jovem,1,2,SC,14.0,,alta_vs_baixa,baixa,alta,94,False,14,80.0
2022,jovem,1,2,SE,4.0,,alta_vs_baixa,baixa,alta,15,False,4,11.0
2022,jovem,1,2,SP,78.0,,alta_vs_baixa,baixa,alta,417,True,78,339.0
2022,jovem,1,2,TO,2.0,,alta_vs_baixa,baixa,alta,8,False,2,6.0
2022,jovem,2,1,AL,1.0,,alta_vs_baixa,baixa,alta,4,False,1,3.0
2022,jovem,2,1,AM,0.0,,alta_vs_baixa,baixa,alta,1,False,0,1.0
2022,jovem,2,1,BA,8.0,,alta_vs_baixa,baixa,alta,110,False,8,102.0
2022,jovem,2,1,CE,2.0,,alta_vs_baixa,baixa,alta,10,False,2,8.0
2022,jovem,2,1,DF,0.0,,alta_vs_baixa,baixa,alta,8,False,0,8.0
2022,jovem,2,1,ES,0.0,,alta_vs_baixa,baixa,alta,6,False,0,6.0
2022,jovem,2,1,GO,0.0,,alta_vs_baixa,baixa,alta,28,False,0,28.0
2022,jovem,2,1,MA,2.0,,alta_vs_baixa,baixa,alta,35,False,2,33.0
2022,jovem,2,1,MG,6.0,,alta_vs_baixa,baixa,alta,76,False,6,70.0
2022,jovem,2,1,MS,2.0,,alta_vs_baixa,baixa,alta,9,False,2,7.0
2022,jovem,2,1,MT,0.0,,alta_vs_baixa,baixa,alta,21,False,0,21.0
2022,jovem,2,1,PA,3.0,,alta_vs_baixa,baixa,alta,33,False,3,30.0
2022,jovem,2,1,PB,1.0,,alta_vs_baixa,baixa,alta,2,False,1,1.0
2022,jovem,2,1,PE,1.0,,alta_vs_baixa,baixa,alta,21,False,1,20.0
2022,jovem,2,1,PI,0.0,,alta_vs_baixa,baixa,alta,17,False,0,17.0
2022,jovem,2,1,PR,4.0,,alta_vs_baixa,baixa,alta,26,False,4,22.0
2022,jovem,2,1,RJ,4.0,,alta_vs_baixa,baixa,alta,109,False,4,105.0
2022,jovem,2,1,RN,0.0,,alta_vs_baixa,baixa,alta,2,False,0,2.0
2022,jovem,2,1,RO,0.0,,alta_vs_baixa,baixa,alta,5,False,0,5.0
2022,jovem,2,1,RS,2.0,,alta_vs_baixa,baixa,alta,27,False,2,25.0
2022,jovem,2,1,SC,0.0,,alta_vs_baixa,baixa,alta,10,False,0,10.0
2022,jovem,2,1,SE,0.0,,alta_vs_baixa,baixa,alta,15,False,0,15.0
2022,jovem,2,1,SP,9.0,,alta_vs_baixa,baixa,alta,139,False,9,130.0
2022,jovem,2,1,TO,0.0,,alta_vs_baixa,baixa,alta,16,False,0,16.0
2022,jovem,2,2,AC,1.0,,alta_vs_baixa,baixa,alta,1,False,0,0.0
2022,jovem,2,2,AL,0.0,,alta_vs_baixa,baixa,alta,1,False,0,1.0
2022,jovem,2,2,AP,0.0,,alta_vs_baixa,baixa,alta,1,False,0,1.0
2022,jovem,2,2,BA,6.0,,alta_vs_baixa,baixa,alta,37,False,6,31.0
2022,jovem,2,2,DF,0.0,,alta_vs_baixa,baixa,alta,1,False,0,1.0
2022,jovem,2,2,ES,2.0,,alta_vs_baixa,baixa,alta,7,False,2,5.0
2022,jovem,2,2,GO,2.0,,alta_vs_baixa,baixa,alta,7,False,2,5.0
2022,jovem,2,2,MA,1.0,,alta_vs_baixa,baixa,alta,13,False,1,12.0
2022,jovem,2,2,MG,3.0,,alta_vs_baixa,baixa,alta,32,False,3,29.0
2022,jovem,2,2,MS,0.0,,alta_vs_baixa,baixa,alta,1,False,0,1.0
2022,jovem,2,2,MT,0.0,,alta_vs_baixa,baixa,alta,4,False,0,4.0
2022,jovem,2,2,PA,2.0,,alta_vs_baixa,baixa,alta,12,False,2,10.0
2022,jovem,2,2,PE,2.0,,alta_vs_baixa,baixa,alta,11,False,2,9.0
2022,jovem,2,2,PI,0.0,,alta_vs_baixa,baixa,alta,4,False,0,4.0
2022,jovem,2,2,PR,1.0,,alta_vs_baixa,baixa,alta,11,False,1,10.0
2022,jovem,2,2,RJ,2.0,,alta_vs_baixa,baixa,alta,44,False,2,42.0
2022,jovem,2,2,RN,1.0,,alta_vs_baixa,baixa,alta,4,False,1,3.0
2022,jovem,2,2,RO,0.0,,alta_vs_baixa,baixa,alta,2,False,0,2.0
2022,jovem,2,2,RS,2.0,,alta_vs_baixa,baixa,alta,6,False,2,4.0
2022,jovem,2,2,SC,0.0,,alta_vs_baixa,baixa,alta,8,False,0,8.0
2022,jovem,2,2,SE,0.0,,alta_vs_baixa,baixa,alta,5,False,0,5.0
2022,jovem,2,2,SP,6.0,,alta_vs_baixa,baixa,alta,48,False,6,42.0
2022,jovem,2,2,TO,2.0,,alta_vs_baixa,baixa,alta,5,False,2,3.0
2022,jovem,3,1,AL,0.0,,alta_vs_baixa,baixa,alta,1,False,0,1.0
2022,jovem,3,1,AM,0.0,,alta_vs_baixa,baixa,alta,7,False,0,7.0
2022,jovem,3,1,CE,1.0,,alta_vs_baixa,baixa,alta,1,False,0,0.0
2022,jovem,3,1,MA,0.0,,alta_vs_baixa,baixa,alta,2,False,0,2.0
2022,jovem,3,1,MG,1.0,,alta_vs_baixa,baixa,alta,1,False,0,0.0
2022,jovem,3,1,MS,0.0,,alta_vs_baixa,baixa,alta,1,False,0,1.0
2022,jovem,3,1,MT,0.0,,alta_vs_baixa,baixa,alta,3,False,0,3.0
2022,jovem,3,1,PA,0.0,,alta_vs_baixa,baixa,alta,1,False,0,1.0
2022,jovem,3,1,PR,0.0,,alta_vs_baixa,baixa,alta,1,False,0,1.0
2022,jovem,3,1,RS,0.0,,alta_vs_baixa,baixa,alta,1,False,0,1.0
2022,jovem,3,1,SC,0.0,,alta_vs_baixa,baixa,alta,1,False,0,1.0
2022,jovem,3,1,SP,1.0,,alta_vs_baixa,baixa,alta,10,False,1,9.0
2022,jovem,3,2,AL,0.0,,alta_vs_baixa,baixa,alta,1,False,0,1.0
2022,jovem,3,2,BA,0.0,,alta_vs_baixa,baixa,alta,1,False,0,1.0
2022,jovem,3,2,DF,1.0,,alta_vs_baixa,baixa,alta,1,False,0,0.0
2022,jovem,3,2,GO,0.0,,alta_vs_baixa,baixa,alta,1,False,0,1.0
2022,jovem,3,2,MA,0.0,,alta_vs_baixa,baixa,alta,2,False,0,2.0
2022,jovem,3,2,MT,0.0,,alta_vs_baixa,baixa,alta,1,False,0,1.0
2022,jovem,3,2,PR,1.0,,alta_vs_baixa,baixa,alta,2,False,1,1.0
2022,jovem,3,2,SP,1.0,,alta_vs_baixa,baixa,alta,1,False,0,0.0
2022,jovem,3,2,TO,1.0,,alta_vs_baixa,baixa,alta,1,False,0,0.0
2022,jovem,4,1,AC,2.0,,alta_vs_baixa,baixa,alta,20,False,2,18.0
2022,jovem,4,1,AL,9.0,,alta_vs_baixa,baixa,alta,200,False,9,191.0
2022,jovem,4,1,AM,23.0,,alta_vs_baixa,baixa,alta,412,True,23,389.0
2022,jovem,4,1,AP,1.0,,alta_vs_baixa,baixa,alta,41,False,1,40.0
2022,jovem,4,1,BA,56.0,,alta_vs_baixa,baixa,alta,550,True,56,494.0
2022,jovem,4,1,CE,35.0,,alta_vs_baixa,baixa,alta,379,True,35,344.0
2022,jovem,4,1,DF,3.0,,alta_vs_baixa,baixa,alta,55,False,3,52.0
2022,jovem,4,1,ES,8.0,,alta_vs_baixa,baixa,alta,98,False,8,90.0
2022,jovem,4,1,GO,11.0,,alta_vs_baixa,baixa,alta,325,False,11,314.0
2022,jovem,4,1,MA,34.0,,alta_vs_baixa,baixa,alta,381,True,34,347.0
2022,jovem,4,1,MG,23.0,,alta_vs_baixa,baixa,alta,394,True,23,371.0
2022,jovem,4,1,MS,14.0,,alta_vs_baixa,baixa,alta,115,False,14,101.0
2022,jovem,4,1,MT,4.0,,alta_vs_baixa,baixa,alta,235,False,4,231.0
2022,jovem,4,1,PA,32.0,,alta_vs_baixa,baixa,alta,403,True,32,371.0
2022,jovem,4,1,PB,5.0,,alta_vs_baixa,baixa,alta,37,False,5,32.0
2022,jovem,4,1,PE,35.0,,alta_vs_baixa,baixa,alta,366,True,35,331.0
2022,jovem,4,1,PI,18.0,,alta_vs_baixa,baixa,alta,126,False,18,108.0
2022,jovem,4,1,PR,11.0,,alta_vs_baixa,baixa,alta,293,False,11,282.0
2022,jovem,4,1,RJ,16.0,,alta_vs_baixa,baixa,alta,329,False,16,313.0
2022,jovem,4,1,RN,7.0,,alta_vs_baixa,baixa,alta,30,False,7,23.0
2022,jovem,4,1,RO,2.0,,alta_vs_baixa,baixa,alta,92,False,2,90.0
2022,jovem,4,1,RR,2.0,,alta_vs_baixa,baixa,alta,50,False,2,48.0
2022,jovem,4,1,RS,3.0,,alta_vs_baixa,baixa,alta,30,False,3,27.0
2022,jovem,4,1,SC,2.0,,alta_vs_baixa,baixa,alta,40,False,2,38.0
2022,jovem,4,1,SE,17.0,,alta_vs_baixa,baixa,alta,155,False,17,138.0
2022,jovem,4,1,SP,49.0,,alta_vs_baixa,baixa,alta,679,True,49,630.0
2022,jovem,4,1,TO,11.0,,alta_vs_baixa,baixa,alta,82,False,11,71.0
2022,jovem,4,2,AC,2.0,,alta_vs_baixa,baixa,alta,11,False,2,9.0
2022,jovem,4,2,AL,4.0,,alta_vs_baixa,baixa,alta,29,False,4,25.0
2022,jovem,4,2,AM,9.0,,alta_vs_baixa,baixa,alta,113,False,9,104.0
2022,jovem,4,2,AP,0.0,,alta_vs_baixa,baixa,alta,15,False,0,15.0
2022,jovem,4,2,BA,32.0,,alta_vs_baixa,baixa,alta,174,True,32,142.0
2022,jovem,4,2,CE,21.0,,alta_vs_baixa,baixa,alta,122,True,21,101.0
2022,jovem,4,2,DF,0.0,,alta_vs_baixa,baixa,alta,19,False,0,19.0
2022,jovem,4,2,ES,0.0,,alta_vs_baixa,baixa,alta,21,False,0,21.0
2022,jovem,4,2,GO,5.0,,alta_vs_baixa,baixa,alta,76,False,5,71.0
2022,jovem,4,2,MA,23.0,,alta_vs_baixa,baixa,alta,128,True,23,105.0
2022,jovem,4,2,MG,19.0,,alta_vs_baixa,baixa,alta,140,False,19,121.0
2022,jovem,4,2,MS,6.0,,alta_vs_baixa,baixa,alta,34,False,6,28.0
2022,jovem,4,2,MT,1.0,,alta_vs_baixa,baixa,alta,57,False,1,56.0
2022,jovem,4,2,PA,16.0,,alta_vs_baixa,baixa,alta,132,False,16,116.0
2022,jovem,4,2,PB,1.0,,alta_vs_baixa,baixa,alta,13,False,1,12.0
2022,jovem,4,2,PE,12.0,,alta_vs_baixa,baixa,alta,103,False,12,91.0
2022,jovem,4,2,PI,5.0,,alta_vs_baixa,baixa,alta,40,False,5,35.0
2022,jovem,4,2,PR,9.0,,alta_vs_baixa,baixa,alta,78,False,9,69.0
2022,jovem,4,2,RJ,4.0,,alta_vs_baixa,baixa,alta,113,False,4,109.0
2022,jovem,4,2,RN,4.0,,alta_vs_baixa,baixa,alta,14,False,4,10.0
2022,jovem,4,2,RO,2.0,,alta_vs_baixa,baixa,alta,28,False,2,26.0
2022,jovem,4,2,RR,3.0,,alta_vs_baixa,baixa,alta,23,False,3,20.0
2022,jovem,4,2,RS,3.0,,alta_vs_baixa,baixa,alta,15,False,3,12.0
2022,jovem,4,2,SC,0.0,,alta_vs_baixa,baixa,alta,11,False,0,11.0
2022,jovem,4,2,SE,5.0,,alta_vs_baixa,baixa,alta,43,False,5,38.0
2022,jovem,4,2,SP,25.0,,alta_vs_baixa,baixa,alta,254,True,25,229.0
2022,jovem,4,2,TO,3.0,,alta_vs_baixa,baixa,alta,24,False,3,21.0
2022,jovem,5,1,AC,0.0,,alta_vs_baixa,baixa,alta,1,False,0,1.0
2022,jovem,5,1,AL,1.0,,alta_vs_baixa,baixa,alta,1,False,0,0.0
2022,jovem,5,1,AM,4.0,,alta_vs_baixa,baixa,alta,26,False,4,22.0
2022,jovem,5,1,CE,0.0,,alta_vs_baixa,baixa,alta,2,False,0,2.0
2022,jovem,5,1,DF,0.0,,alta_vs_baixa,baixa,alta,1,False,0,1.0
2022,jovem,5,1,MA,2.0,,alta_vs_baixa,baixa,alta,2,False,0,0.0
2022,jovem,5,1,MG,1.0,,alta_vs_baixa,baixa,alta,1,False,0,0.0
2022,jovem,5,1,MS,2.0,,alta_vs_baixa,baixa,alta,11,False,2,9.0
2022,jovem,5,1,MT,0.0,,alta_vs_baixa,baixa,alta,2,False,0,2.0
2022,jovem,5,1,PA,2.0,,alta_vs_baixa,baixa,alta,3,False,1,1.0
2022,jovem,5,1,PE,0.0,,alta_vs_baixa,baixa,alta,1,False,0,1.0
2022,jovem,5,1,PR,2.0,,alta_vs_baixa,baixa,alta,6,False,2,4.0
2022,jovem,5,1,RO,0.0,,alta_vs_baixa,baixa,alta,2,False,0,2.0
2022,jovem,5,1,RR,6.0,,alta_vs_baixa,baixa,alta,18,False,6,12.0
2022,jovem,5,1,RS,0.0,,alta_vs_baixa,baixa,alta,2,False,0,2.0
2022,jovem,5,1,SC,0.0,,alta_vs_baixa,baixa,alta,1,False,0,1.0
2022,jovem,5,1,TO,0.0,,alta_vs_baixa,baixa,alta,1,False,0,1.0
2022,jovem,5,2,AL,0.0,,alta_vs_baixa,baixa,alta,2,False,0,2.0
2022,jovem,5,2,AM,3.0,,alta_vs_baixa,baixa,alta,7,False,3,4.0
2022,jovem,5,2,MA,2.0,,alta_vs_baixa,baixa,alta,2,False,0,0.0
2022,jovem,5,2,MS,0.0,,alta_vs_baixa,baixa,alta,8,False,0,8.0
2022,jovem,5,2,MT,2.0,,alta_vs_baixa,baixa,alta,4,False,2,2.0
2022,jovem,5,2,PA,0.0,,alta_vs_baixa,baixa,alta,1,False,0,1.0
2022,jovem,5,2,PR,0.0,,alta_vs_baixa,baixa,alta,1,False,0,1.0
2022,jovem,5,2,RJ,1.0,,alta_vs_baixa,baixa,alta,2,False,1,1.0
2022,jovem,5,2,RR,5.0,,alta_vs_baixa,baixa,alta,14,False,5,9.0
2022,jovem,5,2,SC,0.0,,alta_vs_baixa,baixa,alta,1,False,0,1.0
2022,jovem,5,2,SP,1.0,,alta_vs_baixa,baixa,alta,3,False,1,2.0
2022,jovem,5,2,TO,0.0,,alta_vs_baixa,baixa,alta,1,False,0,1.0
2022,meia-idade,1,1,AC,2.0,,alta_vs_baixa,baixa,alta,4,False,2,2.0
2022,meia-idade,1,1,AL,25.0,,alta_vs_baixa,baixa,alta,63,True,25,38.0
2022,meia-idade,1,1,AM,16.0,,alta_vs_baixa,baixa,alta,76,False,16,60.0
2022,meia-idade,1,1,AP,1.0,,alta_vs_baixa,baixa,alta,8,False,1,7.0
2022,meia-idade,1,1,BA,84.0,,alta_vs_baixa,baixa,alta,273,True,84,189.0
2022,meia-idade,1,1,CE,93.0,,alta_vs_baixa,baixa,alta,275,True,93,182.0
2022,meia-idade,1,1,DF,15.0,,alta_vs_baixa,baixa,alta,107,False,15,92.0
2022,meia-idade,1,1,ES,25.0,,alta_vs_baixa,baixa,alta,156,True,25,131.0
2022,meia-idade,1,1,GO,66.0,,alta_vs_baixa,baixa,alta,470,True,66,404.0
2022,meia-idade,1,1,MA,47.0,,alta_vs_baixa,baixa,alta,171,True,47,124.0
2022,meia-idade,1,1,MG,183.0,,alta_vs_baixa,baixa,alta,1291,True,183,1108.0
2022,meia-idade,1,1,MS,41.0,,alta_vs_baixa,baixa,alta,271,True,41,230.0
2022,meia-idade,1,1,MT,32.0,,alta_vs_baixa,baixa,alta,202,True,32,170.0
2022,meia-idade,1,1,PA,27.0,,alta_vs_baixa,baixa,alta,123,True,27,96.0
2022,meia-idade,1,1,PB,32.0,,alta_vs_baixa,baixa,alta,69,True,32,37.0
2022,meia-idade,1,1,PE,158.0,,alta_vs_baixa,baixa,alta,442,True,158,284.0
2022,meia-idade,1,1,PI,35.0,,alta_vs_baixa,baixa,alta,70,True,35,35.0
2022,meia-idade,1,1,PR,209.0,,alta_vs_baixa,baixa,alta,1920,True,209,1711.0
2022,meia-idade,1,1,RJ,126.0,,alta_vs_baixa,baixa,alta,1045,True,126,919.0
2022,meia-idade,1,1,RN,62.0,,alta_vs_baixa,baixa,alta,137,True,62,75.0
2022,meia-idade,1,1,RO,13.0,,alta_vs_baixa,baixa,alta,83,False,13,70.0
2022,meia-idade,1,1,RR,1.0,,alta_vs_baixa,baixa,alta,27,False,1,26.0
2022,meia-idade,1,1,RS,160.0,,alta_vs_baixa,baixa,alta,1455,True,160,1295.0
2022,meia-idade,1,1,SC,102.0,,alta_vs_baixa,baixa,alta,1169,True,102,1067.0
2022,meia-idade,1,1,SE,23.0,,alta_vs_baixa,baixa,alta,85,True,23,62.0
2022,meia-idade,1,1,SP,419.0,,alta_vs_baixa,baixa,alta,6022,True,419,5603.0
2022,meia-idade,1,1,TO,12.0,,alta_vs_baixa,baixa,alta,47,False,12,35.0
2022,meia-idade,1,2,AC,4.0,,alta_vs_baixa,baixa,alta,10,False,4,6.0
2022,meia-idade,1,2,AL,22.0,,alta_vs_baixa,baixa,alta,60,True,22,38.0
2022,meia-idade,1,2,AM,11.0,,alta_vs_baixa,baixa,alta,84,False,11,73.0
2022,meia-idade,1,2,AP,3.0,,alta_vs_baixa,baixa,alta,14,False,3,11.0
2022,meia-idade,1,2,BA,59.0,,alta_vs_baixa,baixa,alta,206,True,59,147.0
2022,meia-idade,1,2,CE,62.0,,alta_vs_baixa,baixa,alta,213,True,62,151.0
2022,meia-idade,1,2,DF,10.0,,alta_vs_baixa,baixa,alta,96,False,10,86.0
2022,meia-idade,1,2,ES,26.0,,alta_vs_baixa,baixa,alta,99,True,26,73.0
2022,meia-idade,1,2,GO,58.0,,alta_vs_baixa,baixa,alta,358,True,58,300.0
2022,meia-idade,1,2,MA,46.0,,alta_vs_baixa,baixa,alta,145,True,46,99.0
2022,meia-idade,1,2,MG,144.0,,alta_vs_baixa,baixa,alta,935,True,144,791.0
2022,meia-idade,1,2,MS,28.0,,alta_vs_baixa,baixa,alta,172,True,28,144.0
2022,meia-idade,1,2,MT,16.0,,alta_vs_baixa,baixa,alta,115,False,16,99.0
2022,meia-idade,1,2,PA,20.0,,alta_vs_baixa,baixa,alta,105,True,20,85.0
2022,meia-idade,1,2,PB,26.0,,alta_vs_baixa,baixa,alta,56,True,26,30.0
2022,meia-idade,1,2,PE,120.0,,alta_vs_baixa,baixa,alta,363,True,120,243.0
2022,meia-idade,1,2,PI,32.0,,alta_vs_baixa,baixa,alta,70,True,32,38.0
2022,meia-idade,1,2,PR,180.0,,alta_vs_baixa,baixa,alta,1114,True,180,934.0
2022,meia-idade,1,2,RJ,90.0,,alta_vs_baixa,baixa,alta,974,True,90,884.0
2022,meia-idade,1,2,RN,31.0,,alta_vs_baixa,baixa,alta,113,True,31,82.0
2022,meia-idade,1,2,RO,11.0,,alta_vs_baixa,baixa,alta,48,False,11,37.0
2022,meia-idade,1,2,RR,0.0,,alta_vs_baixa,baixa,alta,11,False,0,11.0
2022,meia-idade,1,2,RS,119.0,,alta_vs_baixa,baixa,alta,965,True,119,846.0
2022,meia-idade,1,2,SC,72.0,,alta_vs_baixa,baixa,alta,719,True,72,647.0
2022,meia-idade,1,2,SE,25.0,,alta_vs_baixa,baixa,alta,79,True,25,54.0
2022,meia-idade,1,2,SP,338.0,,alta_vs_baixa,baixa,alta,3735,True,338,3397.0
2022,meia-idade,1,2,TO,8.0,,alta_vs_baixa,baixa,alta,32,False,8,24.0
2022,meia-idade,2,1,AC,2.0,,alta_vs_baixa,baixa,alta,2,False,0,0.0
2022,meia-idade,2,1,AL,21.0,,alta_vs_baixa,baixa,alta,37,False,16,16.0
2022,meia-idade,2,1,AM,11.0,,alta_vs_baixa,baixa,alta,30,False,11,19.0
2022,meia-idade,2,1,AP,2.0,,alta_vs_baixa,baixa,alta,7,False,2,5.0
2022,meia-idade,2,1,BA,191.0,,alta_vs_baixa,baixa,alta,372,True,181,181.0
2022,meia-idade,2,1,CE,62.0,,alta_vs_baixa,baixa,alta,95,True,33,33.0
2022,meia-idade,2,1,DF,17.0,,alta_vs_baixa,baixa,alta,46,False,17,29.0
2022,meia-idade,2,1,ES,25.0,,alta_vs_baixa,baixa,alta,65,True,25,40.0
2022,meia-idade,2,1,GO,41.0,,alta_vs_baixa,baixa,alta,124,True,41,83.0
2022,meia-idade,2,1,MA,92.0,,alta_vs_baixa,baixa,alta,143,True,51,51.0
2022,meia-idade,2,1,MG,144.0,,alta_vs_baixa,baixa,alta,416,True,144,272.0
2022,meia-idade,2,1,MS,13.0,,alta_vs_baixa,baixa,alta,38,False,13,25.0
2022,meia-idade,2,1,MT,29.0,,alta_vs_baixa,baixa,alta,79,True,29,50.0
2022,meia-idade,2,1,PA,35.0,,alta_vs_baixa,baixa,alta,74,True,35,39.0
2022,meia-idade,2,1,PB,10.0,,alta_vs_baixa,baixa,alta,13,False,3,3.0
2022,meia-idade,2,1,PE,97.0,,alta_vs_baixa,baixa,alta,172,True,75,75.0
2022,meia-idade,2,1,PI,51.0,,alta_vs_baixa,baixa,alta,68,False,17,17.0
2022,meia-idade,2,1,PR,28.0,,alta_vs_baixa,baixa,alta,137,True,28,109.0
2022,meia-idade,2,1,RJ,82.0,,alta_vs_baixa,baixa,alta,461,True,82,379.0
2022,meia-idade,2,1,RN,29.0,,alta_vs_baixa,baixa,alta,39,False,10,10.0
2022,meia-idade,2,1,RO,9.0,,alta_vs_baixa,baixa,alta,23,False,9,14.0
2022,meia-idade,2,1,RR,1.0,,alta_vs_baixa,baixa,alta,6,False,1,5.0
2022,meia-idade,2,1,RS,30.0,,alta_vs_baixa,baixa,alta,147,True,30,117.0
2022,meia-idade,2,1,SC,12.0,,alta_vs_baixa,baixa,alta,56,False,12,44.0
2022,meia-idade,2,1,SE,37.0,,alta_vs_baixa,baixa,alta,64,True,27,27.0
2022,meia-idade,2,1,SP,99.0,,alta_vs_baixa,baixa,alta,826,True,99,727.0
2022,meia-idade,2,1,TO,28.0,,alta_vs_baixa,baixa,alta,38,False,10,10.0
2022,meia-idade,2,2,AC,0.0,,alta_vs_baixa,baixa,alta,1,False,0,1.0
2022,meia-idade,2,2,AL,13.0,,alta_vs_baixa,baixa,alta,20,False,7,7.0
2022,meia-idade,2,2,AM,4.0,,alta_vs_baixa,baixa,alta,12,False,4,8.0
2022,meia-idade,2,2,AP,0.0,,alta_vs_baixa,baixa,alta,2,False,0,2.0
2022,meia-idade,2,2,BA,118.0,,alta_vs_baixa,baixa,alta,271,True,118,153.0
2022,meia-idade,2,2,CE,22.0,,alta_vs_baixa,baixa,alta,38,False,16,16.0
2022,meia-idade,2,2,DF,11.0,,alta_vs_baixa,baixa,alta,33,False,11,22.0
2022,meia-idade,2,2,ES,10.0,,alta_vs_baixa,baixa,alta,40,False,10,30.0
2022,meia-idade,2,2,GO,27.0,,alta_vs_baixa,baixa,alta,73,True,27,46.0
2022,meia-idade,2,2,MA,37.0,,alta_vs_baixa,baixa,alta,75,True,37,38.0
2022,meia-idade,2,2,MG,78.0,,alta_vs_baixa,baixa,alta,261,True,78,183.0
2022,meia-idade,2,2,MS,7.0,,alta_vs_baixa,baixa,alta,18,False,7,11.0
2022,meia-idade,2,2,MT,9.0,,alta_vs_baixa,baixa,alta,31,False,9,22.0
2022,meia-idade,2,2,PA,20.0,,alta_vs_baixa,baixa,alta,56,True,20,36.0
2022,meia-idade,2,2,PB,10.0,,alta_vs_baixa,baixa,alta,15,False,5,5.0
2022,meia-idade,2,2,PE,32.0,,alta_vs_baixa,baixa,alta,76,True,32,44.0
2022,meia-idade,2,2,PI,25.0,,alta_vs_baixa,baixa,alta,38,False,13,13.0
2022,meia-idade,2,2,PR,14.0,,alta_vs_baixa,baixa,alta,78,False,14,64.0
2022,meia-idade,2,2,RJ,85.0,,alta_vs_baixa,baixa,alta,455,True,85,370.0
2022,meia-idade,2,2,RN,8.0,,alta_vs_baixa,baixa,alta,19,False,8,11.0
2022,meia-idade,2,2,RO,9.0,,alta_vs_baixa,baixa,alta,14,False,5,5.0
2022,meia-idade,2,2,RR,2.0,,alta_vs_baixa,baixa,alta,6,False,2,4.0
2022,meia-idade,2,2,RS,23.0,,alta_vs_baixa,baixa,alta,96,True,23,73.0
2022,meia-idade,2,2,SC,8.0,,alta_vs_baixa,baixa,alta,43,False,8,35.0
2022,meia-idade,2,2,SE,25.0,,alta_vs_baixa,baixa,alta,34,False,9,9.0
2022,meia-idade,2,2,SP,81.0,,alta_vs_baixa,baixa,alta,555,True,81,474.0
2022,meia-idade,2,2,TO,2.0,,alta_vs_baixa,baixa,alta,7,False,2,5.0
2022,meia-idade,3,1,AL,1.0,,alta_vs_baixa,baixa,alta,1,False,0,0.0
2022,meia-idade,3,1,AM,0.0,,alta_vs_baixa,baixa,alta,3,False,0,3.0
2022,meia-idade,3,1,AP,0.0,,alta_vs_baixa,baixa,alta,1,False,0,1.0
2022,meia-idade,3,1,BA,2.0,,alta_vs_baixa,baixa,alta,3,False,1,1.0
2022,meia-idade,3,1,CE,2.0,,alta_vs_baixa,baixa,alta,3,False,1,1.0
2022,meia-idade,3,1,DF,1.0,,alta_vs_baixa,baixa,alta,2,False,1,1.0
2022,meia-idade,3,1,GO,1.0,,alta_vs_baixa,baixa,alta,3,False,1,2.0
2022,meia-idade,3,1,MG,1.0,,alta_vs_baixa,baixa,alta,6,False,1,5.0
2022,meia-idade,3,1,MS,0.0,,alta_vs_baixa,baixa,alta,7,False,0,7.0
2022,meia-idade,3,1,MT,1.0,,alta_vs_baixa,baixa,alta,1,False,0,0.0
2022,meia-idade,3,1,PA,3.0,,alta_vs_baixa,baixa,alta,3,False,0,0.0
2022,meia-idade,3,1,PB,0.0,,alta_vs_baixa,baixa,alta,1,False,0,1.0
2022,meia-idade,3,1,PE,2.0,,alta_vs_baixa,baixa,alta,3,False,1,1.0
2022,meia-idade,3,1,PI,0.0,,alta_vs_baixa,baixa,alta,1,False,0,1.0
2022,meia-idade,3,1,PR,2.0,,alta_vs_baixa,baixa,alta,14,False,2,12.0
2022,meia-idade,3,1,RJ,0.0,,alta_vs_baixa,baixa,alta,2,False,0,2.0
2022,meia-idade,3,1,RN,1.0,,alta_vs_baixa,baixa,alta,2,False,1,1.0
2022,meia-idade,3,1,RO,0.0,,alta_vs_baixa,baixa,alta,1,False,0,1.0
2022,meia-idade,3,1,RS,1.0,,alta_vs_baixa,baixa,alta,2,False,1,1.0
2022,meia-idade,3,1,SC,0.0,,alta_vs_baixa,baixa,alta,1,False,0,1.0
2022,meia-idade,3,1,SP,4.0,,alta_vs_baixa,baixa,alta,68,False,4,64.0
2022,meia-idade,3,1,TO,2.0,,alta_vs_baixa,baixa,alta,2,False,0,0.0
2022,meia-idade,3,2,AL,0.0,,alta_vs_baixa,baixa,alta,1,False,0,1.0
2022,meia-idade,3,2,AM,0.0,,alta_vs_baixa,baixa,alta,1,False,0,1.0
2022,meia-idade,3,2,BA,0.0,,alta_vs_baixa,baixa,alta,2,False,0,2.0
2022,meia-idade,3,2,CE,2.0,,alta_vs_baixa,baixa,alta,4,False,2,2.0
2022,meia-idade,3,2,DF,0.0,,alta_vs_baixa,baixa,alta,1,False,0,1.0
2022,meia-idade,3,2,GO,0.0,,alta_vs_baixa,baixa,alta,4,False,0,4.0
2022,meia-idade,3,2,MA,0.0,,alta_vs_baixa,baixa,alta,2,False,0,2.0
2022,meia-idade,3,2,MG,2.0,,alta_vs_baixa,baixa,alta,4,False,2,2.0
2022,meia-idade,3,2,MS,0.0,,alta_vs_baixa,baixa,alta,1,False,0,1.0
2022,meia-idade,3,2,MT,1.0,,alta_vs_baixa,baixa,alta,4,False,1,3.0
2022,meia-idade,3,2,PA,2.0,,alta_vs_baixa,baixa,alta,3,False,1,1.0
2022,meia-idade,3,2,PB,0.0,,alta_vs_baixa,baixa,alta,1,False,0,1.0
2022,meia-idade,3,2,PR,0.0,,alta_vs_baixa,baixa,alta,7,False,0,7.0
2022,meia-idade,3,2,RJ,1.0,,alta_vs_baixa,baixa,alta,2,False,1,1.0
2022,meia-idade,3,2,RN,1.0,,alta_vs_baixa,baixa,alta,1,False,0,0.0
2022,meia-idade,3,2,RO,1.0,,alta_vs_baixa,baixa,alta,2,False,1,1.0
2022,meia-idade,3,2,RS,0.0,,alta_vs_baixa,baixa,alta,3,False,0,3.0
2022,meia-idade,3,2,SC,0.0,,alta_vs_baixa,baixa,alta,2,False,0,2.0
2022,meia-idade,3,2,SP,2.0,,alta_vs_baixa,baixa,alta,25,False,2,23.0
2022,meia-idade,3,2,TO,1.0,,alta_vs_baixa,baixa,alta,3,False,1,2.0
2022,meia-idade,4,1,AC,40.0,,alta_vs_baixa,baixa,alta,51,False,11,11.0
2022,meia-idade,4,1,AL,206.0,,alta_vs_baixa,baixa,alta,375,True,169,169.0
2022,meia-idade,4,1,AM,134.0,,alta_vs_baixa,baixa,alta,557,True,134,423.0
2022,meia-idade,4,1,AP,21.0,,alta_vs_baixa,baixa,alta,67,True,21,46.0
2022,meia-idade,4,1,BA,557.0,,alta_vs_baixa,baixa,alta,1245,True,557,688.0
2022,meia-idade,4,1,CE,712.0,,alta_vs_baixa,baixa,alta,1385,True,673,673.0
2022,meia-idade,4,1,DF,44.0,,alta_vs_baixa,baixa,alta,200,True,44,156.0
2022,meia-idade,4,1,ES,52.0,,alta_vs_baixa,baixa,alta,230,True,52,178.0
2022,meia-idade,4,1,GO,208.0,,alta_vs_baixa,baixa,alta,823,True,208,615.0
2022,meia-idade,4,1,MA,436.0,,alta_vs_baixa,baixa,alta,908,True,436,472.0
2022,meia-idade,4,1,MG,340.0,,alta_vs_baixa,baixa,alta,1263,True,340,923.0
2022,meia-idade,4,1,MS,92.0,,alta_vs_baixa,baixa,alta,384,True,92,292.0
2022,meia-idade,4,1,MT,98.0,,alta_vs_baixa,baixa,alta,438,True,98,340.0
2022,meia-idade,4,1,PA,335.0,,alta_vs_baixa,baixa,alta,818,True,335,483.0
2022,meia-idade,4,1,PB,153.0,,alta_vs_baixa,baixa,alta,236,True,83,83.0
2022,meia-idade,4,1,PE,655.0,,alta_vs_baixa,baixa,alta,1253,True,598,598.0
2022,meia-idade,4,1,PI,230.0,,alta_vs_baixa,baixa,alta,372,True,142,142.0
2022,meia-idade,4,1,PR,135.0,,alta_vs_baixa,baixa,alta,593,True,135,458.0
2022,meia-idade,4,1,RJ,148.0,,alta_vs_baixa,baixa,alta,836,True,148,688.0
2022,meia-idade,4,1,RN,137.0,,alta_vs_baixa,baixa,alta,252,True,115,115.0
2022,meia-idade,4,1,RO,55.0,,alta_vs_baixa,baixa,alta,182,True,55,127.0
2022,meia-idade,4,1,RR,13.0,,alta_vs_baixa,baixa,alta,102,False,13,89.0
2022,meia-idade,4,1,RS,29.0,,alta_vs_baixa,baixa,alta,152,True,29,123.0
2022,meia-idade,4,1,SC,22.0,,alta_vs_baixa,baixa,alta,92,True,22,70.0
2022,meia-idade,4,1,SE,140.0,,alta_vs_baixa,baixa,alta,333,True,140,193.0
2022,meia-idade,4,1,SP,348.0,,alta_vs_baixa,baixa,alta,2602,True,348,2254.0
2022,meia-idade,4,1,TO,85.0,,alta_vs_baixa,baixa,alta,171,True,85,86.0
2022,meia-idade,4,2,AC,21.0,,alta_vs_baixa,baixa,alta,37,False,16,16.0
2022,meia-idade,4,2,AL,136.0,,alta_vs_baixa,baixa,alta,236,True,100,100.0
2022,meia-idade,4,2,AM,87.0,,alta_vs_baixa,baixa,alta,371,True,87,284.0
2022,meia-idade,4,2,AP,14.0,,alta_vs_baixa,baixa,alta,34,False,14,20.0
2022,meia-idade,4,2,BA,334.0,,alta_vs_baixa,baixa,alta,861,True,334,527.0
2022,meia-idade,4,2,CE,336.0,,alta_vs_baixa,baixa,alta,769,True,336,433.0
2022,meia-idade,4,2,DF,17.0,,alta_vs_baixa,baixa,alta,106,False,17,89.0
2022,meia-idade,4,2,ES,43.0,,alta_vs_baixa,baixa,alta,155,True,43,112.0
2022,meia-idade,4,2,GO,99.0,,alta_vs_baixa,baixa,alta,503,True,99,404.0
2022,meia-idade,4,2,MA,261.0,,alta_vs_baixa,baixa,alta,575,True,261,314.0
2022,meia-idade,4,2,MG,223.0,,alta_vs_baixa,baixa,alta,745,True,223,522.0
2022,meia-idade,4,2,MS,56.0,,alta_vs_baixa,baixa,alta,200,True,56,144.0
2022,meia-idade,4,2,MT,36.0,,alta_vs_baixa,baixa,alta,212,True,36,176.0
2022,meia-idade,4,2,PA,175.0,,alta_vs_baixa,baixa,alta,594,True,175,419.0
2022,meia-idade,4,2,PB,68.0,,alta_vs_baixa,baixa,alta,140,True,68,72.0
2022,meia-idade,4,2,PE,397.0,,alta_vs_baixa,baixa,alta,860,True,397,463.0
2022,meia-idade,4,2,PI,135.0,,alta_vs_baixa,baixa,alta,228,True,93,93.0
2022,meia-idade,4,2,PR,108.0,,alta_vs_baixa,baixa,alta,345,True,108,237.0
2022,meia-idade,4,2,RJ,121.0,,alta_vs_baixa,baixa,alta,827,True,121,706.0
2022,meia-idade,4,2,RN,56.0,,alta_vs_baixa,baixa,alta,142,True,56,86.0
2022,meia-idade,4,2,RO,23.0,,alta_vs_baixa,baixa,alta,102,True,23,79.0
2022,meia-idade,4,2,RR,10.0,,alta_vs_baixa,baixa,alta,59,False,10,49.0
2022,meia-idade,4,2,RS,17.0,,alta_vs_baixa,baixa,alta,78,False,17,61.0
2022,meia-idade,4,2,SC,14.0,,alta_vs_baixa,baixa,alta,59,False,14,45.0
2022,meia-idade,4,2,SE,72.0,,alta_vs_baixa,baixa,alta,197,True,72,125.0
2022,meia-idade,4,2,SP,226.0,,alta_vs_baixa,baixa,alta,1670,True,226,1444.0
2022,meia-idade,4,2,TO,37.0,,alta_vs_baixa,baixa,alta,87,True,37,50.0
2022,meia-idade,5,1,AL,1.0,,alta_vs_baixa,baixa,alta,1,False,0,0.0
2022,meia-idade,5,1,AM,10.0,,alta_vs_baixa,baixa,alta,16,False,6,6.0
2022,meia-idade,5,1,AP,2.0,,alta_vs_baixa,baixa,alta,2,False,0,0.0
2022,meia-idade,5,1,BA,0.0,,alta_vs_baixa,baixa,alta,1,False,0,1.0
2022,meia-idade,5,1,CE,2.0,,alta_vs_baixa,baixa,alta,5,False,2,3.0
2022,meia-idade,5,1,MA,4.0,,alta_vs_baixa,baixa,alta,6,False,2,2.0
2022,meia-idade,5,1,MG,1.0,,alta_vs_baixa,baixa,alta,1,False,0,0.0
2022,meia-idade,5,1,MS,4.0,,alta_vs_baixa,baixa,alta,9,False,4,5.0
2022,meia-idade,5,1,MT,2.0,,alta_vs_baixa,baixa,alta,3,False,1,1.0
2022,meia-idade,5,1,PA,2.0,,alta_vs_baixa,baixa,alta,3,False,1,1.0
2022,meia-idade,5,1,PB,1.0,,alta_vs_baixa,baixa,alta,2,False,1,1.0
2022,meia-idade,5,1,PE,3.0,,alta_vs_baixa,baixa,alta,6,False,3,3.0
2022,meia-idade,5,1,PR,0.0,,alta_vs_baixa,baixa,alta,4,False,0,4.0
2022,meia-idade,5,1,RN,1.0,,alta_vs_baixa,baixa,alta,2,False,1,1.0
2022,meia-idade,5,1,RR,4.0,,alta_vs_baixa,baixa,alta,10,False,4,6.0
2022,meia-idade,5,1,RS,2.0,,alta_vs_baixa,baixa,alta,3,False,1,1.0
2022,meia-idade,5,1,SC,1.0,,alta_vs_baixa,baixa,alta,2,False,1,1.0
2022,meia-idade,5,1,SP,0.0,,alta_vs_baixa,baixa,alta,3,False,0,3.0
2022,meia-idade,5,1,TO,0.0,,alta_vs_baixa,baixa,alta,3,False,0,3.0
2022,meia-idade,5,2,AC,1.0,,alta_vs_baixa,baixa,alta,1,False,0,0.0
2022,meia-idade,5,2,AM,13.0,,alta_vs_baixa,baixa,alta,20,False,7,7.0
2022,meia-idade,5,2,BA,1.0,,alta_vs_baixa,baixa,alta,2,False,1,1.0
2022,meia-idade,5,2,CE,2.0,,alta_vs_baixa,baixa,alta,3,False,1,1.0
2022,meia-idade,5,2,MA,4.0,,alta_vs_baixa,baixa,alta,6,False,2,2.0
2022,meia-idade,5,2,MG,0.0,,alta_vs_baixa,baixa,alta,2,False,0,2.0
2022,meia-idade,5,2,MS,8.0,,alta_vs_baixa,baixa,alta,8,False,0,0.0
2022,meia-idade,5,2,MT,3.0,,alta_vs_baixa,baixa,alta,4,False,1,1.0
2022,meia-idade,5,2,PA,2.0,,alta_vs_baixa,baixa,alta,4,False,2,2.0
2022,meia-idade,5,2,PB,2.0,,alta_vs_baixa,baixa,alta,2,False,0,0.0
2022,meia-idade,5,2,PE,1.0,,alta_vs_baixa,baixa,alta,2,False,1,1.0
2022,meia-idade,5,2,PI,0.0,,alta_vs_baixa,baixa,alta,1,False,0,1.0
2022,meia-idade,5,2,PR,9.0,,alta_vs_baixa,baixa,alta,9,False,0,0.0
2022,meia-idade,5,2,RJ,1.0,,alta_vs_baixa,baixa,alta,2,False,1,1.0
2022,meia-idade,5,2,RO,3.0,,alta_vs_baixa,baixa,alta,3,False,0,0.0
2022,meia-idade,5,2,RR,1.0,,alta_vs_baixa,baixa,alta,5,False,1,4.0
2022,meia-idade,5,2,SC,1.0,,alta_vs_baixa,baixa,alta,1,False,0,0.0
2022,meia-idade,5,2,SE,0.0,,alta_vs_baixa,baixa,alta,1,False,0,1.0
2022,meia-idade,5,2,SP,0.0,,alta_vs_baixa,baixa,alta,1,False,0,1.0
2022,meia-idade,5,2,TO,1.0,,alta_vs_baixa,baixa,alta,1,False,0,0.0
2012,adulto,1,1,AC,,3.0,alta_vs_media,media,alta,6,False,3,3.0
2012,adulto,1,1,AL,,37.0,alta_vs_media,media,alta,45,False,8,8.0
2012,adulto,1,1,AM,,71.0,alta_vs_media,media,alta,115,True,44,44.0
2012,adulto,1,1,AP,,2.0,alta_vs_media,media,alta,7,False,2,5.0
2012,adulto,1,1,BA,,175.0,alta_vs_media,media,alta,235,True,60,60.0
2012,adulto,1,1,CE,,231.0,alta_vs_media,media,alta,302,True,71,71.0
2012,adulto,1,1,DF,,104.0,alta_vs_media,media,alta,154,True,50,50.0
2012,adulto,1,1,ES,,126.0,alta_vs_media,media,alta,175,True,49,49.0
2012,adulto,1,1,GO,,306.0,alta_vs_media,media,alta,449,True,143,143.0
2012,adulto,1,1,MA,,176.0,alta_vs_media,media,alta,274,True,98,98.0
2012,adulto,1,1,MG,,898.0,alta_vs_media,media,alta,1319,True,421,421.0
2012,adulto,1,1,MS,,162.0,alta_vs_media,media,alta,283,True,121,121.0
2012,adulto,1,1,MT,,226.0,alta_vs_media,media,alta,324,True,98,98.0
2012,adulto,1,1,PA,,158.0,alta_vs_media,media,alta,225,True,67,67.0
2012,adulto,1,1,PB,,56.0,alta_vs_media,media,alta,73,False,17,17.0
2012,adulto,1,1,PE,,292.0,alta_vs_media,media,alta,390,True,98,98.0
2012,adulto,1,1,PI,,89.0,alta_vs_media,media,alta,128,True,39,39.0
2012,adulto,1,1,PR,,2260.0,alta_vs_media,media,alta,3366,True,1106,1106.0
2012,adulto,1,1,RJ,,944.0,alta_vs_media,media,alta,1392,True,448,448.0
2012,adulto,1,1,RN,,85.0,alta_vs_media,media,alta,114,True,29,29.0
2012,adulto,1,1,RO,,43.0,alta_vs_media,media,alta,65,True,22,22.0
2012,adulto,1,1,RR,,10.0,alta_vs_media,media,alta,17,False,7,7.0
2012,adulto,1,1,RS,,1255.0,alta_vs_media,media,alta,1760,True,505,505.0
2012,adulto,1,1,SC,,887.0,alta_vs_media,media,alta,1450,True,563,563.0
2012,adulto,1,1,SE,,67.0,alta_vs_media,media,alta,106,True,39,39.0
2012,adulto,1,1,SP,,3240.0,alta_vs_media,media,alta,5254,True,2014,2014.0
2012,adulto,1,1,TO,,34.0,alta_vs_media,media,alta,64,True,30,30.0
2012,adulto,1,2,AC,,10.0,alta_vs_media,media,alta,10,False,0,0.0
2012,adulto,1,2,AL,,19.0,alta_vs_media,media,alta,24,False,5,5.0
2012,adulto,1,2,AM,,39.0,alta_vs_media,media,alta,90,True,39,51.0
2012,adulto,1,2,AP,,10.0,alta_vs_media,media,alta,14,False,4,4.0
2012,adulto,1,2,BA,,107.0,alta_vs_media,media,alta,157,True,50,50.0
2012,adulto,1,2,CE,,123.0,alta_vs_media,media,alta,185,True,62,62.0
2012,adulto,1,2,DF,,81.0,alta_vs_media,media,alta,120,True,39,39.0
2012,adulto,1,2,ES,,59.0,alta_vs_media,media,alta,98,True,39,39.0
2012,adulto,1,2,GO,,151.0,alta_vs_media,media,alta,237,True,86,86.0
2012,adulto,1,2,MA,,80.0,alta_vs_media,media,alta,138,True,58,58.0
2012,adulto,1,2,MG,,452.0,alta_vs_media,media,alta,678,True,226,226.0
2012,adulto,1,2,MS,,102.0,alta_vs_media,media,alta,173,True,71,71.0
2012,adulto,1,2,MT,,101.0,alta_vs_media,media,alta,150,True,49,49.0
2012,adulto,1,2,PA,,102.0,alta_vs_media,media,alta,154,True,52,52.0
2012,adulto,1,2,PB,,41.0,alta_vs_media,media,alta,55,False,14,14.0
2012,adulto,1,2,PE,,191.0,alta_vs_media,media,alta,276,True,85,85.0
2012,adulto,1,2,PI,,54.0,alta_vs_media,media,alta,78,True,24,24.0
2012,adulto,1,2,PR,,841.0,alta_vs_media,media,alta,1252,True,411,411.0
2012,adulto,1,2,RJ,,668.0,alta_vs_media,media,alta,979,True,311,311.0
2012,adulto,1,2,RN,,52.0,alta_vs_media,media,alta,80,True,28,28.0
2012,adulto,1,2,RO,,35.0,alta_vs_media,media,alta,47,False,12,12.0
2012,adulto,1,2,RR,,8.0,alta_vs_media,media,alta,11,False,3,3.0
2012,adulto,1,2,RS,,606.0,alta_vs_media,media,alta,875,True,269,269.0
2012,adulto,1,2,SC,,466.0,alta_vs_media,media,alta,755,True,289,289.0
2012,adulto,1,2,SE,,43.0,alta_vs_media,media,alta,62,False,19,19.0
2012,adulto,1,2,SP,,1660.0,alta_vs_media,media,alta,2711,True,1051,1051.0
2012,adulto,1,2,TO,,25.0,alta_vs_media,media,alta,38,False,13,13.0
2012,adulto,2,1,AC,,3.0,alta_vs_media,media,alta,3,False,0,0.0
2012,adulto,2,1,AL,,13.0,alta_vs_media,media,alta,14,False,1,1.0
2012,adulto,2,1,AM,,15.0,alta_vs_media,media,alta,25,False,10,10.0
2012,adulto,2,1,AP,,3.0,alta_vs_media,media,alta,3,False,0,0.0
2012,adulto,2,1,BA,,253.0,alta_vs_media,media,alta,293,True,40,40.0
2012,adulto,2,1,CE,,56.0,alta_vs_media,media,alta,63,False,7,7.0
2012,adulto,2,1,DF,,42.0,alta_vs_media,media,alta,52,False,10,10.0
2012,adulto,2,1,ES,,59.0,alta_vs_media,media,alta,71,False,12,12.0
2012,adulto,2,1,GO,,97.0,alta_vs_media,media,alta,120,True,23,23.0
2012,adulto,2,1,MA,,186.0,alta_vs_media,media,alta,242,True,56,56.0
2012,adulto,2,1,MG,,392.0,alta_vs_media,media,alta,489,True,97,97.0
2012,adulto,2,1,MS,,25.0,alta_vs_media,media,alta,36,False,11,11.0
2012,adulto,2,1,MT,,81.0,alta_vs_media,media,alta,106,True,25,25.0
2012,adulto,2,1,PA,,97.0,alta_vs_media,media,alta,136,True,39,39.0
2012,adulto,2,1,PB,,19.0,alta_vs_media,media,alta,19,False,0,0.0
2012,adulto,2,1,PE,,104.0,alta_vs_media,media,alta,125,True,21,21.0
2012,adulto,2,1,PI,,76.0,alta_vs_media,media,alta,92,False,16,16.0
2012,adulto,2,1,PR,,110.0,alta_vs_media,media,alta,155,True,45,45.0
2012,adulto,2,1,RJ,,573.0,alta_vs_media,media,alta,745,True,172,172.0
2012,adulto,2,1,RN,,22.0,alta_vs_media,media,alta,25,False,3,3.0
2012,adulto,2,1,RO,,19.0,alta_vs_media,media,alta,27,False,8,8.0
2012,adulto,2,1,RR,,9.0,alta_vs_media,media,alta,11,False,2,2.0
2012,adulto,2,1,RS,,179.0,alta_vs_media,media,alta,221,True,42,42.0
2012,adulto,2,1,SC,,46.0,alta_vs_media,media,alta,72,True,26,26.0
2012,adulto,2,1,SE,,52.0,alta_vs_media,media,alta,60,False,8,8.0
2012,adulto,2,1,SP,,514.0,alta_vs_media,media,alta,727,True,213,213.0
2012,adulto,2,1,TO,,30.0,alta_vs_media,media,alta,32,False,2,2.0
2012,adulto,2,2,AL,,15.0,alta_vs_media,media,alta,16,False,1,1.0
2012,adulto,2,2,AM,,8.0,alta_vs_media,media,alta,10,False,2,2.0
2012,adulto,2,2,AP,,4.0,alta_vs_media,media,alta,4,False,0,0.0
2012,adulto,2,2,BA,,125.0,alta_vs_media,media,alta,153,True,28,28.0
2012,adulto,2,2,CE,,30.0,alta_vs_media,media,alta,33,False,3,3.0
2012,adulto,2,2,DF,,13.0,alta_vs_media,media,alta,18,False,5,5.0
2012,adulto,2,2,ES,,30.0,alta_vs_media,media,alta,39,False,9,9.0
2012,adulto,2,2,GO,,39.0,alta_vs_media,media,alta,48,False,9,9.0
2012,adulto,2,2,MA,,34.0,alta_vs_media,media,alta,56,True,22,22.0
2012,adulto,2,2,MG,,175.0,alta_vs_media,media,alta,219,True,44,44.0
2012,adulto,2,2,MS,,12.0,alta_vs_media,media,alta,19,False,7,7.0
2012,adulto,2,2,MT,,22.0,alta_vs_media,media,alta,31,False,9,9.0
2012,adulto,2,2,PA,,49.0,alta_vs_media,media,alta,69,True,20,20.0
2012,adulto,2,2,PB,,6.0,alta_vs_media,media,alta,9,False,3,3.0
2012,adulto,2,2,PE,,44.0,alta_vs_media,media,alta,57,False,13,13.0
2012,adulto,2,2,PI,,14.0,alta_vs_media,media,alta,17,False,3,3.0
2012,adulto,2,2,PR,,48.0,alta_vs_media,media,alta,67,False,19,19.0
2012,adulto,2,2,RJ,,358.0,alta_vs_media,media,alta,475,True,117,117.0
2012,adulto,2,2,RN,,14.0,alta_vs_media,media,alta,17,False,3,3.0
2012,adulto,2,2,RO,,2.0,alta_vs_media,media,alta,6,False,2,4.0
2012,adulto,2,2,RR,,5.0,alta_vs_media,media,alta,6,False,1,1.0
2012,adulto,2,2,RS,,89.0,alta_vs_media,media,alta,113,True,24,24.0
2012,adulto,2,2,SC,,26.0,alta_vs_media,media,alta,34,False,8,8.0
2012,adulto,2,2,SE,,18.0,alta_vs_media,media,alta,24,False,6,6.0
2012,adulto,2,2,SP,,221.0,alta_vs_media,media,alta,312,True,91,91.0
2012,adulto,2,2,TO,,13.0,alta_vs_media,media,alta,18,False,5,5.0
2012,adulto,3,1,AC,,0.0,alta_vs_media,media,alta,1,False,0,1.0
2012,adulto,3,1,AM,,1.0,alta_vs_media,media,alta,1,False,0,0.0
2012,adulto,3,1,CE,,1.0,alta_vs_media,media,alta,1,False,0,0.0
2012,adulto,3,1,DF,,1.0,alta_vs_media,media,alta,2,False,1,1.0
2012,adulto,3,1,GO,,2.0,alta_vs_media,media,alta,2,False,0,0.0
2012,adulto,3,1,MA,,3.0,alta_vs_media,media,alta,4,False,1,1.0
2012,adulto,3,1,MG,,5.0,alta_vs_media,media,alta,6,False,1,1.0
2012,adulto,3,1,MS,,4.0,alta_vs_media,media,alta,4,False,0,0.0
2012,adulto,3,1,MT,,1.0,alta_vs_media,media,alta,2,False,1,1.0
2012,adulto,3,1,PA,,2.0,alta_vs_media,media,alta,4,False,2,2.0
2012,adulto,3,1,PB,,4.0,alta_vs_media,media,alta,4,False,0,0.0
2012,adulto,3,1,PE,,3.0,alta_vs_media,media,alta,3,False,0,0.0
2012,adulto,3,1,PI,,5.0,alta_vs_media,media,alta,5,False,0,0.0
2012,adulto,3,1,PR,,4.0,alta_vs_media,media,alta,8,False,4,4.0
2012,adulto,3,1,RJ,,1.0,alta_vs_media,media,alta,2,False,1,1.0
2012,adulto,3,1,RN,,1.0,alta_vs_media,media,alta,1,False,0,0.0
2012,adulto,3,1,RR,,1.0,alta_vs_media,media,alta,1,False,0,0.0
2012,adulto,3,1,SP,,26.0,alta_vs_media,media,alta,43,False,17,17.0
2012,adulto,3,2,AC,,1.0,alta_vs_media,media,alta,1,False,0,0.0
2012,adulto,3,2,BA,,1.0,alta_vs_media,media,alta,1,False,0,0.0
2012,adulto,3,2,CE,,1.0,alta_vs_media,media,alta,1,False,0,0.0
2012,adulto,3,2,GO,,1.0,alta_vs_media,media,alta,1,False,0,0.0
2012,adulto,3,2,MA,,3.0,alta_vs_media,media,alta,3,False,0,0.0
2012,adulto,3,2,MG,,1.0,alta_vs_media,media,alta,1,False,0,0.0
2012,adulto,3,2,MS,,1.0,alta_vs_media,media,alta,2,False,1,1.0
2012,adulto,3,2,MT,,2.0,alta_vs_media,media,alta,3,False,1,1.0
2012,adulto,3,2,PA,,3.0,alta_vs_media,media,alta,4,False,1,1.0
2012,adulto,3,2,PB,,2.0,alta_vs_media,media,alta,2,False,0,0.0
2012,adulto,3,2,PE,,1.0,alta_vs_media,media,alta,3,False,1,2.0
2012,adulto,3,2,PI,,2.0,alta_vs_media,media,alta,2,False,0,0.0
2012,adulto,3,2,PR,,0.0,alta_vs_media,media,alta,5,False,0,5.0
2012,adulto,3,2,RJ,,1.0,alta_vs_media,media,alta,1,False,0,0.0
2012,adulto,3,2,RS,,1.0,alta_vs_media,media,alta,2,False,1,1.0
2012,adulto,3,2,SP,,21.0,alta_vs_media,media,alta,29,False,8,8.0
2012,adulto,4,1,AC,,16.0,alta_vs_media,media,alta,22,False,6,6.0
2012,adulto,4,1,AL,,158.0,alta_vs_media,media,alta,251,True,93,93.0
2012,adulto,4,1,AM,,742.0,alta_vs_media,media,alta,1048,True,306,306.0
2012,adulto,4,1,AP,,40.0,alta_vs_media,media,alta,64,True,24,24.0
2012,adulto,4,1,BA,,1183.0,alta_vs_media,media,alta,1436,True,253,253.0
2012,adulto,4,1,CE,,1177.0,alta_vs_media,media,alta,1415,True,238,238.0
2012,adulto,4,1,DF,,471.0,alta_vs_media,media,alta,602,True,131,131.0
2012,adulto,4,1,ES,,371.0,alta_vs_media,media,alta,500,True,129,129.0
2012,adulto,4,1,GO,,945.0,alta_vs_media,media,alta,1252,True,307,307.0
2012,adulto,4,1,MA,,889.0,alta_vs_media,media,alta,1223,True,334,334.0
2012,adulto,4,1,MG,,1423.0,alta_vs_media,media,alta,1906,True,483,483.0
2012,adulto,4,1,MS,,287.0,alta_vs_media,media,alta,415,True,128,128.0
2012,adulto,4,1,MT,,559.0,alta_vs_media,media,alta,804,True,245,245.0
2012,adulto,4,1,PA,,1304.0,alta_vs_media,media,alta,1799,True,495,495.0
2012,adulto,4,1,PB,,229.0,alta_vs_media,media,alta,281,True,52,52.0
2012,adulto,4,1,PE,,1653.0,alta_vs_media,media,alta,2103,True,450,450.0
2012,adulto,4,1,PI,,551.0,alta_vs_media,media,alta,672,True,121,121.0
2012,adulto,4,1,PR,,552.0,alta_vs_media,media,alta,743,True,191,191.0
2012,adulto,4,1,RJ,,1228.0,alta_vs_media,media,alta,1663,True,435,435.0
2012,adulto,4,1,RN,,207.0,alta_vs_media,media,alta,245,True,38,38.0
2012,adulto,4,1,RO,,85.0,alta_vs_media,media,alta,114,True,29,29.0
2012,adulto,4,1,RR,,82.0,alta_vs_media,media,alta,109,True,27,27.0
2012,adulto,4,1,RS,,149.0,alta_vs_media,media,alta,179,True,30,30.0
2012,adulto,4,1,SC,,103.0,alta_vs_media,media,alta,132,True,29,29.0
2012,adulto,4,1,SE,,471.0,alta_vs_media,media,alta,629,True,158,158.0
2012,adulto,4,1,SP,,1979.0,alta_vs_media,media,alta,2853,True,874,874.0
2012,adulto,4,1,TO,,178.0,alta_vs_media,media,alta,247,True,69,69.0
2012,adulto,4,2,AC,,9.0,alta_vs_media,media,alta,14,False,5,5.0
2012,adulto,4,2,AL,,108.0,alta_vs_media,media,alta,140,True,32,32.0
2012,adulto,4,2,AM,,191.0,alta_vs_media,media,alta,324,True,133,133.0
2012,adulto,4,2,AP,,13.0,alta_vs_media,media,alta,22,False,9,9.0
2012,adulto,4,2,BA,,501.0,alta_vs_media,media,alta,661,True,160,160.0
2012,adulto,4,2,CE,,350.0,alta_vs_media,media,alta,491,True,141,141.0
2012,adulto,4,2,DF,,125.0,alta_vs_media,media,alta,183,True,58,58.0
2012,adulto,4,2,ES,,129.0,alta_vs_media,media,alta,176,True,47,47.0
2012,adulto,4,2,GO,,241.0,alta_vs_media,media,alta,330,True,89,89.0
2012,adulto,4,2,MA,,368.0,alta_vs_media,media,alta,508,True,140,140.0
2012,adulto,4,2,MG,,576.0,alta_vs_media,media,alta,801,True,225,225.0
2012,adulto,4,2,MS,,116.0,alta_vs_media,media,alta,184,True,68,68.0
2012,adulto,4,2,MT,,187.0,alta_vs_media,media,alta,293,True,106,106.0
2012,adulto,4,2,PA,,433.0,alta_vs_media,media,alta,690,True,257,257.0
2012,adulto,4,2,PB,,104.0,alta_vs_media,media,alta,130,True,26,26.0
2012,adulto,4,2,PE,,499.0,alta_vs_media,media,alta,684,True,185,185.0
2012,adulto,4,2,PI,,175.0,alta_vs_media,media,alta,235,True,60,60.0
2012,adulto,4,2,PR,,162.0,alta_vs_media,media,alta,233,True,71,71.0
2012,adulto,4,2,RJ,,671.0,alta_vs_media,media,alta,912,True,241,241.0
2012,adulto,4,2,RN,,73.0,alta_vs_media,media,alta,96,True,23,23.0
2012,adulto,4,2,RO,,43.0,alta_vs_media,media,alta,63,True,20,20.0
2012,adulto,4,2,RR,,23.0,alta_vs_media,media,alta,40,False,17,17.0
2012,adulto,4,2,RS,,67.0,alta_vs_media,media,alta,80,False,13,13.0
2012,adulto,4,2,SC,,31.0,alta_vs_media,media,alta,43,False,12,12.0
2012,adulto,4,2,SE,,109.0,alta_vs_media,media,alta,176,True,67,67.0
2012,adulto,4,2,SP,,752.0,alta_vs_media,media,alta,1169,True,417,417.0
2012,adulto,4,2,TO,,69.0,alta_vs_media,media,alta,111,True,42,42.0
2012,adulto,5,1,AC,,2.0,alta_vs_media,media,alta,2,False,0,0.0
2012,adulto,5,1,AL,,2.0,alta_vs_media,media,alta,2,False,0,0.0
2012,adulto,5,1,AM,,23.0,alta_vs_media,media,alta,30,False,7,7.0
2012,adulto,5,1,AP,,2.0,alta_vs_media,media,alta,2,False,0,0.0
2012,adulto,5,1,BA,,4.0,alta_vs_media,media,alta,6,False,2,2.0
2012,adulto,5,1,CE,,2.0,alta_vs_media,media,alta,3,False,1,1.0
2012,adulto,5,1,ES,,1.0,alta_vs_media,media,alta,1,False,0,0.0
2012,adulto,5,1,GO,,0.0,alta_vs_media,media,alta,1,False,0,1.0
2012,adulto,5,1,MA,,7.0,alta_vs_media,media,alta,10,False,3,3.0
2012,adulto,5,1,MG,,3.0,alta_vs_media,media,alta,3,False,0,0.0
2012,adulto,5,1,MS,,26.0,alta_vs_media,media,alta,28,False,2,2.0
2012,adulto,5,1,MT,,3.0,alta_vs_media,media,alta,6,False,3,3.0
2012,adulto,5,1,PA,,4.0,alta_vs_media,media,alta,5,False,1,1.0
2012,adulto,5,1,PE,,2.0,alta_vs_media,media,alta,4,False,2,2.0
2012,adulto,5,1,PI,,1.0,alta_vs_media,media,alta,1,False,0,0.0
2012,adulto,5,1,PR,,9.0,alta_vs_media,media,alta,11,False,2,2.0
2012,adulto,5,1,RJ,,1.0,alta_vs_media,media,alta,2,False,1,1.0
2012,adulto,5,1,RO,,1.0,alta_vs_media,media,alta,1,False,0,0.0
2012,adulto,5,1,RR,,3.0,alta_vs_media,media,alta,7,False,3,4.0
2012,adulto,5,1,RS,,2.0,alta_vs_media,media,alta,2,False,0,0.0
2012,adulto,5,1,SC,,2.0,alta_vs_media,media,alta,2,False,0,0.0
2012,adulto,5,1,SP,,2.0,alta_vs_media,media,alta,3,False,1,1.0
2012,adulto,5,1,TO,,2.0,alta_vs_media,media,alta,3,False,1,1.0
2012,adulto,5,2,AM,,12.0,alta_vs_media,media,alta,15,False,3,3.0
2012,adulto,5,2,BA,,2.0,alta_vs_media,media,alta,2,False,0,0.0
2012,adulto,5,2,ES,,1.0,alta_vs_media,media,alta,1,False,0,0.0
2012,adulto,5,2,MA,,2.0,alta_vs_media,media,alta,2,False,0,0.0
2012,adulto,5,2,MG,,3.0,alta_vs_media,media,alta,4,False,1,1.0
2012,adulto,5,2,MS,,14.0,alta_vs_media,media,alta,15,False,1,1.0
2012,adulto,5,2,MT,,1.0,alta_vs_media,media,alta,3,False,1,2.0
2012,adulto,5,2,PA,,1.0,alta_vs_media,media,alta,1,False,0,0.0
2012,adulto,5,2,PB,,1.0,alta_vs_media,media,alta,1,False,0,0.0
2012,adulto,5,2,PE,,2.0,alta_vs_media,media,alta,2,False,0,0.0
2012,adulto,5,2,PR,,0.0,alta_vs_media,media,alta,1,False,0,1.0
2012,adulto,5,2,RR,,1.0,alta_vs_media,media,alta,2,False,1,1.0
2012,adulto,5,2,RS,,2.0,alta_vs_media,media,alta,2,False,0,0.0
2012,adulto,5,2,SC,,1.0,alta_vs_media,media,alta,2,False,1,1.0
2012,adulto,5,2,SP,,4.0,alta_vs_media,media,alta,4,False,0,0.0
2012,idoso,1,0,RJ,,1.0,alta_vs_media,media,alta,1,False,0,0.0
2012,idoso,1,1,AC,,15.0,alta_vs_media,media,alta,16,False,1,1.0
2012,idoso,1,1,AL,,139.0,alta_vs_media,media,alta,167,True,28,28.0
2012,idoso,1,1,AM,,158.0,alta_vs_media,media,alta,224,True,66,66.0
2012,idoso,1,1,AP,,14.0,alta_vs_media,media,alta,18,False,4,4.0
2012,idoso,1,1,BA,,466.0,alta_vs_media,media,alta,550,True,84,84.0
2012,idoso,1,1,CE,,508.0,alta_vs_media,media,alta,648,True,140,140.0
2012,idoso,1,1,DF,,410.0,alta_vs_media,media,alta,546,True,136,136.0
2012,idoso,1,1,ES,,464.0,alta_vs_media,media,alta,567,True,103,103.0
2012,idoso,1,1,GO,,695.0,alta_vs_media,media,alta,838,True,143,143.0
2012,idoso,1,1,MA,,310.0,alta_vs_media,media,alta,383,True,73,73.0
2012,idoso,1,1,MG,,3385.0,alta_vs_media,media,alta,4014,True,629,629.0
2012,idoso,1,1,MS,,674.0,alta_vs_media,media,alta,879,True,205,205.0
2012,idoso,1,1,MT,,503.0,alta_vs_media,media,alta,592,True,89,89.0
2012,idoso,1,1,PA,,345.0,alta_vs_media,media,alta,489,True,144,144.0
2012,idoso,1,1,PB,,173.0,alta_vs_media,media,alta,210,True,37,37.0
2012,idoso,1,1,PE,,1039.0,alta_vs_media,media,alta,1290,True,251,251.0
2012,idoso,1,1,PI,,149.0,alta_vs_media,media,alta,173,True,24,24.0
2012,idoso,1,1,PR,,5523.0,alta_vs_media,media,alta,6465,True,942,942.0
2012,idoso,1,1,RJ,,4923.0,alta_vs_media,media,alta,6447,True,1524,1524.0
2012,idoso,1,1,RN,,235.0,alta_vs_media,media,alta,264,True,29,29.0
2012,idoso,1,1,RO,,116.0,alta_vs_media,media,alta,128,False,12,12.0
2012,idoso,1,1,RR,,28.0,alta_vs_media,media,alta,36,False,8,8.0
2012,idoso,1,1,RS,,5380.0,alta_vs_media,media,alta,6356,True,976,976.0
2012,idoso,1,1,SC,,3316.0,alta_vs_media,media,alta,3952,True,636,636.0
2012,idoso,1,1,SE,,147.0,alta_vs_media,media,alta,196,True,49,49.0
2012,idoso,1,1,SP,,13858.0,alta_vs_media,media,alta,17261,True,3403,3403.0
2012,idoso,1,1,TO,,100.0,alta_vs_media,media,alta,114,False,14,14.0
2012,idoso,1,2,AC,,2.0,alta_vs_media,media,alta,4,False,2,2.0
2012,idoso,1,2,AL,,99.0,alta_vs_media,media,alta,132,True,33,33.0
2012,idoso,1,2,AM,,146.0,alta_vs_media,media,alta,185,True,39,39.0
2012,idoso,1,2,AP,,17.0,alta_vs_media,media,alta,26,False,9,9.0
2012,idoso,1,2,BA,,357.0,alta_vs_media,media,alta,434,True,77,77.0
2012,idoso,1,2,CE,,512.0,alta_vs_media,media,alta,629,True,117,117.0
2012,idoso,1,2,DF,,355.0,alta_vs_media,media,alta,456,True,101,101.0
2012,idoso,1,2,ES,,292.0,alta_vs_media,media,alta,349,True,57,57.0
2012,idoso,1,2,GO,,566.0,alta_vs_media,media,alta,660,True,94,94.0
2012,idoso,1,2,MA,,244.0,alta_vs_media,media,alta,313,True,69,69.0
2012,idoso,1,2,MG,,2605.0,alta_vs_media,media,alta,3023,True,418,418.0
2012,idoso,1,2,MS,,444.0,alta_vs_media,media,alta,553,True,109,109.0
2012,idoso,1,2,MT,,294.0,alta_vs_media,media,alta,357,True,63,63.0
2012,idoso,1,2,PA,,294.0,alta_vs_media,media,alta,398,True,104,104.0
2012,idoso,1,2,PB,,170.0,alta_vs_media,media,alta,209,True,39,39.0
2012,idoso,1,2,PE,,967.0,alta_vs_media,media,alta,1170,True,203,203.0
2012,idoso,1,2,PI,,119.0,alta_vs_media,media,alta,154,True,35,35.0
2012,idoso,1,2,PR,,3703.0,alta_vs_media,media,alta,4206,True,503,503.0
2012,idoso,1,2,RJ,,4245.0,alta_vs_media,media,alta,5394,True,1149,1149.0
2012,idoso,1,2,RN,,267.0,alta_vs_media,media,alta,310,True,43,43.0
2012,idoso,1,2,RO,,64.0,alta_vs_media,media,alta,73,False,9,9.0
2012,idoso,1,2,RR,,22.0,alta_vs_media,media,alta,26,False,4,4.0
2012,idoso,1,2,RS,,3666.0,alta_vs_media,media,alta,4269,True,603,603.0
2012,idoso,1,2,SC,,2152.0,alta_vs_media,media,alta,2498,True,346,346.0
2012,idoso,1,2,SE,,136.0,alta_vs_media,media,alta,171,True,35,35.0
2012,idoso,1,2,SP,,10081.0,alta_vs_media,media,alta,11948,True,1867,1867.0
2012,idoso,1,2,TO,,68.0,alta_vs_media,media,alta,80,False,12,12.0
2012,idoso,2,1,AL,,37.0,alta_vs_media,media,alta,43,False,6,6.0
2012,idoso,2,1,AM,,18.0,alta_vs_media,media,alta,26,False,8,8.0
2012,idoso,2,1,AP,,2.0,alta_vs_media,media,alta,2,False,0,0.0
2012,idoso,2,1,BA,,312.0,alta_vs_media,media,alta,334,True,22,22.0
2012,idoso,2,1,CE,,61.0,alta_vs_media,media,alta,71,False,10,10.0
2012,idoso,2,1,DF,,43.0,alta_vs_media,media,alta,53,False,10,10.0
2012,idoso,2,1,ES,,97.0,alta_vs_media,media,alta,105,False,8,8.0
2012,idoso,2,1,GO,,111.0,alta_vs_media,media,alta,122,False,11,11.0
2012,idoso,2,1,MA,,147.0,alta_vs_media,media,alta,169,True,22,22.0
2012,idoso,2,1,MG,,622.0,alta_vs_media,media,alta,685,True,63,63.0
2012,idoso,2,1,MS,,72.0,alta_vs_media,media,alta,85,False,13,13.0
2012,idoso,2,1,MT,,90.0,alta_vs_media,media,alta,97,False,7,7.0
2012,idoso,2,1,PA,,157.0,alta_vs_media,media,alta,176,False,19,19.0
2012,idoso,2,1,PB,,16.0,alta_vs_media,media,alta,16,False,0,0.0
2012,idoso,2,1,PE,,213.0,alta_vs_media,media,alta,237,True,24,24.0
2012,idoso,2,1,PI,,71.0,alta_vs_media,media,alta,78,False,7,7.0
2012,idoso,2,1,PR,,246.0,alta_vs_media,media,alta,276,True,30,30.0
2012,idoso,2,1,RJ,,1208.0,alta_vs_media,media,alta,1435,True,227,227.0
2012,idoso,2,1,RN,,28.0,alta_vs_media,media,alta,33,False,5,5.0
2012,idoso,2,1,RO,,19.0,alta_vs_media,media,alta,21,False,2,2.0
2012,idoso,2,1,RR,,4.0,alta_vs_media,media,alta,5,False,1,1.0
2012,idoso,2,1,RS,,249.0,alta_vs_media,media,alta,297,True,48,48.0
2012,idoso,2,1,SC,,92.0,alta_vs_media,media,alta,120,True,28,28.0
2012,idoso,2,1,SE,,62.0,alta_vs_media,media,alta,75,False,13,13.0
2012,idoso,2,1,SP,,1173.0,alta_vs_media,media,alta,1363,True,190,190.0
2012,idoso,2,1,TO,,29.0,alta_vs_media,media,alta,30,False,1,1.0
2012,idoso,2,2,AL,,24.0,alta_vs_media,media,alta,25,False,1,1.0
2012,idoso,2,2,AM,,14.0,alta_vs_media,media,alta,17,False,3,3.0
2012,idoso,2,2,AP,,3.0,alta_vs_media,media,alta,4,False,1,1.0
2012,idoso,2,2,BA,,176.0,alta_vs_media,media,alta,195,False,19,19.0
2012,idoso,2,2,CE,,41.0,alta_vs_media,media,alta,46,False,5,5.0
2012,idoso,2,2,DF,,48.0,alta_vs_media,media,alta,57,False,9,9.0
2012,idoso,2,2,ES,,39.0,alta_vs_media,media,alta,46,False,7,7.0
2012,idoso,2,2,GO,,74.0,alta_vs_media,media,alta,78,False,4,4.0
2012,idoso,2,2,MA,,101.0,alta_vs_media,media,alta,109,False,8,8.0
2012,idoso,2,2,MG,,418.0,alta_vs_media,media,alta,451,True,33,33.0
2012,idoso,2,2,MS,,41.0,alta_vs_media,media,alta,47,False,6,6.0
2012,idoso,2,2,MT,,46.0,alta_vs_media,media,alta,55,False,9,9.0
2012,idoso,2,2,PA,,87.0,alta_vs_media,media,alta,103,False,16,16.0
2012,idoso,2,2,PB,,16.0,alta_vs_media,media,alta,20,False,4,4.0
2012,idoso,2,2,PE,,115.0,alta_vs_media,media,alta,131,False,16,16.0
2012,idoso,2,2,PI,,29.0,alta_vs_media,media,alta,32,False,3,3.0
2012,idoso,2,2,PR,,160.0,alta_vs_media,media,alta,179,False,19,19.0
2012,idoso,2,2,RJ,,1243.0,alta_vs_media,media,alta,1395,True,152,152.0
2012,idoso,2,2,RN,,20.0,alta_vs_media,media,alta,20,False,0,0.0
2012,idoso,2,2,RO,,6.0,alta_vs_media,media,alta,7,False,1,1.0
2012,idoso,2,2,RR,,4.0,alta_vs_media,media,alta,4,False,0,0.0
2012,idoso,2,2,RS,,210.0,alta_vs_media,media,alta,242,True,32,32.0
2012,idoso,2,2,SC,,87.0,alta_vs_media,media,alta,91,False,4,4.0
2012,idoso,2,2,SE,,42.0,alta_vs_media,media,alta,49,False,7,7.0
2012,idoso,2,2,SP,,863.0,alta_vs_media,media,alta,971,True,108,108.0
2012,idoso,2,2,TO,,22.0,alta_vs_media,media,alta,22,False,0,0.0
2012,idoso,3,1,AL,,0.0,alta_vs_media,media,alta,1,False,0,1.0
2012,idoso,3,1,AM,,1.0,alta_vs_media,media,alta,2,False,1,1.0
2012,idoso,3,1,AP,,0.0,alta_vs_media,media,alta,1,False,0,1.0
2012,idoso,3,1,BA,,5.0,alta_vs_media,media,alta,5,False,0,0.0
2012,idoso,3,1,CE,,3.0,alta_vs_media,media,alta,4,False,1,1.0
2012,idoso,3,1,DF,,7.0,alta_vs_media,media,alta,10,False,3,3.0
2012,idoso,3,1,ES,,4.0,alta_vs_media,media,alta,4,False,0,0.0
2012,idoso,3,1,GO,,7.0,alta_vs_media,media,alta,8,False,1,1.0
2012,idoso,3,1,MA,,2.0,alta_vs_media,media,alta,2,False,0,0.0
2012,idoso,3,1,MG,,12.0,alta_vs_media,media,alta,16,False,4,4.0
2012,idoso,3,1,MS,,12.0,alta_vs_media,media,alta,20,False,8,8.0
2012,idoso,3,1,MT,,7.0,alta_vs_media,media,alta,9,False,2,2.0
2012,idoso,3,1,PA,,11.0,alta_vs_media,media,alta,15,False,4,4.0
2012,idoso,3,1,PB,,1.0,alta_vs_media,media,alta,2,False,1,1.0
2012,idoso,3,1,PE,,5.0,alta_vs_media,media,alta,5,False,0,0.0
2012,idoso,3,1,PI,,2.0,alta_vs_media,media,alta,2,False,0,0.0
2012,idoso,3,1,PR,,61.0,alta_vs_media,media,alta,83,True,22,22.0
2012,idoso,3,1,RJ,,16.0,alta_vs_media,media,alta,20,False,4,4.0
2012,idoso,3,1,RO,,2.0,alta_vs_media,media,alta,2,False,0,0.0
2012,idoso,3,1,RS,,2.0,alta_vs_media,media,alta,4,False,2,2.0
2012,idoso,3,1,SC,,6.0,alta_vs_media,media,alta,9,False,3,3.0
2012,idoso,3,1,SP,,258.0,alta_vs_media,media,alta,396,True,138,138.0
2012,idoso,3,1,TO,,1.0,alta_vs_media,media,alta,1,False,0,0.0
2012,idoso,3,2,AM,,0.0,alta_vs_media,media,alta,1,False,0,1.0
2012,idoso,3,2,BA,,4.0,alta_vs_media,media,alta,4,False,0,0.0
2012,idoso,3,2,CE,,3.0,alta_vs_media,media,alta,3,False,0,0.0
2012,idoso,3,2,DF,,3.0,alta_vs_media,media,alta,3,False,0,0.0
2012,idoso,3,2,ES,,0.0,alta_vs_media,media,alta,1,False,0,1.0
2012,idoso,3,2,GO,,7.0,alta_vs_media,media,alta,9,False,2,2.0
2012,idoso,3,2,MG,,8.0,alta_vs_media,media,alta,11,False,3,3.0
2012,idoso,3,2,MS,,3.0,alta_vs_media,media,alta,7,False,3,4.0
2012,idoso,3,2,MT,,2.0,alta_vs_media,media,alta,2,False,0,0.0
2012,idoso,3,2,PA,,6.0,alta_vs_media,media,alta,8,False,2,2.0
2012,idoso,3,2,PB,,1.0,alta_vs_media,media,alta,1,False,0,0.0
2012,idoso,3,2,PE,,7.0,alta_vs_media,media,alta,8,False,1,1.0
2012,idoso,3,2,PI,,2.0,alta_vs_media,media,alta,2,False,0,0.0
2012,idoso,3,2,PR,,34.0,alta_vs_media,media,alta,45,False,11,11.0
2012,idoso,3,2,RJ,,11.0,alta_vs_media,media,alta,15,False,4,4.0
2012,idoso,3,2,RN,,4.0,alta_vs_media,media,alta,4,False,0,0.0
2012,idoso,3,2,RO,,2.0,alta_vs_media,media,alta,2,False,0,0.0
2012,idoso,3,2,RS,,1.0,alta_vs_media,media,alta,2,False,1,1.0
2012,idoso,3,2,SC,,5.0,alta_vs_media,media,alta,5,False,0,0.0
2012,idoso,3,2,SE,,1.0,alta_vs_media,media,alta,1,False,0,0.0
2012,idoso,3,2,SP,,206.0,alta_vs_media,media,alta,258,True,52,52.0
2012,idoso,4,0,PE,,0.0,alta_vs_media,media,alta,1,False,0,1.0
2012,idoso,4,1,AC,,42.0,alta_vs_media,media,alta,48,False,6,6.0
2012,idoso,4,1,AL,,285.0,alta_vs_media,media,alta,317,True,32,32.0
2012,idoso,4,1,AM,,562.0,alta_vs_media,media,alta,685,True,123,123.0
2012,idoso,4,1,AP,,30.0,alta_vs_media,media,alta,35,False,5,5.0
2012,idoso,4,1,BA,,1218.0,alta_vs_media,media,alta,1355,True,137,137.0
2012,idoso,4,1,CE,,1301.0,alta_vs_media,media,alta,1523,True,222,222.0
2012,idoso,4,1,DF,,399.0,alta_vs_media,media,alta,478,True,79,79.0
2012,idoso,4,1,ES,,376.0,alta_vs_media,media,alta,446,True,70,70.0
2012,idoso,4,1,GO,,828.0,alta_vs_media,media,alta,929,True,101,101.0
2012,idoso,4,1,MA,,881.0,alta_vs_media,media,alta,997,True,116,116.0
2012,idoso,4,1,MG,,2300.0,alta_vs_media,media,alta,2537,True,237,237.0
2012,idoso,4,1,MS,,580.0,alta_vs_media,media,alta,708,True,128,128.0
2012,idoso,4,1,MT,,635.0,alta_vs_media,media,alta,720,True,85,85.0
2012,idoso,4,1,PA,,1260.0,alta_vs_media,media,alta,1591,True,331,331.0
2012,idoso,4,1,PB,,334.0,alta_vs_media,media,alta,389,True,55,55.0
2012,idoso,4,1,PE,,1813.0,alta_vs_media,media,alta,2101,True,288,288.0
2012,idoso,4,1,PI,,606.0,alta_vs_media,media,alta,677,True,71,71.0
2012,idoso,4,1,PR,,773.0,alta_vs_media,media,alta,843,True,70,70.0
2012,idoso,4,1,RJ,,2488.0,alta_vs_media,media,alta,2974,True,486,486.0
2012,idoso,4,1,RN,,268.0,alta_vs_media,media,alta,302,True,34,34.0
2012,idoso,4,1,RO,,103.0,alta_vs_media,media,alta,112,False,9,9.0
2012,idoso,4,1,RR,,51.0,alta_vs_media,media,alta,57,False,6,6.0
2012,idoso,4,1,RS,,242.0,alta_vs_media,media,alta,272,True,30,30.0
2012,idoso,4,1,SC,,86.0,alta_vs_media,media,alta,99,False,13,13.0
2012,idoso,4,1,SE,,323.0,alta_vs_media,media,alta,397,True,74,74.0
2012,idoso,4,1,SP,,3278.0,alta_vs_media,media,alta,3710,True,432,432.0
2012,idoso,4,1,TO,,193.0,alta_vs_media,media,alta,211,False,18,18.0
2012,idoso,4,2,AC,,16.0,alta_vs_media,media,alta,17,False,1,1.0
2012,idoso,4,2,AL,,175.0,alta_vs_media,media,alta,201,True,26,26.0
2012,idoso,4,2,AM,,395.0,alta_vs_media,media,alta,477,True,82,82.0
2012,idoso,4,2,AP,,26.0,alta_vs_media,media,alta,30,False,4,4.0
2012,idoso,4,2,BA,,838.0,alta_vs_media,media,alta,922,True,84,84.0
2012,idoso,4,2,CE,,925.0,alta_vs_media,media,alta,1047,True,122,122.0
2012,idoso,4,2,DF,,270.0,alta_vs_media,media,alta,318,True,48,48.0
2012,idoso,4,2,ES,,188.0,alta_vs_media,media,alta,212,True,24,24.0
2012,idoso,4,2,GO,,507.0,alta_vs_media,media,alta,549,True,42,42.0
2012,idoso,4,2,MA,,553.0,alta_vs_media,media,alta,633,True,80,80.0
2012,idoso,4,2,MG,,1431.0,alta_vs_media,media,alta,1547,True,116,116.0
2012,idoso,4,2,MS,,336.0,alta_vs_media,media,alta,404,True,68,68.0
2012,idoso,4,2,MT,,372.0,alta_vs_media,media,alta,422,True,50,50.0
2012,idoso,4,2,PA,,862.0,alta_vs_media,media,alta,1098,True,236,236.0
2012,idoso,4,2,PB,,267.0,alta_vs_media,media,alta,294,True,27,27.0
2012,idoso,4,2,PE,,1235.0,alta_vs_media,media,alta,1377,True,142,142.0
2012,idoso,4,2,PI,,368.0,alta_vs_media,media,alta,412,True,44,44.0
2012,idoso,4,2,PR,,465.0,alta_vs_media,media,alta,492,True,27,27.0
2012,idoso,4,2,RJ,,2221.0,alta_vs_media,media,alta,2511,True,290,290.0
2012,idoso,4,2,RN,,208.0,alta_vs_media,media,alta,233,True,25,25.0
2012,idoso,4,2,RO,,54.0,alta_vs_media,media,alta,58,False,4,4.0
2012,idoso,4,2,RR,,29.0,alta_vs_media,media,alta,35,False,6,6.0
2012,idoso,4,2,RS,,165.0,alta_vs_media,media,alta,179,False,14,14.0
2012,idoso,4,2,SC,,53.0,alta_vs_media,media,alta,60,False,7,7.0
2012,idoso,4,2,SE,,226.0,alta_vs_media,media,alta,284,True,58,58.0
2012,idoso,4,2,SP,,2143.0,alta_vs_media,media,alta,2364,True,221,221.0
2012,idoso,4,2,TO,,136.0,alta_vs_media,media,alta,146,False,10,10.0
2012,idoso,5,1,AC,,1.0,alta_vs_media,media,alta,1,False,0,0.0
2012,idoso,5,1,AL,,2.0,alta_vs_media,media,alta,2,False,0,0.0
2012,idoso,5,1,AM,,13.0,alta_vs_media,media,alta,13,False,0,0.0
2012,idoso,5,1,BA,,1.0,alta_vs_media,media,alta,1,False,0,0.0
2012,idoso,5,1,CE,,2.0,alta_vs_media,media,alta,2,False,0,0.0
2012,idoso,5,1,ES,,1.0,alta_vs_media,media,alta,3,False,1,2.0
2012,idoso,5,1,GO,,1.0,alta_vs_media,media,alta,1,False,0,0.0
2012,idoso,5,1,MG,,1.0,alta_vs_media,media,alta,1,False,0,0.0
2012,idoso,5,1,MS,,20.0,alta_vs_media,media,alta,20,False,0,0.0
2012,idoso,5,1,MT,,2.0,alta_vs_media,media,alta,2,False,0,0.0
2012,idoso,5,1,PA,,4.0,alta_vs_media,media,alta,5,False,1,1.0
2012,idoso,5,1,PB,,2.0,alta_vs_media,media,alta,2,False,0,0.0
2012,idoso,5,1,PE,,6.0,alta_vs_media,media,alta,6,False,0,0.0
2012,idoso,5,1,PI,,1.0,alta_vs_media,media,alta,1,False,0,0.0
2012,idoso,5,1,PR,,4.0,alta_vs_media,media,alta,4,False,0,0.0
2012,idoso,5,1,RJ,,6.0,alta_vs_media,media,alta,8,False,2,2.0
2012,idoso,5,1,RR,,5.0,alta_vs_media,media,alta,5,False,0,0.0
2012,idoso,5,1,RS,,6.0,alta_vs_media,media,alta,7,False,1,1.0
2012,idoso,5,1,SC,,2.0,alta_vs_media,media,alta,3,False,1,1.0
2012,idoso,5,1,SP,,5.0,alta_vs_media,media,alta,7,False,2,2.0
2012,idoso,5,2,AL,,1.0,alta_vs_media,media,alta,1,False,0,0.0
2012,idoso,5,2,AM,,3.0,alta_vs_media,media,alta,3,False,0,0.0
2012,idoso,5,2,AP,,1.0,alta_vs_media,media,alta,1,False,0,0.0
2012,idoso,5,2,BA,,2.0,alta_vs_media,media,alta,2,False,0,0.0
2012,idoso,5,2,CE,,2.0,alta_vs_media,media,alta,2,False,0,0.0
2012,idoso,5,2,MA,,1.0,alta_vs_media,media,alta,1,False,0,0.0
2012,idoso,5,2,MG,,3.0,alta_vs_media,media,alta,3,False,0,0.0
2012,idoso,5,2,MS,,6.0,alta_vs_media,media,alta,6,False,0,0.0
2012,idoso,5,2,MT,,2.0,alta_vs_media,media,alta,3,False,1,1.0
2012,idoso,5,2,PA,,2.0,alta_vs_media,media,alta,2,False,0,0.0
2012,idoso,5,2,PB,,1.0,alta_vs_media,media,alta,1,False,0,0.0
2012,idoso,5,2,PE,,3.0,alta_vs_media,media,alta,3,False,0,0.0
2012,idoso,5,2,PR,,1.0,alta_vs_media,media,alta,1,False,0,0.0
2012,idoso,5,2,RJ,,5.0,alta_vs_media,media,alta,5,False,0,0.0
2012,idoso,5,2,RR,,2.0,alta_vs_media,media,alta,2,False,0,0.0
2012,idoso,5,2,RS,,1.0,alta_vs_media,media,alta,1,False,0,0.0
2012,idoso,5,2,SC,,1.0,alta_vs_media,media,alta,2,False,1,1.0
2012,idoso,5,2,SE,,1.0,alta_vs_media,media,alta,1,False,0,0.0
2012,idoso,5,2,SP,,5.0,alta_vs_media,media,alta,5,False,0,0.0
2012,idoso,5,2,TO,,1.0,alta_vs_media,media,alta,2,False,1,1.0
2012,jovem,1,1,AL,,8.0,alta_vs_media,media,alta,16,False,8,8.0
2012,jovem,1,1,AM,,48.0,alta_vs_media,media,alta,75,True,27,27.0
2012,jovem,1,1,AP,,4.0,alta_vs_media,media,alta,17,False,4,13.0
2012,jovem,1,1,BA,,106.0,alta_vs_media,media,alta,136,True,30,30.0
2012,jovem,1,1,CE,,100.0,alta_vs_media,media,alta,134,True,34,34.0
2012,jovem,1,1,DF,,39.0,alta_vs_media,media,alta,60,True,21,21.0
2012,jovem,1,1,ES,,47.0,alta_vs_media,media,alta,68,True,21,21.0
2012,jovem,1,1,GO,,170.0,alta_vs_media,media,alta,253,True,83,83.0
2012,jovem,1,1,MA,,75.0,alta_vs_media,media,alta,115,True,40,40.0
2012,jovem,1,1,MG,,307.0,alta_vs_media,media,alta,518,True,211,211.0
2012,jovem,1,1,MS,,61.0,alta_vs_media,media,alta,111,True,50,50.0
2012,jovem,1,1,MT,,98.0,alta_vs_media,media,alta,160,True,62,62.0
2012,jovem,1,1,PA,,84.0,alta_vs_media,media,alta,120,True,36,36.0
2012,jovem,1,1,PB,,22.0,alta_vs_media,media,alta,34,False,12,12.0
2012,jovem,1,1,PE,,82.0,alta_vs_media,media,alta,122,True,40,40.0
2012,jovem,1,1,PI,,46.0,alta_vs_media,media,alta,68,True,22,22.0
2012,jovem,1,1,PR,,1056.0,alta_vs_media,media,alta,1709,True,653,653.0
2012,jovem,1,1,RJ,,423.0,alta_vs_media,media,alta,614,True,191,191.0
2012,jovem,1,1,RN,,34.0,alta_vs_media,media,alta,52,False,18,18.0
2012,jovem,1,1,RO,,20.0,alta_vs_media,media,alta,29,False,9,9.0
2012,jovem,1,1,RR,,8.0,alta_vs_media,media,alta,10,False,2,2.0
2012,jovem,1,1,RS,,448.0,alta_vs_media,media,alta,662,True,214,214.0
2012,jovem,1,1,SC,,316.0,alta_vs_media,media,alta,625,True,309,309.0
2012,jovem,1,1,SE,,42.0,alta_vs_media,media,alta,56,False,14,14.0
2012,jovem,1,1,SP,,1004.0,alta_vs_media,media,alta,1780,True,776,776.0
2012,jovem,1,1,TO,,18.0,alta_vs_media,media,alta,26,False,8,8.0
2012,jovem,1,2,AC,,2.0,alta_vs_media,media,alta,3,False,1,1.0
2012,jovem,1,2,AL,,15.0,alta_vs_media,media,alta,19,False,4,4.0
2012,jovem,1,2,AM,,21.0,alta_vs_media,media,alta,30,False,9,9.0
2012,jovem,1,2,AP,,2.0,alta_vs_media,media,alta,3,False,1,1.0
2012,jovem,1,2,BA,,36.0,alta_vs_media,media,alta,53,False,17,17.0
2012,jovem,1,2,CE,,50.0,alta_vs_media,media,alta,65,False,15,15.0
2012,jovem,1,2,DF,,24.0,alta_vs_media,media,alta,33,False,9,9.0
2012,jovem,1,2,ES,,13.0,alta_vs_media,media,alta,21,False,8,8.0
2012,jovem,1,2,GO,,48.0,alta_vs_media,media,alta,85,True,37,37.0
2012,jovem,1,2,MA,,29.0,alta_vs_media,media,alta,51,True,22,22.0
2012,jovem,1,2,MG,,114.0,alta_vs_media,media,alta,185,True,71,71.0
2012,jovem,1,2,MS,,18.0,alta_vs_media,media,alta,35,False,17,17.0
2012,jovem,1,2,MT,,41.0,alta_vs_media,media,alta,71,True,30,30.0
2012,jovem,1,2,PA,,47.0,alta_vs_media,media,alta,81,True,34,34.0
2012,jovem,1,2,PB,,14.0,alta_vs_media,media,alta,18,False,4,4.0
2012,jovem,1,2,PE,,66.0,alta_vs_media,media,alta,88,True,22,22.0
2012,jovem,1,2,PI,,18.0,alta_vs_media,media,alta,32,False,14,14.0
2012,jovem,1,2,PR,,246.0,alta_vs_media,media,alta,429,True,183,183.0
2012,jovem,1,2,RJ,,160.0,alta_vs_media,media,alta,248,True,88,88.0
2012,jovem,1,2,RN,,20.0,alta_vs_media,media,alta,25,False,5,5.0
2012,jovem,1,2,RO,,11.0,alta_vs_media,media,alta,18,False,7,7.0
2012,jovem,1,2,RR,,3.0,alta_vs_media,media,alta,7,False,3,4.0
2012,jovem,1,2,RS,,116.0,alta_vs_media,media,alta,187,True,71,71.0
2012,jovem,1,2,SC,,98.0,alta_vs_media,media,alta,206,True,98,108.0
2012,jovem,1,2,SE,,14.0,alta_vs_media,media,alta,20,False,6,6.0
2012,jovem,1,2,SP,,360.0,alta_vs_media,media,alta,658,True,298,298.0
2012,jovem,1,2,TO,,10.0,alta_vs_media,media,alta,18,False,8,8.0
2012,jovem,2,1,AC,,0.0,alta_vs_media,media,alta,1,False,0,1.0
2012,jovem,2,1,AL,,4.0,alta_vs_media,media,alta,6,False,2,2.0
2012,jovem,2,1,AM,,6.0,alta_vs_media,media,alta,7,False,1,1.0
2012,jovem,2,1,AP,,3.0,alta_vs_media,media,alta,3,False,0,0.0
2012,jovem,2,1,BA,,148.0,alta_vs_media,media,alta,173,True,25,25.0
2012,jovem,2,1,CE,,21.0,alta_vs_media,media,alta,24,False,3,3.0
2012,jovem,2,1,DF,,13.0,alta_vs_media,media,alta,17,False,4,4.0
2012,jovem,2,1,ES,,25.0,alta_vs_media,media,alta,29,False,4,4.0
2012,jovem,2,1,GO,,38.0,alta_vs_media,media,alta,49,False,11,11.0
2012,jovem,2,1,MA,,59.0,alta_vs_media,media,alta,92,True,33,33.0
2012,jovem,2,1,MG,,123.0,alta_vs_media,media,alta,191,True,68,68.0
2012,jovem,2,1,MS,,8.0,alta_vs_media,media,alta,11,False,3,3.0
2012,jovem,2,1,MT,,39.0,alta_vs_media,media,alta,52,False,13,13.0
2012,jovem,2,1,PA,,55.0,alta_vs_media,media,alta,69,False,14,14.0
2012,jovem,2,1,PB,,4.0,alta_vs_media,media,alta,5,False,1,1.0
2012,jovem,2,1,PE,,22.0,alta_vs_media,media,alta,25,False,3,3.0
2012,jovem,2,1,PI,,23.0,alta_vs_media,media,alta,33,False,10,10.0
2012,jovem,2,1,PR,,46.0,alta_vs_media,media,alta,66,True,20,20.0
2012,jovem,2,1,RJ,,255.0,alta_vs_media,media,alta,327,True,72,72.0
2012,jovem,2,1,RN,,5.0,alta_vs_media,media,alta,5,False,0,0.0
2012,jovem,2,1,RO,,10.0,alta_vs_media,media,alta,11,False,1,1.0
2012,jovem,2,1,RR,,2.0,alta_vs_media,media,alta,2,False,0,0.0
2012,jovem,2,1,RS,,65.0,alta_vs_media,media,alta,82,False,17,17.0
2012,jovem,2,1,SC,,24.0,alta_vs_media,media,alta,35,False,11,11.0
2012,jovem,2,1,SE,,20.0,alta_vs_media,media,alta,26,False,6,6.0
2012,jovem,2,1,SP,,116.0,alta_vs_media,media,alta,202,True,86,86.0
2012,jovem,2,1,TO,,12.0,alta_vs_media,media,alta,17,False,5,5.0
2012,jovem,2,2,AL,,2.0,alta_vs_media,media,alta,2,False,0,0.0
2012,jovem,2,2,AM,,2.0,alta_vs_media,media,alta,3,False,1,1.0
2012,jovem,2,2,AP,,3.0,alta_vs_media,media,alta,4,False,1,1.0
2012,jovem,2,2,BA,,38.0,alta_vs_media,media,alta,47,False,9,9.0
2012,jovem,2,2,CE,,5.0,alta_vs_media,media,alta,6,False,1,1.0
2012,jovem,2,2,DF,,2.0,alta_vs_media,media,alta,3,False,1,1.0
2012,jovem,2,2,ES,,9.0,alta_vs_media,media,alta,10,False,1,1.0
2012,jovem,2,2,GO,,13.0,alta_vs_media,media,alta,16,False,3,3.0
2012,jovem,2,2,MA,,20.0,alta_vs_media,media,alta,36,False,16,16.0
2012,jovem,2,2,MG,,37.0,alta_vs_media,media,alta,50,False,13,13.0
2012,jovem,2,2,MS,,3.0,alta_vs_media,media,alta,6,False,3,3.0
2012,jovem,2,2,MT,,3.0,alta_vs_media,media,alta,5,False,2,2.0
2012,jovem,2,2,PA,,20.0,alta_vs_media,media,alta,26,False,6,6.0
2012,jovem,2,2,PB,,3.0,alta_vs_media,media,alta,3,False,0,0.0
2012,jovem,2,2,PE,,10.0,alta_vs_media,media,alta,12,False,2,2.0
2012,jovem,2,2,PI,,5.0,alta_vs_media,media,alta,8,False,3,3.0
2012,jovem,2,2,PR,,6.0,alta_vs_media,media,alta,13,False,6,7.0
2012,jovem,2,2,RJ,,79.0,alta_vs_media,media,alta,100,True,21,21.0
2012,jovem,2,2,RO,,3.0,alta_vs_media,media,alta,3,False,0,0.0
2012,jovem,2,2,RS,,18.0,alta_vs_media,media,alta,25,False,7,7.0
2012,jovem,2,2,SC,,6.0,alta_vs_media,media,alta,10,False,4,4.0
2012,jovem,2,2,SE,,5.0,alta_vs_media,media,alta,5,False,0,0.0
2012,jovem,2,2,SP,,34.0,alta_vs_media,media,alta,57,True,23,23.0
2012,jovem,2,2,TO,,0.0,alta_vs_media,media,alta,2,False,0,2.0
2012,jovem,3,1,GO,,1.0,alta_vs_media,media,alta,1,False,0,0.0
2012,jovem,3,1,MA,,1.0,alta_vs_media,media,alta,2,False,1,1.0
2012,jovem,3,1,MG,,0.0,alta_vs_media,media,alta,4,False,0,4.0
2012,jovem,3,1,MS,,1.0,alta_vs_media,media,alta,3,False,1,2.0
2012,jovem,3,1,MT,,0.0,alta_vs_media,media,alta,1,False,0,1.0
2012,jovem,3,1,PA,,1.0,alta_vs_media,media,alta,3,False,1,2.0
2012,jovem,3,1,PE,,1.0,alta_vs_media,media,alta,1,False,0,0.0
2012,jovem,3,1,PR,,5.0,alta_vs_media,media,alta,6,False,1,1.0
2012,jovem,3,1,RJ,,3.0,alta_vs_media,media,alta,4,False,1,1.0
2012,jovem,3,1,SP,,3.0,alta_vs_media,media,alta,7,False,3,4.0
2012,jovem,3,2,DF,,1.0,alta_vs_media,media,alta,1,False,0,0.0
2012,jovem,3,2,GO,,0.0,alta_vs_media,media,alta,1,False,0,1.0
2012,jovem,3,2,MG,,0.0,alta_vs_media,media,alta,1,False,0,1.0
2012,jovem,3,2,MT,,1.0,alta_vs_media,media,alta,1,False,0,0.0
2012,jovem,3,2,PI,,1.0,alta_vs_media,media,alta,1,False,0,0.0
2012,jovem,3,2,RJ,,3.0,alta_vs_media,media,alta,3,False,0,0.0
2012,jovem,3,2,SP,,3.0,alta_vs_media,media,alta,4,False,1,1.0
2012,jovem,4,1,AC,,18.0,alta_vs_media,media,alta,23,False,5,5.0
2012,jovem,4,1,AL,,81.0,alta_vs_media,media,alta,141,True,60,60.0
2012,jovem,4,1,AM,,514.0,alta_vs_media,media,alta,656,True,142,142.0
2012,jovem,4,1,AP,,32.0,alta_vs_media,media,alta,67,True,32,35.0
2012,jovem,4,1,BA,,878.0,alta_vs_media,media,alta,1039,True,161,161.0
2012,jovem,4,1,CE,,671.0,alta_vs_media,media,alta,820,True,149,149.0
2012,jovem,4,1,DF,,236.0,alta_vs_media,media,alta,319,True,83,83.0
2012,jovem,4,1,ES,,234.0,alta_vs_media,media,alta,318,True,84,84.0
2012,jovem,4,1,GO,,460.0,alta_vs_media,media,alta,683,True,223,223.0
2012,jovem,4,1,MA,,492.0,alta_vs_media,media,alta,743,True,251,251.0
2012,jovem,4,1,MG,,592.0,alta_vs_media,media,alta,927,True,335,335.0
2012,jovem,4,1,MS,,109.0,alta_vs_media,media,alta,192,True,83,83.0
2012,jovem,4,1,MT,,262.0,alta_vs_media,media,alta,400,True,138,138.0
2012,jovem,4,1,PA,,866.0,alta_vs_media,media,alta,1204,True,338,338.0
2012,jovem,4,1,PB,,143.0,alta_vs_media,media,alta,179,True,36,36.0
2012,jovem,4,1,PE,,953.0,alta_vs_media,media,alta,1174,True,221,221.0
2012,jovem,4,1,PI,,226.0,alta_vs_media,media,alta,313,True,87,87.0
2012,jovem,4,1,PR,,253.0,alta_vs_media,media,alta,402,True,149,149.0
2012,jovem,4,1,RJ,,752.0,alta_vs_media,media,alta,981,True,229,229.0
2012,jovem,4,1,RN,,123.0,alta_vs_media,media,alta,140,False,17,17.0
2012,jovem,4,1,RO,,50.0,alta_vs_media,media,alta,72,True,22,22.0
2012,jovem,4,1,RR,,47.0,alta_vs_media,media,alta,68,True,21,21.0
2012,jovem,4,1,RS,,66.0,alta_vs_media,media,alta,77,False,11,11.0
2012,jovem,4,1,SC,,42.0,alta_vs_media,media,alta,68,True,26,26.0
2012,jovem,4,1,SE,,315.0,alta_vs_media,media,alta,401,True,86,86.0
2012,jovem,4,1,SP,,766.0,alta_vs_media,media,alta,1244,True,478,478.0
2012,jovem,4,1,TO,,90.0,alta_vs_media,media,alta,144,True,54,54.0
2012,jovem,4,2,AC,,6.0,alta_vs_media,media,alta,10,False,4,4.0
2012,jovem,4,2,AL,,34.0,alta_vs_media,media,alta,53,False,19,19.0
2012,jovem,4,2,AM,,106.0,alta_vs_media,media,alta,142,True,36,36.0
2012,jovem,4,2,AP,,15.0,alta_vs_media,media,alta,21,False,6,6.0
2012,jovem,4,2,BA,,210.0,alta_vs_media,media,alta,274,True,64,64.0
2012,jovem,4,2,CE,,110.0,alta_vs_media,media,alta,164,True,54,54.0
2012,jovem,4,2,DF,,45.0,alta_vs_media,media,alta,69,True,24,24.0
2012,jovem,4,2,ES,,53.0,alta_vs_media,media,alta,83,True,30,30.0
2012,jovem,4,2,GO,,67.0,alta_vs_media,media,alta,113,True,46,46.0
2012,jovem,4,2,MA,,129.0,alta_vs_media,media,alta,191,True,62,62.0
2012,jovem,4,2,MG,,146.0,alta_vs_media,media,alta,216,True,70,70.0
2012,jovem,4,2,MS,,27.0,alta_vs_media,media,alta,56,True,27,29.0
2012,jovem,4,2,MT,,67.0,alta_vs_media,media,alta,108,True,41,41.0
2012,jovem,4,2,PA,,239.0,alta_vs_media,media,alta,352,True,113,113.0
2012,jovem,4,2,PB,,50.0,alta_vs_media,media,alta,58,False,8,8.0
2012,jovem,4,2,PE,,179.0,alta_vs_media,media,alta,245,True,66,66.0
2012,jovem,4,2,PI,,61.0,alta_vs_media,media,alta,91,True,30,30.0
2012,jovem,4,2,PR,,40.0,alta_vs_media,media,alta,61,True,21,21.0
2012,jovem,4,2,RJ,,171.0,alta_vs_media,media,alta,251,True,80,80.0
2012,jovem,4,2,RN,,24.0,alta_vs_media,media,alta,34,False,10,10.0
2012,jovem,4,2,RO,,20.0,alta_vs_media,media,alta,30,False,10,10.0
2012,jovem,4,2,RR,,11.0,alta_vs_media,media,alta,19,False,8,8.0
2012,jovem,4,2,RS,,27.0,alta_vs_media,media,alta,31,False,4,4.0
2012,jovem,4,2,SC,,14.0,alta_vs_media,media,alta,18,False,4,4.0
2012,jovem,4,2,SE,,47.0,alta_vs_media,media,alta,65,False,18,18.0
2012,jovem,4,2,SP,,174.0,alta_vs_media,media,alta,298,True,124,124.0
2012,jovem,4,2,TO,,23.0,alta_vs_media,media,alta,36,False,13,13.0
2012,jovem,5,1,AC,,1.0,alta_vs_media,media,alta,1,False,0,0.0
2012,jovem,5,1,AM,,19.0,alta_vs_media,media,alta,29,False,10,10.0
2012,jovem,5,1,BA,,1.0,alta_vs_media,media,alta,1,False,0,0.0
2012,jovem,5,1,CE,,1.0,alta_vs_media,media,alta,2,False,1,1.0
2012,jovem,5,1,MA,,4.0,alta_vs_media,media,alta,4,False,0,0.0
2012,jovem,5,1,MS,,23.0,alta_vs_media,media,alta,30,False,7,7.0
2012,jovem,5,1,MT,,6.0,alta_vs_media,media,alta,6,False,0,0.0
2012,jovem,5,1,PA,,1.0,alta_vs_media,media,alta,3,False,1,2.0
2012,jovem,5,1,PE,,0.0,alta_vs_media,media,alta,1,False,0,1.0
2012,jovem,5,1,PR,,1.0,alta_vs_media,media,alta,1,False,0,0.0
2012,jovem,5,1,RJ,,1.0,alta_vs_media,media,alta,1,False,0,0.0
2012,jovem,5,1,RR,,4.0,alta_vs_media,media,alta,6,False,2,2.0
2012,jovem,5,1,RS,,1.0,alta_vs_media,media,alta,1,False,0,0.0
2012,jovem,5,1,SE,,1.0,alta_vs_media,media,alta,2,False,1,1.0
2012,jovem,5,1,SP,,2.0,alta_vs_media,media,alta,3,False,1,1.0
2012,jovem,5,1,TO,,2.0,alta_vs_media,media,alta,2,False,0,0.0
2012,jovem,5,2,AC,,2.0,alta_vs_media,media,alta,2,False,0,0.0
2012,jovem,5,2,AL,,1.0,alta_vs_media,media,alta,1,False,0,0.0
2012,jovem,5,2,AM,,14.0,alta_vs_media,media,alta,19,False,5,5.0
2012,jovem,5,2,MA,,5.0,alta_vs_media,media,alta,6,False,1,1.0
2012,jovem,5,2,MS,,11.0,alta_vs_media,media,alta,14,False,3,3.0
2012,jovem,5,2,MT,,2.0,alta_vs_media,media,alta,2,False,0,0.0
2012,jovem,5,2,PA,,1.0,alta_vs_media,media,alta,2,False,1,1.0
2012,jovem,5,2,PR,,1.0,alta_vs_media,media,alta,2,False,1,1.0
2012,jovem,5,2,RJ,,1.0,alta_vs_media,media,alta,1,False,0,0.0
2012,jovem,5,2,RR,,3.0,alta_vs_media,media,alta,4,False,1,1.0
2012,jovem,5,2,RS,,3.0,alta_vs_media,media,alta,4,False,1,1.0
2012,jovem,5,2,SP,,1.0,alta_vs_media,media,alta,2,False,1,1.0
2012,jovem,5,2,TO,,1.0,alta_vs_media,media,alta,1,False,0,0.0
2012,meia-idade,1,1,AC,,4.0,alta_vs_media,media,alta,7,False,3,3.0
2012,meia-idade,1,1,AL,,72.0,alta_vs_media,media,alta,96,True,24,24.0
2012,meia-idade,1,1,AM,,100.0,alta_vs_media,media,alta,159,True,59,59.0
2012,meia-idade,1,1,AP,,9.0,alta_vs_media,media,alta,10,False,1,1.0
2012,meia-idade,1,1,BA,,238.0,alta_vs_media,media,alta,304,True,66,66.0
2012,meia-idade,1,1,CE,,282.0,alta_vs_media,media,alta,381,True,99,99.0
2012,meia-idade,1,1,DF,,244.0,alta_vs_media,media,alta,334,True,90,90.0
2012,meia-idade,1,1,ES,,291.0,alta_vs_media,media,alta,385,True,94,94.0
2012,meia-idade,1,1,GO,,371.0,alta_vs_media,media,alta,521,True,150,150.0
2012,meia-idade,1,1,MA,,170.0,alta_vs_media,media,alta,242,True,72,72.0
2012,meia-idade,1,1,MG,,1819.0,alta_vs_media,media,alta,2406,True,587,587.0
2012,meia-idade,1,1,MS,,394.0,alta_vs_media,media,alta,574,True,180,180.0
2012,meia-idade,1,1,MT,,355.0,alta_vs_media,media,alta,484,True,129,129.0
2012,meia-idade,1,1,PA,,194.0,alta_vs_media,media,alta,273,True,79,79.0
2012,meia-idade,1,1,PB,,84.0,alta_vs_media,media,alta,102,False,18,18.0
2012,meia-idade,1,1,PE,,502.0,alta_vs_media,media,alta,663,True,161,161.0
2012,meia-idade,1,1,PI,,77.0,alta_vs_media,media,alta,102,True,25,25.0
2012,meia-idade,1,1,PR,,3286.0,alta_vs_media,media,alta,4435,True,1149,1149.0
2012,meia-idade,1,1,RJ,,2246.0,alta_vs_media,media,alta,3148,True,902,902.0
2012,meia-idade,1,1,RN,,123.0,alta_vs_media,media,alta,154,True,31,31.0
2012,meia-idade,1,1,RO,,80.0,alta_vs_media,media,alta,91,False,11,11.0
2012,meia-idade,1,1,RR,,21.0,alta_vs_media,media,alta,28,False,7,7.0
2012,meia-idade,1,1,RS,,2888.0,alta_vs_media,media,alta,3648,True,760,760.0
2012,meia-idade,1,1,SC,,1902.0,alta_vs_media,media,alta,2669,True,767,767.0
2012,meia-idade,1,1,SE,,74.0,alta_vs_media,media,alta,126,True,52,52.0
2012,meia-idade,1,1,SP,,7536.0,alta_vs_media,media,alta,10668,True,3132,3132.0
2012,meia-idade,1,1,TO,,50.0,alta_vs_media,media,alta,68,False,18,18.0
2012,meia-idade,1,2,AC,,5.0,alta_vs_media,media,alta,6,False,1,1.0
2012,meia-idade,1,2,AL,,68.0,alta_vs_media,media,alta,91,True,23,23.0
2012,meia-idade,1,2,AM,,71.0,alta_vs_media,media,alta,117,True,46,46.0
2012,meia-idade,1,2,AP,,7.0,alta_vs_media,media,alta,13,False,6,6.0
2012,meia-idade,1,2,BA,,178.0,alta_vs_media,media,alta,242,True,64,64.0
2012,meia-idade,1,2,CE,,218.0,alta_vs_media,media,alta,293,True,75,75.0
2012,meia-idade,1,2,DF,,166.0,alta_vs_media,media,alta,252,True,86,86.0
2012,meia-idade,1,2,ES,,178.0,alta_vs_media,media,alta,230,True,52,52.0
2012,meia-idade,1,2,GO,,278.0,alta_vs_media,media,alta,378,True,100,100.0
2012,meia-idade,1,2,MA,,118.0,alta_vs_media,media,alta,175,True,57,57.0
2012,meia-idade,1,2,MG,,1195.0,alta_vs_media,media,alta,1530,True,335,335.0
2012,meia-idade,1,2,MS,,224.0,alta_vs_media,media,alta,342,True,118,118.0
2012,meia-idade,1,2,MT,,185.0,alta_vs_media,media,alta,248,True,63,63.0
2012,meia-idade,1,2,PA,,158.0,alta_vs_media,media,alta,232,True,74,74.0
2012,meia-idade,1,2,PB,,70.0,alta_vs_media,media,alta,87,False,17,17.0
2012,meia-idade,1,2,PE,,418.0,alta_vs_media,media,alta,562,True,144,144.0
2012,meia-idade,1,2,PI,,55.0,alta_vs_media,media,alta,70,False,15,15.0
2012,meia-idade,1,2,PR,,1835.0,alta_vs_media,media,alta,2424,True,589,589.0
2012,meia-idade,1,2,RJ,,1960.0,alta_vs_media,media,alta,2765,True,805,805.0
2012,meia-idade,1,2,RN,,98.0,alta_vs_media,media,alta,125,True,27,27.0
2012,meia-idade,1,2,RO,,40.0,alta_vs_media,media,alta,59,False,19,19.0
2012,meia-idade,1,2,RR,,12.0,alta_vs_media,media,alta,13,False,1,1.0
2012,meia-idade,1,2,RS,,1731.0,alta_vs_media,media,alta,2222,True,491,491.0
2012,meia-idade,1,2,SC,,1087.0,alta_vs_media,media,alta,1515,True,428,428.0
2012,meia-idade,1,2,SE,,68.0,alta_vs_media,media,alta,97,True,29,29.0
2012,meia-idade,1,2,SP,,4806.0,alta_vs_media,media,alta,6562,True,1756,1756.0
2012,meia-idade,1,2,TO,,27.0,alta_vs_media,media,alta,39,False,12,12.0
2012,meia-idade,2,1,AC,,3.0,alta_vs_media,media,alta,3,False,0,0.0
2012,meia-idade,2,1,AL,,28.0,alta_vs_media,media,alta,32,False,4,4.0
2012,meia-idade,2,1,AM,,12.0,alta_vs_media,media,alta,20,False,8,8.0
2012,meia-idade,2,1,AP,,4.0,alta_vs_media,media,alta,4,False,0,0.0
2012,meia-idade,2,1,BA,,235.0,alta_vs_media,media,alta,273,True,38,38.0
2012,meia-idade,2,1,CE,,76.0,alta_vs_media,media,alta,86,False,10,10.0
2012,meia-idade,2,1,DF,,46.0,alta_vs_media,media,alta,68,True,22,22.0
2012,meia-idade,2,1,ES,,95.0,alta_vs_media,media,alta,115,True,20,20.0
2012,meia-idade,2,1,GO,,97.0,alta_vs_media,media,alta,119,True,22,22.0
2012,meia-idade,2,1,MA,,129.0,alta_vs_media,media,alta,162,True,33,33.0
2012,meia-idade,2,1,MG,,547.0,alta_vs_media,media,alta,629,True,82,82.0
2012,meia-idade,2,1,MS,,44.0,alta_vs_media,media,alta,63,False,19,19.0
2012,meia-idade,2,1,MT,,100.0,alta_vs_media,media,alta,116,False,16,16.0
2012,meia-idade,2,1,PA,,138.0,alta_vs_media,media,alta,168,True,30,30.0
2012,meia-idade,2,1,PB,,15.0,alta_vs_media,media,alta,17,False,2,2.0
2012,meia-idade,2,1,PE,,146.0,alta_vs_media,media,alta,178,True,32,32.0
2012,meia-idade,2,1,PI,,60.0,alta_vs_media,media,alta,68,False,8,8.0
2012,meia-idade,2,1,PR,,162.0,alta_vs_media,media,alta,188,True,26,26.0
2012,meia-idade,2,1,RJ,,1002.0,alta_vs_media,media,alta,1225,True,223,223.0
2012,meia-idade,2,1,RN,,26.0,alta_vs_media,media,alta,29,False,3,3.0
2012,meia-idade,2,1,RO,,10.0,alta_vs_media,media,alta,12,False,2,2.0
2012,meia-idade,2,1,RR,,4.0,alta_vs_media,media,alta,6,False,2,2.0
2012,meia-idade,2,1,RS,,207.0,alta_vs_media,media,alta,249,True,42,42.0
2012,meia-idade,2,1,SC,,72.0,alta_vs_media,media,alta,106,True,34,34.0
2012,meia-idade,2,1,SE,,54.0,alta_vs_media,media,alta,75,True,21,21.0
2012,meia-idade,2,1,SP,,959.0,alta_vs_media,media,alta,1188,True,229,229.0
2012,meia-idade,2,1,TO,,29.0,alta_vs_media,media,alta,31,False,2,2.0
2012,meia-idade,2,2,AC,,0.0,alta_vs_media,media,alta,2,False,0,2.0
2012,meia-idade,2,2,AL,,19.0,alta_vs_media,media,alta,20,False,1,1.0
2012,meia-idade,2,2,AM,,7.0,alta_vs_media,media,alta,12,False,5,5.0
2012,meia-idade,2,2,AP,,6.0,alta_vs_media,media,alta,6,False,0,0.0
2012,meia-idade,2,2,BA,,160.0,alta_vs_media,media,alta,184,True,24,24.0
2012,meia-idade,2,2,CE,,29.0,alta_vs_media,media,alta,38,False,9,9.0
2012,meia-idade,2,2,DF,,37.0,alta_vs_media,media,alta,45,False,8,8.0
2012,meia-idade,2,2,ES,,62.0,alta_vs_media,media,alta,70,False,8,8.0
2012,meia-idade,2,2,GO,,90.0,alta_vs_media,media,alta,106,False,16,16.0
2012,meia-idade,2,2,MA,,91.0,alta_vs_media,media,alta,113,True,22,22.0
2012,meia-idade,2,2,MG,,349.0,alta_vs_media,media,alta,407,True,58,58.0
2012,meia-idade,2,2,MS,,32.0,alta_vs_media,media,alta,42,False,10,10.0
2012,meia-idade,2,2,MT,,47.0,alta_vs_media,media,alta,53,False,6,6.0
2012,meia-idade,2,2,PA,,60.0,alta_vs_media,media,alta,84,True,24,24.0
2012,meia-idade,2,2,PB,,8.0,alta_vs_media,media,alta,9,False,1,1.0
2012,meia-idade,2,2,PE,,108.0,alta_vs_media,media,alta,139,True,31,31.0
2012,meia-idade,2,2,PI,,24.0,alta_vs_media,media,alta,30,False,6,6.0
2012,meia-idade,2,2,PR,,94.0,alta_vs_media,media,alta,113,False,19,19.0
2012,meia-idade,2,2,RJ,,887.0,alta_vs_media,media,alta,1112,True,225,225.0
2012,meia-idade,2,2,RN,,15.0,alta_vs_media,media,alta,20,False,5,5.0
2012,meia-idade,2,2,RO,,5.0,alta_vs_media,media,alta,5,False,0,0.0
2012,meia-idade,2,2,RR,,4.0,alta_vs_media,media,alta,4,False,0,0.0
2012,meia-idade,2,2,RS,,148.0,alta_vs_media,media,alta,182,True,34,34.0
2012,meia-idade,2,2,SC,,51.0,alta_vs_media,media,alta,70,False,19,19.0
2012,meia-idade,2,2,SE,,24.0,alta_vs_media,media,alta,31,False,7,7.0
2012,meia-idade,2,2,SP,,583.0,alta_vs_media,media,alta,729,True,146,146.0
2012,meia-idade,2,2,TO,,15.0,alta_vs_media,media,alta,19,False,4,4.0
2012,meia-idade,3,1,AM,,0.0,alta_vs_media,media,alta,1,False,0,1.0
2012,meia-idade,3,1,BA,,1.0,alta_vs_media,media,alta,1,False,0,0.0
2012,meia-idade,3,1,CE,,2.0,alta_vs_media,media,alta,2,False,0,0.0
2012,meia-idade,3,1,DF,,1.0,alta_vs_media,media,alta,1,False,0,0.0
2012,meia-idade,3,1,GO,,4.0,alta_vs_media,media,alta,6,False,2,2.0
2012,meia-idade,3,1,MA,,2.0,alta_vs_media,media,alta,2,False,0,0.0
2012,meia-idade,3,1,MG,,12.0,alta_vs_media,media,alta,14,False,2,2.0
2012,meia-idade,3,1,MS,,11.0,alta_vs_media,media,alta,15,False,4,4.0
2012,meia-idade,3,1,MT,,2.0,alta_vs_media,media,alta,3,False,1,1.0
2012,meia-idade,3,1,PA,,2.0,alta_vs_media,media,alta,4,False,2,2.0
2012,meia-idade,3,1,PE,,4.0,alta_vs_media,media,alta,4,False,0,0.0
2012,meia-idade,3,1,PI,,2.0,alta_vs_media,media,alta,2,False,0,0.0
2012,meia-idade,3,1,PR,,18.0,alta_vs_media,media,alta,28,False,10,10.0
2012,meia-idade,3,1,RJ,,6.0,alta_vs_media,media,alta,8,False,2,2.0
2012,meia-idade,3,1,RO,,1.0,alta_vs_media,media,alta,1,False,0,0.0
2012,meia-idade,3,1,RR,,0.0,alta_vs_media,media,alta,1,False,0,1.0
2012,meia-idade,3,1,RS,,0.0,alta_vs_media,media,alta,1,False,0,1.0
2012,meia-idade,3,1,SC,,3.0,alta_vs_media,media,alta,5,False,2,2.0
2012,meia-idade,3,1,SP,,80.0,alta_vs_media,media,alta,125,True,45,45.0
2012,meia-idade,3,1,TO,,0.0,alta_vs_media,media,alta,1,False,0,1.0
2012,meia-idade,3,2,AL,,1.0,alta_vs_media,media,alta,1,False,0,0.0
2012,meia-idade,3,2,AM,,1.0,alta_vs_media,media,alta,1,False,0,0.0
2012,meia-idade,3,2,BA,,1.0,alta_vs_media,media,alta,1,False,0,0.0
2012,meia-idade,3,2,CE,,4.0,alta_vs_media,media,alta,5,False,1,1.0
2012,meia-idade,3,2,DF,,3.0,alta_vs_media,media,alta,4,False,1,1.0
2012,meia-idade,3,2,ES,,2.0,alta_vs_media,media,alta,2,False,0,0.0
2012,meia-idade,3,2,GO,,2.0,alta_vs_media,media,alta,2,False,0,0.0
2012,meia-idade,3,2,MA,,0.0,alta_vs_media,media,alta,2,False,0,2.0
2012,meia-idade,3,2,MG,,9.0,alta_vs_media,media,alta,11,False,2,2.0
2012,meia-idade,3,2,MS,,4.0,alta_vs_media,media,alta,5,False,1,1.0
2012,meia-idade,3,2,MT,,3.0,alta_vs_media,media,alta,3,False,0,0.0
2012,meia-idade,3,2,PA,,2.0,alta_vs_media,media,alta,3,False,1,1.0
2012,meia-idade,3,2,PE,,4.0,alta_vs_media,media,alta,7,False,3,3.0
2012,meia-idade,3,2,PR,,5.0,alta_vs_media,media,alta,12,False,5,7.0
2012,meia-idade,3,2,RJ,,5.0,alta_vs_media,media,alta,7,False,2,2.0
2012,meia-idade,3,2,RN,,3.0,alta_vs_media,media,alta,3,False,0,0.0
2012,meia-idade,3,2,RO,,1.0,alta_vs_media,media,alta,1,False,0,0.0
2012,meia-idade,3,2,RR,,0.0,alta_vs_media,media,alta,1,False,0,1.0
2012,meia-idade,3,2,RS,,2.0,alta_vs_media,media,alta,2,False,0,0.0
2012,meia-idade,3,2,SC,,3.0,alta_vs_media,media,alta,3,False,0,0.0
2012,meia-idade,3,2,SE,,0.0,alta_vs_media,media,alta,1,False,0,1.0
2012,meia-idade,3,2,SP,,33.0,alta_vs_media,media,alta,64,True,31,31.0
2012,meia-idade,3,2,TO,,1.0,alta_vs_media,media,alta,1,False,0,0.0
2012,meia-idade,4,0,MA,,1.0,alta_vs_media,media,alta,1,False,0,0.0
2012,meia-idade,4,0,RJ,,1.0,alta_vs_media,media,alta,1,False,0,0.0
2012,meia-idade,4,1,AC,,16.0,alta_vs_media,media,alta,19,False,3,3.0
2012,meia-idade,4,1,AL,,224.0,alta_vs_media,media,alta,298,True,74,74.0
2012,meia-idade,4,1,AM,,489.0,alta_vs_media,media,alta,704,True,215,215.0
2012,meia-idade,4,1,AP,,21.0,alta_vs_media,media,alta,33,False,12,12.0
2012,meia-idade,4,1,BA,,1020.0,alta_vs_media,media,alta,1176,True,156,156.0
2012,meia-idade,4,1,CE,,1156.0,alta_vs_media,media,alta,1416,True,260,260.0
2012,meia-idade,4,1,DF,,389.0,alta_vs_media,media,alta,535,True,146,146.0
2012,meia-idade,4,1,ES,,387.0,alta_vs_media,media,alta,472,True,85,85.0
2012,meia-idade,4,1,GO,,723.0,alta_vs_media,media,alta,900,True,177,177.0
2012,meia-idade,4,1,MA,,719.0,alta_vs_media,media,alta,898,True,179,179.0
2012,meia-idade,4,1,MG,,1928.0,alta_vs_media,media,alta,2247,True,319,319.0
2012,meia-idade,4,1,MS,,450.0,alta_vs_media,media,alta,574,True,124,124.0
2012,meia-idade,4,1,MT,,619.0,alta_vs_media,media,alta,758,True,139,139.0
2012,meia-idade,4,1,PA,,999.0,alta_vs_media,media,alta,1304,True,305,305.0
2012,meia-idade,4,1,PB,,289.0,alta_vs_media,media,alta,363,True,74,74.0
2012,meia-idade,4,1,PE,,1503.0,alta_vs_media,media,alta,1872,True,369,369.0
2012,meia-idade,4,1,PI,,546.0,alta_vs_media,media,alta,641,True,95,95.0
2012,meia-idade,4,1,PR,,618.0,alta_vs_media,media,alta,743,True,125,125.0
2012,meia-idade,4,1,RJ,,1996.0,alta_vs_media,media,alta,2495,True,499,499.0
2012,meia-idade,4,1,RN,,182.0,alta_vs_media,media,alta,212,True,30,30.0
2012,meia-idade,4,1,RO,,94.0,alta_vs_media,media,alta,110,False,16,16.0
2012,meia-idade,4,1,RR,,48.0,alta_vs_media,media,alta,59,False,11,11.0
2012,meia-idade,4,1,RS,,211.0,alta_vs_media,media,alta,248,True,37,37.0
2012,meia-idade,4,1,SC,,83.0,alta_vs_media,media,alta,107,True,24,24.0
2012,meia-idade,4,1,SE,,284.0,alta_vs_media,media,alta,392,True,108,108.0
2012,meia-idade,4,1,SP,,2994.0,alta_vs_media,media,alta,3742,True,748,748.0
2012,meia-idade,4,1,TO,,156.0,alta_vs_media,media,alta,196,True,40,40.0
2012,meia-idade,4,2,AC,,11.0,alta_vs_media,media,alta,13,False,2,2.0
2012,meia-idade,4,2,AL,,138.0,alta_vs_media,media,alta,166,True,28,28.0
2012,meia-idade,4,2,AM,,304.0,alta_vs_media,media,alta,410,True,106,106.0
2012,meia-idade,4,2,AP,,23.0,alta_vs_media,media,alta,29,False,6,6.0
2012,meia-idade,4,2,BA,,654.0,alta_vs_media,media,alta,795,True,141,141.0
2012,meia-idade,4,2,CE,,644.0,alta_vs_media,media,alta,789,True,145,145.0
2012,meia-idade,4,2,DF,,184.0,alta_vs_media,media,alta,261,True,77,77.0
2012,meia-idade,4,2,ES,,194.0,alta_vs_media,media,alta,243,True,49,49.0
2012,meia-idade,4,2,GO,,417.0,alta_vs_media,media,alta,525,True,108,108.0
2012,meia-idade,4,2,MA,,402.0,alta_vs_media,media,alta,515,True,113,113.0
2012,meia-idade,4,2,MG,,1165.0,alta_vs_media,media,alta,1375,True,210,210.0
2012,meia-idade,4,2,MS,,247.0,alta_vs_media,media,alta,336,True,89,89.0
2012,meia-idade,4,2,MT,,282.0,alta_vs_media,media,alta,351,True,69,69.0
2012,meia-idade,4,2,PA,,634.0,alta_vs_media,media,alta,868,True,234,234.0
2012,meia-idade,4,2,PB,,156.0,alta_vs_media,media,alta,199,True,43,43.0
2012,meia-idade,4,2,PE,,847.0,alta_vs_media,media,alta,1036,True,189,189.0
2012,meia-idade,4,2,PI,,277.0,alta_vs_media,media,alta,331,True,54,54.0
2012,meia-idade,4,2,PR,,334.0,alta_vs_media,media,alta,406,True,72,72.0
2012,meia-idade,4,2,RJ,,1545.0,alta_vs_media,media,alta,1960,True,415,415.0
2012,meia-idade,4,2,RN,,140.0,alta_vs_media,media,alta,172,True,32,32.0
2012,meia-idade,4,2,RO,,61.0,alta_vs_media,media,alta,70,False,9,9.0
2012,meia-idade,4,2,RR,,27.0,alta_vs_media,media,alta,38,False,11,11.0
2012,meia-idade,4,2,RS,,106.0,alta_vs_media,media,alta,127,True,21,21.0
2012,meia-idade,4,2,SC,,55.0,alta_vs_media,media,alta,62,False,7,7.0
2012,meia-idade,4,2,SE,,186.0,alta_vs_media,media,alta,247,True,61,61.0
2012,meia-idade,4,2,SP,,1715.0,alta_vs_media,media,alta,2146,True,431,431.0
2012,meia-idade,4,2,TO,,92.0,alta_vs_media,media,alta,115,True,23,23.0
2012,meia-idade,5,1,AL,,2.0,alta_vs_media,media,alta,3,False,1,1.0
2012,meia-idade,5,1,AM,,14.0,alta_vs_media,media,alta,21,False,7,7.0
2012,meia-idade,5,1,AP,,0.0,alta_vs_media,media,alta,1,False,0,1.0
2012,meia-idade,5,1,BA,,4.0,alta_vs_media,media,alta,4,False,0,0.0
2012,meia-idade,5,1,CE,,1.0,alta_vs_media,media,alta,1,False,0,0.0
2012,meia-idade,5,1,ES,,1.0,alta_vs_media,media,alta,1,False,0,0.0
2012,meia-idade,5,1,MA,,1.0,alta_vs_media,media,alta,2,False,1,1.0
2012,meia-idade,5,1,MG,,4.0,alta_vs_media,media,alta,4,False,0,0.0
2012,meia-idade,5,1,MS,,11.0,alta_vs_media,media,alta,14,False,3,3.0
2012,meia-idade,5,1,MT,,2.0,alta_vs_media,media,alta,2,False,0,0.0
2012,meia-idade,5,1,PA,,2.0,alta_vs_media,media,alta,2,False,0,0.0
2012,meia-idade,5,1,PB,,2.0,alta_vs_media,media,alta,2,False,0,0.0
2012,meia-idade,5,1,PE,,3.0,alta_vs_media,media,alta,3,False,0,0.0
2012,meia-idade,5,1,PR,,5.0,alta_vs_media,media,alta,5,False,0,0.0
2012,meia-idade,5,1,RJ,,2.0,alta_vs_media,media,alta,2,False,0,0.0
2012,meia-idade,5,1,RN,,1.0,alta_vs_media,media,alta,1,False,0,0.0
2012,meia-idade,5,1,RO,,1.0,alta_vs_media,media,alta,1,False,0,0.0
2012,meia-idade,5,1,RR,,9.0,alta_vs_media,media,alta,9,False,0,0.0
2012,meia-idade,5,1,RS,,4.0,alta_vs_media,media,alta,5,False,1,1.0
2012,meia-idade,5,1,SC,,2.0,alta_vs_media,media,alta,2,False,0,0.0
2012,meia-idade,5,1,SP,,3.0,alta_vs_media,media,alta,7,False,3,4.0
2012,meia-idade,5,1,TO,,0.0,alta_vs_media,media,alta,1,False,0,1.0
2012,meia-idade,5,2,AM,,8.0,alta_vs_media,media,alta,8,False,0,0.0
2012,meia-idade,5,2,CE,,0.0,alta_vs_media,media,alta,1,False,0,1.0
2012,meia-idade,5,2,ES,,0.0,alta_vs_media,media,alta,1,False,0,1.0
2012,meia-idade,5,2,MA,,1.0,alta_vs_media,media,alta,1,False,0,0.0
2012,meia-idade,5,2,MG,,4.0,alta_vs_media,media,alta,4,False,0,0.0
2012,meia-idade,5,2,MS,,12.0,alta_vs_media,media,alta,13,False,1,1.0
2012,meia-idade,5,2,MT,,1.0,alta_vs_media,media,alta,1,False,0,0.0
2012,meia-idade,5,2,PA,,0.0,alta_vs_media,media,alta,1,False,0,1.0
2012,meia-idade,5,2,PE,,4.0,alta_vs_media,media,alta,4,False,0,0.0
2012,meia-idade,5,2,PR,,5.0,alta_vs_media,media,alta,5,False,0,0.0
2012,meia-idade,5,2,RJ,,3.0,alta_vs_media,media,alta,3,False,0,0.0
2012,meia-idade,5,2,RR,,2.0,alta_vs_media,media,alta,2,False,0,0.0
2012,meia-idade,5,2,RS,,2.0,alta_vs_media,media,alta,2,False,0,0.0
2012,meia-idade,5,2,SC,,1.0,alta_vs_media,media,alta,2,False,1,1.0
2012,meia-idade,5,2,SP,,5.0,alta_vs_media,media,alta,7,False,2,2.0
2019,adulto,1,1,AC,,9.0,alta_vs_media,media,alta,14,False,5,5.0
2019,adulto,1,1,AL,,43.0,alta_vs_media,media,alta,55,False,12,12.0
2019,adulto,1,1,AM,,84.0,alta_vs_media,media,alta,142,True,58,58.0
2019,adulto,1,1,AP,,9.0,alta_vs_media,media,alta,16,False,7,7.0
2019,adulto,1,1,BA,,245.0,alta_vs_media,media,alta,350,True,105,105.0
2019,adulto,1,1,CE,,207.0,alta_vs_media,media,alta,327,True,120,120.0
2019,adulto,1,1,DF,,116.0,alta_vs_media,media,alta,185,True,69,69.0
2019,adulto,1,1,ES,,82.0,alta_vs_media,media,alta,123,True,41,41.0
2019,adulto,1,1,GO,,332.0,alta_vs_media,media,alta,559,True,227,227.0
2019,adulto,1,1,MA,,144.0,alta_vs_media,media,alta,236,True,92,92.0
2019,adulto,1,1,MG,,935.0,alta_vs_media,media,alta,1698,True,763,763.0
2019,adulto,1,1,MS,,146.0,alta_vs_media,media,alta,277,True,131,131.0
2019,adulto,1,1,MT,,161.0,alta_vs_media,media,alta,311,True,150,150.0
2019,adulto,1,1,PA,,139.0,alta_vs_media,media,alta,206,True,67,67.0
2019,adulto,1,1,PB,,32.0,alta_vs_media,media,alta,55,True,23,23.0
2019,adulto,1,1,PE,,501.0,alta_vs_media,media,alta,670,True,169,169.0
2019,adulto,1,1,PI,,81.0,alta_vs_media,media,alta,116,True,35,35.0
2019,adulto,1,1,PR,,1246.0,alta_vs_media,media,alta,2577,True,1246,1331.0
2019,adulto,1,1,RJ,,752.0,alta_vs_media,media,alta,1238,True,486,486.0
2019,adulto,1,1,RN,,88.0,alta_vs_media,media,alta,126,True,38,38.0
2019,adulto,1,1,RO,,64.0,alta_vs_media,media,alta,117,True,53,53.0
2019,adulto,1,1,RR,,18.0,alta_vs_media,media,alta,26,False,8,8.0
2019,adulto,1,1,RS,,839.0,alta_vs_media,media,alta,1459,True,620,620.0
2019,adulto,1,1,SC,,747.0,alta_vs_media,media,alta,1439,True,692,692.0
2019,adulto,1,1,SE,,48.0,alta_vs_media,media,alta,86,True,38,38.0
2019,adulto,1,1,SP,,2255.0,alta_vs_media,media,alta,4836,True,2255,2581.0
2019,adulto,1,1,TO,,50.0,alta_vs_media,media,alta,82,True,32,32.0
2019,adulto,1,2,AC,,13.0,alta_vs_media,media,alta,19,False,6,6.0
2019,adulto,1,2,AL,,26.0,alta_vs_media,media,alta,40,False,14,14.0
2019,adulto,1,2,AM,,38.0,alta_vs_media,media,alta,81,True,38,43.0
2019,adulto,1,2,AP,,8.0,alta_vs_media,media,alta,19,False,8,11.0
2019,adulto,1,2,BA,,121.0,alta_vs_media,media,alta,214,True,93,93.0
2019,adulto,1,2,CE,,128.0,alta_vs_media,media,alta,222,True,94,94.0
2019,adulto,1,2,DF,,88.0,alta_vs_media,media,alta,129,True,41,41.0
2019,adulto,1,2,ES,,46.0,alta_vs_media,media,alta,71,True,25,25.0
2019,adulto,1,2,GO,,190.0,alta_vs_media,media,alta,330,True,140,140.0
2019,adulto,1,2,MA,,73.0,alta_vs_media,media,alta,140,True,67,67.0
2019,adulto,1,2,MG,,494.0,alta_vs_media,media,alta,907,True,413,413.0
2019,adulto,1,2,MS,,98.0,alta_vs_media,media,alta,172,True,74,74.0
2019,adulto,1,2,MT,,87.0,alta_vs_media,media,alta,148,True,61,61.0
2019,adulto,1,2,PA,,87.0,alta_vs_media,media,alta,163,True,76,76.0
2019,adulto,1,2,PB,,31.0,alta_vs_media,media,alta,47,False,16,16.0
2019,adulto,1,2,PE,,208.0,alta_vs_media,media,alta,345,True,137,137.0
2019,adulto,1,2,PI,,43.0,alta_vs_media,media,alta,64,True,21,21.0
2019,adulto,1,2,PR,,556.0,alta_vs_media,media,alta,1074,True,518,518.0
2019,adulto,1,2,RJ,,540.0,alta_vs_media,media,alta,956,True,416,416.0
2019,adulto,1,2,RN,,58.0,alta_vs_media,media,alta,79,True,21,21.0
2019,adulto,1,2,RO,,32.0,alta_vs_media,media,alta,59,True,27,27.0
2019,adulto,1,2,RR,,10.0,alta_vs_media,media,alta,20,False,10,10.0
2019,adulto,1,2,RS,,463.0,alta_vs_media,media,alta,865,True,402,402.0
2019,adulto,1,2,SC,,377.0,alta_vs_media,media,alta,714,True,337,337.0
2019,adulto,1,2,SE,,31.0,alta_vs_media,media,alta,57,True,26,26.0
2019,adulto,1,2,SP,,1485.0,alta_vs_media,media,alta,3023,True,1485,1538.0
2019,adulto,1,2,TO,,27.0,alta_vs_media,media,alta,42,False,15,15.0
2019,adulto,2,0,MA,,0.0,alta_vs_media,media,alta,1,False,0,1.0
2019,adulto,2,1,AC,,3.0,alta_vs_media,media,alta,4,False,1,1.0
2019,adulto,2,1,AL,,16.0,alta_vs_media,media,alta,20,False,4,4.0
2019,adulto,2,1,AM,,12.0,alta_vs_media,media,alta,20,False,8,8.0
2019,adulto,2,1,AP,,10.0,alta_vs_media,media,alta,15,False,5,5.0
2019,adulto,2,1,BA,,476.0,alta_vs_media,media,alta,646,True,170,170.0
2019,adulto,2,1,CE,,43.0,alta_vs_media,media,alta,50,False,7,7.0
2019,adulto,2,1,DF,,44.0,alta_vs_media,media,alta,64,True,20,20.0
2019,adulto,2,1,ES,,42.0,alta_vs_media,media,alta,51,False,9,9.0
2019,adulto,2,1,GO,,110.0,alta_vs_media,media,alta,162,True,52,52.0
2019,adulto,2,1,MA,,132.0,alta_vs_media,media,alta,202,True,70,70.0
2019,adulto,2,1,MG,,452.0,alta_vs_media,media,alta,712,True,260,260.0
2019,adulto,2,1,MS,,21.0,alta_vs_media,media,alta,37,False,16,16.0
2019,adulto,2,1,MT,,61.0,alta_vs_media,media,alta,99,True,38,38.0
2019,adulto,2,1,PA,,138.0,alta_vs_media,media,alta,163,True,25,25.0
2019,adulto,2,1,PB,,7.0,alta_vs_media,media,alta,12,False,5,5.0
2019,adulto,2,1,PE,,148.0,alta_vs_media,media,alta,195,True,47,47.0
2019,adulto,2,1,PI,,67.0,alta_vs_media,media,alta,89,True,22,22.0
2019,adulto,2,1,PR,,74.0,alta_vs_media,media,alta,156,True,74,82.0
2019,adulto,2,1,RJ,,569.0,alta_vs_media,media,alta,778,True,209,209.0
2019,adulto,2,1,RN,,14.0,alta_vs_media,media,alta,21,False,7,7.0
2019,adulto,2,1,RO,,14.0,alta_vs_media,media,alta,25,False,11,11.0
2019,adulto,2,1,RR,,4.0,alta_vs_media,media,alta,7,False,3,3.0
2019,adulto,2,1,RS,,123.0,alta_vs_media,media,alta,187,True,64,64.0
2019,adulto,2,1,SC,,52.0,alta_vs_media,media,alta,87,True,35,35.0
2019,adulto,2,1,SE,,37.0,alta_vs_media,media,alta,50,False,13,13.0
2019,adulto,2,1,SP,,379.0,alta_vs_media,media,alta,732,True,353,353.0
2019,adulto,2,1,TO,,39.0,alta_vs_media,media,alta,51,False,12,12.0
2019,adulto,2,2,AC,,3.0,alta_vs_media,media,alta,7,False,3,4.0
2019,adulto,2,2,AL,,9.0,alta_vs_media,media,alta,10,False,1,1.0
2019,adulto,2,2,AM,,11.0,alta_vs_media,media,alta,19,False,8,8.0
2019,adulto,2,2,AP,,2.0,alta_vs_media,media,alta,5,False,2,3.0
2019,adulto,2,2,BA,,169.0,alta_vs_media,media,alta,270,True,101,101.0
2019,adulto,2,2,CE,,19.0,alta_vs_media,media,alta,27,False,8,8.0
2019,adulto,2,2,DF,,11.0,alta_vs_media,media,alta,21,False,10,10.0
2019,adulto,2,2,ES,,25.0,alta_vs_media,media,alta,38,False,13,13.0
2019,adulto,2,2,GO,,38.0,alta_vs_media,media,alta,59,True,21,21.0
2019,adulto,2,2,MA,,46.0,alta_vs_media,media,alta,84,True,38,38.0
2019,adulto,2,2,MG,,171.0,alta_vs_media,media,alta,310,True,139,139.0
2019,adulto,2,2,MS,,9.0,alta_vs_media,media,alta,21,False,9,12.0
2019,adulto,2,2,MT,,25.0,alta_vs_media,media,alta,50,True,25,25.0
2019,adulto,2,2,PA,,40.0,alta_vs_media,media,alta,60,True,20,20.0
2019,adulto,2,2,PB,,5.0,alta_vs_media,media,alta,9,False,4,4.0
2019,adulto,2,2,PE,,44.0,alta_vs_media,media,alta,71,True,27,27.0
2019,adulto,2,2,PI,,14.0,alta_vs_media,media,alta,21,False,7,7.0
2019,adulto,2,2,PR,,38.0,alta_vs_media,media,alta,78,True,38,40.0
2019,adulto,2,2,RJ,,329.0,alta_vs_media,media,alta,489,True,160,160.0
2019,adulto,2,2,RN,,12.0,alta_vs_media,media,alta,17,False,5,5.0
2019,adulto,2,2,RO,,7.0,alta_vs_media,media,alta,12,False,5,5.0
2019,adulto,2,2,RR,,0.0,alta_vs_media,media,alta,2,False,0,2.0
2019,adulto,2,2,RS,,52.0,alta_vs_media,media,alta,93,True,41,41.0
2019,adulto,2,2,SC,,27.0,alta_vs_media,media,alta,43,False,16,16.0
2019,adulto,2,2,SE,,10.0,alta_vs_media,media,alta,19,False,9,9.0
2019,adulto,2,2,SP,,223.0,alta_vs_media,media,alta,429,True,206,206.0
2019,adulto,2,2,TO,,17.0,alta_vs_media,media,alta,24,False,7,7.0
2019,adulto,3,1,AC,,1.0,alta_vs_media,media,alta,1,False,0,0.0
2019,adulto,3,1,AM,,3.0,alta_vs_media,media,alta,4,False,1,1.0
2019,adulto,3,1,BA,,3.0,alta_vs_media,media,alta,6,False,3,3.0
2019,adulto,3,1,CE,,1.0,alta_vs_media,media,alta,1,False,0,0.0
2019,adulto,3,1,ES,,1.0,alta_vs_media,media,alta,1,False,0,0.0
2019,adulto,3,1,GO,,1.0,alta_vs_media,media,alta,3,False,1,2.0
2019,adulto,3,1,MA,,2.0,alta_vs_media,media,alta,2,False,0,0.0
2019,adulto,3,1,MG,,6.0,alta_vs_media,media,alta,11,False,5,5.0
2019,adulto,3,1,MS,,1.0,alta_vs_media,media,alta,3,False,1,2.0
2019,adulto,3,1,MT,,2.0,alta_vs_media,media,alta,4,False,2,2.0
2019,adulto,3,1,PA,,2.0,alta_vs_media,media,alta,5,False,2,3.0
2019,adulto,3,1,PE,,4.0,alta_vs_media,media,alta,7,False,3,3.0
2019,adulto,3,1,PI,,1.0,alta_vs_media,media,alta,1,False,0,0.0
2019,adulto,3,1,PR,,2.0,alta_vs_media,media,alta,7,False,2,5.0
2019,adulto,3,1,RJ,,1.0,alta_vs_media,media,alta,2,False,1,1.0
2019,adulto,3,1,RO,,1.0,alta_vs_media,media,alta,1,False,0,0.0
2019,adulto,3,1,RS,,1.0,alta_vs_media,media,alta,1,False,0,0.0
2019,adulto,3,1,SP,,11.0,alta_vs_media,media,alta,24,False,11,13.0
2019,adulto,3,1,TO,,2.0,alta_vs_media,media,alta,2,False,0,0.0
2019,adulto,3,2,AP,,1.0,alta_vs_media,media,alta,1,False,0,0.0
2019,adulto,3,2,BA,,1.0,alta_vs_media,media,alta,1,False,0,0.0
2019,adulto,3,2,CE,,2.0,alta_vs_media,media,alta,3,False,1,1.0
2019,adulto,3,2,DF,,1.0,alta_vs_media,media,alta,1,False,0,0.0
2019,adulto,3,2,ES,,2.0,alta_vs_media,media,alta,2,False,0,0.0
2019,adulto,3,2,GO,,4.0,alta_vs_media,media,alta,4,False,0,0.0
2019,adulto,3,2,MA,,2.0,alta_vs_media,media,alta,2,False,0,0.0
2019,adulto,3,2,MG,,4.0,alta_vs_media,media,alta,8,False,4,4.0
2019,adulto,3,2,MS,,1.0,alta_vs_media,media,alta,1,False,0,0.0
2019,adulto,3,2,MT,,0.0,alta_vs_media,media,alta,1,False,0,1.0
2019,adulto,3,2,PB,,0.0,alta_vs_media,media,alta,1,False,0,1.0
2019,adulto,3,2,PE,,2.0,alta_vs_media,media,alta,3,False,1,1.0
2019,adulto,3,2,PI,,0.0,alta_vs_media,media,alta,1,False,0,1.0
2019,adulto,3,2,PR,,2.0,alta_vs_media,media,alta,3,False,1,1.0
2019,adulto,3,2,RJ,,2.0,alta_vs_media,media,alta,2,False,0,0.0
2019,adulto,3,2,RS,,1.0,alta_vs_media,media,alta,2,False,1,1.0
2019,adulto,3,2,SC,,2.0,alta_vs_media,media,alta,4,False,2,2.0
2019,adulto,3,2,SP,,17.0,alta_vs_media,media,alta,27,False,10,10.0
2019,adulto,4,0,PA,,0.0,alta_vs_media,media,alta,1,False,0,1.0
2019,adulto,4,0,PI,,0.0,alta_vs_media,media,alta,1,False,0,1.0
2019,adulto,4,1,AC,,45.0,alta_vs_media,media,alta,70,True,25,25.0
2019,adulto,4,1,AL,,354.0,alta_vs_media,media,alta,436,True,82,82.0
2019,adulto,4,1,AM,,748.0,alta_vs_media,media,alta,1267,True,519,519.0
2019,adulto,4,1,AP,,101.0,alta_vs_media,media,alta,162,True,61,61.0
2019,adulto,4,1,BA,,2018.0,alta_vs_media,media,alta,2741,True,723,723.0
2019,adulto,4,1,CE,,1652.0,alta_vs_media,media,alta,2308,True,656,656.0
2019,adulto,4,1,DF,,290.0,alta_vs_media,media,alta,446,True,156,156.0
2019,adulto,4,1,ES,,222.0,alta_vs_media,media,alta,340,True,118,118.0
2019,adulto,4,1,GO,,929.0,alta_vs_media,media,alta,1481,True,552,552.0
2019,adulto,4,1,MA,,966.0,alta_vs_media,media,alta,1545,True,579,579.0
2019,adulto,4,1,MG,,1614.0,alta_vs_media,media,alta,2617,True,1003,1003.0
2019,adulto,4,1,MS,,283.0,alta_vs_media,media,alta,482,True,199,199.0
2019,adulto,4,1,MT,,411.0,alta_vs_media,media,alta,755,True,344,344.0
2019,adulto,4,1,PA,,1337.0,alta_vs_media,media,alta,1933,True,596,596.0
2019,adulto,4,1,PB,,179.0,alta_vs_media,media,alta,227,True,48,48.0
2019,adulto,4,1,PE,,2000.0,alta_vs_media,media,alta,2559,True,559,559.0
2019,adulto,4,1,PI,,459.0,alta_vs_media,media,alta,632,True,173,173.0
2019,adulto,4,1,PR,,446.0,alta_vs_media,media,alta,819,True,373,373.0
2019,adulto,4,1,RJ,,1281.0,alta_vs_media,media,alta,1889,True,608,608.0
2019,adulto,4,1,RN,,356.0,alta_vs_media,media,alta,462,True,106,106.0
2019,adulto,4,1,RO,,161.0,alta_vs_media,media,alta,273,True,112,112.0
2019,adulto,4,1,RR,,106.0,alta_vs_media,media,alta,192,True,86,86.0
2019,adulto,4,1,RS,,131.0,alta_vs_media,media,alta,208,True,77,77.0
2019,adulto,4,1,SC,,141.0,alta_vs_media,media,alta,218,True,77,77.0
2019,adulto,4,1,SE,,541.0,alta_vs_media,media,alta,734,True,193,193.0
2019,adulto,4,1,SP,,1701.0,alta_vs_media,media,alta,3276,True,1575,1575.0
2019,adulto,4,1,TO,,201.0,alta_vs_media,media,alta,294,True,93,93.0
2019,adulto,4,2,AC,,25.0,alta_vs_media,media,alta,36,False,11,11.0
2019,adulto,4,2,AL,,84.0,alta_vs_media,media,alta,123,True,39,39.0
2019,adulto,4,2,AM,,225.0,alta_vs_media,media,alta,432,True,207,207.0
2019,adulto,4,2,AP,,44.0,alta_vs_media,media,alta,63,False,19,19.0
2019,adulto,4,2,BA,,676.0,alta_vs_media,media,alta,1071,True,395,395.0
2019,adulto,4,2,CE,,562.0,alta_vs_media,media,alta,857,True,295,295.0
2019,adulto,4,2,DF,,112.0,alta_vs_media,media,alta,157,True,45,45.0
2019,adulto,4,2,ES,,99.0,alta_vs_media,media,alta,174,True,75,75.0
2019,adulto,4,2,GO,,288.0,alta_vs_media,media,alta,500,True,212,212.0
2019,adulto,4,2,MA,,337.0,alta_vs_media,media,alta,605,True,268,268.0
2019,adulto,4,2,MG,,630.0,alta_vs_media,media,alta,1115,True,485,485.0
2019,adulto,4,2,MS,,118.0,alta_vs_media,media,alta,224,True,106,106.0
2019,adulto,4,2,MT,,153.0,alta_vs_media,media,alta,308,True,153,155.0
2019,adulto,4,2,PA,,475.0,alta_vs_media,media,alta,786,True,311,311.0
2019,adulto,4,2,PB,,90.0,alta_vs_media,media,alta,134,True,44,44.0
2019,adulto,4,2,PE,,592.0,alta_vs_media,media,alta,897,True,305,305.0
2019,adulto,4,2,PI,,165.0,alta_vs_media,media,alta,240,True,75,75.0
2019,adulto,4,2,PR,,162.0,alta_vs_media,media,alta,304,True,142,142.0
2019,adulto,4,2,RJ,,626.0,alta_vs_media,media,alta,1006,True,380,380.0
2019,adulto,4,2,RN,,113.0,alta_vs_media,media,alta,168,True,55,55.0
2019,adulto,4,2,RO,,64.0,alta_vs_media,media,alta,111,True,47,47.0
2019,adulto,4,2,RR,,37.0,alta_vs_media,media,alta,71,True,34,34.0
2019,adulto,4,2,RS,,47.0,alta_vs_media,media,alta,88,True,41,41.0
2019,adulto,4,2,SC,,41.0,alta_vs_media,media,alta,62,True,21,21.0
2019,adulto,4,2,SE,,135.0,alta_vs_media,media,alta,205,True,70,70.0
2019,adulto,4,2,SP,,720.0,alta_vs_media,media,alta,1489,True,720,769.0
2019,adulto,4,2,TO,,73.0,alta_vs_media,media,alta,121,True,48,48.0
2019,adulto,5,1,AC,,4.0,alta_vs_media,media,alta,5,False,1,1.0
2019,adulto,5,1,AL,,1.0,alta_vs_media,media,alta,1,False,0,0.0
2019,adulto,5,1,AM,,29.0,alta_vs_media,media,alta,46,False,17,17.0
2019,adulto,5,1,AP,,3.0,alta_vs_media,media,alta,3,False,0,0.0
2019,adulto,5,1,BA,,3.0,alta_vs_media,media,alta,4,False,1,1.0
2019,adulto,5,1,CE,,3.0,alta_vs_media,media,alta,5,False,2,2.0
2019,adulto,5,1,DF,,1.0,alta_vs_media,media,alta,1,False,0,0.0
2019,adulto,5,1,MA,,12.0,alta_vs_media,media,alta,17,False,5,5.0
2019,adulto,5,1,MG,,1.0,alta_vs_media,media,alta,1,False,0,0.0
2019,adulto,5,1,MS,,34.0,alta_vs_media,media,alta,46,False,12,12.0
2019,adulto,5,1,MT,,5.0,alta_vs_media,media,alta,7,False,2,2.0
2019,adulto,5,1,PA,,3.0,alta_vs_media,media,alta,4,False,1,1.0
2019,adulto,5,1,PB,,1.0,alta_vs_media,media,alta,1,False,0,0.0
2019,adulto,5,1,PE,,3.0,alta_vs_media,media,alta,5,False,2,2.0
2019,adulto,5,1,PR,,6.0,alta_vs_media,media,alta,8,False,2,2.0
2019,adulto,5,1,RJ,,0.0,alta_vs_media,media,alta,1,False,0,1.0
2019,adulto,5,1,RN,,0.0,alta_vs_media,media,alta,1,False,0,1.0
2019,adulto,5,1,RO,,2.0,alta_vs_media,media,alta,2,False,0,0.0
2019,adulto,5,1,RR,,12.0,alta_vs_media,media,alta,23,False,11,11.0
2019,adulto,5,1,RS,,4.0,alta_vs_media,media,alta,5,False,1,1.0
2019,adulto,5,1,SC,,1.0,alta_vs_media,media,alta,2,False,1,1.0
2019,adulto,5,1,SP,,1.0,alta_vs_media,media,alta,4,False,1,3.0
2019,adulto,5,1,TO,,2.0,alta_vs_media,media,alta,3,False,1,1.0
2019,adulto,5,2,AC,,0.0,alta_vs_media,media,alta,3,False,0,3.0
2019,adulto,5,2,AM,,19.0,alta_vs_media,media,alta,20,False,1,1.0
2019,adulto,5,2,BA,,0.0,alta_vs_media,media,alta,1,False,0,1.0
2019,adulto,5,2,CE,,1.0,alta_vs_media,media,alta,2,False,1,1.0
2019,adulto,5,2,GO,,1.0,alta_vs_media,media,alta,1,False,0,0.0
2019,adulto,5,2,MA,,5.0,alta_vs_media,media,alta,5,False,0,0.0
2019,adulto,5,2,MG,,1.0,alta_vs_media,media,alta,1,False,0,0.0
2019,adulto,5,2,MS,,21.0,alta_vs_media,media,alta,35,False,14,14.0
2019,adulto,5,2,MT,,6.0,alta_vs_media,media,alta,11,False,5,5.0
2019,adulto,5,2,PA,,1.0,alta_vs_media,media,alta,3,False,1,2.0
2019,adulto,5,2,PB,,1.0,alta_vs_media,media,alta,2,False,1,1.0
2019,adulto,5,2,PE,,3.0,alta_vs_media,media,alta,6,False,3,3.0
2019,adulto,5,2,PR,,4.0,alta_vs_media,media,alta,5,False,1,1.0
2019,adulto,5,2,RN,,2.0,alta_vs_media,media,alta,2,False,0,0.0
2019,adulto,5,2,RO,,1.0,alta_vs_media,media,alta,1,False,0,0.0
2019,adulto,5,2,RR,,5.0,alta_vs_media,media,alta,7,False,2,2.0
2019,adulto,5,2,RS,,5.0,alta_vs_media,media,alta,6,False,1,1.0
2019,adulto,5,2,SC,,0.0,alta_vs_media,media,alta,2,False,0,2.0
2019,adulto,5,2,SP,,3.0,alta_vs_media,media,alta,5,False,2,2.0
2019,adulto,5,2,TO,,1.0,alta_vs_media,media,alta,3,False,1,2.0
2019,idoso,1,0,RJ,,1.0,alta_vs_media,media,alta,1,False,0,0.0
2019,idoso,1,0,SC,,1.0,alta_vs_media,media,alta,1,False,0,0.0
2019,idoso,1,0,SP,,0.0,alta_vs_media,media,alta,1,False,0,1.0
2019,idoso,1,1,AC,,40.0,alta_vs_media,media,alta,46,False,6,6.0
2019,idoso,1,1,AL,,170.0,alta_vs_media,media,alta,221,True,51,51.0
2019,idoso,1,1,AM,,164.0,alta_vs_media,media,alta,252,True,88,88.0
2019,idoso,1,1,AP,,44.0,alta_vs_media,media,alta,60,False,16,16.0
2019,idoso,1,1,BA,,877.0,alta_vs_media,media,alta,1174,True,297,297.0
2019,idoso,1,1,CE,,778.0,alta_vs_media,media,alta,1027,True,249,249.0
2019,idoso,1,1,DF,,428.0,alta_vs_media,media,alta,604,True,176,176.0
2019,idoso,1,1,ES,,536.0,alta_vs_media,media,alta,684,True,148,148.0
2019,idoso,1,1,GO,,1305.0,alta_vs_media,media,alta,1689,True,384,384.0
2019,idoso,1,1,MA,,335.0,alta_vs_media,media,alta,500,True,165,165.0
2019,idoso,1,1,MG,,5231.0,alta_vs_media,media,alta,7133,True,1902,1902.0
2019,idoso,1,1,MS,,751.0,alta_vs_media,media,alta,1056,True,305,305.0
2019,idoso,1,1,MT,,627.0,alta_vs_media,media,alta,873,True,246,246.0
2019,idoso,1,1,PA,,416.0,alta_vs_media,media,alta,574,True,158,158.0
2019,idoso,1,1,PB,,200.0,alta_vs_media,media,alta,243,True,43,43.0
2019,idoso,1,1,PE,,1225.0,alta_vs_media,media,alta,1707,True,482,482.0
2019,idoso,1,1,PI,,200.0,alta_vs_media,media,alta,249,True,49,49.0
2019,idoso,1,1,PR,,5823.0,alta_vs_media,media,alta,7811,True,1988,1988.0
2019,idoso,1,1,RJ,,5289.0,alta_vs_media,media,alta,7511,True,2222,2222.0
2019,idoso,1,1,RN,,380.0,alta_vs_media,media,alta,494,True,114,114.0
2019,idoso,1,1,RO,,228.0,alta_vs_media,media,alta,279,True,51,51.0
2019,idoso,1,1,RR,,41.0,alta_vs_media,media,alta,58,False,17,17.0
2019,idoso,1,1,RS,,5917.0,alta_vs_media,media,alta,7910,True,1993,1993.0
2019,idoso,1,1,SC,,4200.0,alta_vs_media,media,alta,5436,True,1236,1236.0
2019,idoso,1,1,SE,,203.0,alta_vs_media,media,alta,290,True,87,87.0
2019,idoso,1,1,SP,,18052.0,alta_vs_media,media,alta,25455,True,7403,7403.0
2019,idoso,1,1,TO,,126.0,alta_vs_media,media,alta,171,True,45,45.0
2019,idoso,1,2,AC,,17.0,alta_vs_media,media,alta,25,False,8,8.0
2019,idoso,1,2,AL,,167.0,alta_vs_media,media,alta,201,True,34,34.0
2019,idoso,1,2,AM,,129.0,alta_vs_media,media,alta,219,True,90,90.0
2019,idoso,1,2,AP,,26.0,alta_vs_media,media,alta,36,False,10,10.0
2019,idoso,1,2,BA,,636.0,alta_vs_media,media,alta,872,True,236,236.0
2019,idoso,1,2,CE,,784.0,alta_vs_media,media,alta,1009,True,225,225.0
2019,idoso,1,2,DF,,401.0,alta_vs_media,media,alta,557,True,156,156.0
2019,idoso,1,2,ES,,307.0,alta_vs_media,media,alta,387,True,80,80.0
2019,idoso,1,2,GO,,946.0,alta_vs_media,media,alta,1248,True,302,302.0
2019,idoso,1,2,MA,,280.0,alta_vs_media,media,alta,407,True,127,127.0
2019,idoso,1,2,MG,,3940.0,alta_vs_media,media,alta,5187,True,1247,1247.0
2019,idoso,1,2,MS,,542.0,alta_vs_media,media,alta,744,True,202,202.0
2019,idoso,1,2,MT,,360.0,alta_vs_media,media,alta,494,True,134,134.0
2019,idoso,1,2,PA,,327.0,alta_vs_media,media,alta,453,True,126,126.0
2019,idoso,1,2,PB,,197.0,alta_vs_media,media,alta,253,True,56,56.0
2019,idoso,1,2,PE,,1127.0,alta_vs_media,media,alta,1501,True,374,374.0
2019,idoso,1,2,PI,,135.0,alta_vs_media,media,alta,173,True,38,38.0
2019,idoso,1,2,PR,,3951.0,alta_vs_media,media,alta,5087,True,1136,1136.0
2019,idoso,1,2,RJ,,4803.0,alta_vs_media,media,alta,6535,True,1732,1732.0
2019,idoso,1,2,RN,,338.0,alta_vs_media,media,alta,424,True,86,86.0
2019,idoso,1,2,RO,,142.0,alta_vs_media,media,alta,184,True,42,42.0
2019,idoso,1,2,RR,,26.0,alta_vs_media,media,alta,37,False,11,11.0
2019,idoso,1,2,RS,,4099.0,alta_vs_media,media,alta,5437,True,1338,1338.0
2019,idoso,1,2,SC,,2749.0,alta_vs_media,media,alta,3447,True,698,698.0
2019,idoso,1,2,SE,,155.0,alta_vs_media,media,alta,202,True,47,47.0
2019,idoso,1,2,SP,,13610.0,alta_vs_media,media,alta,18126,True,4516,4516.0
2019,idoso,1,2,TO,,87.0,alta_vs_media,media,alta,115,True,28,28.0
2019,idoso,2,1,AC,,6.0,alta_vs_media,media,alta,8,False,2,2.0
2019,idoso,2,1,AL,,36.0,alta_vs_media,media,alta,48,False,12,12.0
2019,idoso,2,1,AM,,30.0,alta_vs_media,media,alta,37,False,7,7.0
2019,idoso,2,1,AP,,14.0,alta_vs_media,media,alta,18,False,4,4.0
2019,idoso,2,1,BA,,664.0,alta_vs_media,media,alta,829,True,165,165.0
2019,idoso,2,1,CE,,111.0,alta_vs_media,media,alta,130,False,19,19.0
2019,idoso,2,1,DF,,90.0,alta_vs_media,media,alta,118,True,28,28.0
2019,idoso,2,1,ES,,98.0,alta_vs_media,media,alta,116,False,18,18.0
2019,idoso,2,1,GO,,212.0,alta_vs_media,media,alta,252,True,40,40.0
2019,idoso,2,1,MA,,208.0,alta_vs_media,media,alta,255,True,47,47.0
2019,idoso,2,1,MG,,1255.0,alta_vs_media,media,alta,1499,True,244,244.0
2019,idoso,2,1,MS,,72.0,alta_vs_media,media,alta,90,False,18,18.0
2019,idoso,2,1,MT,,102.0,alta_vs_media,media,alta,137,True,35,35.0
2019,idoso,2,1,PA,,143.0,alta_vs_media,media,alta,167,True,24,24.0
2019,idoso,2,1,PB,,34.0,alta_vs_media,media,alta,40,False,6,6.0
2019,idoso,2,1,PE,,307.0,alta_vs_media,media,alta,387,True,80,80.0
2019,idoso,2,1,PI,,67.0,alta_vs_media,media,alta,79,False,12,12.0
2019,idoso,2,1,PR,,286.0,alta_vs_media,media,alta,359,True,73,73.0
2019,idoso,2,1,RJ,,1582.0,alta_vs_media,media,alta,2090,True,508,508.0
2019,idoso,2,1,RN,,45.0,alta_vs_media,media,alta,55,False,10,10.0
2019,idoso,2,1,RO,,36.0,alta_vs_media,media,alta,48,False,12,12.0
2019,idoso,2,1,RR,,15.0,alta_vs_media,media,alta,17,False,2,2.0
2019,idoso,2,1,RS,,346.0,alta_vs_media,media,alta,452,True,106,106.0
2019,idoso,2,1,SC,,135.0,alta_vs_media,media,alta,175,True,40,40.0
2019,idoso,2,1,SE,,78.0,alta_vs_media,media,alta,105,True,27,27.0
2019,idoso,2,1,SP,,1839.0,alta_vs_media,media,alta,2427,True,588,588.0
2019,idoso,2,1,TO,,55.0,alta_vs_media,media,alta,60,False,5,5.0
2019,idoso,2,2,AC,,6.0,alta_vs_media,media,alta,7,False,1,1.0
2019,idoso,2,2,AL,,24.0,alta_vs_media,media,alta,31,False,7,7.0
2019,idoso,2,2,AM,,21.0,alta_vs_media,media,alta,28,False,7,7.0
2019,idoso,2,2,AP,,12.0,alta_vs_media,media,alta,13,False,1,1.0
2019,idoso,2,2,BA,,507.0,alta_vs_media,media,alta,641,True,134,134.0
2019,idoso,2,2,CE,,50.0,alta_vs_media,media,alta,60,False,10,10.0
2019,idoso,2,2,DF,,74.0,alta_vs_media,media,alta,91,False,17,17.0
2019,idoso,2,2,ES,,66.0,alta_vs_media,media,alta,83,False,17,17.0
2019,idoso,2,2,GO,,160.0,alta_vs_media,media,alta,176,False,16,16.0
2019,idoso,2,2,MA,,145.0,alta_vs_media,media,alta,176,True,31,31.0
2019,idoso,2,2,MG,,793.0,alta_vs_media,media,alta,939,True,146,146.0
2019,idoso,2,2,MS,,47.0,alta_vs_media,media,alta,53,False,6,6.0
2019,idoso,2,2,MT,,52.0,alta_vs_media,media,alta,67,False,15,15.0
2019,idoso,2,2,PA,,104.0,alta_vs_media,media,alta,128,True,24,24.0
2019,idoso,2,2,PB,,22.0,alta_vs_media,media,alta,25,False,3,3.0
2019,idoso,2,2,PE,,205.0,alta_vs_media,media,alta,257,True,52,52.0
2019,idoso,2,2,PI,,54.0,alta_vs_media,media,alta,61,False,7,7.0
2019,idoso,2,2,PR,,164.0,alta_vs_media,media,alta,195,True,31,31.0
2019,idoso,2,2,RJ,,1641.0,alta_vs_media,media,alta,2005,True,364,364.0
2019,idoso,2,2,RN,,40.0,alta_vs_media,media,alta,48,False,8,8.0
2019,idoso,2,2,RO,,18.0,alta_vs_media,media,alta,21,False,3,3.0
2019,idoso,2,2,RR,,4.0,alta_vs_media,media,alta,4,False,0,0.0
2019,idoso,2,2,RS,,278.0,alta_vs_media,media,alta,356,True,78,78.0
2019,idoso,2,2,SC,,102.0,alta_vs_media,media,alta,117,False,15,15.0
2019,idoso,2,2,SE,,47.0,alta_vs_media,media,alta,59,False,12,12.0
2019,idoso,2,2,SP,,1383.0,alta_vs_media,media,alta,1782,True,399,399.0
2019,idoso,2,2,TO,,27.0,alta_vs_media,media,alta,30,False,3,3.0
2019,idoso,3,1,AL,,2.0,alta_vs_media,media,alta,2,False,0,0.0
2019,idoso,3,1,AM,,2.0,alta_vs_media,media,alta,4,False,2,2.0
2019,idoso,3,1,BA,,9.0,alta_vs_media,media,alta,11,False,2,2.0
2019,idoso,3,1,CE,,5.0,alta_vs_media,media,alta,5,False,0,0.0
2019,idoso,3,1,DF,,4.0,alta_vs_media,media,alta,6,False,2,2.0
2019,idoso,3,1,ES,,3.0,alta_vs_media,media,alta,5,False,2,2.0
2019,idoso,3,1,GO,,11.0,alta_vs_media,media,alta,12,False,1,1.0
2019,idoso,3,1,MA,,5.0,alta_vs_media,media,alta,7,False,2,2.0
2019,idoso,3,1,MG,,28.0,alta_vs_media,media,alta,41,False,13,13.0
2019,idoso,3,1,MS,,14.0,alta_vs_media,media,alta,28,False,14,14.0
2019,idoso,3,1,MT,,5.0,alta_vs_media,media,alta,9,False,4,4.0
2019,idoso,3,1,PA,,12.0,alta_vs_media,media,alta,18,False,6,6.0
2019,idoso,3,1,PB,,5.0,alta_vs_media,media,alta,6,False,1,1.0
2019,idoso,3,1,PE,,7.0,alta_vs_media,media,alta,9,False,2,2.0
2019,idoso,3,1,PI,,7.0,alta_vs_media,media,alta,8,False,1,1.0
2019,idoso,3,1,PR,,50.0,alta_vs_media,media,alta,90,True,40,40.0
2019,idoso,3,1,RJ,,13.0,alta_vs_media,media,alta,17,False,4,4.0
2019,idoso,3,1,RO,,1.0,alta_vs_media,media,alta,1,False,0,0.0
2019,idoso,3,1,RS,,4.0,alta_vs_media,media,alta,4,False,0,0.0
2019,idoso,3,1,SC,,6.0,alta_vs_media,media,alta,9,False,3,3.0
2019,idoso,3,1,SP,,286.0,alta_vs_media,media,alta,449,True,163,163.0
2019,idoso,3,1,TO,,1.0,alta_vs_media,media,alta,1,False,0,0.0
2019,idoso,3,2,AL,,1.0,alta_vs_media,media,alta,2,False,1,1.0
2019,idoso,3,2,AM,,3.0,alta_vs_media,media,alta,4,False,1,1.0
2019,idoso,3,2,AP,,1.0,alta_vs_media,media,alta,1,False,0,0.0
2019,idoso,3,2,BA,,6.0,alta_vs_media,media,alta,8,False,2,2.0
2019,idoso,3,2,CE,,3.0,alta_vs_media,media,alta,5,False,2,2.0
2019,idoso,3,2,DF,,3.0,alta_vs_media,media,alta,8,False,3,5.0
2019,idoso,3,2,ES,,0.0,alta_vs_media,media,alta,1,False,0,1.0
2019,idoso,3,2,GO,,11.0,alta_vs_media,media,alta,13,False,2,2.0
2019,idoso,3,2,MA,,8.0,alta_vs_media,media,alta,9,False,1,1.0
2019,idoso,3,2,MG,,25.0,alta_vs_media,media,alta,38,False,13,13.0
2019,idoso,3,2,MS,,7.0,alta_vs_media,media,alta,8,False,1,1.0
2019,idoso,3,2,MT,,9.0,alta_vs_media,media,alta,14,False,5,5.0
2019,idoso,3,2,PA,,4.0,alta_vs_media,media,alta,9,False,4,5.0
2019,idoso,3,2,PB,,4.0,alta_vs_media,media,alta,4,False,0,0.0
2019,idoso,3,2,PE,,5.0,alta_vs_media,media,alta,5,False,0,0.0
2019,idoso,3,2,PI,,2.0,alta_vs_media,media,alta,2,False,0,0.0
2019,idoso,3,2,PR,,32.0,alta_vs_media,media,alta,48,False,16,16.0
2019,idoso,3,2,RJ,,14.0,alta_vs_media,media,alta,16,False,2,2.0
2019,idoso,3,2,RN,,1.0,alta_vs_media,media,alta,2,False,1,1.0
2019,idoso,3,2,RS,,5.0,alta_vs_media,media,alta,6,False,1,1.0
2019,idoso,3,2,SC,,7.0,alta_vs_media,media,alta,9,False,2,2.0
2019,idoso,3,2,SP,,197.0,alta_vs_media,media,alta,284,True,87,87.0
2019,idoso,3,2,TO,,1.0,alta_vs_media,media,alta,2,False,1,1.0
2019,idoso,4,0,TO,,0.0,alta_vs_media,media,alta,1,False,0,1.0
2019,idoso,4,1,AC,,100.0,alta_vs_media,media,alta,120,True,20,20.0
2019,idoso,4,1,AL,,380.0,alta_vs_media,media,alta,458,True,78,78.0
2019,idoso,4,1,AM,,828.0,alta_vs_media,media,alta,1140,True,312,312.0
2019,idoso,4,1,AP,,117.0,alta_vs_media,media,alta,148,True,31,31.0
2019,idoso,4,1,BA,,2739.0,alta_vs_media,media,alta,3407,True,668,668.0
2019,idoso,4,1,CE,,2490.0,alta_vs_media,media,alta,3001,True,511,511.0
2019,idoso,4,1,DF,,432.0,alta_vs_media,media,alta,583,True,151,151.0
2019,idoso,4,1,ES,,458.0,alta_vs_media,media,alta,601,True,143,143.0
2019,idoso,4,1,GO,,1483.0,alta_vs_media,media,alta,1798,True,315,315.0
2019,idoso,4,1,MA,,1278.0,alta_vs_media,media,alta,1616,True,338,338.0
2019,idoso,4,1,MG,,4208.0,alta_vs_media,media,alta,5194,True,986,986.0
2019,idoso,4,1,MS,,733.0,alta_vs_media,media,alta,948,True,215,215.0
2019,idoso,4,1,MT,,794.0,alta_vs_media,media,alta,1049,True,255,255.0
2019,idoso,4,1,PA,,1791.0,alta_vs_media,media,alta,2262,True,471,471.0
2019,idoso,4,1,PB,,501.0,alta_vs_media,media,alta,591,True,90,90.0
2019,idoso,4,1,PE,,2655.0,alta_vs_media,media,alta,3266,True,611,611.0
2019,idoso,4,1,PI,,637.0,alta_vs_media,media,alta,762,True,125,125.0
2019,idoso,4,1,PR,,1180.0,alta_vs_media,media,alta,1444,True,264,264.0
2019,idoso,4,1,RJ,,3517.0,alta_vs_media,media,alta,4579,True,1062,1062.0
2019,idoso,4,1,RN,,512.0,alta_vs_media,media,alta,621,True,109,109.0
2019,idoso,4,1,RO,,301.0,alta_vs_media,media,alta,364,True,63,63.0
2019,idoso,4,1,RR,,123.0,alta_vs_media,media,alta,158,True,35,35.0
2019,idoso,4,1,RS,,362.0,alta_vs_media,media,alta,466,True,104,104.0
2019,idoso,4,1,SC,,224.0,alta_vs_media,media,alta,276,True,52,52.0
2019,idoso,4,1,SE,,471.0,alta_vs_media,media,alta,628,True,157,157.0
2019,idoso,4,1,SP,,5674.0,alta_vs_media,media,alta,7267,True,1593,1593.0
2019,idoso,4,1,TO,,311.0,alta_vs_media,media,alta,347,True,36,36.0
2019,idoso,4,2,AC,,81.0,alta_vs_media,media,alta,94,False,13,13.0
2019,idoso,4,2,AL,,243.0,alta_vs_media,media,alta,286,True,43,43.0
2019,idoso,4,2,AM,,586.0,alta_vs_media,media,alta,763,True,177,177.0
2019,idoso,4,2,AP,,76.0,alta_vs_media,media,alta,95,False,19,19.0
2019,idoso,4,2,BA,,1841.0,alta_vs_media,media,alta,2293,True,452,452.0
2019,idoso,4,2,CE,,1883.0,alta_vs_media,media,alta,2253,True,370,370.0
2019,idoso,4,2,DF,,327.0,alta_vs_media,media,alta,434,True,107,107.0
2019,idoso,4,2,ES,,267.0,alta_vs_media,media,alta,333,True,66,66.0
2019,idoso,4,2,GO,,910.0,alta_vs_media,media,alta,1103,True,193,193.0
2019,idoso,4,2,MA,,912.0,alta_vs_media,media,alta,1169,True,257,257.0
2019,idoso,4,2,MG,,2771.0,alta_vs_media,media,alta,3361,True,590,590.0
2019,idoso,4,2,MS,,446.0,alta_vs_media,media,alta,561,True,115,115.0
2019,idoso,4,2,MT,,469.0,alta_vs_media,media,alta,627,True,158,158.0
2019,idoso,4,2,PA,,1201.0,alta_vs_media,media,alta,1518,True,317,317.0
2019,idoso,4,2,PB,,386.0,alta_vs_media,media,alta,449,True,63,63.0
2019,idoso,4,2,PE,,1780.0,alta_vs_media,media,alta,2224,True,444,444.0
2019,idoso,4,2,PI,,439.0,alta_vs_media,media,alta,504,True,65,65.0
2019,idoso,4,2,PR,,680.0,alta_vs_media,media,alta,804,True,124,124.0
2019,idoso,4,2,RJ,,3172.0,alta_vs_media,media,alta,3894,True,722,722.0
2019,idoso,4,2,RN,,422.0,alta_vs_media,media,alta,509,True,87,87.0
2019,idoso,4,2,RO,,182.0,alta_vs_media,media,alta,220,True,38,38.0
2019,idoso,4,2,RR,,59.0,alta_vs_media,media,alta,81,True,22,22.0
2019,idoso,4,2,RS,,265.0,alta_vs_media,media,alta,337,True,72,72.0
2019,idoso,4,2,SC,,137.0,alta_vs_media,media,alta,168,True,31,31.0
2019,idoso,4,2,SE,,354.0,alta_vs_media,media,alta,441,True,87,87.0
2019,idoso,4,2,SP,,3943.0,alta_vs_media,media,alta,4875,True,932,932.0
2019,idoso,4,2,TO,,203.0,alta_vs_media,media,alta,223,True,20,20.0
2019,idoso,5,1,AC,,3.0,alta_vs_media,media,alta,3,False,0,0.0
2019,idoso,5,1,AL,,4.0,alta_vs_media,media,alta,4,False,0,0.0
2019,idoso,5,1,AM,,15.0,alta_vs_media,media,alta,17,False,2,2.0
2019,idoso,5,1,AP,,2.0,alta_vs_media,media,alta,2,False,0,0.0
2019,idoso,5,1,BA,,7.0,alta_vs_media,media,alta,7,False,0,0.0
2019,idoso,5,1,CE,,3.0,alta_vs_media,media,alta,3,False,0,0.0
2019,idoso,5,1,DF,,1.0,alta_vs_media,media,alta,2,False,1,1.0
2019,idoso,5,1,ES,,2.0,alta_vs_media,media,alta,2,False,0,0.0
2019,idoso,5,1,GO,,1.0,alta_vs_media,media,alta,2,False,1,1.0
2019,idoso,5,1,MA,,2.0,alta_vs_media,media,alta,2,False,0,0.0
2019,idoso,5,1,MG,,7.0,alta_vs_media,media,alta,8,False,1,1.0
2019,idoso,5,1,MS,,23.0,alta_vs_media,media,alta,25,False,2,2.0
2019,idoso,5,1,MT,,3.0,alta_vs_media,media,alta,3,False,0,0.0
2019,idoso,5,1,PA,,2.0,alta_vs_media,media,alta,3,False,1,1.0
2019,idoso,5,1,PB,,1.0,alta_vs_media,media,alta,2,False,1,1.0
2019,idoso,5,1,PE,,14.0,alta_vs_media,media,alta,15,False,1,1.0
2019,idoso,5,1,PR,,5.0,alta_vs_media,media,alta,7,False,2,2.0
2019,idoso,5,1,RJ,,7.0,alta_vs_media,media,alta,10,False,3,3.0
2019,idoso,5,1,RN,,1.0,alta_vs_media,media,alta,2,False,1,1.0
2019,idoso,5,1,RO,,1.0,alta_vs_media,media,alta,1,False,0,0.0
2019,idoso,5,1,RR,,5.0,alta_vs_media,media,alta,7,False,2,2.0
2019,idoso,5,1,RS,,9.0,alta_vs_media,media,alta,12,False,3,3.0
2019,idoso,5,1,SC,,5.0,alta_vs_media,media,alta,5,False,0,0.0
2019,idoso,5,1,SE,,1.0,alta_vs_media,media,alta,1,False,0,0.0
2019,idoso,5,1,SP,,9.0,alta_vs_media,media,alta,13,False,4,4.0
2019,idoso,5,2,AL,,0.0,alta_vs_media,media,alta,1,False,0,1.0
2019,idoso,5,2,AM,,7.0,alta_vs_media,media,alta,7,False,0,0.0
2019,idoso,5,2,BA,,7.0,alta_vs_media,media,alta,9,False,2,2.0
2019,idoso,5,2,CE,,5.0,alta_vs_media,media,alta,6,False,1,1.0
2019,idoso,5,2,DF,,1.0,alta_vs_media,media,alta,1,False,0,0.0
2019,idoso,5,2,GO,,3.0,alta_vs_media,media,alta,4,False,1,1.0
2019,idoso,5,2,MA,,3.0,alta_vs_media,media,alta,4,False,1,1.0
2019,idoso,5,2,MG,,7.0,alta_vs_media,media,alta,7,False,0,0.0
2019,idoso,5,2,MS,,11.0,alta_vs_media,media,alta,11,False,0,0.0
2019,idoso,5,2,MT,,1.0,alta_vs_media,media,alta,2,False,1,1.0
2019,idoso,5,2,PA,,3.0,alta_vs_media,media,alta,3,False,0,0.0
2019,idoso,5,2,PB,,1.0,alta_vs_media,media,alta,1,False,0,0.0
2019,idoso,5,2,PE,,6.0,alta_vs_media,media,alta,8,False,2,2.0
2019,idoso,5,2,PR,,1.0,alta_vs_media,media,alta,1,False,0,0.0
2019,idoso,5,2,RJ,,3.0,alta_vs_media,media,alta,4,False,1,1.0
2019,idoso,5,2,RN,,1.0,alta_vs_media,media,alta,1,False,0,0.0
2019,idoso,5,2,RR,,8.0,alta_vs_media,media,alta,9,False,1,1.0
2019,idoso,5,2,RS,,0.0,alta_vs_media,media,alta,1,False,0,1.0
2019,idoso,5,2,SC,,3.0,alta_vs_media,media,alta,3,False,0,0.0
2019,idoso,5,2,SE,,1.0,alta_vs_media,media,alta,2,False,1,1.0
2019,idoso,5,2,SP,,9.0,alta_vs_media,media,alta,10,False,1,1.0
2019,jovem,1,0,SP,,1.0,alta_vs_media,media,alta,1,False,0,0.0
2019,jovem,1,1,AC,,5.0,alta_vs_media,media,alta,13,False,5,8.0
2019,jovem,1,1,AL,,8.0,alta_vs_media,media,alta,10,False,2,2.0
2019,jovem,1,1,AM,,47.0,alta_vs_media,media,alta,88,True,41,41.0
2019,jovem,1,1,AP,,3.0,alta_vs_media,media,alta,4,False,1,1.0
2019,jovem,1,1,BA,,122.0,alta_vs_media,media,alta,166,True,44,44.0
2019,jovem,1,1,CE,,69.0,alta_vs_media,media,alta,122,True,53,53.0
2019,jovem,1,1,DF,,36.0,alta_vs_media,media,alta,64,True,28,28.0
2019,jovem,1,1,ES,,16.0,alta_vs_media,media,alta,34,False,16,18.0
2019,jovem,1,1,GO,,141.0,alta_vs_media,media,alta,257,True,116,116.0
2019,jovem,1,1,MA,,65.0,alta_vs_media,media,alta,108,True,43,43.0
2019,jovem,1,1,MG,,238.0,alta_vs_media,media,alta,552,True,238,314.0
2019,jovem,1,1,MS,,53.0,alta_vs_media,media,alta,108,True,53,55.0
2019,jovem,1,1,MT,,44.0,alta_vs_media,media,alta,114,True,44,70.0
2019,jovem,1,1,PA,,66.0,alta_vs_media,media,alta,110,True,44,44.0
2019,jovem,1,1,PB,,10.0,alta_vs_media,media,alta,18,False,8,8.0
2019,jovem,1,1,PE,,254.0,alta_vs_media,media,alta,350,True,96,96.0
2019,jovem,1,1,PI,,26.0,alta_vs_media,media,alta,44,False,18,18.0
2019,jovem,1,1,PR,,378.0,alta_vs_media,media,alta,1060,True,378,682.0
2019,jovem,1,1,RJ,,339.0,alta_vs_media,media,alta,517,True,178,178.0
2019,jovem,1,1,RN,,33.0,alta_vs_media,media,alta,48,False,15,15.0
2019,jovem,1,1,RO,,21.0,alta_vs_media,media,alta,40,False,19,19.0
2019,jovem,1,1,RR,,9.0,alta_vs_media,media,alta,14,False,5,5.0
2019,jovem,1,1,RS,,269.0,alta_vs_media,media,alta,505,True,236,236.0
2019,jovem,1,1,SC,,232.0,alta_vs_media,media,alta,519,True,232,287.0
2019,jovem,1,1,SE,,30.0,alta_vs_media,media,alta,45,False,15,15.0
2019,jovem,1,1,SP,,545.0,alta_vs_media,media,alta,1283,True,545,738.0
2019,jovem,1,1,TO,,19.0,alta_vs_media,media,alta,33,False,14,14.0
2019,jovem,1,2,AC,,4.0,alta_vs_media,media,alta,5,False,1,1.0
2019,jovem,1,2,AL,,7.0,alta_vs_media,media,alta,11,False,4,4.0
2019,jovem,1,2,AM,,13.0,alta_vs_media,media,alta,32,False,13,19.0
2019,jovem,1,2,AP,,3.0,alta_vs_media,media,alta,5,False,2,2.0
2019,jovem,1,2,BA,,34.0,alta_vs_media,media,alta,60,True,26,26.0
2019,jovem,1,2,CE,,31.0,alta_vs_media,media,alta,61,True,30,30.0
2019,jovem,1,2,DF,,13.0,alta_vs_media,media,alta,20,False,7,7.0
2019,jovem,1,2,ES,,14.0,alta_vs_media,media,alta,27,False,13,13.0
2019,jovem,1,2,GO,,39.0,alta_vs_media,media,alta,75,True,36,36.0
2019,jovem,1,2,MA,,27.0,alta_vs_media,media,alta,39,False,12,12.0
2019,jovem,1,2,MG,,109.0,alta_vs_media,media,alta,229,True,109,120.0
2019,jovem,1,2,MS,,20.0,alta_vs_media,media,alta,39,False,19,19.0
2019,jovem,1,2,MT,,24.0,alta_vs_media,media,alta,47,True,23,23.0
2019,jovem,1,2,PA,,26.0,alta_vs_media,media,alta,52,True,26,26.0
2019,jovem,1,2,PB,,8.0,alta_vs_media,media,alta,12,False,4,4.0
2019,jovem,1,2,PE,,61.0,alta_vs_media,media,alta,91,True,30,30.0
2019,jovem,1,2,PI,,11.0,alta_vs_media,media,alta,17,False,6,6.0
2019,jovem,1,2,PR,,133.0,alta_vs_media,media,alta,303,True,133,170.0
2019,jovem,1,2,RJ,,133.0,alta_vs_media,media,alta,197,True,64,64.0
2019,jovem,1,2,RN,,19.0,alta_vs_media,media,alta,28,False,9,9.0
2019,jovem,1,2,RO,,9.0,alta_vs_media,media,alta,15,False,6,6.0
2019,jovem,1,2,RR,,2.0,alta_vs_media,media,alta,8,False,2,6.0
2019,jovem,1,2,RS,,100.0,alta_vs_media,media,alta,166,True,66,66.0
2019,jovem,1,2,SC,,74.0,alta_vs_media,media,alta,164,True,74,90.0
2019,jovem,1,2,SE,,4.0,alta_vs_media,media,alta,14,False,4,10.0
2019,jovem,1,2,SP,,255.0,alta_vs_media,media,alta,592,True,255,337.0
2019,jovem,1,2,TO,,5.0,alta_vs_media,media,alta,7,False,2,2.0
2019,jovem,2,1,AC,,1.0,alta_vs_media,media,alta,5,False,1,4.0
2019,jovem,2,1,AL,,5.0,alta_vs_media,media,alta,6,False,1,1.0
2019,jovem,2,1,AM,,3.0,alta_vs_media,media,alta,5,False,2,2.0
2019,jovem,2,1,AP,,4.0,alta_vs_media,media,alta,5,False,1,1.0
2019,jovem,2,1,BA,,270.0,alta_vs_media,media,alta,348,True,78,78.0
2019,jovem,2,1,CE,,7.0,alta_vs_media,media,alta,11,False,4,4.0
2019,jovem,2,1,DF,,21.0,alta_vs_media,media,alta,27,False,6,6.0
2019,jovem,2,1,ES,,10.0,alta_vs_media,media,alta,15,False,5,5.0
2019,jovem,2,1,GO,,32.0,alta_vs_media,media,alta,59,True,27,27.0
2019,jovem,2,1,MA,,41.0,alta_vs_media,media,alta,72,True,31,31.0
2019,jovem,2,1,MG,,94.0,alta_vs_media,media,alta,188,True,94,94.0
2019,jovem,2,1,MS,,4.0,alta_vs_media,media,alta,11,False,4,7.0
2019,jovem,2,1,MT,,20.0,alta_vs_media,media,alta,36,False,16,16.0
2019,jovem,2,1,PA,,47.0,alta_vs_media,media,alta,71,True,24,24.0
2019,jovem,2,1,PB,,1.0,alta_vs_media,media,alta,1,False,0,0.0
2019,jovem,2,1,PE,,48.0,alta_vs_media,media,alta,60,False,12,12.0
2019,jovem,2,1,PI,,13.0,alta_vs_media,media,alta,24,False,11,11.0
2019,jovem,2,1,PR,,13.0,alta_vs_media,media,alta,32,False,13,19.0
2019,jovem,2,1,RJ,,336.0,alta_vs_media,media,alta,427,True,91,91.0
2019,jovem,2,1,RN,,4.0,alta_vs_media,media,alta,6,False,2,2.0
2019,jovem,2,1,RO,,6.0,alta_vs_media,media,alta,7,False,1,1.0
2019,jovem,2,1,RR,,2.0,alta_vs_media,media,alta,3,False,1,1.0
2019,jovem,2,1,RS,,55.0,alta_vs_media,media,alta,72,False,17,17.0
2019,jovem,2,1,SC,,24.0,alta_vs_media,media,alta,35,False,11,11.0
2019,jovem,2,1,SE,,17.0,alta_vs_media,media,alta,22,False,5,5.0
2019,jovem,2,1,SP,,88.0,alta_vs_media,media,alta,200,True,88,112.0
2019,jovem,2,1,TO,,16.0,alta_vs_media,media,alta,24,False,8,8.0
2019,jovem,2,2,AC,,0.0,alta_vs_media,media,alta,1,False,0,1.0
2019,jovem,2,2,AL,,1.0,alta_vs_media,media,alta,3,False,1,2.0
2019,jovem,2,2,AM,,1.0,alta_vs_media,media,alta,4,False,1,3.0
2019,jovem,2,2,AP,,1.0,alta_vs_media,media,alta,4,False,1,3.0
2019,jovem,2,2,BA,,38.0,alta_vs_media,media,alta,52,False,14,14.0
2019,jovem,2,2,CE,,0.0,alta_vs_media,media,alta,2,False,0,2.0
2019,jovem,2,2,DF,,1.0,alta_vs_media,media,alta,4,False,1,3.0
2019,jovem,2,2,ES,,5.0,alta_vs_media,media,alta,8,False,3,3.0
2019,jovem,2,2,GO,,9.0,alta_vs_media,media,alta,20,False,9,11.0
2019,jovem,2,2,MA,,11.0,alta_vs_media,media,alta,22,False,11,11.0
2019,jovem,2,2,MG,,23.0,alta_vs_media,media,alta,53,True,23,30.0
2019,jovem,2,2,MS,,2.0,alta_vs_media,media,alta,3,False,1,1.0
2019,jovem,2,2,MT,,5.0,alta_vs_media,media,alta,7,False,2,2.0
2019,jovem,2,2,PA,,9.0,alta_vs_media,media,alta,16,False,7,7.0
2019,jovem,2,2,PE,,10.0,alta_vs_media,media,alta,15,False,5,5.0
2019,jovem,2,2,PI,,5.0,alta_vs_media,media,alta,6,False,1,1.0
2019,jovem,2,2,PR,,6.0,alta_vs_media,media,alta,15,False,6,9.0
2019,jovem,2,2,RJ,,69.0,alta_vs_media,media,alta,100,True,31,31.0
2019,jovem,2,2,RN,,1.0,alta_vs_media,media,alta,1,False,0,0.0
2019,jovem,2,2,RO,,0.0,alta_vs_media,media,alta,1,False,0,1.0
2019,jovem,2,2,RS,,13.0,alta_vs_media,media,alta,19,False,6,6.0
2019,jovem,2,2,SC,,6.0,alta_vs_media,media,alta,10,False,4,4.0
2019,jovem,2,2,SE,,3.0,alta_vs_media,media,alta,5,False,2,2.0
2019,jovem,2,2,SP,,24.0,alta_vs_media,media,alta,65,True,24,41.0
2019,jovem,2,2,TO,,0.0,alta_vs_media,media,alta,1,False,0,1.0
2019,jovem,3,1,AM,,4.0,alta_vs_media,media,alta,8,False,4,4.0
2019,jovem,3,1,AP,,3.0,alta_vs_media,media,alta,3,False,0,0.0
2019,jovem,3,1,CE,,2.0,alta_vs_media,media,alta,2,False,0,0.0
2019,jovem,3,1,GO,,3.0,alta_vs_media,media,alta,3,False,0,0.0
2019,jovem,3,1,MA,,3.0,alta_vs_media,media,alta,3,False,0,0.0
2019,jovem,3,1,MG,,2.0,alta_vs_media,media,alta,2,False,0,0.0
2019,jovem,3,1,MT,,0.0,alta_vs_media,media,alta,1,False,0,1.0
2019,jovem,3,1,PA,,2.0,alta_vs_media,media,alta,3,False,1,1.0
2019,jovem,3,1,PE,,1.0,alta_vs_media,media,alta,1,False,0,0.0
2019,jovem,3,1,RJ,,1.0,alta_vs_media,media,alta,1,False,0,0.0
2019,jovem,3,1,RR,,1.0,alta_vs_media,media,alta,1,False,0,0.0
2019,jovem,3,1,SC,,0.0,alta_vs_media,media,alta,1,False,0,1.0
2019,jovem,3,1,SP,,4.0,alta_vs_media,media,alta,9,False,4,5.0
2019,jovem,3,2,CE,,1.0,alta_vs_media,media,alta,2,False,1,1.0
2019,jovem,3,2,DF,,0.0,alta_vs_media,media,alta,1,False,0,1.0
2019,jovem,3,2,GO,,1.0,alta_vs_media,media,alta,1,False,0,0.0
2019,jovem,3,2,MG,,1.0,alta_vs_media,media,alta,1,False,0,0.0
2019,jovem,3,2,MS,,1.0,alta_vs_media,media,alta,1,False,0,0.0
2019,jovem,3,2,MT,,0.0,alta_vs_media,media,alta,2,False,0,2.0
2019,jovem,3,2,PR,,0.0,alta_vs_media,media,alta,1,False,0,1.0
2019,jovem,3,2,SC,,0.0,alta_vs_media,media,alta,1,False,0,1.0
2019,jovem,3,2,SP,,0.0,alta_vs_media,media,alta,2,False,0,2.0
2019,jovem,4,0,MG,,0.0,alta_vs_media,media,alta,1,False,0,1.0
2019,jovem,4,1,AC,,26.0,alta_vs_media,media,alta,51,True,25,25.0
2019,jovem,4,1,AL,,183.0,alta_vs_media,media,alta,262,True,79,79.0
2019,jovem,4,1,AM,,455.0,alta_vs_media,media,alta,781,True,326,326.0
2019,jovem,4,1,AP,,142.0,alta_vs_media,media,alta,196,True,54,54.0
2019,jovem,4,1,BA,,1293.0,alta_vs_media,media,alta,1653,True,360,360.0
2019,jovem,4,1,CE,,692.0,alta_vs_media,media,alta,987,True,295,295.0
2019,jovem,4,1,DF,,106.0,alta_vs_media,media,alta,160,True,54,54.0
2019,jovem,4,1,ES,,131.0,alta_vs_media,media,alta,197,True,66,66.0
2019,jovem,4,1,GO,,372.0,alta_vs_media,media,alta,635,True,263,263.0
2019,jovem,4,1,MA,,367.0,alta_vs_media,media,alta,677,True,310,310.0
2019,jovem,4,1,MG,,486.0,alta_vs_media,media,alta,934,True,448,448.0
2019,jovem,4,1,MS,,91.0,alta_vs_media,media,alta,178,True,87,87.0
2019,jovem,4,1,MT,,142.0,alta_vs_media,media,alta,339,True,142,197.0
2019,jovem,4,1,PA,,747.0,alta_vs_media,media,alta,1066,True,319,319.0
2019,jovem,4,1,PB,,72.0,alta_vs_media,media,alta,91,False,19,19.0
2019,jovem,4,1,PE,,1031.0,alta_vs_media,media,alta,1297,True,266,266.0
2019,jovem,4,1,PI,,166.0,alta_vs_media,media,alta,253,True,87,87.0
2019,jovem,4,1,PR,,180.0,alta_vs_media,media,alta,349,True,169,169.0
2019,jovem,4,1,RJ,,862.0,alta_vs_media,media,alta,1161,True,299,299.0
2019,jovem,4,1,RN,,129.0,alta_vs_media,media,alta,156,True,27,27.0
2019,jovem,4,1,RO,,77.0,alta_vs_media,media,alta,136,True,59,59.0
2019,jovem,4,1,RR,,54.0,alta_vs_media,media,alta,95,True,41,41.0
2019,jovem,4,1,RS,,66.0,alta_vs_media,media,alta,102,True,36,36.0
2019,jovem,4,1,SC,,56.0,alta_vs_media,media,alta,95,True,39,39.0
2019,jovem,4,1,SE,,332.0,alta_vs_media,media,alta,428,True,96,96.0
2019,jovem,4,1,SP,,565.0,alta_vs_media,media,alta,1163,True,565,598.0
2019,jovem,4,1,TO,,78.0,alta_vs_media,media,alta,137,True,59,59.0
2019,jovem,4,2,AC,,13.0,alta_vs_media,media,alta,25,False,12,12.0
2019,jovem,4,2,AL,,34.0,alta_vs_media,media,alta,49,False,15,15.0
2019,jovem,4,2,AM,,83.0,alta_vs_media,media,alta,156,True,73,73.0
2019,jovem,4,2,AP,,18.0,alta_vs_media,media,alta,28,False,10,10.0
2019,jovem,4,2,BA,,172.0,alta_vs_media,media,alta,273,True,101,101.0
2019,jovem,4,2,CE,,167.0,alta_vs_media,media,alta,263,True,96,96.0
2019,jovem,4,2,DF,,29.0,alta_vs_media,media,alta,38,False,9,9.0
2019,jovem,4,2,ES,,22.0,alta_vs_media,media,alta,44,True,22,22.0
2019,jovem,4,2,GO,,75.0,alta_vs_media,media,alta,143,True,68,68.0
2019,jovem,4,2,MA,,92.0,alta_vs_media,media,alta,213,True,92,121.0
2019,jovem,4,2,MG,,124.0,alta_vs_media,media,alta,267,True,124,143.0
2019,jovem,4,2,MS,,24.0,alta_vs_media,media,alta,53,True,24,29.0
2019,jovem,4,2,MT,,44.0,alta_vs_media,media,alta,96,True,44,52.0
2019,jovem,4,2,PA,,182.0,alta_vs_media,media,alta,281,True,99,99.0
2019,jovem,4,2,PB,,26.0,alta_vs_media,media,alta,39,False,13,13.0
2019,jovem,4,2,PE,,150.0,alta_vs_media,media,alta,243,True,93,93.0
2019,jovem,4,2,PI,,37.0,alta_vs_media,media,alta,71,True,34,34.0
2019,jovem,4,2,PR,,41.0,alta_vs_media,media,alta,74,True,33,33.0
2019,jovem,4,2,RJ,,190.0,alta_vs_media,media,alta,269,True,79,79.0
2019,jovem,4,2,RN,,21.0,alta_vs_media,media,alta,33,False,12,12.0
2019,jovem,4,2,RO,,12.0,alta_vs_media,media,alta,30,False,12,18.0
2019,jovem,4,2,RR,,14.0,alta_vs_media,media,alta,37,False,14,23.0
2019,jovem,4,2,RS,,13.0,alta_vs_media,media,alta,23,False,10,10.0
2019,jovem,4,2,SC,,16.0,alta_vs_media,media,alta,22,False,6,6.0
2019,jovem,4,2,SE,,43.0,alta_vs_media,media,alta,65,True,22,22.0
2019,jovem,4,2,SP,,173.0,alta_vs_media,media,alta,393,True,173,220.0
2019,jovem,4,2,TO,,22.0,alta_vs_media,media,alta,39,False,17,17.0
2019,jovem,5,1,AC,,2.0,alta_vs_media,media,alta,2,False,0,0.0
2019,jovem,5,1,AM,,26.0,alta_vs_media,media,alta,45,False,19,19.0
2019,jovem,5,1,BA,,1.0,alta_vs_media,media,alta,1,False,0,0.0
2019,jovem,5,1,CE,,2.0,alta_vs_media,media,alta,2,False,0,0.0
2019,jovem,5,1,MA,,6.0,alta_vs_media,media,alta,8,False,2,2.0
2019,jovem,5,1,MS,,37.0,alta_vs_media,media,alta,48,False,11,11.0
2019,jovem,5,1,MT,,1.0,alta_vs_media,media,alta,6,False,1,5.0
2019,jovem,5,1,PA,,4.0,alta_vs_media,media,alta,6,False,2,2.0
2019,jovem,5,1,PE,,1.0,alta_vs_media,media,alta,3,False,1,2.0
2019,jovem,5,1,PR,,5.0,alta_vs_media,media,alta,7,False,2,2.0
2019,jovem,5,1,RO,,1.0,alta_vs_media,media,alta,2,False,1,1.0
2019,jovem,5,1,RR,,7.0,alta_vs_media,media,alta,14,False,7,7.0
2019,jovem,5,1,RS,,2.0,alta_vs_media,media,alta,2,False,0,0.0
2019,jovem,5,1,SC,,2.0,alta_vs_media,media,alta,4,False,2,2.0
2019,jovem,5,1,SP,,1.0,alta_vs_media,media,alta,1,False,0,0.0
2019,jovem,5,1,TO,,2.0,alta_vs_media,media,alta,2,False,0,0.0
2019,jovem,5,2,AC,,0.0,alta_vs_media,media,alta,1,False,0,1.0
2019,jovem,5,2,AM,,9.0,alta_vs_media,media,alta,19,False,9,10.0
2019,jovem,5,2,MA,,1.0,alta_vs_media,media,alta,3,False,1,2.0
2019,jovem,5,2,MG,,2.0,alta_vs_media,media,alta,2,False,0,0.0
2019,jovem,5,2,MS,,7.0,alta_vs_media,media,alta,16,False,7,9.0
2019,jovem,5,2,MT,,4.0,alta_vs_media,media,alta,5,False,1,1.0
2019,jovem,5,2,PA,,4.0,alta_vs_media,media,alta,4,False,0,0.0
2019,jovem,5,2,PE,,1.0,alta_vs_media,media,alta,1,False,0,0.0
2019,jovem,5,2,PR,,2.0,alta_vs_media,media,alta,6,False,2,4.0
2019,jovem,5,2,RO,,1.0,alta_vs_media,media,alta,1,False,0,0.0
2019,jovem,5,2,RR,,4.0,alta_vs_media,media,alta,9,False,4,5.0
2019,jovem,5,2,RS,,1.0,alta_vs_media,media,alta,2,False,1,1.0
2019,jovem,5,2,TO,,2.0,alta_vs_media,media,alta,2,False,0,0.0
2019,meia-idade,1,0,PR,,0.0,alta_vs_media,media,alta,1,False,0,1.0
2019,meia-idade,1,1,AC,,16.0,alta_vs_media,media,alta,17,False,1,1.0
2019,meia-idade,1,1,AL,,88.0,alta_vs_media,media,alta,125,True,37,37.0
2019,meia-idade,1,1,AM,,91.0,alta_vs_media,media,alta,144,True,53,53.0
2019,meia-idade,1,1,AP,,18.0,alta_vs_media,media,alta,28,False,10,10.0
2019,meia-idade,1,1,BA,,385.0,alta_vs_media,media,alta,545,True,160,160.0
2019,meia-idade,1,1,CE,,333.0,alta_vs_media,media,alta,486,True,153,153.0
2019,meia-idade,1,1,DF,,230.0,alta_vs_media,media,alta,355,True,125,125.0
2019,meia-idade,1,1,ES,,207.0,alta_vs_media,media,alta,286,True,79,79.0
2019,meia-idade,1,1,GO,,560.0,alta_vs_media,media,alta,823,True,263,263.0
2019,meia-idade,1,1,MA,,154.0,alta_vs_media,media,alta,254,True,100,100.0
2019,meia-idade,1,1,MG,,2351.0,alta_vs_media,media,alta,3582,True,1231,1231.0
2019,meia-idade,1,1,MS,,324.0,alta_vs_media,media,alta,540,True,216,216.0
2019,meia-idade,1,1,MT,,313.0,alta_vs_media,media,alta,520,True,207,207.0
2019,meia-idade,1,1,PA,,157.0,alta_vs_media,media,alta,246,True,89,89.0
2019,meia-idade,1,1,PB,,88.0,alta_vs_media,media,alta,114,True,26,26.0
2019,meia-idade,1,1,PE,,603.0,alta_vs_media,media,alta,894,True,291,291.0
2019,meia-idade,1,1,PI,,88.0,alta_vs_media,media,alta,129,True,41,41.0
2019,meia-idade,1,1,PR,,2645.0,alta_vs_media,media,alta,4233,True,1588,1588.0
2019,meia-idade,1,1,RJ,,1857.0,alta_vs_media,media,alta,2742,True,885,885.0
2019,meia-idade,1,1,RN,,184.0,alta_vs_media,media,alta,249,True,65,65.0
2019,meia-idade,1,1,RO,,109.0,alta_vs_media,media,alta,156,True,47,47.0
2019,meia-idade,1,1,RR,,24.0,alta_vs_media,media,alta,36,False,12,12.0
2019,meia-idade,1,1,RS,,2224.0,alta_vs_media,media,alta,3378,True,1154,1154.0
2019,meia-idade,1,1,SC,,1810.0,alta_vs_media,media,alta,2882,True,1072,1072.0
2019,meia-idade,1,1,SE,,92.0,alta_vs_media,media,alta,137,True,45,45.0
2019,meia-idade,1,1,SP,,7066.0,alta_vs_media,media,alta,11920,True,4854,4854.0
2019,meia-idade,1,1,TO,,53.0,alta_vs_media,media,alta,84,True,31,31.0
2019,meia-idade,1,2,AC,,9.0,alta_vs_media,media,alta,13,False,4,4.0
2019,meia-idade,1,2,AL,,60.0,alta_vs_media,media,alta,79,False,19,19.0
2019,meia-idade,1,2,AM,,73.0,alta_vs_media,media,alta,116,True,43,43.0
2019,meia-idade,1,2,AP,,6.0,alta_vs_media,media,alta,13,False,6,7.0
2019,meia-idade,1,2,BA,,271.0,alta_vs_media,media,alta,411,True,140,140.0
2019,meia-idade,1,2,CE,,279.0,alta_vs_media,media,alta,413,True,134,134.0
2019,meia-idade,1,2,DF,,176.0,alta_vs_media,media,alta,276,True,100,100.0
2019,meia-idade,1,2,ES,,140.0,alta_vs_media,media,alta,188,True,48,48.0
2019,meia-idade,1,2,GO,,435.0,alta_vs_media,media,alta,627,True,192,192.0
2019,meia-idade,1,2,MA,,142.0,alta_vs_media,media,alta,223,True,81,81.0
2019,meia-idade,1,2,MG,,1553.0,alta_vs_media,media,alta,2379,True,826,826.0
2019,meia-idade,1,2,MS,,211.0,alta_vs_media,media,alta,357,True,146,146.0
2019,meia-idade,1,2,MT,,159.0,alta_vs_media,media,alta,260,True,101,101.0
2019,meia-idade,1,2,PA,,141.0,alta_vs_media,media,alta,207,True,66,66.0
2019,meia-idade,1,2,PB,,78.0,alta_vs_media,media,alta,100,True,22,22.0
2019,meia-idade,1,2,PE,,515.0,alta_vs_media,media,alta,755,True,240,240.0
2019,meia-idade,1,2,PI,,83.0,alta_vs_media,media,alta,112,True,29,29.0
2019,meia-idade,1,2,PR,,1619.0,alta_vs_media,media,alta,2519,True,900,900.0
2019,meia-idade,1,2,RJ,,1596.0,alta_vs_media,media,alta,2477,True,881,881.0
2019,meia-idade,1,2,RN,,150.0,alta_vs_media,media,alta,199,True,49,49.0
2019,meia-idade,1,2,RO,,75.0,alta_vs_media,media,alta,111,True,36,36.0
2019,meia-idade,1,2,RR,,8.0,alta_vs_media,media,alta,16,False,8,8.0
2019,meia-idade,1,2,RS,,1396.0,alta_vs_media,media,alta,2192,True,796,796.0
2019,meia-idade,1,2,SC,,1203.0,alta_vs_media,media,alta,1799,True,596,596.0
2019,meia-idade,1,2,SE,,72.0,alta_vs_media,media,alta,98,True,26,26.0
2019,meia-idade,1,2,SP,,4619.0,alta_vs_media,media,alta,7585,True,2966,2966.0
2019,meia-idade,1,2,TO,,53.0,alta_vs_media,media,alta,68,False,15,15.0
2019,meia-idade,2,1,AC,,3.0,alta_vs_media,media,alta,7,False,3,4.0
2019,meia-idade,2,1,AL,,28.0,alta_vs_media,media,alta,35,False,7,7.0
2019,meia-idade,2,1,AM,,10.0,alta_vs_media,media,alta,29,False,10,19.0
2019,meia-idade,2,1,AP,,10.0,alta_vs_media,media,alta,14,False,4,4.0
2019,meia-idade,2,1,BA,,489.0,alta_vs_media,media,alta,645,True,156,156.0
2019,meia-idade,2,1,CE,,92.0,alta_vs_media,media,alta,110,False,18,18.0
2019,meia-idade,2,1,DF,,65.0,alta_vs_media,media,alta,96,True,31,31.0
2019,meia-idade,2,1,ES,,74.0,alta_vs_media,media,alta,89,False,15,15.0
2019,meia-idade,2,1,GO,,214.0,alta_vs_media,media,alta,263,True,49,49.0
2019,meia-idade,2,1,MA,,156.0,alta_vs_media,media,alta,200,True,44,44.0
2019,meia-idade,2,1,MG,,854.0,alta_vs_media,media,alta,1134,True,280,280.0
2019,meia-idade,2,1,MS,,48.0,alta_vs_media,media,alta,67,False,19,19.0
2019,meia-idade,2,1,MT,,89.0,alta_vs_media,media,alta,142,True,53,53.0
2019,meia-idade,2,1,PA,,98.0,alta_vs_media,media,alta,121,True,23,23.0
2019,meia-idade,2,1,PB,,24.0,alta_vs_media,media,alta,26,False,2,2.0
2019,meia-idade,2,1,PE,,236.0,alta_vs_media,media,alta,299,True,63,63.0
2019,meia-idade,2,1,PI,,61.0,alta_vs_media,media,alta,70,False,9,9.0
2019,meia-idade,2,1,PR,,196.0,alta_vs_media,media,alta,260,True,64,64.0
2019,meia-idade,2,1,RJ,,923.0,alta_vs_media,media,alta,1257,True,334,334.0
2019,meia-idade,2,1,RN,,41.0,alta_vs_media,media,alta,47,False,6,6.0
2019,meia-idade,2,1,RO,,37.0,alta_vs_media,media,alta,43,False,6,6.0
2019,meia-idade,2,1,RR,,12.0,alta_vs_media,media,alta,16,False,4,4.0
2019,meia-idade,2,1,RS,,215.0,alta_vs_media,media,alta,288,True,73,73.0
2019,meia-idade,2,1,SC,,69.0,alta_vs_media,media,alta,119,True,50,50.0
2019,meia-idade,2,1,SE,,70.0,alta_vs_media,media,alta,99,True,29,29.0
2019,meia-idade,2,1,SP,,991.0,alta_vs_media,media,alta,1568,True,577,577.0
2019,meia-idade,2,1,TO,,40.0,alta_vs_media,media,alta,43,False,3,3.0
2019,meia-idade,2,2,AC,,5.0,alta_vs_media,media,alta,5,False,0,0.0
2019,meia-idade,2,2,AL,,18.0,alta_vs_media,media,alta,22,False,4,4.0
2019,meia-idade,2,2,AM,,9.0,alta_vs_media,media,alta,15,False,6,6.0
2019,meia-idade,2,2,AP,,10.0,alta_vs_media,media,alta,12,False,2,2.0
2019,meia-idade,2,2,BA,,354.0,alta_vs_media,media,alta,482,True,128,128.0
2019,meia-idade,2,2,CE,,51.0,alta_vs_media,media,alta,64,False,13,13.0
2019,meia-idade,2,2,DF,,43.0,alta_vs_media,media,alta,62,False,19,19.0
2019,meia-idade,2,2,ES,,58.0,alta_vs_media,media,alta,75,False,17,17.0
2019,meia-idade,2,2,GO,,84.0,alta_vs_media,media,alta,112,True,28,28.0
2019,meia-idade,2,2,MA,,79.0,alta_vs_media,media,alta,108,True,29,29.0
2019,meia-idade,2,2,MG,,460.0,alta_vs_media,media,alta,609,True,149,149.0
2019,meia-idade,2,2,MS,,28.0,alta_vs_media,media,alta,39,False,11,11.0
2019,meia-idade,2,2,MT,,40.0,alta_vs_media,media,alta,51,False,11,11.0
2019,meia-idade,2,2,PA,,62.0,alta_vs_media,media,alta,87,True,25,25.0
2019,meia-idade,2,2,PB,,9.0,alta_vs_media,media,alta,11,False,2,2.0
2019,meia-idade,2,2,PE,,126.0,alta_vs_media,media,alta,166,True,40,40.0
2019,meia-idade,2,2,PI,,38.0,alta_vs_media,media,alta,47,False,9,9.0
2019,meia-idade,2,2,PR,,93.0,alta_vs_media,media,alta,150,True,57,57.0
2019,meia-idade,2,2,RJ,,843.0,alta_vs_media,media,alta,1169,True,326,326.0
2019,meia-idade,2,2,RN,,24.0,alta_vs_media,media,alta,25,False,1,1.0
2019,meia-idade,2,2,RO,,19.0,alta_vs_media,media,alta,27,False,8,8.0
2019,meia-idade,2,2,RR,,4.0,alta_vs_media,media,alta,10,False,4,6.0
2019,meia-idade,2,2,RS,,152.0,alta_vs_media,media,alta,192,True,40,40.0
2019,meia-idade,2,2,SC,,61.0,alta_vs_media,media,alta,84,True,23,23.0
2019,meia-idade,2,2,SE,,40.0,alta_vs_media,media,alta,52,False,12,12.0
2019,meia-idade,2,2,SP,,643.0,alta_vs_media,media,alta,981,True,338,338.0
2019,meia-idade,2,2,TO,,20.0,alta_vs_media,media,alta,25,False,5,5.0
2019,meia-idade,3,1,AL,,2.0,alta_vs_media,media,alta,2,False,0,0.0
2019,meia-idade,3,1,AM,,1.0,alta_vs_media,media,alta,3,False,1,2.0
2019,meia-idade,3,1,BA,,6.0,alta_vs_media,media,alta,9,False,3,3.0
2019,meia-idade,3,1,CE,,3.0,alta_vs_media,media,alta,4,False,1,1.0
2019,meia-idade,3,1,DF,,4.0,alta_vs_media,media,alta,4,False,0,0.0
2019,meia-idade,3,1,ES,,1.0,alta_vs_media,media,alta,1,False,0,0.0
2019,meia-idade,3,1,GO,,19.0,alta_vs_media,media,alta,21,False,2,2.0
2019,meia-idade,3,1,MA,,5.0,alta_vs_media,media,alta,9,False,4,4.0
2019,meia-idade,3,1,MG,,10.0,alta_vs_media,media,alta,21,False,10,11.0
2019,meia-idade,3,1,MS,,4.0,alta_vs_media,media,alta,8,False,4,4.0
2019,meia-idade,3,1,MT,,2.0,alta_vs_media,media,alta,8,False,2,6.0
2019,meia-idade,3,1,PA,,5.0,alta_vs_media,media,alta,8,False,3,3.0
2019,meia-idade,3,1,PB,,1.0,alta_vs_media,media,alta,1,False,0,0.0
2019,meia-idade,3,1,PE,,8.0,alta_vs_media,media,alta,9,False,1,1.0
2019,meia-idade,3,1,PI,,2.0,alta_vs_media,media,alta,2,False,0,0.0
2019,meia-idade,3,1,PR,,14.0,alta_vs_media,media,alta,25,False,11,11.0
2019,meia-idade,3,1,RJ,,8.0,alta_vs_media,media,alta,10,False,2,2.0
2019,meia-idade,3,1,RN,,2.0,alta_vs_media,media,alta,3,False,1,1.0
2019,meia-idade,3,1,RO,,0.0,alta_vs_media,media,alta,1,False,0,1.0
2019,meia-idade,3,1,RS,,4.0,alta_vs_media,media,alta,4,False,0,0.0
2019,meia-idade,3,1,SC,,2.0,alta_vs_media,media,alta,2,False,0,0.0
2019,meia-idade,3,1,SP,,66.0,alta_vs_media,media,alta,107,True,41,41.0
2019,meia-idade,3,1,TO,,1.0,alta_vs_media,media,alta,2,False,1,1.0
2019,meia-idade,3,2,BA,,6.0,alta_vs_media,media,alta,6,False,0,0.0
2019,meia-idade,3,2,CE,,0.0,alta_vs_media,media,alta,2,False,0,2.0
2019,meia-idade,3,2,DF,,1.0,alta_vs_media,media,alta,2,False,1,1.0
2019,meia-idade,3,2,GO,,6.0,alta_vs_media,media,alta,8,False,2,2.0
2019,meia-idade,3,2,MA,,3.0,alta_vs_media,media,alta,4,False,1,1.0
2019,meia-idade,3,2,MG,,12.0,alta_vs_media,media,alta,18,False,6,6.0
2019,meia-idade,3,2,MS,,2.0,alta_vs_media,media,alta,8,False,2,6.0
2019,meia-idade,3,2,MT,,3.0,alta_vs_media,media,alta,4,False,1,1.0
2019,meia-idade,3,2,PA,,3.0,alta_vs_media,media,alta,5,False,2,2.0
2019,meia-idade,3,2,PB,,3.0,alta_vs_media,media,alta,4,False,1,1.0
2019,meia-idade,3,2,PE,,2.0,alta_vs_media,media,alta,4,False,2,2.0
2019,meia-idade,3,2,PI,,1.0,alta_vs_media,media,alta,1,False,0,0.0
2019,meia-idade,3,2,PR,,10.0,alta_vs_media,media,alta,12,False,2,2.0
2019,meia-idade,3,2,RJ,,5.0,alta_vs_media,media,alta,8,False,3,3.0
2019,meia-idade,3,2,RS,,1.0,alta_vs_media,media,alta,3,False,1,2.0
2019,meia-idade,3,2,SC,,2.0,alta_vs_media,media,alta,3,False,1,1.0
2019,meia-idade,3,2,SE,,1.0,alta_vs_media,media,alta,2,False,1,1.0
2019,meia-idade,3,2,SP,,52.0,alta_vs_media,media,alta,81,True,29,29.0
2019,meia-idade,4,0,AL,,1.0,alta_vs_media,media,alta,1,False,0,0.0
2019,meia-idade,4,0,SP,,0.0,alta_vs_media,media,alta,1,False,0,1.0
2019,meia-idade,4,1,AC,,64.0,alta_vs_media,media,alta,83,False,19,19.0
2019,meia-idade,4,1,AL,,349.0,alta_vs_media,media,alta,427,True,78,78.0
2019,meia-idade,4,1,AM,,558.0,alta_vs_media,media,alta,868,True,310,310.0
2019,meia-idade,4,1,AP,,81.0,alta_vs_media,media,alta,124,True,43,43.0
2019,meia-idade,4,1,BA,,1994.0,alta_vs_media,media,alta,2531,True,537,537.0
2019,meia-idade,4,1,CE,,2049.0,alta_vs_media,media,alta,2570,True,521,521.0
2019,meia-idade,4,1,DF,,345.0,alta_vs_media,media,alta,497,True,152,152.0
2019,meia-idade,4,1,ES,,350.0,alta_vs_media,media,alta,459,True,109,109.0
2019,meia-idade,4,1,GO,,1171.0,alta_vs_media,media,alta,1531,True,360,360.0
2019,meia-idade,4,1,MA,,877.0,alta_vs_media,media,alta,1221,True,344,344.0
2019,meia-idade,4,1,MG,,2840.0,alta_vs_media,media,alta,3721,True,881,881.0
2019,meia-idade,4,1,MS,,492.0,alta_vs_media,media,alta,694,True,202,202.0
2019,meia-idade,4,1,MT,,564.0,alta_vs_media,media,alta,841,True,277,277.0
2019,meia-idade,4,1,PA,,1149.0,alta_vs_media,media,alta,1548,True,399,399.0
2019,meia-idade,4,1,PB,,337.0,alta_vs_media,media,alta,442,True,105,105.0
2019,meia-idade,4,1,PE,,2085.0,alta_vs_media,media,alta,2580,True,495,495.0
2019,meia-idade,4,1,PI,,494.0,alta_vs_media,media,alta,598,True,104,104.0
2019,meia-idade,4,1,PR,,794.0,alta_vs_media,media,alta,1118,True,324,324.0
2019,meia-idade,4,1,RJ,,1942.0,alta_vs_media,media,alta,2592,True,650,650.0
2019,meia-idade,4,1,RN,,413.0,alta_vs_media,media,alta,531,True,118,118.0
2019,meia-idade,4,1,RO,,230.0,alta_vs_media,media,alta,300,True,70,70.0
2019,meia-idade,4,1,RR,,87.0,alta_vs_media,media,alta,133,True,46,46.0
2019,meia-idade,4,1,RS,,209.0,alta_vs_media,media,alta,292,True,83,83.0
2019,meia-idade,4,1,SC,,144.0,alta_vs_media,media,alta,202,True,58,58.0
2019,meia-idade,4,1,SE,,385.0,alta_vs_media,media,alta,527,True,142,142.0
2019,meia-idade,4,1,SP,,3628.0,alta_vs_media,media,alta,5368,True,1740,1740.0
2019,meia-idade,4,1,TO,,210.0,alta_vs_media,media,alta,280,True,70,70.0
2019,meia-idade,4,2,AC,,60.0,alta_vs_media,media,alta,66,False,6,6.0
2019,meia-idade,4,2,AL,,154.0,alta_vs_media,media,alta,199,True,45,45.0
2019,meia-idade,4,2,AM,,357.0,alta_vs_media,media,alta,538,True,181,181.0
2019,meia-idade,4,2,AP,,55.0,alta_vs_media,media,alta,86,True,31,31.0
2019,meia-idade,4,2,BA,,1121.0,alta_vs_media,media,alta,1508,True,387,387.0
2019,meia-idade,4,2,CE,,1131.0,alta_vs_media,media,alta,1445,True,314,314.0
2019,meia-idade,4,2,DF,,211.0,alta_vs_media,media,alta,300,True,89,89.0
2019,meia-idade,4,2,ES,,185.0,alta_vs_media,media,alta,247,True,62,62.0
2019,meia-idade,4,2,GO,,597.0,alta_vs_media,media,alta,833,True,236,236.0
2019,meia-idade,4,2,MA,,572.0,alta_vs_media,media,alta,788,True,216,216.0
2019,meia-idade,4,2,MG,,1706.0,alta_vs_media,media,alta,2301,True,595,595.0
2019,meia-idade,4,2,MS,,283.0,alta_vs_media,media,alta,409,True,126,126.0
2019,meia-idade,4,2,MT,,305.0,alta_vs_media,media,alta,487,True,182,182.0
2019,meia-idade,4,2,PA,,736.0,alta_vs_media,media,alta,1040,True,304,304.0
2019,meia-idade,4,2,PB,,219.0,alta_vs_media,media,alta,280,True,61,61.0
2019,meia-idade,4,2,PE,,1133.0,alta_vs_media,media,alta,1519,True,386,386.0
2019,meia-idade,4,2,PI,,275.0,alta_vs_media,media,alta,350,True,75,75.0
2019,meia-idade,4,2,PR,,463.0,alta_vs_media,media,alta,650,True,187,187.0
2019,meia-idade,4,2,RJ,,1598.0,alta_vs_media,media,alta,2212,True,614,614.0
2019,meia-idade,4,2,RN,,233.0,alta_vs_media,media,alta,321,True,88,88.0
2019,meia-idade,4,2,RO,,107.0,alta_vs_media,media,alta,151,True,44,44.0
2019,meia-idade,4,2,RR,,44.0,alta_vs_media,media,alta,81,True,37,37.0
2019,meia-idade,4,2,RS,,127.0,alta_vs_media,media,alta,182,True,55,55.0
2019,meia-idade,4,2,SC,,93.0,alta_vs_media,media,alta,121,True,28,28.0
2019,meia-idade,4,2,SE,,257.0,alta_vs_media,media,alta,335,True,78,78.0
2019,meia-idade,4,2,SP,,2099.0,alta_vs_media,media,alta,3162,True,1063,1063.0
2019,meia-idade,4,2,TO,,105.0,alta_vs_media,media,alta,142,True,37,37.0
2019,meia-idade,5,1,AC,,0.0,alta_vs_media,media,alta,1,False,0,1.0
2019,meia-idade,5,1,AL,,1.0,alta_vs_media,media,alta,1,False,0,0.0
2019,meia-idade,5,1,AM,,17.0,alta_vs_media,media,alta,22,False,5,5.0
2019,meia-idade,5,1,BA,,6.0,alta_vs_media,media,alta,7,False,1,1.0
2019,meia-idade,5,1,CE,,2.0,alta_vs_media,media,alta,3,False,1,1.0
2019,meia-idade,5,1,DF,,3.0,alta_vs_media,media,alta,3,False,0,0.0
2019,meia-idade,5,1,ES,,1.0,alta_vs_media,media,alta,1,False,0,0.0
2019,meia-idade,5,1,GO,,1.0,alta_vs_media,media,alta,2,False,1,1.0
2019,meia-idade,5,1,MA,,6.0,alta_vs_media,media,alta,7,False,1,1.0
2019,meia-idade,5,1,MG,,6.0,alta_vs_media,media,alta,7,False,1,1.0
2019,meia-idade,5,1,MS,,21.0,alta_vs_media,media,alta,27,False,6,6.0
2019,meia-idade,5,1,MT,,4.0,alta_vs_media,media,alta,4,False,0,0.0
2019,meia-idade,5,1,PA,,6.0,alta_vs_media,media,alta,6,False,0,0.0
2019,meia-idade,5,1,PE,,8.0,alta_vs_media,media,alta,8,False,0,0.0
2019,meia-idade,5,1,PR,,3.0,alta_vs_media,media,alta,4,False,1,1.0
2019,meia-idade,5,1,RJ,,1.0,alta_vs_media,media,alta,1,False,0,0.0
2019,meia-idade,5,1,RN,,1.0,alta_vs_media,media,alta,1,False,0,0.0
2019,meia-idade,5,1,RO,,1.0,alta_vs_media,media,alta,3,False,1,2.0
2019,meia-idade,5,1,RR,,5.0,alta_vs_media,media,alta,6,False,1,1.0
2019,meia-idade,5,1,RS,,5.0,alta_vs_media,media,alta,6,False,1,1.0
2019,meia-idade,5,1,SC,,4.0,alta_vs_media,media,alta,5,False,1,1.0
2019,meia-idade,5,1,SE,,1.0,alta_vs_media,media,alta,1,False,0,0.0
2019,meia-idade,5,1,SP,,7.0,alta_vs_media,media,alta,9,False,2,2.0
2019,meia-idade,5,1,TO,,2.0,alta_vs_media,media,alta,2,False,0,0.0
2019,meia-idade,5,2,AC,,1.0,alta_vs_media,media,alta,2,False,1,1.0
2019,meia-idade,5,2,AM,,9.0,alta_vs_media,media,alta,12,False,3,3.0
2019,meia-idade,5,2,BA,,1.0,alta_vs_media,media,alta,2,False,1,1.0
2019,meia-idade,5,2,CE,,2.0,alta_vs_media,media,alta,2,False,0,0.0
2019,meia-idade,5,2,DF,,1.0,alta_vs_media,media,alta,2,False,1,1.0
2019,meia-idade,5,2,GO,,1.0,alta_vs_media,media,alta,1,False,0,0.0
2019,meia-idade,5,2,MA,,2.0,alta_vs_media,media,alta,3,False,1,1.0
2019,meia-idade,5,2,MS,,16.0,alta_vs_media,media,alta,20,False,4,4.0
2019,meia-idade,5,2,MT,,2.0,alta_vs_media,media,alta,2,False,0,0.0
2019,meia-idade,5,2,PA,,3.0,alta_vs_media,media,alta,3,False,0,0.0
2019,meia-idade,5,2,PB,,2.0,alta_vs_media,media,alta,2,False,0,0.0
2019,meia-idade,5,2,PE,,4.0,alta_vs_media,media,alta,4,False,0,0.0
2019,meia-idade,5,2,PI,,2.0,alta_vs_media,media,alta,2,False,0,0.0
2019,meia-idade,5,2,PR,,7.0,alta_vs_media,media,alta,7,False,0,0.0
2019,meia-idade,5,2,RJ,,0.0,alta_vs_media,media,alta,3,False,0,3.0
2019,meia-idade,5,2,RN,,3.0,alta_vs_media,media,alta,5,False,2,2.0
2019,meia-idade,5,2,RO,,1.0,alta_vs_media,media,alta,3,False,1,2.0
2019,meia-idade,5,2,RR,,4.0,alta_vs_media,media,alta,8,False,4,4.0
2019,meia-idade,5,2,RS,,6.0,alta_vs_media,media,alta,7,False,1,1.0
2019,meia-idade,5,2,SC,,4.0,alta_vs_media,media,alta,4,False,0,0.0
2019,meia-idade,5,2,SP,,8.0,alta_vs_media,media,alta,12,False,4,4.0
2020,adulto,1,0,PA,,1.0,alta_vs_media,media,alta,1,False,0,0.0
2020,adulto,1,0,SP,,0.0,alta_vs_media,media,alta,1,False,0,1.0
2020,adulto,1,1,AC,,13.0,alta_vs_media,media,alta,22,False,9,9.0
2020,adulto,1,1,AL,,27.0,alta_vs_media,media,alta,50,True,23,23.0
2020,adulto,1,1,AM,,78.0,alta_vs_media,media,alta,164,True,78,86.0
2020,adulto,1,1,AP,,17.0,alta_vs_media,media,alta,28,False,11,11.0
2020,adulto,1,1,BA,,280.0,alta_vs_media,media,alta,401,True,121,121.0
2020,adulto,1,1,CE,,243.0,alta_vs_media,media,alta,404,True,161,161.0
2020,adulto,1,1,DF,,172.0,alta_vs_media,media,alta,264,True,92,92.0
2020,adulto,1,1,ES,,61.0,alta_vs_media,media,alta,116,True,55,55.0
2020,adulto,1,1,GO,,378.0,alta_vs_media,media,alta,651,True,273,273.0
2020,adulto,1,1,MA,,147.0,alta_vs_media,media,alta,276,True,129,129.0
2020,adulto,1,1,MG,,873.0,alta_vs_media,media,alta,1715,True,842,842.0
2020,adulto,1,1,MS,,145.0,alta_vs_media,media,alta,298,True,145,153.0
2020,adulto,1,1,MT,,181.0,alta_vs_media,media,alta,354,True,173,173.0
2020,adulto,1,1,PA,,173.0,alta_vs_media,media,alta,278,True,105,105.0
2020,adulto,1,1,PB,,43.0,alta_vs_media,media,alta,54,False,11,11.0
2020,adulto,1,1,PE,,505.0,alta_vs_media,media,alta,733,True,228,228.0
2020,adulto,1,1,PI,,61.0,alta_vs_media,media,alta,93,True,32,32.0
2020,adulto,1,1,PR,,1298.0,alta_vs_media,media,alta,2726,True,1298,1428.0
2020,adulto,1,1,RJ,,863.0,alta_vs_media,media,alta,1487,True,624,624.0
2020,adulto,1,1,RN,,88.0,alta_vs_media,media,alta,141,True,53,53.0
2020,adulto,1,1,RO,,74.0,alta_vs_media,media,alta,158,True,74,84.0
2020,adulto,1,1,RR,,15.0,alta_vs_media,media,alta,21,False,6,6.0
2020,adulto,1,1,RS,,821.0,alta_vs_media,media,alta,1496,True,675,675.0
2020,adulto,1,1,SC,,720.0,alta_vs_media,media,alta,1441,True,720,721.0
2020,adulto,1,1,SE,,74.0,alta_vs_media,media,alta,125,True,51,51.0
2020,adulto,1,1,SP,,2595.0,alta_vs_media,media,alta,5593,True,2595,2998.0
2020,adulto,1,1,TO,,52.0,alta_vs_media,media,alta,89,True,37,37.0
2020,adulto,1,2,AC,,14.0,alta_vs_media,media,alta,18,False,4,4.0
2020,adulto,1,2,AL,,22.0,alta_vs_media,media,alta,38,False,16,16.0
2020,adulto,1,2,AM,,44.0,alta_vs_media,media,alta,106,True,44,62.0
2020,adulto,1,2,AP,,16.0,alta_vs_media,media,alta,24,False,8,8.0
2020,adulto,1,2,BA,,147.0,alta_vs_media,media,alta,256,True,109,109.0
2020,adulto,1,2,CE,,165.0,alta_vs_media,media,alta,245,True,80,80.0
2020,adulto,1,2,DF,,102.0,alta_vs_media,media,alta,159,True,57,57.0
2020,adulto,1,2,ES,,48.0,alta_vs_media,media,alta,88,True,40,40.0
2020,adulto,1,2,GO,,221.0,alta_vs_media,media,alta,398,True,177,177.0
2020,adulto,1,2,MA,,94.0,alta_vs_media,media,alta,165,True,71,71.0
2020,adulto,1,2,MG,,516.0,alta_vs_media,media,alta,1023,True,507,507.0
2020,adulto,1,2,MS,,94.0,alta_vs_media,media,alta,187,True,93,93.0
2020,adulto,1,2,MT,,82.0,alta_vs_media,media,alta,173,True,82,91.0
2020,adulto,1,2,PA,,122.0,alta_vs_media,media,alta,209,True,87,87.0
2020,adulto,1,2,PB,,27.0,alta_vs_media,media,alta,52,True,25,25.0
2020,adulto,1,2,PE,,220.0,alta_vs_media,media,alta,388,True,168,168.0
2020,adulto,1,2,PI,,34.0,alta_vs_media,media,alta,63,True,29,29.0
2020,adulto,1,2,PR,,551.0,alta_vs_media,media,alta,1134,True,551,583.0
2020,adulto,1,2,RJ,,601.0,alta_vs_media,media,alta,1132,True,531,531.0
2020,adulto,1,2,RN,,65.0,alta_vs_media,media,alta,103,True,38,38.0
2020,adulto,1,2,RO,,42.0,alta_vs_media,media,alta,68,True,26,26.0
2020,adulto,1,2,RR,,10.0,alta_vs_media,media,alta,18,False,8,8.0
2020,adulto,1,2,RS,,466.0,alta_vs_media,media,alta,838,True,372,372.0
2020,adulto,1,2,SC,,385.0,alta_vs_media,media,alta,787,True,385,402.0
2020,adulto,1,2,SE,,50.0,alta_vs_media,media,alta,74,True,24,24.0
2020,adulto,1,2,SP,,1557.0,alta_vs_media,media,alta,3420,True,1557,1863.0
2020,adulto,1,2,TO,,28.0,alta_vs_media,media,alta,46,False,18,18.0
2020,adulto,2,1,AC,,5.0,alta_vs_media,media,alta,5,False,0,0.0
2020,adulto,2,1,AL,,19.0,alta_vs_media,media,alta,27,False,8,8.0
2020,adulto,2,1,AM,,20.0,alta_vs_media,media,alta,34,False,14,14.0
2020,adulto,2,1,AP,,10.0,alta_vs_media,media,alta,14,False,4,4.0
2020,adulto,2,1,BA,,538.0,alta_vs_media,media,alta,749,True,211,211.0
2020,adulto,2,1,CE,,60.0,alta_vs_media,media,alta,83,True,23,23.0
2020,adulto,2,1,DF,,52.0,alta_vs_media,media,alta,77,True,25,25.0
2020,adulto,2,1,ES,,44.0,alta_vs_media,media,alta,70,True,26,26.0
2020,adulto,2,1,GO,,115.0,alta_vs_media,media,alta,190,True,75,75.0
2020,adulto,2,1,MA,,189.0,alta_vs_media,media,alta,272,True,83,83.0
2020,adulto,2,1,MG,,448.0,alta_vs_media,media,alta,711,True,263,263.0
2020,adulto,2,1,MS,,35.0,alta_vs_media,media,alta,51,False,16,16.0
2020,adulto,2,1,MT,,52.0,alta_vs_media,media,alta,112,True,52,60.0
2020,adulto,2,1,PA,,130.0,alta_vs_media,media,alta,180,True,50,50.0
2020,adulto,2,1,PB,,8.0,alta_vs_media,media,alta,10,False,2,2.0
2020,adulto,2,1,PE,,135.0,alta_vs_media,media,alta,194,True,59,59.0
2020,adulto,2,1,PI,,48.0,alta_vs_media,media,alta,65,False,17,17.0
2020,adulto,2,1,PR,,113.0,alta_vs_media,media,alta,192,True,79,79.0
2020,adulto,2,1,RJ,,598.0,alta_vs_media,media,alta,907,True,309,309.0
2020,adulto,2,1,RN,,20.0,alta_vs_media,media,alta,28,False,8,8.0
2020,adulto,2,1,RO,,27.0,alta_vs_media,media,alta,43,False,16,16.0
2020,adulto,2,1,RR,,4.0,alta_vs_media,media,alta,10,False,4,6.0
2020,adulto,2,1,RS,,123.0,alta_vs_media,media,alta,186,True,63,63.0
2020,adulto,2,1,SC,,44.0,alta_vs_media,media,alta,71,True,27,27.0
2020,adulto,2,1,SE,,45.0,alta_vs_media,media,alta,65,True,20,20.0
2020,adulto,2,1,SP,,462.0,alta_vs_media,media,alta,967,True,462,505.0
2020,adulto,2,1,TO,,38.0,alta_vs_media,media,alta,59,True,21,21.0
2020,adulto,2,2,AC,,3.0,alta_vs_media,media,alta,3,False,0,0.0
2020,adulto,2,2,AL,,13.0,alta_vs_media,media,alta,17,False,4,4.0
2020,adulto,2,2,AM,,8.0,alta_vs_media,media,alta,16,False,8,8.0
2020,adulto,2,2,AP,,6.0,alta_vs_media,media,alta,13,False,6,7.0
2020,adulto,2,2,BA,,221.0,alta_vs_media,media,alta,351,True,130,130.0
2020,adulto,2,2,CE,,28.0,alta_vs_media,media,alta,40,False,12,12.0
2020,adulto,2,2,DF,,22.0,alta_vs_media,media,alta,39,False,17,17.0
2020,adulto,2,2,ES,,32.0,alta_vs_media,media,alta,45,False,13,13.0
2020,adulto,2,2,GO,,61.0,alta_vs_media,media,alta,91,True,30,30.0
2020,adulto,2,2,MA,,56.0,alta_vs_media,media,alta,90,True,34,34.0
2020,adulto,2,2,MG,,214.0,alta_vs_media,media,alta,375,True,161,161.0
2020,adulto,2,2,MS,,9.0,alta_vs_media,media,alta,17,False,8,8.0
2020,adulto,2,2,MT,,13.0,alta_vs_media,media,alta,33,False,13,20.0
2020,adulto,2,2,PA,,53.0,alta_vs_media,media,alta,77,True,24,24.0
2020,adulto,2,2,PB,,5.0,alta_vs_media,media,alta,6,False,1,1.0
2020,adulto,2,2,PE,,62.0,alta_vs_media,media,alta,95,True,33,33.0
2020,adulto,2,2,PI,,22.0,alta_vs_media,media,alta,31,False,9,9.0
2020,adulto,2,2,PR,,48.0,alta_vs_media,media,alta,84,True,36,36.0
2020,adulto,2,2,RJ,,414.0,alta_vs_media,media,alta,634,True,220,220.0
2020,adulto,2,2,RN,,11.0,alta_vs_media,media,alta,17,False,6,6.0
2020,adulto,2,2,RO,,14.0,alta_vs_media,media,alta,24,False,10,10.0
2020,adulto,2,2,RR,,1.0,alta_vs_media,media,alta,4,False,1,3.0
2020,adulto,2,2,RS,,70.0,alta_vs_media,media,alta,111,True,41,41.0
2020,adulto,2,2,SC,,29.0,alta_vs_media,media,alta,58,True,29,29.0
2020,adulto,2,2,SE,,18.0,alta_vs_media,media,alta,33,False,15,15.0
2020,adulto,2,2,SP,,253.0,alta_vs_media,media,alta,583,True,253,330.0
2020,adulto,2,2,TO,,18.0,alta_vs_media,media,alta,29,False,11,11.0
2020,adulto,3,1,AL,,2.0,alta_vs_media,media,alta,3,False,1,1.0
2020,adulto,3,1,AM,,5.0,alta_vs_media,media,alta,12,False,5,7.0
2020,adulto,3,1,AP,,2.0,alta_vs_media,media,alta,3,False,1,1.0
2020,adulto,3,1,BA,,4.0,alta_vs_media,media,alta,6,False,2,2.0
2020,adulto,3,1,CE,,9.0,alta_vs_media,media,alta,16,False,7,7.0
2020,adulto,3,1,DF,,6.0,alta_vs_media,media,alta,8,False,2,2.0
2020,adulto,3,1,ES,,1.0,alta_vs_media,media,alta,1,False,0,0.0
2020,adulto,3,1,GO,,3.0,alta_vs_media,media,alta,6,False,3,3.0
2020,adulto,3,1,MA,,1.0,alta_vs_media,media,alta,5,False,1,4.0
2020,adulto,3,1,MG,,5.0,alta_vs_media,media,alta,16,False,5,11.0
2020,adulto,3,1,MS,,1.0,alta_vs_media,media,alta,1,False,0,0.0
2020,adulto,3,1,MT,,3.0,alta_vs_media,media,alta,7,False,3,4.0
2020,adulto,3,1,PA,,2.0,alta_vs_media,media,alta,5,False,2,3.0
2020,adulto,3,1,PB,,1.0,alta_vs_media,media,alta,1,False,0,0.0
2020,adulto,3,1,PE,,6.0,alta_vs_media,media,alta,7,False,1,1.0
2020,adulto,3,1,PI,,1.0,alta_vs_media,media,alta,1,False,0,0.0
2020,adulto,3,1,PR,,3.0,alta_vs_media,media,alta,8,False,3,5.0
2020,adulto,3,1,RJ,,3.0,alta_vs_media,media,alta,3,False,0,0.0
2020,adulto,3,1,RN,,1.0,alta_vs_media,media,alta,1,False,0,0.0
2020,adulto,3,1,RO,,0.0,alta_vs_media,media,alta,1,False,0,1.0
2020,adulto,3,1,RR,,1.0,alta_vs_media,media,alta,1,False,0,0.0
2020,adulto,3,1,RS,,1.0,alta_vs_media,media,alta,2,False,1,1.0
2020,adulto,3,1,SP,,26.0,alta_vs_media,media,alta,39,False,13,13.0
2020,adulto,3,1,TO,,2.0,alta_vs_media,media,alta,4,False,2,2.0
2020,adulto,3,2,AM,,1.0,alta_vs_media,media,alta,3,False,1,2.0
2020,adulto,3,2,AP,,3.0,alta_vs_media,media,alta,3,False,0,0.0
2020,adulto,3,2,BA,,1.0,alta_vs_media,media,alta,1,False,0,0.0
2020,adulto,3,2,CE,,6.0,alta_vs_media,media,alta,8,False,2,2.0
2020,adulto,3,2,DF,,2.0,alta_vs_media,media,alta,3,False,1,1.0
2020,adulto,3,2,GO,,3.0,alta_vs_media,media,alta,3,False,0,0.0
2020,adulto,3,2,MA,,1.0,alta_vs_media,media,alta,2,False,1,1.0
2020,adulto,3,2,MG,,6.0,alta_vs_media,media,alta,13,False,6,7.0
2020,adulto,3,2,MS,,3.0,alta_vs_media,media,alta,3,False,0,0.0
2020,adulto,3,2,MT,,3.0,alta_vs_media,media,alta,7,False,3,4.0
2020,adulto,3,2,PA,,0.0,alta_vs_media,media,alta,2,False,0,2.0
2020,adulto,3,2,PB,,1.0,alta_vs_media,media,alta,1,False,0,0.0
2020,adulto,3,2,PE,,2.0,alta_vs_media,media,alta,5,False,2,3.0
2020,adulto,3,2,PI,,1.0,alta_vs_media,media,alta,1,False,0,0.0
2020,adulto,3,2,PR,,1.0,alta_vs_media,media,alta,2,False,1,1.0
2020,adulto,3,2,RJ,,1.0,alta_vs_media,media,alta,1,False,0,0.0
2020,adulto,3,2,RN,,2.0,alta_vs_media,media,alta,2,False,0,0.0
2020,adulto,3,2,RO,,1.0,alta_vs_media,media,alta,1,False,0,0.0
2020,adulto,3,2,RS,,0.0,alta_vs_media,media,alta,1,False,0,1.0
2020,adulto,3,2,SC,,3.0,alta_vs_media,media,alta,3,False,0,0.0
2020,adulto,3,2,SE,,1.0,alta_vs_media,media,alta,1,False,0,0.0
2020,adulto,3,2,SP,,15.0,alta_vs_media,media,alta,23,False,8,8.0
2020,adulto,4,0,CE,,0.0,alta_vs_media,media,alta,1,False,0,1.0
2020,adulto,4,1,AC,,70.0,alta_vs_media,media,alta,108,True,38,38.0
2020,adulto,4,1,AL,,439.0,alta_vs_media,media,alta,654,True,215,215.0
2020,adulto,4,1,AM,,691.0,alta_vs_media,media,alta,1336,True,645,645.0
2020,adulto,4,1,AP,,106.0,alta_vs_media,media,alta,185,True,79,79.0
2020,adulto,4,1,BA,,2229.0,alta_vs_media,media,alta,3195,True,966,966.0
2020,adulto,4,1,CE,,2067.0,alta_vs_media,media,alta,2939,True,872,872.0
2020,adulto,4,1,DF,,304.0,alta_vs_media,media,alta,467,True,163,163.0
2020,adulto,4,1,ES,,206.0,alta_vs_media,media,alta,373,True,167,167.0
2020,adulto,4,1,GO,,1032.0,alta_vs_media,media,alta,1646,True,614,614.0
2020,adulto,4,1,MA,,1061.0,alta_vs_media,media,alta,1781,True,720,720.0
2020,adulto,4,1,MG,,1543.0,alta_vs_media,media,alta,2556,True,1013,1013.0
2020,adulto,4,1,MS,,265.0,alta_vs_media,media,alta,514,True,249,249.0
2020,adulto,4,1,MT,,412.0,alta_vs_media,media,alta,892,True,412,480.0
2020,adulto,4,1,PA,,1250.0,alta_vs_media,media,alta,1897,True,647,647.0
2020,adulto,4,1,PB,,233.0,alta_vs_media,media,alta,309,True,76,76.0
2020,adulto,4,1,PE,,2199.0,alta_vs_media,media,alta,2931,True,732,732.0
2020,adulto,4,1,PI,,501.0,alta_vs_media,media,alta,669,True,168,168.0
2020,adulto,4,1,PR,,565.0,alta_vs_media,media,alta,1029,True,464,464.0
2020,adulto,4,1,RJ,,1339.0,alta_vs_media,media,alta,2087,True,748,748.0
2020,adulto,4,1,RN,,338.0,alta_vs_media,media,alta,423,True,85,85.0
2020,adulto,4,1,RO,,180.0,alta_vs_media,media,alta,331,True,151,151.0
2020,adulto,4,1,RR,,86.0,alta_vs_media,media,alta,165,True,79,79.0
2020,adulto,4,1,RS,,133.0,alta_vs_media,media,alta,201,True,68,68.0
2020,adulto,4,1,SC,,129.0,alta_vs_media,media,alta,223,True,94,94.0
2020,adulto,4,1,SE,,582.0,alta_vs_media,media,alta,840,True,258,258.0
2020,adulto,4,1,SP,,1952.0,alta_vs_media,media,alta,4041,True,1952,2089.0
2020,adulto,4,1,TO,,228.0,alta_vs_media,media,alta,373,True,145,145.0
2020,adulto,4,2,AC,,28.0,alta_vs_media,media,alta,44,False,16,16.0
2020,adulto,4,2,AL,,111.0,alta_vs_media,media,alta,167,True,56,56.0
2020,adulto,4,2,AM,,225.0,alta_vs_media,media,alta,539,True,225,314.0
2020,adulto,4,2,AP,,51.0,alta_vs_media,media,alta,90,True,39,39.0
2020,adulto,4,2,BA,,670.0,alta_vs_media,media,alta,1114,True,444,444.0
2020,adulto,4,2,CE,,626.0,alta_vs_media,media,alta,1020,True,394,394.0
2020,adulto,4,2,DF,,100.0,alta_vs_media,media,alta,181,True,81,81.0
2020,adulto,4,2,ES,,83.0,alta_vs_media,media,alta,182,True,83,99.0
2020,adulto,4,2,GO,,332.0,alta_vs_media,media,alta,560,True,228,228.0
2020,adulto,4,2,MA,,411.0,alta_vs_media,media,alta,712,True,301,301.0
2020,adulto,4,2,MG,,619.0,alta_vs_media,media,alta,1143,True,524,524.0
2020,adulto,4,2,MS,,110.0,alta_vs_media,media,alta,240,True,110,130.0
2020,adulto,4,2,MT,,171.0,alta_vs_media,media,alta,365,True,171,194.0
2020,adulto,4,2,PA,,538.0,alta_vs_media,media,alta,900,True,362,362.0
2020,adulto,4,2,PB,,95.0,alta_vs_media,media,alta,149,True,54,54.0
2020,adulto,4,2,PE,,600.0,alta_vs_media,media,alta,970,True,370,370.0
2020,adulto,4,2,PI,,144.0,alta_vs_media,media,alta,235,True,91,91.0
2020,adulto,4,2,PR,,182.0,alta_vs_media,media,alta,380,True,182,198.0
2020,adulto,4,2,RJ,,674.0,alta_vs_media,media,alta,1172,True,498,498.0
2020,adulto,4,2,RN,,119.0,alta_vs_media,media,alta,190,True,71,71.0
2020,adulto,4,2,RO,,65.0,alta_vs_media,media,alta,121,True,56,56.0
2020,adulto,4,2,RR,,45.0,alta_vs_media,media,alta,82,True,37,37.0
2020,adulto,4,2,RS,,61.0,alta_vs_media,media,alta,109,True,48,48.0
2020,adulto,4,2,SC,,34.0,alta_vs_media,media,alta,74,True,34,40.0
2020,adulto,4,2,SE,,138.0,alta_vs_media,media,alta,223,True,85,85.0
2020,adulto,4,2,SP,,755.0,alta_vs_media,media,alta,1757,True,755,1002.0
2020,adulto,4,2,TO,,76.0,alta_vs_media,media,alta,123,True,47,47.0
2020,adulto,5,1,AC,,1.0,alta_vs_media,media,alta,1,False,0,0.0
2020,adulto,5,1,AL,,4.0,alta_vs_media,media,alta,4,False,0,0.0
2020,adulto,5,1,AM,,25.0,alta_vs_media,media,alta,38,False,13,13.0
2020,adulto,5,1,AP,,1.0,alta_vs_media,media,alta,1,False,0,0.0
2020,adulto,5,1,BA,,3.0,alta_vs_media,media,alta,3,False,0,0.0
2020,adulto,5,1,CE,,2.0,alta_vs_media,media,alta,3,False,1,1.0
2020,adulto,5,1,ES,,1.0,alta_vs_media,media,alta,1,False,0,0.0
2020,adulto,5,1,GO,,1.0,alta_vs_media,media,alta,2,False,1,1.0
2020,adulto,5,1,MA,,7.0,alta_vs_media,media,alta,8,False,1,1.0
2020,adulto,5,1,MG,,3.0,alta_vs_media,media,alta,5,False,2,2.0
2020,adulto,5,1,MS,,24.0,alta_vs_media,media,alta,33,False,9,9.0
2020,adulto,5,1,MT,,1.0,alta_vs_media,media,alta,6,False,1,5.0
2020,adulto,5,1,PA,,5.0,alta_vs_media,media,alta,10,False,5,5.0
2020,adulto,5,1,PB,,2.0,alta_vs_media,media,alta,2,False,0,0.0
2020,adulto,5,1,PE,,4.0,alta_vs_media,media,alta,5,False,1,1.0
2020,adulto,5,1,PI,,1.0,alta_vs_media,media,alta,1,False,0,0.0
2020,adulto,5,1,PR,,1.0,alta_vs_media,media,alta,3,False,1,2.0
2020,adulto,5,1,RN,,1.0,alta_vs_media,media,alta,1,False,0,0.0
2020,adulto,5,1,RO,,3.0,alta_vs_media,media,alta,6,False,3,3.0
2020,adulto,5,1,RR,,16.0,alta_vs_media,media,alta,22,False,6,6.0
2020,adulto,5,1,RS,,7.0,alta_vs_media,media,alta,9,False,2,2.0
2020,adulto,5,1,SC,,3.0,alta_vs_media,media,alta,5,False,2,2.0
2020,adulto,5,1,SE,,0.0,alta_vs_media,media,alta,1,False,0,1.0
2020,adulto,5,1,SP,,2.0,alta_vs_media,media,alta,6,False,2,4.0
2020,adulto,5,2,AL,,1.0,alta_vs_media,media,alta,1,False,0,0.0
2020,adulto,5,2,AM,,17.0,alta_vs_media,media,alta,30,False,13,13.0
2020,adulto,5,2,AP,,0.0,alta_vs_media,media,alta,1,False,0,1.0
2020,adulto,5,2,BA,,2.0,alta_vs_media,media,alta,2,False,0,0.0
2020,adulto,5,2,CE,,1.0,alta_vs_media,media,alta,2,False,1,1.0
2020,adulto,5,2,DF,,0.0,alta_vs_media,media,alta,1,False,0,1.0
2020,adulto,5,2,ES,,0.0,alta_vs_media,media,alta,1,False,0,1.0
2020,adulto,5,2,GO,,1.0,alta_vs_media,media,alta,1,False,0,0.0
2020,adulto,5,2,MA,,4.0,alta_vs_media,media,alta,4,False,0,0.0
2020,adulto,5,2,MG,,3.0,alta_vs_media,media,alta,4,False,1,1.0
2020,adulto,5,2,MS,,19.0,alta_vs_media,media,alta,26,False,7,7.0
2020,adulto,5,2,MT,,3.0,alta_vs_media,media,alta,5,False,2,2.0
2020,adulto,5,2,PA,,3.0,alta_vs_media,media,alta,4,False,1,1.0
2020,adulto,5,2,PB,,0.0,alta_vs_media,media,alta,1,False,0,1.0
2020,adulto,5,2,PE,,5.0,alta_vs_media,media,alta,7,False,2,2.0
2020,adulto,5,2,PR,,3.0,alta_vs_media,media,alta,3,False,0,0.0
2020,adulto,5,2,RJ,,1.0,alta_vs_media,media,alta,1,False,0,0.0
2020,adulto,5,2,RN,,0.0,alta_vs_media,media,alta,2,False,0,2.0
2020,adulto,5,2,RO,,1.0,alta_vs_media,media,alta,1,False,0,0.0
2020,adulto,5,2,RR,,8.0,alta_vs_media,media,alta,10,False,2,2.0
2020,adulto,5,2,RS,,8.0,alta_vs_media,media,alta,9,False,1,1.0
2020,adulto,5,2,SC,,1.0,alta_vs_media,media,alta,2,False,1,1.0
2020,adulto,5,2,SP,,3.0,alta_vs_media,media,alta,5,False,2,2.0
2020,adulto,5,2,TO,,3.0,alta_vs_media,media,alta,3,False,0,0.0
2020,idoso,1,0,MG,,0.0,alta_vs_media,media,alta,1,False,0,1.0
2020,idoso,1,0,MT,,1.0,alta_vs_media,media,alta,1,False,0,0.0
2020,idoso,1,0,SP,,1.0,alta_vs_media,media,alta,1,False,0,0.0
2020,idoso,1,1,AC,,40.0,alta_vs_media,media,alta,51,False,11,11.0
2020,idoso,1,1,AL,,174.0,alta_vs_media,media,alta,232,True,58,58.0
2020,idoso,1,1,AM,,277.0,alta_vs_media,media,alta,444,True,167,167.0
2020,idoso,1,1,AP,,53.0,alta_vs_media,media,alta,69,False,16,16.0
2020,idoso,1,1,BA,,981.0,alta_vs_media,media,alta,1395,True,414,414.0
2020,idoso,1,1,CE,,901.0,alta_vs_media,media,alta,1227,True,326,326.0
2020,idoso,1,1,DF,,682.0,alta_vs_media,media,alta,958,True,276,276.0
2020,idoso,1,1,ES,,559.0,alta_vs_media,media,alta,783,True,224,224.0
2020,idoso,1,1,GO,,1531.0,alta_vs_media,media,alta,2107,True,576,576.0
2020,idoso,1,1,MA,,473.0,alta_vs_media,media,alta,674,True,201,201.0
2020,idoso,1,1,MG,,5804.0,alta_vs_media,media,alta,8039,True,2235,2235.0
2020,idoso,1,1,MS,,816.0,alta_vs_media,media,alta,1196,True,380,380.0
2020,idoso,1,1,MT,,757.0,alta_vs_media,media,alta,1072,True,315,315.0
2020,idoso,1,1,PA,,648.0,alta_vs_media,media,alta,935,True,287,287.0
2020,idoso,1,1,PB,,249.0,alta_vs_media,media,alta,322,True,73,73.0
2020,idoso,1,1,PE,,1594.0,alta_vs_media,media,alta,2241,True,647,647.0
2020,idoso,1,1,PI,,221.0,alta_vs_media,media,alta,281,True,60,60.0
2020,idoso,1,1,PR,,6282.0,alta_vs_media,media,alta,8691,True,2409,2409.0
2020,idoso,1,1,RJ,,6609.0,alta_vs_media,media,alta,9626,True,3017,3017.0
2020,idoso,1,1,RN,,426.0,alta_vs_media,media,alta,575,True,149,149.0
2020,idoso,1,1,RO,,261.0,alta_vs_media,media,alta,353,True,92,92.0
2020,idoso,1,1,RR,,47.0,alta_vs_media,media,alta,63,False,16,16.0
2020,idoso,1,1,RS,,6160.0,alta_vs_media,media,alta,8343,True,2183,2183.0
2020,idoso,1,1,SC,,4725.0,alta_vs_media,media,alta,6319,True,1594,1594.0
2020,idoso,1,1,SE,,236.0,alta_vs_media,media,alta,365,True,129,129.0
2020,idoso,1,1,SP,,20505.0,alta_vs_media,media,alta,29646,True,9141,9141.0
2020,idoso,1,1,TO,,159.0,alta_vs_media,media,alta,218,True,59,59.0
2020,idoso,1,2,AC,,30.0,alta_vs_media,media,alta,35,False,5,5.0
2020,idoso,1,2,AL,,143.0,alta_vs_media,media,alta,187,True,44,44.0
2020,idoso,1,2,AM,,197.0,alta_vs_media,media,alta,333,True,136,136.0
2020,idoso,1,2,AP,,26.0,alta_vs_media,media,alta,45,False,19,19.0
2020,idoso,1,2,BA,,740.0,alta_vs_media,media,alta,1096,True,356,356.0
2020,idoso,1,2,CE,,907.0,alta_vs_media,media,alta,1208,True,301,301.0
2020,idoso,1,2,DF,,494.0,alta_vs_media,media,alta,695,True,201,201.0
2020,idoso,1,2,ES,,374.0,alta_vs_media,media,alta,501,True,127,127.0
2020,idoso,1,2,GO,,1170.0,alta_vs_media,media,alta,1568,True,398,398.0
2020,idoso,1,2,MA,,371.0,alta_vs_media,media,alta,538,True,167,167.0
2020,idoso,1,2,MG,,4319.0,alta_vs_media,media,alta,5710,True,1391,1391.0
2020,idoso,1,2,MS,,602.0,alta_vs_media,media,alta,838,True,236,236.0
2020,idoso,1,2,MT,,464.0,alta_vs_media,media,alta,659,True,195,195.0
2020,idoso,1,2,PA,,477.0,alta_vs_media,media,alta,693,True,216,216.0
2020,idoso,1,2,PB,,246.0,alta_vs_media,media,alta,292,True,46,46.0
2020,idoso,1,2,PE,,1362.0,alta_vs_media,media,alta,1881,True,519,519.0
2020,idoso,1,2,PI,,197.0,alta_vs_media,media,alta,244,True,47,47.0
2020,idoso,1,2,PR,,4264.0,alta_vs_media,media,alta,5566,True,1302,1302.0
2020,idoso,1,2,RJ,,5789.0,alta_vs_media,media,alta,8161,True,2372,2372.0
2020,idoso,1,2,RN,,422.0,alta_vs_media,media,alta,557,True,135,135.0
2020,idoso,1,2,RO,,151.0,alta_vs_media,media,alta,221,True,70,70.0
2020,idoso,1,2,RR,,29.0,alta_vs_media,media,alta,47,False,18,18.0
2020,idoso,1,2,RS,,4151.0,alta_vs_media,media,alta,5519,True,1368,1368.0
2020,idoso,1,2,SC,,2962.0,alta_vs_media,media,alta,3770,True,808,808.0
2020,idoso,1,2,SE,,218.0,alta_vs_media,media,alta,295,True,77,77.0
2020,idoso,1,2,SP,,15202.0,alta_vs_media,media,alta,20959,True,5757,5757.0
2020,idoso,1,2,TO,,113.0,alta_vs_media,media,alta,147,True,34,34.0
2020,idoso,2,1,AC,,8.0,alta_vs_media,media,alta,8,False,0,0.0
2020,idoso,2,1,AL,,51.0,alta_vs_media,media,alta,63,False,12,12.0
2020,idoso,2,1,AM,,62.0,alta_vs_media,media,alta,87,True,25,25.0
2020,idoso,2,1,AP,,22.0,alta_vs_media,media,alta,25,False,3,3.0
2020,idoso,2,1,BA,,964.0,alta_vs_media,media,alta,1247,True,283,283.0
2020,idoso,2,1,CE,,124.0,alta_vs_media,media,alta,150,True,26,26.0
2020,idoso,2,1,DF,,118.0,alta_vs_media,media,alta,155,True,37,37.0
2020,idoso,2,1,ES,,136.0,alta_vs_media,media,alta,175,True,39,39.0
2020,idoso,2,1,GO,,269.0,alta_vs_media,media,alta,332,True,63,63.0
2020,idoso,2,1,MA,,300.0,alta_vs_media,media,alta,366,True,66,66.0
2020,idoso,2,1,MG,,1456.0,alta_vs_media,media,alta,1801,True,345,345.0
2020,idoso,2,1,MS,,112.0,alta_vs_media,media,alta,144,True,32,32.0
2020,idoso,2,1,MT,,157.0,alta_vs_media,media,alta,207,True,50,50.0
2020,idoso,2,1,PA,,247.0,alta_vs_media,media,alta,314,True,67,67.0
2020,idoso,2,1,PB,,37.0,alta_vs_media,media,alta,43,False,6,6.0
2020,idoso,2,1,PE,,374.0,alta_vs_media,media,alta,470,True,96,96.0
2020,idoso,2,1,PI,,110.0,alta_vs_media,media,alta,131,True,21,21.0
2020,idoso,2,1,PR,,339.0,alta_vs_media,media,alta,450,True,111,111.0
2020,idoso,2,1,RJ,,2029.0,alta_vs_media,media,alta,2782,True,753,753.0
2020,idoso,2,1,RN,,57.0,alta_vs_media,media,alta,67,False,10,10.0
2020,idoso,2,1,RO,,45.0,alta_vs_media,media,alta,54,False,9,9.0
2020,idoso,2,1,RR,,10.0,alta_vs_media,media,alta,16,False,6,6.0
2020,idoso,2,1,RS,,404.0,alta_vs_media,media,alta,546,True,142,142.0
2020,idoso,2,1,SC,,128.0,alta_vs_media,media,alta,178,True,50,50.0
2020,idoso,2,1,SE,,107.0,alta_vs_media,media,alta,152,True,45,45.0
2020,idoso,2,1,SP,,2379.0,alta_vs_media,media,alta,3293,True,914,914.0
2020,idoso,2,1,TO,,62.0,alta_vs_media,media,alta,68,False,6,6.0
2020,idoso,2,2,AC,,6.0,alta_vs_media,media,alta,9,False,3,3.0
2020,idoso,2,2,AL,,26.0,alta_vs_media,media,alta,33,False,7,7.0
2020,idoso,2,2,AM,,29.0,alta_vs_media,media,alta,38,False,9,9.0
2020,idoso,2,2,AP,,12.0,alta_vs_media,media,alta,16,False,4,4.0
2020,idoso,2,2,BA,,597.0,alta_vs_media,media,alta,787,True,190,190.0
2020,idoso,2,2,CE,,76.0,alta_vs_media,media,alta,96,True,20,20.0
2020,idoso,2,2,DF,,85.0,alta_vs_media,media,alta,127,True,42,42.0
2020,idoso,2,2,ES,,85.0,alta_vs_media,media,alta,103,False,18,18.0
2020,idoso,2,2,GO,,167.0,alta_vs_media,media,alta,208,True,41,41.0
2020,idoso,2,2,MA,,136.0,alta_vs_media,media,alta,185,True,49,49.0
2020,idoso,2,2,MG,,954.0,alta_vs_media,media,alta,1158,True,204,204.0
2020,idoso,2,2,MS,,49.0,alta_vs_media,media,alta,66,False,17,17.0
2020,idoso,2,2,MT,,65.0,alta_vs_media,media,alta,102,True,37,37.0
2020,idoso,2,2,PA,,146.0,alta_vs_media,media,alta,181,True,35,35.0
2020,idoso,2,2,PB,,20.0,alta_vs_media,media,alta,23,False,3,3.0
2020,idoso,2,2,PE,,270.0,alta_vs_media,media,alta,337,True,67,67.0
2020,idoso,2,2,PI,,41.0,alta_vs_media,media,alta,47,False,6,6.0
2020,idoso,2,2,PR,,242.0,alta_vs_media,media,alta,292,True,50,50.0
2020,idoso,2,2,RJ,,2107.0,alta_vs_media,media,alta,2708,True,601,601.0
2020,idoso,2,2,RN,,39.0,alta_vs_media,media,alta,45,False,6,6.0
2020,idoso,2,2,RO,,34.0,alta_vs_media,media,alta,39,False,5,5.0
2020,idoso,2,2,RR,,3.0,alta_vs_media,media,alta,4,False,1,1.0
2020,idoso,2,2,RS,,333.0,alta_vs_media,media,alta,440,True,107,107.0
2020,idoso,2,2,SC,,112.0,alta_vs_media,media,alta,153,True,41,41.0
2020,idoso,2,2,SE,,75.0,alta_vs_media,media,alta,96,True,21,21.0
2020,idoso,2,2,SP,,1759.0,alta_vs_media,media,alta,2322,True,563,563.0
2020,idoso,2,2,TO,,48.0,alta_vs_media,media,alta,50,False,2,2.0
2020,idoso,3,1,AC,,1.0,alta_vs_media,media,alta,1,False,0,0.0
2020,idoso,3,1,AL,,1.0,alta_vs_media,media,alta,1,False,0,0.0
2020,idoso,3,1,AM,,6.0,alta_vs_media,media,alta,7,False,1,1.0
2020,idoso,3,1,AP,,7.0,alta_vs_media,media,alta,10,False,3,3.0
2020,idoso,3,1,BA,,10.0,alta_vs_media,media,alta,18,False,8,8.0
2020,idoso,3,1,CE,,18.0,alta_vs_media,media,alta,22,False,4,4.0
2020,idoso,3,1,DF,,16.0,alta_vs_media,media,alta,23,False,7,7.0
2020,idoso,3,1,ES,,4.0,alta_vs_media,media,alta,5,False,1,1.0
2020,idoso,3,1,GO,,24.0,alta_vs_media,media,alta,28,False,4,4.0
2020,idoso,3,1,MA,,5.0,alta_vs_media,media,alta,9,False,4,4.0
2020,idoso,3,1,MG,,35.0,alta_vs_media,media,alta,60,True,25,25.0
2020,idoso,3,1,MS,,19.0,alta_vs_media,media,alta,34,False,15,15.0
2020,idoso,3,1,MT,,28.0,alta_vs_media,media,alta,48,True,20,20.0
2020,idoso,3,1,PA,,15.0,alta_vs_media,media,alta,22,False,7,7.0
2020,idoso,3,1,PB,,3.0,alta_vs_media,media,alta,4,False,1,1.0
2020,idoso,3,1,PE,,16.0,alta_vs_media,media,alta,18,False,2,2.0
2020,idoso,3,1,PI,,3.0,alta_vs_media,media,alta,3,False,0,0.0
2020,idoso,3,1,PR,,63.0,alta_vs_media,media,alta,93,True,30,30.0
2020,idoso,3,1,RJ,,26.0,alta_vs_media,media,alta,32,False,6,6.0
2020,idoso,3,1,RN,,4.0,alta_vs_media,media,alta,5,False,1,1.0
2020,idoso,3,1,RO,,8.0,alta_vs_media,media,alta,11,False,3,3.0
2020,idoso,3,1,RR,,4.0,alta_vs_media,media,alta,4,False,0,0.0
2020,idoso,3,1,RS,,5.0,alta_vs_media,media,alta,7,False,2,2.0
2020,idoso,3,1,SC,,8.0,alta_vs_media,media,alta,8,False,0,0.0
2020,idoso,3,1,SE,,1.0,alta_vs_media,media,alta,1,False,0,0.0
2020,idoso,3,1,SP,,372.0,alta_vs_media,media,alta,591,True,219,219.0
2020,idoso,3,1,TO,,1.0,alta_vs_media,media,alta,1,False,0,0.0
2020,idoso,3,2,AL,,1.0,alta_vs_media,media,alta,1,False,0,0.0
2020,idoso,3,2,AM,,2.0,alta_vs_media,media,alta,4,False,2,2.0
2020,idoso,3,2,AP,,2.0,alta_vs_media,media,alta,4,False,2,2.0
2020,idoso,3,2,BA,,3.0,alta_vs_media,media,alta,8,False,3,5.0
2020,idoso,3,2,CE,,19.0,alta_vs_media,media,alta,23,False,4,4.0
2020,idoso,3,2,DF,,7.0,alta_vs_media,media,alta,10,False,3,3.0
2020,idoso,3,2,ES,,2.0,alta_vs_media,media,alta,2,False,0,0.0
2020,idoso,3,2,GO,,17.0,alta_vs_media,media,alta,20,False,3,3.0
2020,idoso,3,2,MA,,8.0,alta_vs_media,media,alta,11,False,3,3.0
2020,idoso,3,2,MG,,22.0,alta_vs_media,media,alta,33,False,11,11.0
2020,idoso,3,2,MS,,14.0,alta_vs_media,media,alta,19,False,5,5.0
2020,idoso,3,2,MT,,17.0,alta_vs_media,media,alta,24,False,7,7.0
2020,idoso,3,2,PA,,6.0,alta_vs_media,media,alta,9,False,3,3.0
2020,idoso,3,2,PB,,1.0,alta_vs_media,media,alta,1,False,0,0.0
2020,idoso,3,2,PE,,9.0,alta_vs_media,media,alta,10,False,1,1.0
2020,idoso,3,2,PI,,3.0,alta_vs_media,media,alta,3,False,0,0.0
2020,idoso,3,2,PR,,37.0,alta_vs_media,media,alta,58,True,21,21.0
2020,idoso,3,2,RJ,,19.0,alta_vs_media,media,alta,26,False,7,7.0
2020,idoso,3,2,RN,,5.0,alta_vs_media,media,alta,5,False,0,0.0
2020,idoso,3,2,RO,,2.0,alta_vs_media,media,alta,2,False,0,0.0
2020,idoso,3,2,RR,,1.0,alta_vs_media,media,alta,1,False,0,0.0
2020,idoso,3,2,RS,,4.0,alta_vs_media,media,alta,5,False,1,1.0
2020,idoso,3,2,SC,,6.0,alta_vs_media,media,alta,8,False,2,2.0
2020,idoso,3,2,SE,,1.0,alta_vs_media,media,alta,2,False,1,1.0
2020,idoso,3,2,SP,,221.0,alta_vs_media,media,alta,339,True,118,118.0
2020,idoso,3,2,TO,,1.0,alta_vs_media,media,alta,2,False,1,1.0
2020,idoso,4,0,MG,,2.0,alta_vs_media,media,alta,2,False,0,0.0
2020,idoso,4,0,PA,,1.0,alta_vs_media,media,alta,1,False,0,0.0
2020,idoso,4,0,SP,,1.0,alta_vs_media,media,alta,2,False,1,1.0
2020,idoso,4,1,AC,,155.0,alta_vs_media,media,alta,201,True,46,46.0
2020,idoso,4,1,AL,,436.0,alta_vs_media,media,alta,559,True,123,123.0
2020,idoso,4,1,AM,,1256.0,alta_vs_media,media,alta,1949,True,693,693.0
2020,idoso,4,1,AP,,148.0,alta_vs_media,media,alta,184,True,36,36.0
2020,idoso,4,1,BA,,3236.0,alta_vs_media,media,alta,4180,True,944,944.0
2020,idoso,4,1,CE,,3209.0,alta_vs_media,media,alta,4017,True,808,808.0
2020,idoso,4,1,DF,,596.0,alta_vs_media,media,alta,824,True,228,228.0
2020,idoso,4,1,ES,,537.0,alta_vs_media,media,alta,733,True,196,196.0
2020,idoso,4,1,GO,,1766.0,alta_vs_media,media,alta,2268,True,502,502.0
2020,idoso,4,1,MA,,1723.0,alta_vs_media,media,alta,2209,True,486,486.0
2020,idoso,4,1,MG,,4842.0,alta_vs_media,media,alta,5998,True,1156,1156.0
2020,idoso,4,1,MS,,866.0,alta_vs_media,media,alta,1177,True,311,311.0
2020,idoso,4,1,MT,,871.0,alta_vs_media,media,alta,1239,True,368,368.0
2020,idoso,4,1,PA,,2532.0,alta_vs_media,media,alta,3240,True,708,708.0
2020,idoso,4,1,PB,,538.0,alta_vs_media,media,alta,646,True,108,108.0
2020,idoso,4,1,PE,,3267.0,alta_vs_media,media,alta,4193,True,926,926.0
2020,idoso,4,1,PI,,745.0,alta_vs_media,media,alta,881,True,136,136.0
2020,idoso,4,1,PR,,1399.0,alta_vs_media,media,alta,1783,True,384,384.0
2020,idoso,4,1,RJ,,4332.0,alta_vs_media,media,alta,5950,True,1618,1618.0
2020,idoso,4,1,RN,,625.0,alta_vs_media,media,alta,770,True,145,145.0
2020,idoso,4,1,RO,,384.0,alta_vs_media,media,alta,513,True,129,129.0
2020,idoso,4,1,RR,,153.0,alta_vs_media,media,alta,204,True,51,51.0
2020,idoso,4,1,RS,,436.0,alta_vs_media,media,alta,562,True,126,126.0
2020,idoso,4,1,SC,,233.0,alta_vs_media,media,alta,298,True,65,65.0
2020,idoso,4,1,SE,,647.0,alta_vs_media,media,alta,896,True,249,249.0
2020,idoso,4,1,SP,,6828.0,alta_vs_media,media,alta,9275,True,2447,2447.0
2020,idoso,4,1,TO,,401.0,alta_vs_media,media,alta,474,True,73,73.0
2020,idoso,4,2,AC,,86.0,alta_vs_media,media,alta,116,True,30,30.0
2020,idoso,4,2,AL,,293.0,alta_vs_media,media,alta,363,True,70,70.0
2020,idoso,4,2,AM,,760.0,alta_vs_media,media,alta,1143,True,383,383.0
2020,idoso,4,2,AP,,75.0,alta_vs_media,media,alta,109,True,34,34.0
2020,idoso,4,2,BA,,2032.0,alta_vs_media,media,alta,2654,True,622,622.0
2020,idoso,4,2,CE,,2424.0,alta_vs_media,media,alta,2950,True,526,526.0
2020,idoso,4,2,DF,,445.0,alta_vs_media,media,alta,582,True,137,137.0
2020,idoso,4,2,ES,,397.0,alta_vs_media,media,alta,499,True,102,102.0
2020,idoso,4,2,GO,,1121.0,alta_vs_media,media,alta,1387,True,266,266.0
2020,idoso,4,2,MA,,1135.0,alta_vs_media,media,alta,1459,True,324,324.0
2020,idoso,4,2,MG,,2965.0,alta_vs_media,media,alta,3624,True,659,659.0
2020,idoso,4,2,MS,,585.0,alta_vs_media,media,alta,733,True,148,148.0
2020,idoso,4,2,MT,,562.0,alta_vs_media,media,alta,769,True,207,207.0
2020,idoso,4,2,PA,,1562.0,alta_vs_media,media,alta,2040,True,478,478.0
2020,idoso,4,2,PB,,451.0,alta_vs_media,media,alta,536,True,85,85.0
2020,idoso,4,2,PE,,2299.0,alta_vs_media,media,alta,2861,True,562,562.0
2020,idoso,4,2,PI,,491.0,alta_vs_media,media,alta,592,True,101,101.0
2020,idoso,4,2,PR,,811.0,alta_vs_media,media,alta,988,True,177,177.0
2020,idoso,4,2,RJ,,3898.0,alta_vs_media,media,alta,5038,True,1140,1140.0
2020,idoso,4,2,RN,,435.0,alta_vs_media,media,alta,536,True,101,101.0
2020,idoso,4,2,RO,,220.0,alta_vs_media,media,alta,288,True,68,68.0
2020,idoso,4,2,RR,,103.0,alta_vs_media,media,alta,129,True,26,26.0
2020,idoso,4,2,RS,,294.0,alta_vs_media,media,alta,380,True,86,86.0
2020,idoso,4,2,SC,,155.0,alta_vs_media,media,alta,182,True,27,27.0
2020,idoso,4,2,SE,,436.0,alta_vs_media,media,alta,575,True,139,139.0
2020,idoso,4,2,SP,,4843.0,alta_vs_media,media,alta,6161,True,1318,1318.0
2020,idoso,4,2,TO,,222.0,alta_vs_media,media,alta,270,True,48,48.0
2020,idoso,5,1,AC,,1.0,alta_vs_media,media,alta,4,False,1,3.0
2020,idoso,5,1,AL,,0.0,alta_vs_media,media,alta,1,False,0,1.0
2020,idoso,5,1,AM,,40.0,alta_vs_media,media,alta,45,False,5,5.0
2020,idoso,5,1,BA,,7.0,alta_vs_media,media,alta,9,False,2,2.0
2020,idoso,5,1,CE,,4.0,alta_vs_media,media,alta,5,False,1,1.0
2020,idoso,5,1,ES,,3.0,alta_vs_media,media,alta,3,False,0,0.0
2020,idoso,5,1,GO,,1.0,alta_vs_media,media,alta,1,False,0,0.0
2020,idoso,5,1,MA,,2.0,alta_vs_media,media,alta,4,False,2,2.0
2020,idoso,5,1,MG,,8.0,alta_vs_media,media,alta,9,False,1,1.0
2020,idoso,5,1,MS,,32.0,alta_vs_media,media,alta,42,False,10,10.0
2020,idoso,5,1,MT,,10.0,alta_vs_media,media,alta,13,False,3,3.0
2020,idoso,5,1,PA,,14.0,alta_vs_media,media,alta,14,False,0,0.0
2020,idoso,5,1,PB,,1.0,alta_vs_media,media,alta,1,False,0,0.0
2020,idoso,5,1,PE,,9.0,alta_vs_media,media,alta,10,False,1,1.0
2020,idoso,5,1,PR,,4.0,alta_vs_media,media,alta,5,False,1,1.0
2020,idoso,5,1,RJ,,9.0,alta_vs_media,media,alta,11,False,2,2.0
2020,idoso,5,1,RN,,2.0,alta_vs_media,media,alta,4,False,2,2.0
2020,idoso,5,1,RO,,2.0,alta_vs_media,media,alta,3,False,1,1.0
2020,idoso,5,1,RR,,17.0,alta_vs_media,media,alta,21,False,4,4.0
2020,idoso,5,1,RS,,8.0,alta_vs_media,media,alta,10,False,2,2.0
2020,idoso,5,1,SC,,6.0,alta_vs_media,media,alta,6,False,0,0.0
2020,idoso,5,1,SP,,10.0,alta_vs_media,media,alta,16,False,6,6.0
2020,idoso,5,1,TO,,1.0,alta_vs_media,media,alta,2,False,1,1.0
2020,idoso,5,2,AL,,3.0,alta_vs_media,media,alta,3,False,0,0.0
2020,idoso,5,2,AM,,18.0,alta_vs_media,media,alta,23,False,5,5.0
2020,idoso,5,2,BA,,3.0,alta_vs_media,media,alta,7,False,3,4.0
2020,idoso,5,2,CE,,3.0,alta_vs_media,media,alta,3,False,0,0.0
2020,idoso,5,2,DF,,2.0,alta_vs_media,media,alta,2,False,0,0.0
2020,idoso,5,2,GO,,1.0,alta_vs_media,media,alta,1,False,0,0.0
2020,idoso,5,2,MA,,4.0,alta_vs_media,media,alta,4,False,0,0.0
2020,idoso,5,2,MG,,7.0,alta_vs_media,media,alta,9,False,2,2.0
2020,idoso,5,2,MS,,24.0,alta_vs_media,media,alta,28,False,4,4.0
2020,idoso,5,2,MT,,3.0,alta_vs_media,media,alta,6,False,3,3.0
2020,idoso,5,2,PA,,3.0,alta_vs_media,media,alta,3,False,0,0.0
2020,idoso,5,2,PB,,2.0,alta_vs_media,media,alta,3,False,1,1.0
2020,idoso,5,2,PE,,11.0,alta_vs_media,media,alta,13,False,2,2.0
2020,idoso,5,2,PR,,5.0,alta_vs_media,media,alta,5,False,0,0.0
2020,idoso,5,2,RJ,,5.0,alta_vs_media,media,alta,6,False,1,1.0
2020,idoso,5,2,RN,,4.0,alta_vs_media,media,alta,5,False,1,1.0
2020,idoso,5,2,RO,,2.0,alta_vs_media,media,alta,2,False,0,0.0
2020,idoso,5,2,RR,,12.0,alta_vs_media,media,alta,13,False,1,1.0
2020,idoso,5,2,RS,,8.0,alta_vs_media,media,alta,9,False,1,1.0
2020,idoso,5,2,SC,,1.0,alta_vs_media,media,alta,1,False,0,0.0
2020,idoso,5,2,SP,,16.0,alta_vs_media,media,alta,21,False,5,5.0
2020,idoso,5,2,TO,,3.0,alta_vs_media,media,alta,3,False,0,0.0
2020,jovem,1,1,AC,,3.0,alta_vs_media,media,alta,9,False,3,6.0
2020,jovem,1,1,AL,,8.0,alta_vs_media,media,alta,13,False,5,5.0
2020,jovem,1,1,AM,,24.0,alta_vs_media,media,alta,67,True,24,43.0
2020,jovem,1,1,AP,,7.0,alta_vs_media,media,alta,12,False,5,5.0
2020,jovem,1,1,BA,,128.0,alta_vs_media,media,alta,175,True,47,47.0
2020,jovem,1,1,CE,,75.0,alta_vs_media,media,alta,100,True,25,25.0
2020,jovem,1,1,DF,,44.0,alta_vs_media,media,alta,64,True,20,20.0
2020,jovem,1,1,ES,,18.0,alta_vs_media,media,alta,40,False,18,22.0
2020,jovem,1,1,GO,,117.0,alta_vs_media,media,alta,244,True,117,127.0
2020,jovem,1,1,MA,,67.0,alta_vs_media,media,alta,127,True,60,60.0
2020,jovem,1,1,MG,,211.0,alta_vs_media,media,alta,528,True,211,317.0
2020,jovem,1,1,MS,,30.0,alta_vs_media,media,alta,81,True,30,51.0
2020,jovem,1,1,MT,,47.0,alta_vs_media,media,alta,126,True,47,79.0
2020,jovem,1,1,PA,,59.0,alta_vs_media,media,alta,108,True,49,49.0
2020,jovem,1,1,PB,,14.0,alta_vs_media,media,alta,25,False,11,11.0
2020,jovem,1,1,PE,,213.0,alta_vs_media,media,alta,298,True,85,85.0
2020,jovem,1,1,PI,,39.0,alta_vs_media,media,alta,60,True,21,21.0
2020,jovem,1,1,PR,,412.0,alta_vs_media,media,alta,1041,True,412,629.0
2020,jovem,1,1,RJ,,300.0,alta_vs_media,media,alta,496,True,196,196.0
2020,jovem,1,1,RN,,35.0,alta_vs_media,media,alta,43,False,8,8.0
2020,jovem,1,1,RO,,15.0,alta_vs_media,media,alta,58,False,15,43.0
2020,jovem,1,1,RR,,10.0,alta_vs_media,media,alta,12,False,2,2.0
2020,jovem,1,1,RS,,243.0,alta_vs_media,media,alta,456,True,213,213.0
2020,jovem,1,1,SC,,201.0,alta_vs_media,media,alta,470,True,201,269.0
2020,jovem,1,1,SE,,24.0,alta_vs_media,media,alta,33,False,9,9.0
2020,jovem,1,1,SP,,523.0,alta_vs_media,media,alta,1303,True,523,780.0
2020,jovem,1,1,TO,,12.0,alta_vs_media,media,alta,29,False,12,17.0
2020,jovem,1,2,AC,,7.0,alta_vs_media,media,alta,9,False,2,2.0
2020,jovem,1,2,AL,,4.0,alta_vs_media,media,alta,7,False,3,3.0
2020,jovem,1,2,AM,,9.0,alta_vs_media,media,alta,27,False,9,18.0
2020,jovem,1,2,AP,,2.0,alta_vs_media,media,alta,5,False,2,3.0
2020,jovem,1,2,BA,,35.0,alta_vs_media,media,alta,59,True,24,24.0
2020,jovem,1,2,CE,,31.0,alta_vs_media,media,alta,66,True,31,35.0
2020,jovem,1,2,DF,,16.0,alta_vs_media,media,alta,26,False,10,10.0
2020,jovem,1,2,ES,,9.0,alta_vs_media,media,alta,11,False,2,2.0
2020,jovem,1,2,GO,,41.0,alta_vs_media,media,alta,84,True,41,43.0
2020,jovem,1,2,MA,,29.0,alta_vs_media,media,alta,54,True,25,25.0
2020,jovem,1,2,MG,,92.0,alta_vs_media,media,alta,201,True,92,109.0
2020,jovem,1,2,MS,,15.0,alta_vs_media,media,alta,31,False,15,16.0
2020,jovem,1,2,MT,,31.0,alta_vs_media,media,alta,53,True,22,22.0
2020,jovem,1,2,PA,,32.0,alta_vs_media,media,alta,52,True,20,20.0
2020,jovem,1,2,PB,,14.0,alta_vs_media,media,alta,20,False,6,6.0
2020,jovem,1,2,PE,,52.0,alta_vs_media,media,alta,87,True,35,35.0
2020,jovem,1,2,PI,,9.0,alta_vs_media,media,alta,18,False,9,9.0
2020,jovem,1,2,PR,,139.0,alta_vs_media,media,alta,310,True,139,171.0
2020,jovem,1,2,RJ,,109.0,alta_vs_media,media,alta,198,True,89,89.0
2020,jovem,1,2,RN,,12.0,alta_vs_media,media,alta,19,False,7,7.0
2020,jovem,1,2,RO,,8.0,alta_vs_media,media,alta,19,False,8,11.0
2020,jovem,1,2,RR,,1.0,alta_vs_media,media,alta,6,False,1,5.0
2020,jovem,1,2,RS,,58.0,alta_vs_media,media,alta,136,True,58,78.0
2020,jovem,1,2,SC,,72.0,alta_vs_media,media,alta,158,True,72,86.0
2020,jovem,1,2,SE,,9.0,alta_vs_media,media,alta,14,False,5,5.0
2020,jovem,1,2,SP,,254.0,alta_vs_media,media,alta,597,True,254,343.0
2020,jovem,1,2,TO,,8.0,alta_vs_media,media,alta,12,False,4,4.0
2020,jovem,2,1,AL,,3.0,alta_vs_media,media,alta,4,False,1,1.0
2020,jovem,2,1,AM,,4.0,alta_vs_media,media,alta,7,False,3,3.0
2020,jovem,2,1,AP,,3.0,alta_vs_media,media,alta,4,False,1,1.0
2020,jovem,2,1,BA,,294.0,alta_vs_media,media,alta,355,True,61,61.0
2020,jovem,2,1,CE,,17.0,alta_vs_media,media,alta,18,False,1,1.0
2020,jovem,2,1,DF,,13.0,alta_vs_media,media,alta,23,False,10,10.0
2020,jovem,2,1,ES,,10.0,alta_vs_media,media,alta,16,False,6,6.0
2020,jovem,2,1,GO,,35.0,alta_vs_media,media,alta,71,True,35,36.0
2020,jovem,2,1,MA,,57.0,alta_vs_media,media,alta,100,True,43,43.0
2020,jovem,2,1,MG,,113.0,alta_vs_media,media,alta,198,True,85,85.0
2020,jovem,2,1,MS,,2.0,alta_vs_media,media,alta,7,False,2,5.0
2020,jovem,2,1,MT,,18.0,alta_vs_media,media,alta,40,False,18,22.0
2020,jovem,2,1,PA,,53.0,alta_vs_media,media,alta,74,True,21,21.0
2020,jovem,2,1,PB,,4.0,alta_vs_media,media,alta,4,False,0,0.0
2020,jovem,2,1,PE,,47.0,alta_vs_media,media,alta,60,False,13,13.0
2020,jovem,2,1,PI,,21.0,alta_vs_media,media,alta,32,False,11,11.0
2020,jovem,2,1,PR,,32.0,alta_vs_media,media,alta,52,True,20,20.0
2020,jovem,2,1,RJ,,263.0,alta_vs_media,media,alta,380,True,117,117.0
2020,jovem,2,1,RN,,7.0,alta_vs_media,media,alta,8,False,1,1.0
2020,jovem,2,1,RO,,5.0,alta_vs_media,media,alta,8,False,3,3.0
2020,jovem,2,1,RR,,1.0,alta_vs_media,media,alta,3,False,1,2.0
2020,jovem,2,1,RS,,58.0,alta_vs_media,media,alta,80,True,22,22.0
2020,jovem,2,1,SC,,16.0,alta_vs_media,media,alta,24,False,8,8.0
2020,jovem,2,1,SE,,15.0,alta_vs_media,media,alta,24,False,9,9.0
2020,jovem,2,1,SP,,96.0,alta_vs_media,media,alta,223,True,96,127.0
2020,jovem,2,1,TO,,19.0,alta_vs_media,media,alta,32,False,13,13.0
2020,jovem,2,2,AL,,1.0,alta_vs_media,media,alta,2,False,1,1.0
2020,jovem,2,2,AM,,1.0,alta_vs_media,media,alta,4,False,1,3.0
2020,jovem,2,2,AP,,0.0,alta_vs_media,media,alta,1,False,0,1.0
2020,jovem,2,2,BA,,40.0,alta_vs_media,media,alta,66,True,26,26.0
2020,jovem,2,2,CE,,4.0,alta_vs_media,media,alta,6,False,2,2.0
2020,jovem,2,2,DF,,2.0,alta_vs_media,media,alta,4,False,2,2.0
2020,jovem,2,2,ES,,1.0,alta_vs_media,media,alta,2,False,1,1.0
2020,jovem,2,2,GO,,5.0,alta_vs_media,media,alta,10,False,5,5.0
2020,jovem,2,2,MA,,8.0,alta_vs_media,media,alta,17,False,8,9.0
2020,jovem,2,2,MG,,25.0,alta_vs_media,media,alta,62,True,25,37.0
2020,jovem,2,2,MS,,0.0,alta_vs_media,media,alta,4,False,0,4.0
2020,jovem,2,2,MT,,8.0,alta_vs_media,media,alta,13,False,5,5.0
2020,jovem,2,2,PA,,10.0,alta_vs_media,media,alta,20,False,10,10.0
2020,jovem,2,2,PB,,1.0,alta_vs_media,media,alta,1,False,0,0.0
2020,jovem,2,2,PE,,5.0,alta_vs_media,media,alta,12,False,5,7.0
2020,jovem,2,2,PI,,7.0,alta_vs_media,media,alta,11,False,4,4.0
2020,jovem,2,2,PR,,4.0,alta_vs_media,media,alta,10,False,4,6.0
2020,jovem,2,2,RJ,,80.0,alta_vs_media,media,alta,119,True,39,39.0
2020,jovem,2,2,RN,,1.0,alta_vs_media,media,alta,1,False,0,0.0
2020,jovem,2,2,RO,,1.0,alta_vs_media,media,alta,4,False,1,3.0
2020,jovem,2,2,RR,,1.0,alta_vs_media,media,alta,1,False,0,0.0
2020,jovem,2,2,RS,,3.0,alta_vs_media,media,alta,12,False,3,9.0
2020,jovem,2,2,SC,,4.0,alta_vs_media,media,alta,9,False,4,5.0
2020,jovem,2,2,SE,,0.0,alta_vs_media,media,alta,3,False,0,3.0
2020,jovem,2,2,SP,,26.0,alta_vs_media,media,alta,76,True,26,50.0
2020,jovem,2,2,TO,,6.0,alta_vs_media,media,alta,8,False,2,2.0
2020,jovem,3,1,AM,,3.0,alta_vs_media,media,alta,6,False,3,3.0
2020,jovem,3,1,AP,,1.0,alta_vs_media,media,alta,1,False,0,0.0
2020,jovem,3,1,BA,,0.0,alta_vs_media,media,alta,1,False,0,1.0
2020,jovem,3,1,CE,,2.0,alta_vs_media,media,alta,3,False,1,1.0
2020,jovem,3,1,DF,,1.0,alta_vs_media,media,alta,1,False,0,0.0
2020,jovem,3,1,GO,,1.0,alta_vs_media,media,alta,2,False,1,1.0
2020,jovem,3,1,MA,,4.0,alta_vs_media,media,alta,7,False,3,3.0
2020,jovem,3,1,MG,,1.0,alta_vs_media,media,alta,3,False,1,2.0
2020,jovem,3,1,MS,,0.0,alta_vs_media,media,alta,2,False,0,2.0
2020,jovem,3,1,PE,,3.0,alta_vs_media,media,alta,3,False,0,0.0
2020,jovem,3,1,PI,,1.0,alta_vs_media,media,alta,2,False,1,1.0
2020,jovem,3,1,PR,,1.0,alta_vs_media,media,alta,1,False,0,0.0
2020,jovem,3,1,RJ,,4.0,alta_vs_media,media,alta,4,False,0,0.0
2020,jovem,3,1,RN,,1.0,alta_vs_media,media,alta,1,False,0,0.0
2020,jovem,3,1,RO,,1.0,alta_vs_media,media,alta,1,False,0,0.0
2020,jovem,3,1,RR,,4.0,alta_vs_media,media,alta,5,False,1,1.0
2020,jovem,3,1,RS,,0.0,alta_vs_media,media,alta,1,False,0,1.0
2020,jovem,3,1,SE,,0.0,alta_vs_media,media,alta,1,False,0,1.0
2020,jovem,3,1,SP,,1.0,alta_vs_media,media,alta,3,False,1,2.0
2020,jovem,3,2,AM,,1.0,alta_vs_media,media,alta,1,False,0,0.0
2020,jovem,3,2,DF,,1.0,alta_vs_media,media,alta,1,False,0,0.0
2020,jovem,3,2,GO,,0.0,alta_vs_media,media,alta,1,False,0,1.0
2020,jovem,3,2,MA,,0.0,alta_vs_media,media,alta,1,False,0,1.0
2020,jovem,3,2,MG,,1.0,alta_vs_media,media,alta,1,False,0,0.0
2020,jovem,3,2,MS,,0.0,alta_vs_media,media,alta,1,False,0,1.0
2020,jovem,3,2,MT,,1.0,alta_vs_media,media,alta,1,False,0,0.0
2020,jovem,3,2,PA,,0.0,alta_vs_media,media,alta,2,False,0,2.0
2020,jovem,3,2,PE,,1.0,alta_vs_media,media,alta,1,False,0,0.0
2020,jovem,3,2,PR,,1.0,alta_vs_media,media,alta,1,False,0,0.0
2020,jovem,3,2,RJ,,1.0,alta_vs_media,media,alta,1,False,0,0.0
2020,jovem,3,2,SP,,2.0,alta_vs_media,media,alta,5,False,2,3.0
2020,jovem,4,1,AC,,27.0,alta_vs_media,media,alta,47,True,20,20.0
2020,jovem,4,1,AL,,317.0,alta_vs_media,media,alta,471,True,154,154.0
2020,jovem,4,1,AM,,339.0,alta_vs_media,media,alta,673,True,334,334.0
2020,jovem,4,1,AP,,93.0,alta_vs_media,media,alta,133,True,40,40.0
2020,jovem,4,1,BA,,1305.0,alta_vs_media,media,alta,1723,True,418,418.0
2020,jovem,4,1,CE,,946.0,alta_vs_media,media,alta,1313,True,367,367.0
2020,jovem,4,1,DF,,74.0,alta_vs_media,media,alta,130,True,56,56.0
2020,jovem,4,1,ES,,103.0,alta_vs_media,media,alta,165,True,62,62.0
2020,jovem,4,1,GO,,379.0,alta_vs_media,media,alta,722,True,343,343.0
2020,jovem,4,1,MA,,438.0,alta_vs_media,media,alta,838,True,400,400.0
2020,jovem,4,1,MG,,438.0,alta_vs_media,media,alta,843,True,405,405.0
2020,jovem,4,1,MS,,74.0,alta_vs_media,media,alta,158,True,74,84.0
2020,jovem,4,1,MT,,140.0,alta_vs_media,media,alta,393,True,140,253.0
2020,jovem,4,1,PA,,689.0,alta_vs_media,media,alta,971,True,282,282.0
2020,jovem,4,1,PB,,83.0,alta_vs_media,media,alta,102,False,19,19.0
2020,jovem,4,1,PE,,1066.0,alta_vs_media,media,alta,1416,True,350,350.0
2020,jovem,4,1,PI,,188.0,alta_vs_media,media,alta,277,True,89,89.0
2020,jovem,4,1,PR,,214.0,alta_vs_media,media,alta,418,True,204,204.0
2020,jovem,4,1,RJ,,729.0,alta_vs_media,media,alta,1033,True,304,304.0
2020,jovem,4,1,RN,,120.0,alta_vs_media,media,alta,160,True,40,40.0
2020,jovem,4,1,RO,,51.0,alta_vs_media,media,alta,128,True,51,77.0
2020,jovem,4,1,RR,,43.0,alta_vs_media,media,alta,82,True,39,39.0
2020,jovem,4,1,RS,,54.0,alta_vs_media,media,alta,102,True,48,48.0
2020,jovem,4,1,SC,,54.0,alta_vs_media,media,alta,119,True,54,65.0
2020,jovem,4,1,SE,,323.0,alta_vs_media,media,alta,447,True,124,124.0
2020,jovem,4,1,SP,,502.0,alta_vs_media,media,alta,1172,True,502,670.0
2020,jovem,4,1,TO,,111.0,alta_vs_media,media,alta,173,True,62,62.0
2020,jovem,4,2,AC,,7.0,alta_vs_media,media,alta,14,False,7,7.0
2020,jovem,4,2,AL,,30.0,alta_vs_media,media,alta,62,True,30,32.0
2020,jovem,4,2,AM,,63.0,alta_vs_media,media,alta,161,True,63,98.0
2020,jovem,4,2,AP,,24.0,alta_vs_media,media,alta,35,False,11,11.0
2020,jovem,4,2,BA,,197.0,alta_vs_media,media,alta,314,True,117,117.0
2020,jovem,4,2,CE,,163.0,alta_vs_media,media,alta,257,True,94,94.0
2020,jovem,4,2,DF,,15.0,alta_vs_media,media,alta,31,False,15,16.0
2020,jovem,4,2,ES,,34.0,alta_vs_media,media,alta,66,True,32,32.0
2020,jovem,4,2,GO,,70.0,alta_vs_media,media,alta,163,True,70,93.0
2020,jovem,4,2,MA,,100.0,alta_vs_media,media,alta,210,True,100,110.0
2020,jovem,4,2,MG,,110.0,alta_vs_media,media,alta,217,True,107,107.0
2020,jovem,4,2,MS,,28.0,alta_vs_media,media,alta,63,True,28,35.0
2020,jovem,4,2,MT,,42.0,alta_vs_media,media,alta,90,True,42,48.0
2020,jovem,4,2,PA,,199.0,alta_vs_media,media,alta,308,True,109,109.0
2020,jovem,4,2,PB,,25.0,alta_vs_media,media,alta,43,False,18,18.0
2020,jovem,4,2,PE,,169.0,alta_vs_media,media,alta,273,True,104,104.0
2020,jovem,4,2,PI,,53.0,alta_vs_media,media,alta,73,True,20,20.0
2020,jovem,4,2,PR,,25.0,alta_vs_media,media,alta,56,True,25,31.0
2020,jovem,4,2,RJ,,170.0,alta_vs_media,media,alta,297,True,127,127.0
2020,jovem,4,2,RN,,31.0,alta_vs_media,media,alta,43,False,12,12.0
2020,jovem,4,2,RO,,19.0,alta_vs_media,media,alta,33,False,14,14.0
2020,jovem,4,2,RR,,24.0,alta_vs_media,media,alta,32,False,8,8.0
2020,jovem,4,2,RS,,6.0,alta_vs_media,media,alta,23,False,6,17.0
2020,jovem,4,2,SC,,12.0,alta_vs_media,media,alta,27,False,12,15.0
2020,jovem,4,2,SE,,38.0,alta_vs_media,media,alta,61,True,23,23.0
2020,jovem,4,2,SP,,149.0,alta_vs_media,media,alta,380,True,149,231.0
2020,jovem,4,2,TO,,19.0,alta_vs_media,media,alta,41,False,19,22.0
2020,jovem,5,1,AC,,2.0,alta_vs_media,media,alta,2,False,0,0.0
2020,jovem,5,1,AM,,22.0,alta_vs_media,media,alta,45,True,22,23.0
2020,jovem,5,1,BA,,1.0,alta_vs_media,media,alta,3,False,1,2.0
2020,jovem,5,1,GO,,1.0,alta_vs_media,media,alta,1,False,0,0.0
2020,jovem,5,1,MA,,3.0,alta_vs_media,media,alta,4,False,1,1.0
2020,jovem,5,1,MG,,1.0,alta_vs_media,media,alta,1,False,0,0.0
2020,jovem,5,1,MS,,21.0,alta_vs_media,media,alta,30,False,9,9.0
2020,jovem,5,1,MT,,4.0,alta_vs_media,media,alta,8,False,4,4.0
2020,jovem,5,1,PA,,2.0,alta_vs_media,media,alta,4,False,2,2.0
2020,jovem,5,1,PB,,1.0,alta_vs_media,media,alta,1,False,0,0.0
2020,jovem,5,1,PE,,1.0,alta_vs_media,media,alta,1,False,0,0.0
2020,jovem,5,1,PR,,8.0,alta_vs_media,media,alta,12,False,4,4.0
2020,jovem,5,1,RJ,,1.0,alta_vs_media,media,alta,1,False,0,0.0
2020,jovem,5,1,RO,,1.0,alta_vs_media,media,alta,1,False,0,0.0
2020,jovem,5,1,RR,,7.0,alta_vs_media,media,alta,12,False,5,5.0
2020,jovem,5,1,SC,,0.0,alta_vs_media,media,alta,1,False,0,1.0
2020,jovem,5,1,SP,,0.0,alta_vs_media,media,alta,1,False,0,1.0
2020,jovem,5,1,TO,,1.0,alta_vs_media,media,alta,3,False,1,2.0
2020,jovem,5,2,AC,,1.0,alta_vs_media,media,alta,2,False,1,1.0
2020,jovem,5,2,AL,,1.0,alta_vs_media,media,alta,1,False,0,0.0
2020,jovem,5,2,AM,,12.0,alta_vs_media,media,alta,25,False,12,13.0
2020,jovem,5,2,AP,,0.0,alta_vs_media,media,alta,1,False,0,1.0
2020,jovem,5,2,CE,,1.0,alta_vs_media,media,alta,2,False,1,1.0
2020,jovem,5,2,GO,,0.0,alta_vs_media,media,alta,1,False,0,1.0
2020,jovem,5,2,MA,,1.0,alta_vs_media,media,alta,2,False,1,1.0
2020,jovem,5,2,MS,,11.0,alta_vs_media,media,alta,13,False,2,2.0
2020,jovem,5,2,MT,,3.0,alta_vs_media,media,alta,6,False,3,3.0
2020,jovem,5,2,PA,,2.0,alta_vs_media,media,alta,2,False,0,0.0
2020,jovem,5,2,PB,,2.0,alta_vs_media,media,alta,3,False,1,1.0
2020,jovem,5,2,PE,,3.0,alta_vs_media,media,alta,3,False,0,0.0
2020,jovem,5,2,PI,,1.0,alta_vs_media,media,alta,1,False,0,0.0
2020,jovem,5,2,PR,,0.0,alta_vs_media,media,alta,3,False,0,3.0
2020,jovem,5,2,RR,,4.0,alta_vs_media,media,alta,7,False,3,3.0
2020,jovem,5,2,SC,,1.0,alta_vs_media,media,alta,2,False,1,1.0
2020,jovem,5,2,SP,,1.0,alta_vs_media,media,alta,2,False,1,1.0
2020,jovem,5,2,TO,,2.0,alta_vs_media,media,alta,2,False,0,0.0
2020,meia-idade,1,1,AC,,17.0,alta_vs_media,media,alta,29,False,12,12.0
2020,meia-idade,1,1,AL,,73.0,alta_vs_media,media,alta,111,True,38,38.0
2020,meia-idade,1,1,AM,,123.0,alta_vs_media,media,alta,233,True,110,110.0
2020,meia-idade,1,1,AP,,28.0,alta_vs_media,media,alta,48,True,20,20.0
2020,meia-idade,1,1,BA,,423.0,alta_vs_media,media,alta,632,True,209,209.0
2020,meia-idade,1,1,CE,,401.0,alta_vs_media,media,alta,587,True,186,186.0
2020,meia-idade,1,1,DF,,285.0,alta_vs_media,media,alta,446,True,161,161.0
2020,meia-idade,1,1,ES,,226.0,alta_vs_media,media,alta,340,True,114,114.0
2020,meia-idade,1,1,GO,,704.0,alta_vs_media,media,alta,1059,True,355,355.0
2020,meia-idade,1,1,MA,,196.0,alta_vs_media,media,alta,317,True,121,121.0
2020,meia-idade,1,1,MG,,2300.0,alta_vs_media,media,alta,3584,True,1284,1284.0
2020,meia-idade,1,1,MS,,329.0,alta_vs_media,media,alta,590,True,261,261.0
2020,meia-idade,1,1,MT,,391.0,alta_vs_media,media,alta,648,True,257,257.0
2020,meia-idade,1,1,PA,,256.0,alta_vs_media,media,alta,390,True,134,134.0
2020,meia-idade,1,1,PB,,94.0,alta_vs_media,media,alta,131,True,37,37.0
2020,meia-idade,1,1,PE,,732.0,alta_vs_media,media,alta,1075,True,343,343.0
2020,meia-idade,1,1,PI,,113.0,alta_vs_media,media,alta,146,True,33,33.0
2020,meia-idade,1,1,PR,,2872.0,alta_vs_media,media,alta,4765,True,1893,1893.0
2020,meia-idade,1,1,RJ,,2207.0,alta_vs_media,media,alta,3528,True,1321,1321.0
2020,meia-idade,1,1,RN,,191.0,alta_vs_media,media,alta,273,True,82,82.0
2020,meia-idade,1,1,RO,,147.0,alta_vs_media,media,alta,239,True,92,92.0
2020,meia-idade,1,1,RR,,30.0,alta_vs_media,media,alta,44,False,14,14.0
2020,meia-idade,1,1,RS,,2322.0,alta_vs_media,media,alta,3502,True,1180,1180.0
2020,meia-idade,1,1,SC,,2030.0,alta_vs_media,media,alta,3152,True,1122,1122.0
2020,meia-idade,1,1,SE,,106.0,alta_vs_media,media,alta,174,True,68,68.0
2020,meia-idade,1,1,SP,,7436.0,alta_vs_media,media,alta,13134,True,5698,5698.0
2020,meia-idade,1,1,TO,,71.0,alta_vs_media,media,alta,115,True,44,44.0
2020,meia-idade,1,2,AC,,14.0,alta_vs_media,media,alta,23,False,9,9.0
2020,meia-idade,1,2,AL,,53.0,alta_vs_media,media,alta,79,True,26,26.0
2020,meia-idade,1,2,AM,,91.0,alta_vs_media,media,alta,187,True,91,96.0
2020,meia-idade,1,2,AP,,8.0,alta_vs_media,media,alta,21,False,8,13.0
2020,meia-idade,1,2,BA,,340.0,alta_vs_media,media,alta,524,True,184,184.0
2020,meia-idade,1,2,CE,,348.0,alta_vs_media,media,alta,513,True,165,165.0
2020,meia-idade,1,2,DF,,205.0,alta_vs_media,media,alta,312,True,107,107.0
2020,meia-idade,1,2,ES,,139.0,alta_vs_media,media,alta,213,True,74,74.0
2020,meia-idade,1,2,GO,,509.0,alta_vs_media,media,alta,765,True,256,256.0
2020,meia-idade,1,2,MA,,171.0,alta_vs_media,media,alta,264,True,93,93.0
2020,meia-idade,1,2,MG,,1604.0,alta_vs_media,media,alta,2530,True,926,926.0
2020,meia-idade,1,2,MS,,211.0,alta_vs_media,media,alta,372,True,161,161.0
2020,meia-idade,1,2,MT,,221.0,alta_vs_media,media,alta,365,True,144,144.0
2020,meia-idade,1,2,PA,,201.0,alta_vs_media,media,alta,298,True,97,97.0
2020,meia-idade,1,2,PB,,108.0,alta_vs_media,media,alta,141,True,33,33.0
2020,meia-idade,1,2,PE,,587.0,alta_vs_media,media,alta,857,True,270,270.0
2020,meia-idade,1,2,PI,,89.0,alta_vs_media,media,alta,118,True,29,29.0
2020,meia-idade,1,2,PR,,1678.0,alta_vs_media,media,alta,2662,True,984,984.0
2020,meia-idade,1,2,RJ,,1810.0,alta_vs_media,media,alta,2965,True,1155,1155.0
2020,meia-idade,1,2,RN,,152.0,alta_vs_media,media,alta,223,True,71,71.0
2020,meia-idade,1,2,RO,,93.0,alta_vs_media,media,alta,140,True,47,47.0
2020,meia-idade,1,2,RR,,20.0,alta_vs_media,media,alta,31,False,11,11.0
2020,meia-idade,1,2,RS,,1392.0,alta_vs_media,media,alta,2126,True,734,734.0
2020,meia-idade,1,2,SC,,1196.0,alta_vs_media,media,alta,1840,True,644,644.0
2020,meia-idade,1,2,SE,,99.0,alta_vs_media,media,alta,165,True,66,66.0
2020,meia-idade,1,2,SP,,5124.0,alta_vs_media,media,alta,8621,True,3497,3497.0
2020,meia-idade,1,2,TO,,43.0,alta_vs_media,media,alta,70,True,27,27.0
2020,meia-idade,2,0,RJ,,1.0,alta_vs_media,media,alta,1,False,0,0.0
2020,meia-idade,2,1,AC,,8.0,alta_vs_media,media,alta,9,False,1,1.0
2020,meia-idade,2,1,AL,,26.0,alta_vs_media,media,alta,33,False,7,7.0
2020,meia-idade,2,1,AM,,18.0,alta_vs_media,media,alta,38,False,18,20.0
2020,meia-idade,2,1,AP,,14.0,alta_vs_media,media,alta,20,False,6,6.0
2020,meia-idade,2,1,BA,,610.0,alta_vs_media,media,alta,817,True,207,207.0
2020,meia-idade,2,1,CE,,112.0,alta_vs_media,media,alta,142,True,30,30.0
2020,meia-idade,2,1,DF,,104.0,alta_vs_media,media,alta,148,True,44,44.0
2020,meia-idade,2,1,ES,,86.0,alta_vs_media,media,alta,120,True,34,34.0
2020,meia-idade,2,1,GO,,206.0,alta_vs_media,media,alta,277,True,71,71.0
2020,meia-idade,2,1,MA,,152.0,alta_vs_media,media,alta,220,True,68,68.0
2020,meia-idade,2,1,MG,,936.0,alta_vs_media,media,alta,1229,True,293,293.0
2020,meia-idade,2,1,MS,,70.0,alta_vs_media,media,alta,88,False,18,18.0
2020,meia-idade,2,1,MT,,124.0,alta_vs_media,media,alta,188,True,64,64.0
2020,meia-idade,2,1,PA,,143.0,alta_vs_media,media,alta,186,True,43,43.0
2020,meia-idade,2,1,PB,,25.0,alta_vs_media,media,alta,31,False,6,6.0
2020,meia-idade,2,1,PE,,252.0,alta_vs_media,media,alta,334,True,82,82.0
2020,meia-idade,2,1,PI,,84.0,alta_vs_media,media,alta,94,False,10,10.0
2020,meia-idade,2,1,PR,,225.0,alta_vs_media,media,alta,329,True,104,104.0
2020,meia-idade,2,1,RJ,,1078.0,alta_vs_media,media,alta,1533,True,455,455.0
2020,meia-idade,2,1,RN,,50.0,alta_vs_media,media,alta,69,False,19,19.0
2020,meia-idade,2,1,RO,,35.0,alta_vs_media,media,alta,44,False,9,9.0
2020,meia-idade,2,1,RR,,12.0,alta_vs_media,media,alta,14,False,2,2.0
2020,meia-idade,2,1,RS,,252.0,alta_vs_media,media,alta,350,True,98,98.0
2020,meia-idade,2,1,SC,,91.0,alta_vs_media,media,alta,139,True,48,48.0
2020,meia-idade,2,1,SE,,74.0,alta_vs_media,media,alta,112,True,38,38.0
2020,meia-idade,2,1,SP,,1266.0,alta_vs_media,media,alta,2100,True,834,834.0
2020,meia-idade,2,1,TO,,45.0,alta_vs_media,media,alta,54,False,9,9.0
2020,meia-idade,2,2,AC,,5.0,alta_vs_media,media,alta,7,False,2,2.0
2020,meia-idade,2,2,AL,,20.0,alta_vs_media,media,alta,26,False,6,6.0
2020,meia-idade,2,2,AM,,17.0,alta_vs_media,media,alta,32,False,15,15.0
2020,meia-idade,2,2,AP,,9.0,alta_vs_media,media,alta,14,False,5,5.0
2020,meia-idade,2,2,BA,,386.0,alta_vs_media,media,alta,551,True,165,165.0
2020,meia-idade,2,2,CE,,62.0,alta_vs_media,media,alta,77,False,15,15.0
2020,meia-idade,2,2,DF,,51.0,alta_vs_media,media,alta,69,False,18,18.0
2020,meia-idade,2,2,ES,,62.0,alta_vs_media,media,alta,86,True,24,24.0
2020,meia-idade,2,2,GO,,145.0,alta_vs_media,media,alta,184,True,39,39.0
2020,meia-idade,2,2,MA,,112.0,alta_vs_media,media,alta,152,True,40,40.0
2020,meia-idade,2,2,MG,,580.0,alta_vs_media,media,alta,783,True,203,203.0
2020,meia-idade,2,2,MS,,39.0,alta_vs_media,media,alta,51,False,12,12.0
2020,meia-idade,2,2,MT,,55.0,alta_vs_media,media,alta,83,True,28,28.0
2020,meia-idade,2,2,PA,,84.0,alta_vs_media,media,alta,110,True,26,26.0
2020,meia-idade,2,2,PB,,12.0,alta_vs_media,media,alta,14,False,2,2.0
2020,meia-idade,2,2,PE,,144.0,alta_vs_media,media,alta,195,True,51,51.0
2020,meia-idade,2,2,PI,,40.0,alta_vs_media,media,alta,45,False,5,5.0
2020,meia-idade,2,2,PR,,108.0,alta_vs_media,media,alta,169,True,61,61.0
2020,meia-idade,2,2,RJ,,1005.0,alta_vs_media,media,alta,1416,True,411,411.0
2020,meia-idade,2,2,RN,,18.0,alta_vs_media,media,alta,26,False,8,8.0
2020,meia-idade,2,2,RO,,20.0,alta_vs_media,media,alta,30,False,10,10.0
2020,meia-idade,2,2,RR,,2.0,alta_vs_media,media,alta,4,False,2,2.0
2020,meia-idade,2,2,RS,,145.0,alta_vs_media,media,alta,209,True,64,64.0
2020,meia-idade,2,2,SC,,58.0,alta_vs_media,media,alta,101,True,43,43.0
2020,meia-idade,2,2,SE,,37.0,alta_vs_media,media,alta,55,False,18,18.0
2020,meia-idade,2,2,SP,,793.0,alta_vs_media,media,alta,1275,True,482,482.0
2020,meia-idade,2,2,TO,,18.0,alta_vs_media,media,alta,24,False,6,6.0
2020,meia-idade,3,1,AL,,1.0,alta_vs_media,media,alta,1,False,0,0.0
2020,meia-idade,3,1,AM,,3.0,alta_vs_media,media,alta,3,False,0,0.0
2020,meia-idade,3,1,AP,,4.0,alta_vs_media,media,alta,5,False,1,1.0
2020,meia-idade,3,1,BA,,3.0,alta_vs_media,media,alta,7,False,3,4.0
2020,meia-idade,3,1,CE,,8.0,alta_vs_media,media,alta,12,False,4,4.0
2020,meia-idade,3,1,DF,,7.0,alta_vs_media,media,alta,10,False,3,3.0
2020,meia-idade,3,1,ES,,1.0,alta_vs_media,media,alta,1,False,0,0.0
2020,meia-idade,3,1,GO,,9.0,alta_vs_media,media,alta,12,False,3,3.0
2020,meia-idade,3,1,MA,,6.0,alta_vs_media,media,alta,7,False,1,1.0
2020,meia-idade,3,1,MG,,19.0,alta_vs_media,media,alta,33,False,14,14.0
2020,meia-idade,3,1,MS,,4.0,alta_vs_media,media,alta,8,False,4,4.0
2020,meia-idade,3,1,MT,,8.0,alta_vs_media,media,alta,23,False,8,15.0
2020,meia-idade,3,1,PA,,5.0,alta_vs_media,media,alta,8,False,3,3.0
2020,meia-idade,3,1,PE,,7.0,alta_vs_media,media,alta,9,False,2,2.0
2020,meia-idade,3,1,PI,,2.0,alta_vs_media,media,alta,3,False,1,1.0
2020,meia-idade,3,1,PR,,12.0,alta_vs_media,media,alta,26,False,12,14.0
2020,meia-idade,3,1,RJ,,7.0,alta_vs_media,media,alta,7,False,0,0.0
2020,meia-idade,3,1,RN,,3.0,alta_vs_media,media,alta,3,False,0,0.0
2020,meia-idade,3,1,RO,,1.0,alta_vs_media,media,alta,3,False,1,2.0
2020,meia-idade,3,1,RR,,3.0,alta_vs_media,media,alta,4,False,1,1.0
2020,meia-idade,3,1,RS,,1.0,alta_vs_media,media,alta,4,False,1,3.0
2020,meia-idade,3,1,SC,,4.0,alta_vs_media,media,alta,5,False,1,1.0
2020,meia-idade,3,1,SE,,1.0,alta_vs_media,media,alta,1,False,0,0.0
2020,meia-idade,3,1,SP,,102.0,alta_vs_media,media,alta,154,True,52,52.0
2020,meia-idade,3,1,TO,,2.0,alta_vs_media,media,alta,2,False,0,0.0
2020,meia-idade,3,2,AL,,1.0,alta_vs_media,media,alta,1,False,0,0.0
2020,meia-idade,3,2,AM,,0.0,alta_vs_media,media,alta,1,False,0,1.0
2020,meia-idade,3,2,AP,,5.0,alta_vs_media,media,alta,5,False,0,0.0
2020,meia-idade,3,2,BA,,5.0,alta_vs_media,media,alta,9,False,4,4.0
2020,meia-idade,3,2,CE,,10.0,alta_vs_media,media,alta,16,False,6,6.0
2020,meia-idade,3,2,DF,,5.0,alta_vs_media,media,alta,8,False,3,3.0
2020,meia-idade,3,2,ES,,2.0,alta_vs_media,media,alta,4,False,2,2.0
2020,meia-idade,3,2,GO,,12.0,alta_vs_media,media,alta,14,False,2,2.0
2020,meia-idade,3,2,MA,,2.0,alta_vs_media,media,alta,3,False,1,1.0
2020,meia-idade,3,2,MG,,14.0,alta_vs_media,media,alta,23,False,9,9.0
2020,meia-idade,3,2,MS,,0.0,alta_vs_media,media,alta,3,False,0,3.0
2020,meia-idade,3,2,MT,,4.0,alta_vs_media,media,alta,10,False,4,6.0
2020,meia-idade,3,2,PA,,1.0,alta_vs_media,media,alta,1,False,0,0.0
2020,meia-idade,3,2,PB,,0.0,alta_vs_media,media,alta,1,False,0,1.0
2020,meia-idade,3,2,PE,,3.0,alta_vs_media,media,alta,8,False,3,5.0
2020,meia-idade,3,2,PR,,10.0,alta_vs_media,media,alta,20,False,10,10.0
2020,meia-idade,3,2,RJ,,6.0,alta_vs_media,media,alta,8,False,2,2.0
2020,meia-idade,3,2,RN,,1.0,alta_vs_media,media,alta,3,False,1,2.0
2020,meia-idade,3,2,RO,,3.0,alta_vs_media,media,alta,4,False,1,1.0
2020,meia-idade,3,2,RR,,0.0,alta_vs_media,media,alta,1,False,0,1.0
2020,meia-idade,3,2,RS,,0.0,alta_vs_media,media,alta,1,False,0,1.0
2020,meia-idade,3,2,SE,,0.0,alta_vs_media,media,alta,1,False,0,1.0
2020,meia-idade,3,2,SP,,51.0,alta_vs_media,media,alta,77,True,26,26.0
2020,meia-idade,3,2,TO,,2.0,alta_vs_media,media,alta,3,False,1,1.0
2020,meia-idade,4,0,PE,,0.0,alta_vs_media,media,alta,1,False,0,1.0
2020,meia-idade,4,0,SP,,1.0,alta_vs_media,media,alta,1,False,0,0.0
2020,meia-idade,4,1,AC,,82.0,alta_vs_media,media,alta,108,True,26,26.0
2020,meia-idade,4,1,AL,,388.0,alta_vs_media,media,alta,524,True,136,136.0
2020,meia-idade,4,1,AM,,823.0,alta_vs_media,media,alta,1385,True,562,562.0
2020,meia-idade,4,1,AP,,96.0,alta_vs_media,media,alta,162,True,66,66.0
2020,meia-idade,4,1,BA,,2265.0,alta_vs_media,media,alta,3007,True,742,742.0
2020,meia-idade,4,1,CE,,2321.0,alta_vs_media,media,alta,3035,True,714,714.0
2020,meia-idade,4,1,DF,,491.0,alta_vs_media,media,alta,681,True,190,190.0
2020,meia-idade,4,1,ES,,356.0,alta_vs_media,media,alta,519,True,163,163.0
2020,meia-idade,4,1,GO,,1325.0,alta_vs_media,media,alta,1822,True,497,497.0
2020,meia-idade,4,1,MA,,1017.0,alta_vs_media,media,alta,1486,True,469,469.0
2020,meia-idade,4,1,MG,,3074.0,alta_vs_media,media,alta,4124,True,1050,1050.0
2020,meia-idade,4,1,MS,,560.0,alta_vs_media,media,alta,841,True,281,281.0
2020,meia-idade,4,1,MT,,606.0,alta_vs_media,media,alta,996,True,390,390.0
2020,meia-idade,4,1,PA,,1381.0,alta_vs_media,media,alta,1998,True,617,617.0
2020,meia-idade,4,1,PB,,355.0,alta_vs_media,media,alta,446,True,91,91.0
2020,meia-idade,4,1,PE,,2356.0,alta_vs_media,media,alta,3066,True,710,710.0
2020,meia-idade,4,1,PI,,539.0,alta_vs_media,media,alta,684,True,145,145.0
2020,meia-idade,4,1,PR,,953.0,alta_vs_media,media,alta,1394,True,441,441.0
2020,meia-idade,4,1,RJ,,2163.0,alta_vs_media,media,alta,3249,True,1086,1086.0
2020,meia-idade,4,1,RN,,445.0,alta_vs_media,media,alta,586,True,141,141.0
2020,meia-idade,4,1,RO,,297.0,alta_vs_media,media,alta,449,True,152,152.0
2020,meia-idade,4,1,RR,,129.0,alta_vs_media,media,alta,183,True,54,54.0
2020,meia-idade,4,1,RS,,234.0,alta_vs_media,media,alta,312,True,78,78.0
2020,meia-idade,4,1,SC,,198.0,alta_vs_media,media,alta,286,True,88,88.0
2020,meia-idade,4,1,SE,,544.0,alta_vs_media,media,alta,770,True,226,226.0
2020,meia-idade,4,1,SP,,4114.0,alta_vs_media,media,alta,6646,True,2532,2532.0
2020,meia-idade,4,1,TO,,265.0,alta_vs_media,media,alta,351,True,86,86.0
2020,meia-idade,4,2,AC,,51.0,alta_vs_media,media,alta,73,True,22,22.0
2020,meia-idade,4,2,AL,,166.0,alta_vs_media,media,alta,237,True,71,71.0
2020,meia-idade,4,2,AM,,426.0,alta_vs_media,media,alta,789,True,363,363.0
2020,meia-idade,4,2,AP,,59.0,alta_vs_media,media,alta,99,True,40,40.0
2020,meia-idade,4,2,BA,,1320.0,alta_vs_media,media,alta,1872,True,552,552.0
2020,meia-idade,4,2,CE,,1230.0,alta_vs_media,media,alta,1635,True,405,405.0
2020,meia-idade,4,2,DF,,260.0,alta_vs_media,media,alta,380,True,120,120.0
2020,meia-idade,4,2,ES,,208.0,alta_vs_media,media,alta,310,True,102,102.0
2020,meia-idade,4,2,GO,,685.0,alta_vs_media,media,alta,942,True,257,257.0
2020,meia-idade,4,2,MA,,677.0,alta_vs_media,media,alta,990,True,313,313.0
2020,meia-idade,4,2,MG,,1736.0,alta_vs_media,media,alta,2426,True,690,690.0
2020,meia-idade,4,2,MS,,293.0,alta_vs_media,media,alta,428,True,135,135.0
2020,meia-idade,4,2,MT,,316.0,alta_vs_media,media,alta,547,True,231,231.0
2020,meia-idade,4,2,PA,,844.0,alta_vs_media,media,alta,1230,True,386,386.0
2020,meia-idade,4,2,PB,,246.0,alta_vs_media,media,alta,330,True,84,84.0
2020,meia-idade,4,2,PE,,1374.0,alta_vs_media,media,alta,1878,True,504,504.0
2020,meia-idade,4,2,PI,,288.0,alta_vs_media,media,alta,367,True,79,79.0
2020,meia-idade,4,2,PR,,480.0,alta_vs_media,media,alta,704,True,224,224.0
2020,meia-idade,4,2,RJ,,1802.0,alta_vs_media,media,alta,2650,True,848,848.0
2020,meia-idade,4,2,RN,,283.0,alta_vs_media,media,alta,374,True,91,91.0
2020,meia-idade,4,2,RO,,155.0,alta_vs_media,media,alta,230,True,75,75.0
2020,meia-idade,4,2,RR,,55.0,alta_vs_media,media,alta,97,True,42,42.0
2020,meia-idade,4,2,RS,,165.0,alta_vs_media,media,alta,232,True,67,67.0
2020,meia-idade,4,2,SC,,116.0,alta_vs_media,media,alta,149,True,33,33.0
2020,meia-idade,4,2,SE,,285.0,alta_vs_media,media,alta,409,True,124,124.0
2020,meia-idade,4,2,SP,,2299.0,alta_vs_media,media,alta,3703,True,1404,1404.0
2020,meia-idade,4,2,TO,,121.0,alta_vs_media,media,alta,175,True,54,54.0
2020,meia-idade,5,1,AC,,0.0,alta_vs_media,media,alta,1,False,0,1.0
2020,meia-idade,5,1,AM,,27.0,alta_vs_media,media,alta,47,True,20,20.0
2020,meia-idade,5,1,AP,,3.0,alta_vs_media,media,alta,3,False,0,0.0
2020,meia-idade,5,1,BA,,5.0,alta_vs_media,media,alta,7,False,2,2.0
2020,meia-idade,5,1,CE,,4.0,alta_vs_media,media,alta,4,False,0,0.0
2020,meia-idade,5,1,DF,,2.0,alta_vs_media,media,alta,2,False,0,0.0
2020,meia-idade,5,1,GO,,3.0,alta_vs_media,media,alta,4,False,1,1.0
2020,meia-idade,5,1,MA,,5.0,alta_vs_media,media,alta,7,False,2,2.0
2020,meia-idade,5,1,MG,,4.0,alta_vs_media,media,alta,5,False,1,1.0
2020,meia-idade,5,1,MS,,21.0,alta_vs_media,media,alta,32,False,11,11.0
2020,meia-idade,5,1,MT,,5.0,alta_vs_media,media,alta,8,False,3,3.0
2020,meia-idade,5,1,PA,,7.0,alta_vs_media,media,alta,9,False,2,2.0
2020,meia-idade,5,1,PB,,2.0,alta_vs_media,media,alta,2,False,0,0.0
2020,meia-idade,5,1,PE,,8.0,alta_vs_media,media,alta,11,False,3,3.0
2020,meia-idade,5,1,PI,,1.0,alta_vs_media,media,alta,1,False,0,0.0
2020,meia-idade,5,1,PR,,1.0,alta_vs_media,media,alta,4,False,1,3.0
2020,meia-idade,5,1,RJ,,3.0,alta_vs_media,media,alta,4,False,1,1.0
2020,meia-idade,5,1,RN,,1.0,alta_vs_media,media,alta,1,False,0,0.0
2020,meia-idade,5,1,RO,,1.0,alta_vs_media,media,alta,3,False,1,2.0
2020,meia-idade,5,1,RR,,22.0,alta_vs_media,media,alta,30,False,8,8.0
2020,meia-idade,5,1,RS,,8.0,alta_vs_media,media,alta,9,False,1,1.0
2020,meia-idade,5,1,SC,,7.0,alta_vs_media,media,alta,7,False,0,0.0
2020,meia-idade,5,1,SP,,3.0,alta_vs_media,media,alta,12,False,3,9.0
2020,meia-idade,5,1,TO,,2.0,alta_vs_media,media,alta,2,False,0,0.0
2020,meia-idade,5,2,AL,,1.0,alta_vs_media,media,alta,1,False,0,0.0
2020,meia-idade,5,2,AM,,17.0,alta_vs_media,media,alta,24,False,7,7.0
2020,meia-idade,5,2,AP,,1.0,alta_vs_media,media,alta,1,False,0,0.0
2020,meia-idade,5,2,BA,,6.0,alta_vs_media,media,alta,7,False,1,1.0
2020,meia-idade,5,2,CE,,3.0,alta_vs_media,media,alta,5,False,2,2.0
2020,meia-idade,5,2,GO,,0.0,alta_vs_media,media,alta,3,False,0,3.0
2020,meia-idade,5,2,MA,,2.0,alta_vs_media,media,alta,3,False,1,1.0
2020,meia-idade,5,2,MG,,3.0,alta_vs_media,media,alta,6,False,3,3.0
2020,meia-idade,5,2,MS,,25.0,alta_vs_media,media,alta,29,False,4,4.0
2020,meia-idade,5,2,MT,,0.0,alta_vs_media,media,alta,2,False,0,2.0
2020,meia-idade,5,2,PA,,4.0,alta_vs_media,media,alta,4,False,0,0.0
2020,meia-idade,5,2,PE,,4.0,alta_vs_media,media,alta,4,False,0,0.0
2020,meia-idade,5,2,PR,,7.0,alta_vs_media,media,alta,7,False,0,0.0
2020,meia-idade,5,2,RJ,,3.0,alta_vs_media,media,alta,7,False,3,4.0
2020,meia-idade,5,2,RR,,9.0,alta_vs_media,media,alta,12,False,3,3.0
2020,meia-idade,5,2,RS,,5.0,alta_vs_media,media,alta,5,False,0,0.0
2020,meia-idade,5,2,SC,,4.0,alta_vs_media,media,alta,4,False,0,0.0
2020,meia-idade,5,2,SP,,3.0,alta_vs_media,media,alta,7,False,3,4.0
2021,adulto,1,0,MA,,0.0,alta_vs_media,media,alta,1,False,0,1.0
2021,adulto,1,1,AC,,10.0,alta_vs_media,media,alta,16,False,6,6.0
2021,adulto,1,1,AL,,51.0,alta_vs_media,media,alta,81,True,30,30.0
2021,adulto,1,1,AM,,125.0,alta_vs_media,media,alta,251,True,125,126.0
2021,adulto,1,1,AP,,18.0,alta_vs_media,media,alta,30,False,12,12.0
2021,adulto,1,1,BA,,328.0,alta_vs_media,media,alta,564,True,236,236.0
2021,adulto,1,1,CE,,320.0,alta_vs_media,media,alta,546,True,226,226.0
2021,adulto,1,1,DF,,196.0,alta_vs_media,media,alta,322,True,126,126.0
2021,adulto,1,1,ES,,89.0,alta_vs_media,media,alta,205,True,89,116.0
2021,adulto,1,1,GO,,560.0,alta_vs_media,media,alta,1065,True,505,505.0
2021,adulto,1,1,MA,,213.0,alta_vs_media,media,alta,408,True,195,195.0
2021,adulto,1,1,MG,,1329.0,alta_vs_media,media,alta,2653,True,1324,1324.0
2021,adulto,1,1,MS,,223.0,alta_vs_media,media,alta,481,True,223,258.0
2021,adulto,1,1,MT,,280.0,alta_vs_media,media,alta,571,True,280,291.0
2021,adulto,1,1,PA,,212.0,alta_vs_media,media,alta,334,True,122,122.0
2021,adulto,1,1,PB,,90.0,alta_vs_media,media,alta,145,True,55,55.0
2021,adulto,1,1,PE,,686.0,alta_vs_media,media,alta,1002,True,316,316.0
2021,adulto,1,1,PI,,100.0,alta_vs_media,media,alta,140,True,40,40.0
2021,adulto,1,1,PR,,1819.0,alta_vs_media,media,alta,4155,True,1819,2336.0
2021,adulto,1,1,RJ,,1028.0,alta_vs_media,media,alta,1854,True,826,826.0
2021,adulto,1,1,RN,,141.0,alta_vs_media,media,alta,212,True,71,71.0
2021,adulto,1,1,RO,,116.0,alta_vs_media,media,alta,213,True,97,97.0
2021,adulto,1,1,RR,,14.0,alta_vs_media,media,alta,36,False,14,22.0
2021,adulto,1,1,RS,,1060.0,alta_vs_media,media,alta,2206,True,1060,1146.0
2021,adulto,1,1,SC,,975.0,alta_vs_media,media,alta,2066,True,975,1091.0
2021,adulto,1,1,SE,,79.0,alta_vs_media,media,alta,137,True,58,58.0
2021,adulto,1,1,SP,,3903.0,alta_vs_media,media,alta,8849,True,3903,4946.0
2021,adulto,1,1,TO,,57.0,alta_vs_media,media,alta,101,True,44,44.0
2021,adulto,1,2,AC,,5.0,alta_vs_media,media,alta,11,False,5,6.0
2021,adulto,1,2,AL,,45.0,alta_vs_media,media,alta,72,True,27,27.0
2021,adulto,1,2,AM,,109.0,alta_vs_media,media,alta,219,True,109,110.0
2021,adulto,1,2,AP,,18.0,alta_vs_media,media,alta,29,False,11,11.0
2021,adulto,1,2,BA,,191.0,alta_vs_media,media,alta,339,True,148,148.0
2021,adulto,1,2,CE,,228.0,alta_vs_media,media,alta,397,True,169,169.0
2021,adulto,1,2,DF,,151.0,alta_vs_media,media,alta,219,True,68,68.0
2021,adulto,1,2,ES,,85.0,alta_vs_media,media,alta,157,True,72,72.0
2021,adulto,1,2,GO,,363.0,alta_vs_media,media,alta,738,True,363,375.0
2021,adulto,1,2,MA,,130.0,alta_vs_media,media,alta,233,True,103,103.0
2021,adulto,1,2,MG,,728.0,alta_vs_media,media,alta,1480,True,728,752.0
2021,adulto,1,2,MS,,154.0,alta_vs_media,media,alta,343,True,154,189.0
2021,adulto,1,2,MT,,132.0,alta_vs_media,media,alta,286,True,132,154.0
2021,adulto,1,2,PA,,141.0,alta_vs_media,media,alta,261,True,120,120.0
2021,adulto,1,2,PB,,71.0,alta_vs_media,media,alta,120,True,49,49.0
2021,adulto,1,2,PE,,327.0,alta_vs_media,media,alta,555,True,228,228.0
2021,adulto,1,2,PI,,55.0,alta_vs_media,media,alta,95,True,40,40.0
2021,adulto,1,2,PR,,961.0,alta_vs_media,media,alta,2031,True,961,1070.0
2021,adulto,1,2,RJ,,786.0,alta_vs_media,media,alta,1476,True,690,690.0
2021,adulto,1,2,RN,,103.0,alta_vs_media,media,alta,180,True,77,77.0
2021,adulto,1,2,RO,,65.0,alta_vs_media,media,alta,105,True,40,40.0
2021,adulto,1,2,RR,,13.0,alta_vs_media,media,alta,29,False,13,16.0
2021,adulto,1,2,RS,,643.0,alta_vs_media,media,alta,1327,True,643,684.0
2021,adulto,1,2,SC,,581.0,alta_vs_media,media,alta,1165,True,581,584.0
2021,adulto,1,2,SE,,42.0,alta_vs_media,media,alta,87,True,42,45.0
2021,adulto,1,2,SP,,2398.0,alta_vs_media,media,alta,5547,True,2398,3149.0
2021,adulto,1,2,TO,,40.0,alta_vs_media,media,alta,77,True,37,37.0
2021,adulto,2,1,AC,,1.0,alta_vs_media,media,alta,2,False,1,1.0
2021,adulto,2,1,AL,,19.0,alta_vs_media,media,alta,23,False,4,4.0
2021,adulto,2,1,AM,,20.0,alta_vs_media,media,alta,41,True,20,21.0
2021,adulto,2,1,AP,,15.0,alta_vs_media,media,alta,22,False,7,7.0
2021,adulto,2,1,BA,,593.0,alta_vs_media,media,alta,928,True,335,335.0
2021,adulto,2,1,CE,,67.0,alta_vs_media,media,alta,99,True,32,32.0
2021,adulto,2,1,DF,,66.0,alta_vs_media,media,alta,101,True,35,35.0
2021,adulto,2,1,ES,,63.0,alta_vs_media,media,alta,99,True,36,36.0
2021,adulto,2,1,GO,,192.0,alta_vs_media,media,alta,312,True,120,120.0
2021,adulto,2,1,MA,,183.0,alta_vs_media,media,alta,295,True,112,112.0
2021,adulto,2,1,MG,,488.0,alta_vs_media,media,alta,850,True,362,362.0
2021,adulto,2,1,MS,,31.0,alta_vs_media,media,alta,68,True,31,37.0
2021,adulto,2,1,MT,,74.0,alta_vs_media,media,alta,155,True,74,81.0
2021,adulto,2,1,PA,,119.0,alta_vs_media,media,alta,178,True,59,59.0
2021,adulto,2,1,PB,,19.0,alta_vs_media,media,alta,23,False,4,4.0
2021,adulto,2,1,PE,,188.0,alta_vs_media,media,alta,260,True,72,72.0
2021,adulto,2,1,PI,,84.0,alta_vs_media,media,alta,100,False,16,16.0
2021,adulto,2,1,PR,,119.0,alta_vs_media,media,alta,267,True,119,148.0
2021,adulto,2,1,RJ,,627.0,alta_vs_media,media,alta,1020,True,393,393.0
2021,adulto,2,1,RN,,30.0,alta_vs_media,media,alta,41,False,11,11.0
2021,adulto,2,1,RO,,33.0,alta_vs_media,media,alta,64,True,31,31.0
2021,adulto,2,1,RR,,5.0,alta_vs_media,media,alta,14,False,5,9.0
2021,adulto,2,1,RS,,142.0,alta_vs_media,media,alta,250,True,108,108.0
2021,adulto,2,1,SC,,65.0,alta_vs_media,media,alta,132,True,65,67.0
2021,adulto,2,1,SE,,71.0,alta_vs_media,media,alta,114,True,43,43.0
2021,adulto,2,1,SP,,631.0,alta_vs_media,media,alta,1357,True,631,726.0
2021,adulto,2,1,TO,,58.0,alta_vs_media,media,alta,84,True,26,26.0
2021,adulto,2,2,AC,,6.0,alta_vs_media,media,alta,7,False,1,1.0
2021,adulto,2,2,AL,,9.0,alta_vs_media,media,alta,21,False,9,12.0
2021,adulto,2,2,AM,,11.0,alta_vs_media,media,alta,30,False,11,19.0
2021,adulto,2,2,AP,,6.0,alta_vs_media,media,alta,7,False,1,1.0
2021,adulto,2,2,BA,,239.0,alta_vs_media,media,alta,414,True,175,175.0
2021,adulto,2,2,CE,,20.0,alta_vs_media,media,alta,41,True,20,21.0
2021,adulto,2,2,DF,,24.0,alta_vs_media,media,alta,42,False,18,18.0
2021,adulto,2,2,ES,,37.0,alta_vs_media,media,alta,68,True,31,31.0
2021,adulto,2,2,GO,,77.0,alta_vs_media,media,alta,154,True,77,77.0
2021,adulto,2,2,MA,,59.0,alta_vs_media,media,alta,105,True,46,46.0
2021,adulto,2,2,MG,,234.0,alta_vs_media,media,alta,489,True,234,255.0
2021,adulto,2,2,MS,,18.0,alta_vs_media,media,alta,43,False,18,25.0
2021,adulto,2,2,MT,,24.0,alta_vs_media,media,alta,56,True,24,32.0
2021,adulto,2,2,PA,,63.0,alta_vs_media,media,alta,93,True,30,30.0
2021,adulto,2,2,PB,,12.0,alta_vs_media,media,alta,19,False,7,7.0
2021,adulto,2,2,PE,,85.0,alta_vs_media,media,alta,132,True,47,47.0
2021,adulto,2,2,PI,,21.0,alta_vs_media,media,alta,40,False,19,19.0
2021,adulto,2,2,PR,,64.0,alta_vs_media,media,alta,125,True,61,61.0
2021,adulto,2,2,RJ,,420.0,alta_vs_media,media,alta,738,True,318,318.0
2021,adulto,2,2,RN,,19.0,alta_vs_media,media,alta,29,False,10,10.0
2021,adulto,2,2,RO,,7.0,alta_vs_media,media,alta,18,False,7,11.0
2021,adulto,2,2,RR,,2.0,alta_vs_media,media,alta,9,False,2,7.0
2021,adulto,2,2,RS,,87.0,alta_vs_media,media,alta,158,True,71,71.0
2021,adulto,2,2,SC,,38.0,alta_vs_media,media,alta,82,True,38,44.0
2021,adulto,2,2,SE,,31.0,alta_vs_media,media,alta,50,False,19,19.0
2021,adulto,2,2,SP,,301.0,alta_vs_media,media,alta,736,True,301,435.0
2021,adulto,2,2,TO,,20.0,alta_vs_media,media,alta,30,False,10,10.0
2021,adulto,3,1,AL,,1.0,alta_vs_media,media,alta,2,False,1,1.0
2021,adulto,3,1,AM,,1.0,alta_vs_media,media,alta,2,False,1,1.0
2021,adulto,3,1,AP,,1.0,alta_vs_media,media,alta,1,False,0,0.0
2021,adulto,3,1,BA,,6.0,alta_vs_media,media,alta,8,False,2,2.0
2021,adulto,3,1,CE,,4.0,alta_vs_media,media,alta,5,False,1,1.0
2021,adulto,3,1,DF,,5.0,alta_vs_media,media,alta,8,False,3,3.0
2021,adulto,3,1,ES,,0.0,alta_vs_media,media,alta,2,False,0,2.0
2021,adulto,3,1,GO,,6.0,alta_vs_media,media,alta,12,False,6,6.0
2021,adulto,3,1,MA,,6.0,alta_vs_media,media,alta,11,False,5,5.0
2021,adulto,3,1,MG,,7.0,alta_vs_media,media,alta,11,False,4,4.0
2021,adulto,3,1,MS,,3.0,alta_vs_media,media,alta,4,False,1,1.0
2021,adulto,3,1,MT,,3.0,alta_vs_media,media,alta,11,False,3,8.0
2021,adulto,3,1,PA,,4.0,alta_vs_media,media,alta,10,False,4,6.0
2021,adulto,3,1,PB,,1.0,alta_vs_media,media,alta,2,False,1,1.0
2021,adulto,3,1,PE,,6.0,alta_vs_media,media,alta,7,False,1,1.0
2021,adulto,3,1,PI,,2.0,alta_vs_media,media,alta,4,False,2,2.0
2021,adulto,3,1,PR,,22.0,alta_vs_media,media,alta,29,False,7,7.0
2021,adulto,3,1,RJ,,2.0,alta_vs_media,media,alta,5,False,2,3.0
2021,adulto,3,1,RN,,1.0,alta_vs_media,media,alta,1,False,0,0.0
2021,adulto,3,1,RO,,1.0,alta_vs_media,media,alta,2,False,1,1.0
2021,adulto,3,1,RR,,2.0,alta_vs_media,media,alta,3,False,1,1.0
2021,adulto,3,1,RS,,0.0,alta_vs_media,media,alta,2,False,0,2.0
2021,adulto,3,1,SC,,4.0,alta_vs_media,media,alta,4,False,0,0.0
2021,adulto,3,1,SE,,2.0,alta_vs_media,media,alta,2,False,0,0.0
2021,adulto,3,1,SP,,39.0,alta_vs_media,media,alta,73,True,34,34.0
2021,adulto,3,1,TO,,1.0,alta_vs_media,media,alta,4,False,1,3.0
2021,adulto,3,2,AL,,1.0,alta_vs_media,media,alta,1,False,0,0.0
2021,adulto,3,2,AM,,1.0,alta_vs_media,media,alta,1,False,0,0.0
2021,adulto,3,2,AP,,1.0,alta_vs_media,media,alta,1,False,0,0.0
2021,adulto,3,2,BA,,1.0,alta_vs_media,media,alta,2,False,1,1.0
2021,adulto,3,2,CE,,6.0,alta_vs_media,media,alta,7,False,1,1.0
2021,adulto,3,2,DF,,1.0,alta_vs_media,media,alta,1,False,0,0.0
2021,adulto,3,2,ES,,1.0,alta_vs_media,media,alta,1,False,0,0.0
2021,adulto,3,2,GO,,4.0,alta_vs_media,media,alta,6,False,2,2.0
2021,adulto,3,2,MA,,4.0,alta_vs_media,media,alta,10,False,4,6.0
2021,adulto,3,2,MG,,4.0,alta_vs_media,media,alta,5,False,1,1.0
2021,adulto,3,2,MS,,2.0,alta_vs_media,media,alta,3,False,1,1.0
2021,adulto,3,2,MT,,1.0,alta_vs_media,media,alta,3,False,1,2.0
2021,adulto,3,2,PA,,1.0,alta_vs_media,media,alta,1,False,0,0.0
2021,adulto,3,2,PB,,1.0,alta_vs_media,media,alta,1,False,0,0.0
2021,adulto,3,2,PE,,1.0,alta_vs_media,media,alta,6,False,1,5.0
2021,adulto,3,2,PI,,2.0,alta_vs_media,media,alta,2,False,0,0.0
2021,adulto,3,2,PR,,2.0,alta_vs_media,media,alta,10,False,2,8.0
2021,adulto,3,2,RJ,,1.0,alta_vs_media,media,alta,4,False,1,3.0
2021,adulto,3,2,RN,,1.0,alta_vs_media,media,alta,2,False,1,1.0
2021,adulto,3,2,RO,,2.0,alta_vs_media,media,alta,3,False,1,1.0
2021,adulto,3,2,RS,,3.0,alta_vs_media,media,alta,4,False,1,1.0
2021,adulto,3,2,SC,,2.0,alta_vs_media,media,alta,2,False,0,0.0
2021,adulto,3,2,SE,,0.0,alta_vs_media,media,alta,1,False,0,1.0
2021,adulto,3,2,SP,,18.0,alta_vs_media,media,alta,34,False,16,16.0
2021,adulto,4,0,MG,,1.0,alta_vs_media,media,alta,1,False,0,0.0
2021,adulto,4,0,RN,,1.0,alta_vs_media,media,alta,1,False,0,0.0
2021,adulto,4,0,SP,,0.0,alta_vs_media,media,alta,1,False,0,1.0
2021,adulto,4,1,AC,,38.0,alta_vs_media,media,alta,65,True,27,27.0
2021,adulto,4,1,AL,,466.0,alta_vs_media,media,alta,783,True,317,317.0
2021,adulto,4,1,AM,,833.0,alta_vs_media,media,alta,1874,True,833,1041.0
2021,adulto,4,1,AP,,164.0,alta_vs_media,media,alta,276,True,112,112.0
2021,adulto,4,1,BA,,2408.0,alta_vs_media,media,alta,3687,True,1279,1279.0
2021,adulto,4,1,CE,,2097.0,alta_vs_media,media,alta,3131,True,1034,1034.0
2021,adulto,4,1,DF,,370.0,alta_vs_media,media,alta,583,True,213,213.0
2021,adulto,4,1,ES,,245.0,alta_vs_media,media,alta,438,True,193,193.0
2021,adulto,4,1,GO,,1131.0,alta_vs_media,media,alta,2091,True,960,960.0
2021,adulto,4,1,MA,,1098.0,alta_vs_media,media,alta,2067,True,969,969.0
2021,adulto,4,1,MG,,1761.0,alta_vs_media,media,alta,3148,True,1387,1387.0
2021,adulto,4,1,MS,,341.0,alta_vs_media,media,alta,706,True,341,365.0
2021,adulto,4,1,MT,,533.0,alta_vs_media,media,alta,1112,True,533,579.0
2021,adulto,4,1,PA,,1470.0,alta_vs_media,media,alta,2253,True,783,783.0
2021,adulto,4,1,PB,,335.0,alta_vs_media,media,alta,440,True,105,105.0
2021,adulto,4,1,PE,,2182.0,alta_vs_media,media,alta,3000,True,818,818.0
2021,adulto,4,1,PI,,580.0,alta_vs_media,media,alta,853,True,273,273.0
2021,adulto,4,1,PR,,760.0,alta_vs_media,media,alta,1593,True,760,833.0
2021,adulto,4,1,RJ,,1332.0,alta_vs_media,media,alta,2315,True,983,983.0
2021,adulto,4,1,RN,,391.0,alta_vs_media,media,alta,554,True,163,163.0
2021,adulto,4,1,RO,,236.0,alta_vs_media,media,alta,467,True,231,231.0
2021,adulto,4,1,RR,,121.0,alta_vs_media,media,alta,288,True,121,167.0
2021,adulto,4,1,RS,,117.0,alta_vs_media,media,alta,221,True,104,104.0
2021,adulto,4,1,SC,,146.0,alta_vs_media,media,alta,276,True,130,130.0
2021,adulto,4,1,SE,,609.0,alta_vs_media,media,alta,899,True,290,290.0
2021,adulto,4,1,SP,,2373.0,alta_vs_media,media,alta,5307,True,2373,2934.0
2021,adulto,4,1,TO,,276.0,alta_vs_media,media,alta,494,True,218,218.0
2021,adulto,4,2,AC,,49.0,alta_vs_media,media,alta,82,True,33,33.0
2021,adulto,4,2,AL,,157.0,alta_vs_media,media,alta,271,True,114,114.0
2021,adulto,4,2,AM,,305.0,alta_vs_media,media,alta,733,True,305,428.0
2021,adulto,4,2,AP,,63.0,alta_vs_media,media,alta,115,True,52,52.0
2021,adulto,4,2,BA,,768.0,alta_vs_media,media,alta,1396,True,628,628.0
2021,adulto,4,2,CE,,749.0,alta_vs_media,media,alta,1222,True,473,473.0
2021,adulto,4,2,DF,,129.0,alta_vs_media,media,alta,226,True,97,97.0
2021,adulto,4,2,ES,,112.0,alta_vs_media,media,alta,229,True,112,117.0
2021,adulto,4,2,GO,,433.0,alta_vs_media,media,alta,925,True,433,492.0
2021,adulto,4,2,MA,,387.0,alta_vs_media,media,alta,784,True,387,397.0
2021,adulto,4,2,MG,,777.0,alta_vs_media,media,alta,1555,True,777,778.0
2021,adulto,4,2,MS,,185.0,alta_vs_media,media,alta,397,True,185,212.0
2021,adulto,4,2,MT,,228.0,alta_vs_media,media,alta,514,True,228,286.0
2021,adulto,4,2,PA,,577.0,alta_vs_media,media,alta,1061,True,484,484.0
2021,adulto,4,2,PB,,185.0,alta_vs_media,media,alta,264,True,79,79.0
2021,adulto,4,2,PE,,688.0,alta_vs_media,media,alta,1122,True,434,434.0
2021,adulto,4,2,PI,,198.0,alta_vs_media,media,alta,320,True,122,122.0
2021,adulto,4,2,PR,,307.0,alta_vs_media,media,alta,647,True,307,340.0
2021,adulto,4,2,RJ,,798.0,alta_vs_media,media,alta,1473,True,675,675.0
2021,adulto,4,2,RN,,146.0,alta_vs_media,media,alta,243,True,97,97.0
2021,adulto,4,2,RO,,89.0,alta_vs_media,media,alta,185,True,89,96.0
2021,adulto,4,2,RR,,53.0,alta_vs_media,media,alta,124,True,53,71.0
2021,adulto,4,2,RS,,78.0,alta_vs_media,media,alta,155,True,77,77.0
2021,adulto,4,2,SC,,63.0,alta_vs_media,media,alta,126,True,63,63.0
2021,adulto,4,2,SE,,147.0,alta_vs_media,media,alta,281,True,134,134.0
2021,adulto,4,2,SP,,1081.0,alta_vs_media,media,alta,2658,True,1081,1577.0
2021,adulto,4,2,TO,,134.0,alta_vs_media,media,alta,218,True,84,84.0
2021,adulto,5,1,AC,,1.0,alta_vs_media,media,alta,2,False,1,1.0
2021,adulto,5,1,AL,,1.0,alta_vs_media,media,alta,1,False,0,0.0
2021,adulto,5,1,AM,,24.0,alta_vs_media,media,alta,50,True,24,26.0
2021,adulto,5,1,AP,,2.0,alta_vs_media,media,alta,2,False,0,0.0
2021,adulto,5,1,BA,,5.0,alta_vs_media,media,alta,6,False,1,1.0
2021,adulto,5,1,CE,,2.0,alta_vs_media,media,alta,3,False,1,1.0
2021,adulto,5,1,DF,,2.0,alta_vs_media,media,alta,2,False,0,0.0
2021,adulto,5,1,ES,,1.0,alta_vs_media,media,alta,1,False,0,0.0
2021,adulto,5,1,GO,,4.0,alta_vs_media,media,alta,4,False,0,0.0
2021,adulto,5,1,MA,,5.0,alta_vs_media,media,alta,10,False,5,5.0
2021,adulto,5,1,MG,,4.0,alta_vs_media,media,alta,5,False,1,1.0
2021,adulto,5,1,MS,,28.0,alta_vs_media,media,alta,41,False,13,13.0
2021,adulto,5,1,MT,,2.0,alta_vs_media,media,alta,8,False,2,6.0
2021,adulto,5,1,PA,,4.0,alta_vs_media,media,alta,4,False,0,0.0
2021,adulto,5,1,PB,,1.0,alta_vs_media,media,alta,2,False,1,1.0
2021,adulto,5,1,PE,,3.0,alta_vs_media,media,alta,8,False,3,5.0
2021,adulto,5,1,PR,,6.0,alta_vs_media,media,alta,9,False,3,3.0
2021,adulto,5,1,RJ,,2.0,alta_vs_media,media,alta,4,False,2,2.0
2021,adulto,5,1,RN,,2.0,alta_vs_media,media,alta,2,False,0,0.0
2021,adulto,5,1,RO,,2.0,alta_vs_media,media,alta,4,False,2,2.0
2021,adulto,5,1,RR,,13.0,alta_vs_media,media,alta,19,False,6,6.0
2021,adulto,5,1,RS,,3.0,alta_vs_media,media,alta,5,False,2,2.0
2021,adulto,5,1,SC,,2.0,alta_vs_media,media,alta,2,False,0,0.0
2021,adulto,5,1,SP,,6.0,alta_vs_media,media,alta,10,False,4,4.0
2021,adulto,5,1,TO,,1.0,alta_vs_media,media,alta,2,False,1,1.0
2021,adulto,5,2,AC,,1.0,alta_vs_media,media,alta,1,False,0,0.0
2021,adulto,5,2,AM,,11.0,alta_vs_media,media,alta,29,False,11,18.0
2021,adulto,5,2,BA,,4.0,alta_vs_media,media,alta,5,False,1,1.0
2021,adulto,5,2,CE,,2.0,alta_vs_media,media,alta,3,False,1,1.0
2021,adulto,5,2,ES,,0.0,alta_vs_media,media,alta,1,False,0,1.0
2021,adulto,5,2,MA,,9.0,alta_vs_media,media,alta,10,False,1,1.0
2021,adulto,5,2,MG,,2.0,alta_vs_media,media,alta,2,False,0,0.0
2021,adulto,5,2,MS,,15.0,alta_vs_media,media,alta,21,False,6,6.0
2021,adulto,5,2,MT,,5.0,alta_vs_media,media,alta,5,False,0,0.0
2021,adulto,5,2,PA,,1.0,alta_vs_media,media,alta,2,False,1,1.0
2021,adulto,5,2,PE,,5.0,alta_vs_media,media,alta,8,False,3,3.0
2021,adulto,5,2,PR,,6.0,alta_vs_media,media,alta,7,False,1,1.0
2021,adulto,5,2,RJ,,2.0,alta_vs_media,media,alta,4,False,2,2.0
2021,adulto,5,2,RO,,2.0,alta_vs_media,media,alta,2,False,0,0.0
2021,adulto,5,2,RR,,9.0,alta_vs_media,media,alta,13,False,4,4.0
2021,adulto,5,2,RS,,2.0,alta_vs_media,media,alta,2,False,0,0.0
2021,adulto,5,2,SC,,4.0,alta_vs_media,media,alta,7,False,3,3.0
2021,adulto,5,2,SP,,4.0,alta_vs_media,media,alta,5,False,1,1.0
2021,adulto,5,2,TO,,1.0,alta_vs_media,media,alta,4,False,1,3.0
2021,idoso,1,0,PE,,1.0,alta_vs_media,media,alta,1,False,0,0.0
2021,idoso,1,0,SP,,2.0,alta_vs_media,media,alta,2,False,0,0.0
2021,idoso,1,1,AC,,40.0,alta_vs_media,media,alta,54,False,14,14.0
2021,idoso,1,1,AL,,186.0,alta_vs_media,media,alta,278,True,92,92.0
2021,idoso,1,1,AM,,382.0,alta_vs_media,media,alta,642,True,260,260.0
2021,idoso,1,1,AP,,41.0,alta_vs_media,media,alta,79,True,38,38.0
2021,idoso,1,1,BA,,1169.0,alta_vs_media,media,alta,1711,True,542,542.0
2021,idoso,1,1,CE,,1084.0,alta_vs_media,media,alta,1571,True,487,487.0
2021,idoso,1,1,DF,,725.0,alta_vs_media,media,alta,1058,True,333,333.0
2021,idoso,1,1,ES,,772.0,alta_vs_media,media,alta,1117,True,345,345.0
2021,idoso,1,1,GO,,2180.0,alta_vs_media,media,alta,3075,True,895,895.0
2021,idoso,1,1,MA,,585.0,alta_vs_media,media,alta,841,True,256,256.0
2021,idoso,1,1,MG,,7700.0,alta_vs_media,media,alta,10803,True,3103,3103.0
2021,idoso,1,1,MS,,1081.0,alta_vs_media,media,alta,1631,True,550,550.0
2021,idoso,1,1,MT,,935.0,alta_vs_media,media,alta,1351,True,416,416.0
2021,idoso,1,1,PA,,720.0,alta_vs_media,media,alta,1021,True,301,301.0
2021,idoso,1,1,PB,,456.0,alta_vs_media,media,alta,537,True,81,81.0
2021,idoso,1,1,PE,,1777.0,alta_vs_media,media,alta,2545,True,768,768.0
2021,idoso,1,1,PI,,286.0,alta_vs_media,media,alta,373,True,87,87.0
2021,idoso,1,1,PR,,8218.0,alta_vs_media,media,alta,11554,True,3336,3336.0
2021,idoso,1,1,RJ,,7076.0,alta_vs_media,media,alta,10594,True,3518,3518.0
2021,idoso,1,1,RN,,464.0,alta_vs_media,media,alta,641,True,177,177.0
2021,idoso,1,1,RO,,399.0,alta_vs_media,media,alta,534,True,135,135.0
2021,idoso,1,1,RR,,58.0,alta_vs_media,media,alta,100,True,42,42.0
2021,idoso,1,1,RS,,7776.0,alta_vs_media,media,alta,11011,True,3235,3235.0
2021,idoso,1,1,SC,,5862.0,alta_vs_media,media,alta,8157,True,2295,2295.0
2021,idoso,1,1,SE,,270.0,alta_vs_media,media,alta,438,True,168,168.0
2021,idoso,1,1,SP,,26322.0,alta_vs_media,media,alta,38804,True,12482,12482.0
2021,idoso,1,1,TO,,211.0,alta_vs_media,media,alta,287,True,76,76.0
2021,idoso,1,2,AC,,42.0,alta_vs_media,media,alta,52,False,10,10.0
2021,idoso,1,2,AL,,181.0,alta_vs_media,media,alta,244,True,63,63.0
2021,idoso,1,2,AM,,300.0,alta_vs_media,media,alta,512,True,212,212.0
2021,idoso,1,2,AP,,36.0,alta_vs_media,media,alta,62,True,26,26.0
2021,idoso,1,2,BA,,945.0,alta_vs_media,media,alta,1375,True,430,430.0
2021,idoso,1,2,CE,,1104.0,alta_vs_media,media,alta,1546,True,442,442.0
2021,idoso,1,2,DF,,653.0,alta_vs_media,media,alta,951,True,298,298.0
2021,idoso,1,2,ES,,527.0,alta_vs_media,media,alta,751,True,224,224.0
2021,idoso,1,2,GO,,1677.0,alta_vs_media,media,alta,2338,True,661,661.0
2021,idoso,1,2,MA,,453.0,alta_vs_media,media,alta,676,True,223,223.0
2021,idoso,1,2,MG,,6029.0,alta_vs_media,media,alta,8042,True,2013,2013.0
2021,idoso,1,2,MS,,813.0,alta_vs_media,media,alta,1194,True,381,381.0
2021,idoso,1,2,MT,,598.0,alta_vs_media,media,alta,861,True,263,263.0
2021,idoso,1,2,PA,,601.0,alta_vs_media,media,alta,880,True,279,279.0
2021,idoso,1,2,PB,,415.0,alta_vs_media,media,alta,507,True,92,92.0
2021,idoso,1,2,PE,,1692.0,alta_vs_media,media,alta,2391,True,699,699.0
2021,idoso,1,2,PI,,224.0,alta_vs_media,media,alta,310,True,86,86.0
2021,idoso,1,2,PR,,5972.0,alta_vs_media,media,alta,8103,True,2131,2131.0
2021,idoso,1,2,RJ,,6627.0,alta_vs_media,media,alta,9565,True,2938,2938.0
2021,idoso,1,2,RN,,502.0,alta_vs_media,media,alta,685,True,183,183.0
2021,idoso,1,2,RO,,241.0,alta_vs_media,media,alta,320,True,79,79.0
2021,idoso,1,2,RR,,42.0,alta_vs_media,media,alta,71,True,29,29.0
2021,idoso,1,2,RS,,5506.0,alta_vs_media,media,alta,7840,True,2334,2334.0
2021,idoso,1,2,SC,,4124.0,alta_vs_media,media,alta,5383,True,1259,1259.0
2021,idoso,1,2,SE,,258.0,alta_vs_media,media,alta,371,True,113,113.0
2021,idoso,1,2,SP,,20212.0,alta_vs_media,media,alta,28281,True,8069,8069.0
2021,idoso,1,2,TO,,144.0,alta_vs_media,media,alta,212,True,68,68.0
2021,idoso,2,0,PR,,1.0,alta_vs_media,media,alta,1,False,0,0.0
2021,idoso,2,1,AC,,7.0,alta_vs_media,media,alta,9,False,2,2.0
2021,idoso,2,1,AL,,32.0,alta_vs_media,media,alta,43,False,11,11.0
2021,idoso,2,1,AM,,50.0,alta_vs_media,media,alta,92,True,42,42.0
2021,idoso,2,1,AP,,26.0,alta_vs_media,media,alta,33,False,7,7.0
2021,idoso,2,1,BA,,1070.0,alta_vs_media,media,alta,1467,True,397,397.0
2021,idoso,2,1,CE,,167.0,alta_vs_media,media,alta,216,True,49,49.0
2021,idoso,2,1,DF,,120.0,alta_vs_media,media,alta,172,True,52,52.0
2021,idoso,2,1,ES,,198.0,alta_vs_media,media,alta,262,True,64,64.0
2021,idoso,2,1,GO,,361.0,alta_vs_media,media,alta,468,True,107,107.0
2021,idoso,2,1,MA,,310.0,alta_vs_media,media,alta,408,True,98,98.0
2021,idoso,2,1,MG,,1802.0,alta_vs_media,media,alta,2255,True,453,453.0
2021,idoso,2,1,MS,,122.0,alta_vs_media,media,alta,163,True,41,41.0
2021,idoso,2,1,MT,,198.0,alta_vs_media,media,alta,266,True,68,68.0
2021,idoso,2,1,PA,,280.0,alta_vs_media,media,alta,339,True,59,59.0
2021,idoso,2,1,PB,,37.0,alta_vs_media,media,alta,46,False,9,9.0
2021,idoso,2,1,PE,,475.0,alta_vs_media,media,alta,599,True,124,124.0
2021,idoso,2,1,PI,,137.0,alta_vs_media,media,alta,165,True,28,28.0
2021,idoso,2,1,PR,,483.0,alta_vs_media,media,alta,650,True,167,167.0
2021,idoso,2,1,RJ,,2284.0,alta_vs_media,media,alta,3125,True,841,841.0
2021,idoso,2,1,RN,,58.0,alta_vs_media,media,alta,72,False,14,14.0
2021,idoso,2,1,RO,,59.0,alta_vs_media,media,alta,82,True,23,23.0
2021,idoso,2,1,RR,,13.0,alta_vs_media,media,alta,15,False,2,2.0
2021,idoso,2,1,RS,,524.0,alta_vs_media,media,alta,735,True,211,211.0
2021,idoso,2,1,SC,,162.0,alta_vs_media,media,alta,229,True,67,67.0
2021,idoso,2,1,SE,,111.0,alta_vs_media,media,alta,156,True,45,45.0
2021,idoso,2,1,SP,,3104.0,alta_vs_media,media,alta,4325,True,1221,1221.0
2021,idoso,2,1,TO,,92.0,alta_vs_media,media,alta,112,True,20,20.0
2021,idoso,2,2,AC,,5.0,alta_vs_media,media,alta,5,False,0,0.0
2021,idoso,2,2,AL,,31.0,alta_vs_media,media,alta,34,False,3,3.0
2021,idoso,2,2,AM,,31.0,alta_vs_media,media,alta,50,False,19,19.0
2021,idoso,2,2,AP,,14.0,alta_vs_media,media,alta,22,False,8,8.0
2021,idoso,2,2,BA,,757.0,alta_vs_media,media,alta,998,True,241,241.0
2021,idoso,2,2,CE,,131.0,alta_vs_media,media,alta,151,True,20,20.0
2021,idoso,2,2,DF,,112.0,alta_vs_media,media,alta,144,True,32,32.0
2021,idoso,2,2,ES,,127.0,alta_vs_media,media,alta,178,True,51,51.0
2021,idoso,2,2,GO,,252.0,alta_vs_media,media,alta,313,True,61,61.0
2021,idoso,2,2,MA,,183.0,alta_vs_media,media,alta,249,True,66,66.0
2021,idoso,2,2,MG,,1326.0,alta_vs_media,media,alta,1584,True,258,258.0
2021,idoso,2,2,MS,,93.0,alta_vs_media,media,alta,127,True,34,34.0
2021,idoso,2,2,MT,,109.0,alta_vs_media,media,alta,155,True,46,46.0
2021,idoso,2,2,PA,,149.0,alta_vs_media,media,alta,187,True,38,38.0
2021,idoso,2,2,PB,,45.0,alta_vs_media,media,alta,49,False,4,4.0
2021,idoso,2,2,PE,,296.0,alta_vs_media,media,alta,368,True,72,72.0
2021,idoso,2,2,PI,,75.0,alta_vs_media,media,alta,91,False,16,16.0
2021,idoso,2,2,PR,,288.0,alta_vs_media,media,alta,363,True,75,75.0
2021,idoso,2,2,RJ,,2418.0,alta_vs_media,media,alta,3132,True,714,714.0
2021,idoso,2,2,RN,,42.0,alta_vs_media,media,alta,53,False,11,11.0
2021,idoso,2,2,RO,,47.0,alta_vs_media,media,alta,55,False,8,8.0
2021,idoso,2,2,RR,,9.0,alta_vs_media,media,alta,12,False,3,3.0
2021,idoso,2,2,RS,,432.0,alta_vs_media,media,alta,613,True,181,181.0
2021,idoso,2,2,SC,,137.0,alta_vs_media,media,alta,183,True,46,46.0
2021,idoso,2,2,SE,,69.0,alta_vs_media,media,alta,93,True,24,24.0
2021,idoso,2,2,SP,,2398.0,alta_vs_media,media,alta,3188,True,790,790.0
2021,idoso,2,2,TO,,44.0,alta_vs_media,media,alta,51,False,7,7.0
2021,idoso,3,0,SP,,0.0,alta_vs_media,media,alta,1,False,0,1.0
2021,idoso,3,1,AC,,2.0,alta_vs_media,media,alta,2,False,0,0.0
2021,idoso,3,1,AL,,1.0,alta_vs_media,media,alta,1,False,0,0.0
2021,idoso,3,1,AM,,10.0,alta_vs_media,media,alta,13,False,3,3.0
2021,idoso,3,1,AP,,1.0,alta_vs_media,media,alta,1,False,0,0.0
2021,idoso,3,1,BA,,15.0,alta_vs_media,media,alta,22,False,7,7.0
2021,idoso,3,1,CE,,13.0,alta_vs_media,media,alta,16,False,3,3.0
2021,idoso,3,1,DF,,19.0,alta_vs_media,media,alta,23,False,4,4.0
2021,idoso,3,1,ES,,8.0,alta_vs_media,media,alta,8,False,0,0.0
2021,idoso,3,1,GO,,20.0,alta_vs_media,media,alta,33,False,13,13.0
2021,idoso,3,1,MA,,4.0,alta_vs_media,media,alta,5,False,1,1.0
2021,idoso,3,1,MG,,50.0,alta_vs_media,media,alta,72,True,22,22.0
2021,idoso,3,1,MS,,20.0,alta_vs_media,media,alta,29,False,9,9.0
2021,idoso,3,1,MT,,27.0,alta_vs_media,media,alta,41,False,14,14.0
2021,idoso,3,1,PA,,16.0,alta_vs_media,media,alta,18,False,2,2.0
2021,idoso,3,1,PB,,4.0,alta_vs_media,media,alta,7,False,3,3.0
2021,idoso,3,1,PE,,6.0,alta_vs_media,media,alta,11,False,5,5.0
2021,idoso,3,1,PI,,2.0,alta_vs_media,media,alta,4,False,2,2.0
2021,idoso,3,1,PR,,75.0,alta_vs_media,media,alta,145,True,70,70.0
2021,idoso,3,1,RJ,,24.0,alta_vs_media,media,alta,39,False,15,15.0
2021,idoso,3,1,RN,,1.0,alta_vs_media,media,alta,2,False,1,1.0
2021,idoso,3,1,RO,,4.0,alta_vs_media,media,alta,5,False,1,1.0
2021,idoso,3,1,RR,,1.0,alta_vs_media,media,alta,1,False,0,0.0
2021,idoso,3,1,RS,,2.0,alta_vs_media,media,alta,4,False,2,2.0
2021,idoso,3,1,SC,,13.0,alta_vs_media,media,alta,18,False,5,5.0
2021,idoso,3,1,SE,,3.0,alta_vs_media,media,alta,3,False,0,0.0
2021,idoso,3,1,SP,,514.0,alta_vs_media,media,alta,791,True,277,277.0
2021,idoso,3,1,TO,,9.0,alta_vs_media,media,alta,10,False,1,1.0
2021,idoso,3,2,AL,,2.0,alta_vs_media,media,alta,3,False,1,1.0
2021,idoso,3,2,AM,,3.0,alta_vs_media,media,alta,6,False,3,3.0
2021,idoso,3,2,AP,,4.0,alta_vs_media,media,alta,4,False,0,0.0
2021,idoso,3,2,BA,,13.0,alta_vs_media,media,alta,15,False,2,2.0
2021,idoso,3,2,CE,,3.0,alta_vs_media,media,alta,7,False,3,4.0
2021,idoso,3,2,DF,,10.0,alta_vs_media,media,alta,13,False,3,3.0
2021,idoso,3,2,ES,,4.0,alta_vs_media,media,alta,6,False,2,2.0
2021,idoso,3,2,GO,,26.0,alta_vs_media,media,alta,33,False,7,7.0
2021,idoso,3,2,MA,,8.0,alta_vs_media,media,alta,9,False,1,1.0
2021,idoso,3,2,MG,,28.0,alta_vs_media,media,alta,40,False,12,12.0
2021,idoso,3,2,MS,,12.0,alta_vs_media,media,alta,27,False,12,15.0
2021,idoso,3,2,MT,,15.0,alta_vs_media,media,alta,19,False,4,4.0
2021,idoso,3,2,PA,,5.0,alta_vs_media,media,alta,8,False,3,3.0
2021,idoso,3,2,PB,,9.0,alta_vs_media,media,alta,9,False,0,0.0
2021,idoso,3,2,PE,,8.0,alta_vs_media,media,alta,13,False,5,5.0
2021,idoso,3,2,PI,,5.0,alta_vs_media,media,alta,7,False,2,2.0
2021,idoso,3,2,PR,,48.0,alta_vs_media,media,alta,70,True,22,22.0
2021,idoso,3,2,RJ,,31.0,alta_vs_media,media,alta,39,False,8,8.0
2021,idoso,3,2,RN,,2.0,alta_vs_media,media,alta,7,False,2,5.0
2021,idoso,3,2,RO,,4.0,alta_vs_media,media,alta,5,False,1,1.0
2021,idoso,3,2,RR,,1.0,alta_vs_media,media,alta,1,False,0,0.0
2021,idoso,3,2,RS,,4.0,alta_vs_media,media,alta,5,False,1,1.0
2021,idoso,3,2,SC,,11.0,alta_vs_media,media,alta,15,False,4,4.0
2021,idoso,3,2,SE,,1.0,alta_vs_media,media,alta,1,False,0,0.0
2021,idoso,3,2,SP,,298.0,alta_vs_media,media,alta,431,True,133,133.0
2021,idoso,3,2,TO,,3.0,alta_vs_media,media,alta,3,False,0,0.0
2021,idoso,4,0,DF,,1.0,alta_vs_media,media,alta,1,False,0,0.0
2021,idoso,4,0,PE,,1.0,alta_vs_media,media,alta,1,False,0,0.0
2021,idoso,4,0,RJ,,1.0,alta_vs_media,media,alta,1,False,0,0.0
2021,idoso,4,0,RS,,1.0,alta_vs_media,media,alta,1,False,0,0.0
2021,idoso,4,0,SP,,0.0,alta_vs_media,media,alta,1,False,0,1.0
2021,idoso,4,1,AC,,100.0,alta_vs_media,media,alta,128,True,28,28.0
2021,idoso,4,1,AL,,542.0,alta_vs_media,media,alta,731,True,189,189.0
2021,idoso,4,1,AM,,1329.0,alta_vs_media,media,alta,2225,True,896,896.0
2021,idoso,4,1,AP,,177.0,alta_vs_media,media,alta,216,True,39,39.0
2021,idoso,4,1,BA,,3502.0,alta_vs_media,media,alta,4692,True,1190,1190.0
2021,idoso,4,1,CE,,3307.0,alta_vs_media,media,alta,4276,True,969,969.0
2021,idoso,4,1,DF,,660.0,alta_vs_media,media,alta,922,True,262,262.0
2021,idoso,4,1,ES,,694.0,alta_vs_media,media,alta,962,True,268,268.0
2021,idoso,4,1,GO,,2262.0,alta_vs_media,media,alta,3109,True,847,847.0
2021,idoso,4,1,MA,,1826.0,alta_vs_media,media,alta,2424,True,598,598.0
2021,idoso,4,1,MG,,5944.0,alta_vs_media,media,alta,7558,True,1614,1614.0
2021,idoso,4,1,MS,,1017.0,alta_vs_media,media,alta,1482,True,465,465.0
2021,idoso,4,1,MT,,1061.0,alta_vs_media,media,alta,1478,True,417,417.0
2021,idoso,4,1,PA,,2539.0,alta_vs_media,media,alta,3352,True,813,813.0
2021,idoso,4,1,PB,,796.0,alta_vs_media,media,alta,924,True,128,128.0
2021,idoso,4,1,PE,,3550.0,alta_vs_media,media,alta,4487,True,937,937.0
2021,idoso,4,1,PI,,911.0,alta_vs_media,media,alta,1087,True,176,176.0
2021,idoso,4,1,PR,,2011.0,alta_vs_media,media,alta,2573,True,562,562.0
2021,idoso,4,1,RJ,,4579.0,alta_vs_media,media,alta,6374,True,1795,1795.0
2021,idoso,4,1,RN,,609.0,alta_vs_media,media,alta,791,True,182,182.0
2021,idoso,4,1,RO,,517.0,alta_vs_media,media,alta,696,True,179,179.0
2021,idoso,4,1,RR,,200.0,alta_vs_media,media,alta,292,True,92,92.0
2021,idoso,4,1,RS,,489.0,alta_vs_media,media,alta,691,True,202,202.0
2021,idoso,4,1,SC,,294.0,alta_vs_media,media,alta,384,True,90,90.0
2021,idoso,4,1,SE,,709.0,alta_vs_media,media,alta,1012,True,303,303.0
2021,idoso,4,1,SP,,8476.0,alta_vs_media,media,alta,11676,True,3200,3200.0
2021,idoso,4,1,TO,,509.0,alta_vs_media,media,alta,623,True,114,114.0
2021,idoso,4,2,AC,,100.0,alta_vs_media,media,alta,122,True,22,22.0
2021,idoso,4,2,AL,,375.0,alta_vs_media,media,alta,468,True,93,93.0
2021,idoso,4,2,AM,,1020.0,alta_vs_media,media,alta,1593,True,573,573.0
2021,idoso,4,2,AP,,119.0,alta_vs_media,media,alta,162,True,43,43.0
2021,idoso,4,2,BA,,2381.0,alta_vs_media,media,alta,3210,True,829,829.0
2021,idoso,4,2,CE,,2663.0,alta_vs_media,media,alta,3369,True,706,706.0
2021,idoso,4,2,DF,,516.0,alta_vs_media,media,alta,717,True,201,201.0
2021,idoso,4,2,ES,,490.0,alta_vs_media,media,alta,638,True,148,148.0
2021,idoso,4,2,GO,,1449.0,alta_vs_media,media,alta,1902,True,453,453.0
2021,idoso,4,2,MA,,1256.0,alta_vs_media,media,alta,1662,True,406,406.0
2021,idoso,4,2,MG,,4096.0,alta_vs_media,media,alta,5046,True,950,950.0
2021,idoso,4,2,MS,,757.0,alta_vs_media,media,alta,1039,True,282,282.0
2021,idoso,4,2,MT,,725.0,alta_vs_media,media,alta,1010,True,285,285.0
2021,idoso,4,2,PA,,1756.0,alta_vs_media,media,alta,2333,True,577,577.0
2021,idoso,4,2,PB,,703.0,alta_vs_media,media,alta,819,True,116,116.0
2021,idoso,4,2,PE,,2589.0,alta_vs_media,media,alta,3268,True,679,679.0
2021,idoso,4,2,PI,,621.0,alta_vs_media,media,alta,772,True,151,151.0
2021,idoso,4,2,PR,,1201.0,alta_vs_media,media,alta,1482,True,281,281.0
2021,idoso,4,2,RJ,,4480.0,alta_vs_media,media,alta,5905,True,1425,1425.0
2021,idoso,4,2,RN,,488.0,alta_vs_media,media,alta,628,True,140,140.0
2021,idoso,4,2,RO,,323.0,alta_vs_media,media,alta,459,True,136,136.0
2021,idoso,4,2,RR,,140.0,alta_vs_media,media,alta,213,True,73,73.0
2021,idoso,4,2,RS,,382.0,alta_vs_media,media,alta,500,True,118,118.0
2021,idoso,4,2,SC,,209.0,alta_vs_media,media,alta,269,True,60,60.0
2021,idoso,4,2,SE,,469.0,alta_vs_media,media,alta,637,True,168,168.0
2021,idoso,4,2,SP,,6451.0,alta_vs_media,media,alta,8343,True,1892,1892.0
2021,idoso,4,2,TO,,353.0,alta_vs_media,media,alta,414,True,61,61.0
2021,idoso,5,1,AL,,2.0,alta_vs_media,media,alta,2,False,0,0.0
2021,idoso,5,1,AM,,44.0,alta_vs_media,media,alta,52,False,8,8.0
2021,idoso,5,1,BA,,12.0,alta_vs_media,media,alta,14,False,2,2.0
2021,idoso,5,1,CE,,4.0,alta_vs_media,media,alta,7,False,3,3.0
2021,idoso,5,1,DF,,2.0,alta_vs_media,media,alta,4,False,2,2.0
2021,idoso,5,1,ES,,2.0,alta_vs_media,media,alta,2,False,0,0.0
2021,idoso,5,1,GO,,1.0,alta_vs_media,media,alta,1,False,0,0.0
2021,idoso,5,1,MA,,4.0,alta_vs_media,media,alta,7,False,3,3.0
2021,idoso,5,1,MG,,6.0,alta_vs_media,media,alta,7,False,1,1.0
2021,idoso,5,1,MS,,28.0,alta_vs_media,media,alta,34,False,6,6.0
2021,idoso,5,1,MT,,3.0,alta_vs_media,media,alta,5,False,2,2.0
2021,idoso,5,1,PA,,10.0,alta_vs_media,media,alta,10,False,0,0.0
2021,idoso,5,1,PE,,16.0,alta_vs_media,media,alta,18,False,2,2.0
2021,idoso,5,1,PI,,1.0,alta_vs_media,media,alta,1,False,0,0.0
2021,idoso,5,1,PR,,8.0,alta_vs_media,media,alta,9,False,1,1.0
2021,idoso,5,1,RJ,,5.0,alta_vs_media,media,alta,9,False,4,4.0
2021,idoso,5,1,RN,,2.0,alta_vs_media,media,alta,2,False,0,0.0
2021,idoso,5,1,RO,,2.0,alta_vs_media,media,alta,2,False,0,0.0
2021,idoso,5,1,RR,,16.0,alta_vs_media,media,alta,16,False,0,0.0
2021,idoso,5,1,RS,,13.0,alta_vs_media,media,alta,14,False,1,1.0
2021,idoso,5,1,SC,,7.0,alta_vs_media,media,alta,9,False,2,2.0
2021,idoso,5,1,SP,,23.0,alta_vs_media,media,alta,28,False,5,5.0
2021,idoso,5,1,TO,,3.0,alta_vs_media,media,alta,4,False,1,1.0
2021,idoso,5,2,AL,,1.0,alta_vs_media,media,alta,1,False,0,0.0
2021,idoso,5,2,AM,,21.0,alta_vs_media,media,alta,24,False,3,3.0
2021,idoso,5,2,AP,,1.0,alta_vs_media,media,alta,1,False,0,0.0
2021,idoso,5,2,BA,,5.0,alta_vs_media,media,alta,5,False,0,0.0
2021,idoso,5,2,CE,,6.0,alta_vs_media,media,alta,7,False,1,1.0
2021,idoso,5,2,DF,,1.0,alta_vs_media,media,alta,1,False,0,0.0
2021,idoso,5,2,ES,,1.0,alta_vs_media,media,alta,2,False,1,1.0
2021,idoso,5,2,GO,,5.0,alta_vs_media,media,alta,5,False,0,0.0
2021,idoso,5,2,MA,,4.0,alta_vs_media,media,alta,4,False,0,0.0
2021,idoso,5,2,MG,,9.0,alta_vs_media,media,alta,9,False,0,0.0
2021,idoso,5,2,MS,,17.0,alta_vs_media,media,alta,19,False,2,2.0
2021,idoso,5,2,MT,,1.0,alta_vs_media,media,alta,1,False,0,0.0
2021,idoso,5,2,PA,,2.0,alta_vs_media,media,alta,3,False,1,1.0
2021,idoso,5,2,PB,,3.0,alta_vs_media,media,alta,3,False,0,0.0
2021,idoso,5,2,PE,,7.0,alta_vs_media,media,alta,10,False,3,3.0
2021,idoso,5,2,PI,,1.0,alta_vs_media,media,alta,1,False,0,0.0
2021,idoso,5,2,PR,,3.0,alta_vs_media,media,alta,5,False,2,2.0
2021,idoso,5,2,RJ,,7.0,alta_vs_media,media,alta,12,False,5,5.0
2021,idoso,5,2,RN,,2.0,alta_vs_media,media,alta,2,False,0,0.0
2021,idoso,5,2,RO,,1.0,alta_vs_media,media,alta,4,False,1,3.0
2021,idoso,5,2,RR,,10.0,alta_vs_media,media,alta,14,False,4,4.0
2021,idoso,5,2,RS,,10.0,alta_vs_media,media,alta,11,False,1,1.0
2021,idoso,5,2,SC,,7.0,alta_vs_media,media,alta,8,False,1,1.0
2021,idoso,5,2,SE,,1.0,alta_vs_media,media,alta,1,False,0,0.0
2021,idoso,5,2,SP,,15.0,alta_vs_media,media,alta,22,False,7,7.0
2021,idoso,5,2,TO,,2.0,alta_vs_media,media,alta,2,False,0,0.0
2021,jovem,1,0,PE,,1.0,alta_vs_media,media,alta,1,False,0,0.0
2021,jovem,1,1,AC,,3.0,alta_vs_media,media,alta,7,False,3,4.0
2021,jovem,1,1,AL,,5.0,alta_vs_media,media,alta,11,False,5,6.0
2021,jovem,1,1,AM,,27.0,alta_vs_media,media,alta,86,True,27,59.0
2021,jovem,1,1,AP,,8.0,alta_vs_media,media,alta,10,False,2,2.0
2021,jovem,1,1,BA,,106.0,alta_vs_media,media,alta,165,True,59,59.0
2021,jovem,1,1,CE,,84.0,alta_vs_media,media,alta,134,True,50,50.0
2021,jovem,1,1,DF,,33.0,alta_vs_media,media,alta,60,True,27,27.0
2021,jovem,1,1,ES,,12.0,alta_vs_media,media,alta,31,False,12,19.0
2021,jovem,1,1,GO,,117.0,alta_vs_media,media,alta,263,True,117,146.0
2021,jovem,1,1,MA,,55.0,alta_vs_media,media,alta,115,True,55,60.0
2021,jovem,1,1,MG,,178.0,alta_vs_media,media,alta,470,True,178,292.0
2021,jovem,1,1,MS,,34.0,alta_vs_media,media,alta,96,True,34,62.0
2021,jovem,1,1,MT,,58.0,alta_vs_media,media,alta,138,True,58,80.0
2021,jovem,1,1,PA,,61.0,alta_vs_media,media,alta,95,True,34,34.0
2021,jovem,1,1,PB,,20.0,alta_vs_media,media,alta,32,False,12,12.0
2021,jovem,1,1,PE,,249.0,alta_vs_media,media,alta,363,True,114,114.0
2021,jovem,1,1,PI,,37.0,alta_vs_media,media,alta,57,True,20,20.0
2021,jovem,1,1,PR,,355.0,alta_vs_media,media,alta,977,True,355,622.0
2021,jovem,1,1,RJ,,248.0,alta_vs_media,media,alta,442,True,194,194.0
2021,jovem,1,1,RN,,19.0,alta_vs_media,media,alta,37,False,18,18.0
2021,jovem,1,1,RO,,16.0,alta_vs_media,media,alta,56,False,16,40.0
2021,jovem,1,1,RR,,7.0,alta_vs_media,media,alta,18,False,7,11.0
2021,jovem,1,1,RS,,210.0,alta_vs_media,media,alta,440,True,210,230.0
2021,jovem,1,1,SC,,178.0,alta_vs_media,media,alta,475,True,178,297.0
2021,jovem,1,1,SE,,16.0,alta_vs_media,media,alta,28,False,12,12.0
2021,jovem,1,1,SP,,502.0,alta_vs_media,media,alta,1364,True,502,862.0
2021,jovem,1,1,TO,,15.0,alta_vs_media,media,alta,26,False,11,11.0
2021,jovem,1,2,AC,,5.0,alta_vs_media,media,alta,9,False,4,4.0
2021,jovem,1,2,AL,,2.0,alta_vs_media,media,alta,6,False,2,4.0
2021,jovem,1,2,AM,,11.0,alta_vs_media,media,alta,32,False,11,21.0
2021,jovem,1,2,AP,,6.0,alta_vs_media,media,alta,8,False,2,2.0
2021,jovem,1,2,BA,,39.0,alta_vs_media,media,alta,64,True,25,25.0
2021,jovem,1,2,CE,,32.0,alta_vs_media,media,alta,69,True,32,37.0
2021,jovem,1,2,DF,,16.0,alta_vs_media,media,alta,29,False,13,13.0
2021,jovem,1,2,ES,,11.0,alta_vs_media,media,alta,32,False,11,21.0
2021,jovem,1,2,GO,,41.0,alta_vs_media,media,alta,90,True,41,49.0
2021,jovem,1,2,MA,,18.0,alta_vs_media,media,alta,46,False,18,28.0
2021,jovem,1,2,MG,,98.0,alta_vs_media,media,alta,226,True,98,128.0
2021,jovem,1,2,MS,,20.0,alta_vs_media,media,alta,43,True,20,23.0
2021,jovem,1,2,MT,,21.0,alta_vs_media,media,alta,50,True,21,29.0
2021,jovem,1,2,PA,,35.0,alta_vs_media,media,alta,64,True,29,29.0
2021,jovem,1,2,PB,,15.0,alta_vs_media,media,alta,19,False,4,4.0
2021,jovem,1,2,PE,,52.0,alta_vs_media,media,alta,86,True,34,34.0
2021,jovem,1,2,PI,,13.0,alta_vs_media,media,alta,27,False,13,14.0
2021,jovem,1,2,PR,,130.0,alta_vs_media,media,alta,344,True,130,214.0
2021,jovem,1,2,RJ,,146.0,alta_vs_media,media,alta,257,True,111,111.0
2021,jovem,1,2,RN,,15.0,alta_vs_media,media,alta,32,False,15,17.0
2021,jovem,1,2,RO,,5.0,alta_vs_media,media,alta,26,False,5,21.0
2021,jovem,1,2,RR,,0.0,alta_vs_media,media,alta,5,False,0,5.0
2021,jovem,1,2,RS,,82.0,alta_vs_media,media,alta,185,True,82,103.0
2021,jovem,1,2,SC,,81.0,alta_vs_media,media,alta,179,True,81,98.0
2021,jovem,1,2,SE,,8.0,alta_vs_media,media,alta,17,False,8,9.0
2021,jovem,1,2,SP,,277.0,alta_vs_media,media,alta,706,True,277,429.0
2021,jovem,1,2,TO,,8.0,alta_vs_media,media,alta,13,False,5,5.0
2021,jovem,2,1,AC,,2.0,alta_vs_media,media,alta,2,False,0,0.0
2021,jovem,2,1,AL,,3.0,alta_vs_media,media,alta,5,False,2,2.0
2021,jovem,2,1,AM,,3.0,alta_vs_media,media,alta,9,False,3,6.0
2021,jovem,2,1,AP,,2.0,alta_vs_media,media,alta,5,False,2,3.0
2021,jovem,2,1,BA,,304.0,alta_vs_media,media,alta,422,True,118,118.0
2021,jovem,2,1,CE,,10.0,alta_vs_media,media,alta,15,False,5,5.0
2021,jovem,2,1,DF,,13.0,alta_vs_media,media,alta,18,False,5,5.0
2021,jovem,2,1,ES,,13.0,alta_vs_media,media,alta,24,False,11,11.0
2021,jovem,2,1,GO,,44.0,alta_vs_media,media,alta,78,True,34,34.0
2021,jovem,2,1,MA,,54.0,alta_vs_media,media,alta,96,True,42,42.0
2021,jovem,2,1,MG,,90.0,alta_vs_media,media,alta,182,True,90,92.0
2021,jovem,2,1,MS,,5.0,alta_vs_media,media,alta,10,False,5,5.0
2021,jovem,2,1,MT,,13.0,alta_vs_media,media,alta,35,False,13,22.0
2021,jovem,2,1,PA,,51.0,alta_vs_media,media,alta,60,False,9,9.0
2021,jovem,2,1,PB,,3.0,alta_vs_media,media,alta,4,False,1,1.0
2021,jovem,2,1,PE,,50.0,alta_vs_media,media,alta,71,True,21,21.0
2021,jovem,2,1,PI,,17.0,alta_vs_media,media,alta,31,False,14,14.0
2021,jovem,2,1,PR,,18.0,alta_vs_media,media,alta,51,False,18,33.0
2021,jovem,2,1,RJ,,207.0,alta_vs_media,media,alta,326,True,119,119.0
2021,jovem,2,1,RN,,5.0,alta_vs_media,media,alta,5,False,0,0.0
2021,jovem,2,1,RO,,3.0,alta_vs_media,media,alta,9,False,3,6.0
2021,jovem,2,1,RR,,1.0,alta_vs_media,media,alta,3,False,1,2.0
2021,jovem,2,1,RS,,39.0,alta_vs_media,media,alta,62,True,23,23.0
2021,jovem,2,1,SC,,13.0,alta_vs_media,media,alta,22,False,9,9.0
2021,jovem,2,1,SE,,25.0,alta_vs_media,media,alta,34,False,9,9.0
2021,jovem,2,1,SP,,86.0,alta_vs_media,media,alta,203,True,86,117.0
2021,jovem,2,1,TO,,19.0,alta_vs_media,media,alta,30,False,11,11.0
2021,jovem,2,2,AL,,0.0,alta_vs_media,media,alta,1,False,0,1.0
2021,jovem,2,2,AM,,1.0,alta_vs_media,media,alta,3,False,1,2.0
2021,jovem,2,2,AP,,1.0,alta_vs_media,media,alta,1,False,0,0.0
2021,jovem,2,2,BA,,39.0,alta_vs_media,media,alta,75,True,36,36.0
2021,jovem,2,2,CE,,4.0,alta_vs_media,media,alta,7,False,3,3.0
2021,jovem,2,2,DF,,5.0,alta_vs_media,media,alta,7,False,2,2.0
2021,jovem,2,2,ES,,2.0,alta_vs_media,media,alta,5,False,2,3.0
2021,jovem,2,2,GO,,8.0,alta_vs_media,media,alta,21,False,8,13.0
2021,jovem,2,2,MA,,17.0,alta_vs_media,media,alta,38,False,17,21.0
2021,jovem,2,2,MG,,25.0,alta_vs_media,media,alta,60,True,25,35.0
2021,jovem,2,2,MS,,1.0,alta_vs_media,media,alta,2,False,1,1.0
2021,jovem,2,2,MT,,4.0,alta_vs_media,media,alta,10,False,4,6.0
2021,jovem,2,2,PA,,9.0,alta_vs_media,media,alta,16,False,7,7.0
2021,jovem,2,2,PE,,11.0,alta_vs_media,media,alta,15,False,4,4.0
2021,jovem,2,2,PI,,2.0,alta_vs_media,media,alta,7,False,2,5.0
2021,jovem,2,2,PR,,3.0,alta_vs_media,media,alta,14,False,3,11.0
2021,jovem,2,2,RJ,,67.0,alta_vs_media,media,alta,126,True,59,59.0
2021,jovem,2,2,RN,,3.0,alta_vs_media,media,alta,3,False,0,0.0
2021,jovem,2,2,RO,,2.0,alta_vs_media,media,alta,5,False,2,3.0
2021,jovem,2,2,RS,,13.0,alta_vs_media,media,alta,25,False,12,12.0
2021,jovem,2,2,SC,,0.0,alta_vs_media,media,alta,6,False,0,6.0
2021,jovem,2,2,SE,,2.0,alta_vs_media,media,alta,4,False,2,2.0
2021,jovem,2,2,SP,,35.0,alta_vs_media,media,alta,87,True,35,52.0
2021,jovem,2,2,TO,,2.0,alta_vs_media,media,alta,5,False,2,3.0
2021,jovem,3,1,AL,,1.0,alta_vs_media,media,alta,1,False,0,0.0
2021,jovem,3,1,AM,,2.0,alta_vs_media,media,alta,3,False,1,1.0
2021,jovem,3,1,AP,,2.0,alta_vs_media,media,alta,2,False,0,0.0
2021,jovem,3,1,BA,,1.0,alta_vs_media,media,alta,3,False,1,2.0
2021,jovem,3,1,CE,,1.0,alta_vs_media,media,alta,2,False,1,1.0
2021,jovem,3,1,GO,,2.0,alta_vs_media,media,alta,4,False,2,2.0
2021,jovem,3,1,MA,,3.0,alta_vs_media,media,alta,4,False,1,1.0
2021,jovem,3,1,MG,,0.0,alta_vs_media,media,alta,1,False,0,1.0
2021,jovem,3,1,MT,,0.0,alta_vs_media,media,alta,2,False,0,2.0
2021,jovem,3,1,PA,,1.0,alta_vs_media,media,alta,1,False,0,0.0
2021,jovem,3,1,PB,,1.0,alta_vs_media,media,alta,1,False,0,0.0
2021,jovem,3,1,PE,,1.0,alta_vs_media,media,alta,2,False,1,1.0
2021,jovem,3,1,PR,,1.0,alta_vs_media,media,alta,3,False,1,2.0
2021,jovem,3,1,RJ,,3.0,alta_vs_media,media,alta,4,False,1,1.0
2021,jovem,3,1,RR,,0.0,alta_vs_media,media,alta,1,False,0,1.0
2021,jovem,3,1,RS,,1.0,alta_vs_media,media,alta,1,False,0,0.0
2021,jovem,3,1,SP,,5.0,alta_vs_media,media,alta,10,False,5,5.0
2021,jovem,3,2,BA,,0.0,alta_vs_media,media,alta,1,False,0,1.0
2021,jovem,3,2,DF,,0.0,alta_vs_media,media,alta,1,False,0,1.0
2021,jovem,3,2,MA,,1.0,alta_vs_media,media,alta,2,False,1,1.0
2021,jovem,3,2,PE,,1.0,alta_vs_media,media,alta,1,False,0,0.0
2021,jovem,3,2,PR,,1.0,alta_vs_media,media,alta,1,False,0,0.0
2021,jovem,3,2,RJ,,1.0,alta_vs_media,media,alta,2,False,1,1.0
2021,jovem,3,2,RS,,1.0,alta_vs_media,media,alta,1,False,0,0.0
2021,jovem,3,2,SP,,3.0,alta_vs_media,media,alta,7,False,3,4.0
2021,jovem,3,2,TO,,0.0,alta_vs_media,media,alta,2,False,0,2.0
2021,jovem,4,0,ES,,1.0,alta_vs_media,media,alta,1,False,0,0.0
2021,jovem,4,0,GO,,0.0,alta_vs_media,media,alta,1,False,0,1.0
2021,jovem,4,0,SE,,1.0,alta_vs_media,media,alta,1,False,0,0.0
2021,jovem,4,1,AC,,13.0,alta_vs_media,media,alta,30,False,13,17.0
2021,jovem,4,1,AL,,243.0,alta_vs_media,media,alta,457,True,214,214.0
2021,jovem,4,1,AM,,266.0,alta_vs_media,media,alta,786,True,266,520.0
2021,jovem,4,1,AP,,153.0,alta_vs_media,media,alta,205,True,52,52.0
2021,jovem,4,1,BA,,1393.0,alta_vs_media,media,alta,1962,True,569,569.0
2021,jovem,4,1,CE,,655.0,alta_vs_media,media,alta,1005,True,350,350.0
2021,jovem,4,1,DF,,68.0,alta_vs_media,media,alta,117,True,49,49.0
2021,jovem,4,1,ES,,95.0,alta_vs_media,media,alta,171,True,76,76.0
2021,jovem,4,1,GO,,292.0,alta_vs_media,media,alta,638,True,292,346.0
2021,jovem,4,1,MA,,399.0,alta_vs_media,media,alta,849,True,399,450.0
2021,jovem,4,1,MG,,385.0,alta_vs_media,media,alta,801,True,385,416.0
2021,jovem,4,1,MS,,83.0,alta_vs_media,media,alta,187,True,83,104.0
2021,jovem,4,1,MT,,151.0,alta_vs_media,media,alta,348,True,151,197.0
2021,jovem,4,1,PA,,667.0,alta_vs_media,media,alta,1000,True,333,333.0
2021,jovem,4,1,PB,,84.0,alta_vs_media,media,alta,123,True,39,39.0
2021,jovem,4,1,PE,,842.0,alta_vs_media,media,alta,1191,True,349,349.0
2021,jovem,4,1,PI,,172.0,alta_vs_media,media,alta,281,True,109,109.0
2021,jovem,4,1,PR,,204.0,alta_vs_media,media,alta,491,True,204,287.0
2021,jovem,4,1,RJ,,685.0,alta_vs_media,media,alta,1036,True,351,351.0
2021,jovem,4,1,RN,,136.0,alta_vs_media,media,alta,170,True,34,34.0
2021,jovem,4,1,RO,,44.0,alta_vs_media,media,alta,143,True,44,99.0
2021,jovem,4,1,RR,,31.0,alta_vs_media,media,alta,98,True,31,67.0
2021,jovem,4,1,RS,,44.0,alta_vs_media,media,alta,82,True,38,38.0
2021,jovem,4,1,SC,,49.0,alta_vs_media,media,alta,90,True,41,41.0
2021,jovem,4,1,SE,,258.0,alta_vs_media,media,alta,370,True,112,112.0
2021,jovem,4,1,SP,,501.0,alta_vs_media,media,alta,1158,True,501,657.0
2021,jovem,4,1,TO,,82.0,alta_vs_media,media,alta,162,True,80,80.0
2021,jovem,4,2,AC,,9.0,alta_vs_media,media,alta,23,False,9,14.0
2021,jovem,4,2,AL,,41.0,alta_vs_media,media,alta,73,True,32,32.0
2021,jovem,4,2,AM,,67.0,alta_vs_media,media,alta,204,True,67,137.0
2021,jovem,4,2,AP,,17.0,alta_vs_media,media,alta,27,False,10,10.0
2021,jovem,4,2,BA,,178.0,alta_vs_media,media,alta,307,True,129,129.0
2021,jovem,4,2,CE,,165.0,alta_vs_media,media,alta,262,True,97,97.0
2021,jovem,4,2,DF,,18.0,alta_vs_media,media,alta,40,False,18,22.0
2021,jovem,4,2,ES,,19.0,alta_vs_media,media,alta,42,False,19,23.0
2021,jovem,4,2,GO,,65.0,alta_vs_media,media,alta,138,True,65,73.0
2021,jovem,4,2,MA,,91.0,alta_vs_media,media,alta,211,True,91,120.0
2021,jovem,4,2,MG,,125.0,alta_vs_media,media,alta,272,True,125,147.0
2021,jovem,4,2,MS,,25.0,alta_vs_media,media,alta,72,True,25,47.0
2021,jovem,4,2,MT,,30.0,alta_vs_media,media,alta,86,True,30,56.0
2021,jovem,4,2,PA,,167.0,alta_vs_media,media,alta,292,True,125,125.0
2021,jovem,4,2,PB,,23.0,alta_vs_media,media,alta,42,False,19,19.0
2021,jovem,4,2,PE,,142.0,alta_vs_media,media,alta,239,True,97,97.0
2021,jovem,4,2,PI,,61.0,alta_vs_media,media,alta,97,True,36,36.0
2021,jovem,4,2,PR,,49.0,alta_vs_media,media,alta,145,True,49,96.0
2021,jovem,4,2,RJ,,154.0,alta_vs_media,media,alta,262,True,108,108.0
2021,jovem,4,2,RN,,25.0,alta_vs_media,media,alta,40,False,15,15.0
2021,jovem,4,2,RO,,17.0,alta_vs_media,media,alta,48,False,17,31.0
2021,jovem,4,2,RR,,12.0,alta_vs_media,media,alta,32,False,12,20.0
2021,jovem,4,2,RS,,13.0,alta_vs_media,media,alta,26,False,13,13.0
2021,jovem,4,2,SC,,13.0,alta_vs_media,media,alta,30,False,13,17.0
2021,jovem,4,2,SE,,30.0,alta_vs_media,media,alta,53,True,23,23.0
2021,jovem,4,2,SP,,149.0,alta_vs_media,media,alta,390,True,149,241.0
2021,jovem,4,2,TO,,29.0,alta_vs_media,media,alta,53,True,24,24.0
2021,jovem,5,1,AC,,1.0,alta_vs_media,media,alta,2,False,1,1.0
2021,jovem,5,1,AL,,1.0,alta_vs_media,media,alta,1,False,0,0.0
2021,jovem,5,1,AM,,31.0,alta_vs_media,media,alta,52,True,21,21.0
2021,jovem,5,1,BA,,2.0,alta_vs_media,media,alta,2,False,0,0.0
2021,jovem,5,1,CE,,1.0,alta_vs_media,media,alta,1,False,0,0.0
2021,jovem,5,1,DF,,2.0,alta_vs_media,media,alta,2,False,0,0.0
2021,jovem,5,1,ES,,2.0,alta_vs_media,media,alta,2,False,0,0.0
2021,jovem,5,1,GO,,2.0,alta_vs_media,media,alta,2,False,0,0.0
2021,jovem,5,1,MA,,6.0,alta_vs_media,media,alta,8,False,2,2.0
2021,jovem,5,1,MG,,2.0,alta_vs_media,media,alta,2,False,0,0.0
2021,jovem,5,1,MS,,16.0,alta_vs_media,media,alta,32,False,16,16.0
2021,jovem,5,1,MT,,7.0,alta_vs_media,media,alta,10,False,3,3.0
2021,jovem,5,1,PA,,6.0,alta_vs_media,media,alta,8,False,2,2.0
2021,jovem,5,1,PB,,1.0,alta_vs_media,media,alta,1,False,0,0.0
2021,jovem,5,1,PE,,1.0,alta_vs_media,media,alta,1,False,0,0.0
2021,jovem,5,1,PR,,5.0,alta_vs_media,media,alta,10,False,5,5.0
2021,jovem,5,1,RN,,1.0,alta_vs_media,media,alta,1,False,0,0.0
2021,jovem,5,1,RO,,1.0,alta_vs_media,media,alta,2,False,1,1.0
2021,jovem,5,1,RR,,5.0,alta_vs_media,media,alta,15,False,5,10.0
2021,jovem,5,1,RS,,2.0,alta_vs_media,media,alta,3,False,1,1.0
2021,jovem,5,1,SC,,0.0,alta_vs_media,media,alta,4,False,0,4.0
2021,jovem,5,1,SP,,0.0,alta_vs_media,media,alta,3,False,0,3.0
2021,jovem,5,1,TO,,1.0,alta_vs_media,media,alta,3,False,1,2.0
2021,jovem,5,2,AM,,13.0,alta_vs_media,media,alta,30,False,13,17.0
2021,jovem,5,2,BA,,2.0,alta_vs_media,media,alta,3,False,1,1.0
2021,jovem,5,2,CE,,1.0,alta_vs_media,media,alta,2,False,1,1.0
2021,jovem,5,2,MA,,3.0,alta_vs_media,media,alta,4,False,1,1.0
2021,jovem,5,2,MG,,1.0,alta_vs_media,media,alta,1,False,0,0.0
2021,jovem,5,2,MS,,10.0,alta_vs_media,media,alta,12,False,2,2.0
2021,jovem,5,2,MT,,5.0,alta_vs_media,media,alta,5,False,0,0.0
2021,jovem,5,2,PA,,5.0,alta_vs_media,media,alta,5,False,0,0.0
2021,jovem,5,2,PE,,0.0,alta_vs_media,media,alta,3,False,0,3.0
2021,jovem,5,2,PR,,1.0,alta_vs_media,media,alta,4,False,1,3.0
2021,jovem,5,2,RJ,,1.0,alta_vs_media,media,alta,1,False,0,0.0
2021,jovem,5,2,RR,,4.0,alta_vs_media,media,alta,6,False,2,2.0
2021,jovem,5,2,RS,,2.0,alta_vs_media,media,alta,2,False,0,0.0
2021,jovem,5,2,SC,,0.0,alta_vs_media,media,alta,1,False,0,1.0
2021,jovem,5,2,SP,,0.0,alta_vs_media,media,alta,1,False,0,1.0
2021,meia-idade,1,0,SP,,0.0,alta_vs_media,media,alta,2,False,0,2.0
2021,meia-idade,1,1,AC,,12.0,alta_vs_media,media,alta,21,False,9,9.0
2021,meia-idade,1,1,AL,,110.0,alta_vs_media,media,alta,158,True,48,48.0
2021,meia-idade,1,1,AM,,201.0,alta_vs_media,media,alta,375,True,174,174.0
2021,meia-idade,1,1,AP,,37.0,alta_vs_media,media,alta,54,False,17,17.0
2021,meia-idade,1,1,BA,,546.0,alta_vs_media,media,alta,867,True,321,321.0
2021,meia-idade,1,1,CE,,582.0,alta_vs_media,media,alta,890,True,308,308.0
2021,meia-idade,1,1,DF,,384.0,alta_vs_media,media,alta,606,True,222,222.0
2021,meia-idade,1,1,ES,,329.0,alta_vs_media,media,alta,540,True,211,211.0
2021,meia-idade,1,1,GO,,1177.0,alta_vs_media,media,alta,1920,True,743,743.0
2021,meia-idade,1,1,MA,,268.0,alta_vs_media,media,alta,485,True,217,217.0
2021,meia-idade,1,1,MG,,3396.0,alta_vs_media,media,alta,5605,True,2209,2209.0
2021,meia-idade,1,1,MS,,504.0,alta_vs_media,media,alta,985,True,481,481.0
2021,meia-idade,1,1,MT,,537.0,alta_vs_media,media,alta,909,True,372,372.0
2021,meia-idade,1,1,PA,,361.0,alta_vs_media,media,alta,534,True,173,173.0
2021,meia-idade,1,1,PB,,196.0,alta_vs_media,media,alta,253,True,57,57.0
2021,meia-idade,1,1,PE,,965.0,alta_vs_media,media,alta,1447,True,482,482.0
2021,meia-idade,1,1,PI,,160.0,alta_vs_media,media,alta,217,True,57,57.0
2021,meia-idade,1,1,PR,,4345.0,alta_vs_media,media,alta,7574,True,3229,3229.0
2021,meia-idade,1,1,RJ,,2612.0,alta_vs_media,media,alta,4257,True,1645,1645.0
2021,meia-idade,1,1,RN,,264.0,alta_vs_media,media,alta,385,True,121,121.0
2021,meia-idade,1,1,RO,,208.0,alta_vs_media,media,alta,338,True,130,130.0
2021,meia-idade,1,1,RR,,39.0,alta_vs_media,media,alta,68,True,29,29.0
2021,meia-idade,1,1,RS,,3034.0,alta_vs_media,media,alta,5000,True,1966,1966.0
2021,meia-idade,1,1,SC,,2720.0,alta_vs_media,media,alta,4552,True,1832,1832.0
2021,meia-idade,1,1,SE,,121.0,alta_vs_media,media,alta,222,True,101,101.0
2021,meia-idade,1,1,SP,,11037.0,alta_vs_media,media,alta,20547,True,9510,9510.0
2021,meia-idade,1,1,TO,,124.0,alta_vs_media,media,alta,195,True,71,71.0
2021,meia-idade,1,2,AC,,18.0,alta_vs_media,media,alta,23,False,5,5.0
2021,meia-idade,1,2,AL,,77.0,alta_vs_media,media,alta,125,True,48,48.0
2021,meia-idade,1,2,AM,,182.0,alta_vs_media,media,alta,354,True,172,172.0
2021,meia-idade,1,2,AP,,16.0,alta_vs_media,media,alta,22,False,6,6.0
2021,meia-idade,1,2,BA,,436.0,alta_vs_media,media,alta,686,True,250,250.0
2021,meia-idade,1,2,CE,,486.0,alta_vs_media,media,alta,752,True,266,266.0
2021,meia-idade,1,2,DF,,278.0,alta_vs_media,media,alta,438,True,160,160.0
2021,meia-idade,1,2,ES,,200.0,alta_vs_media,media,alta,331,True,131,131.0
2021,meia-idade,1,2,GO,,824.0,alta_vs_media,media,alta,1352,True,528,528.0
2021,meia-idade,1,2,MA,,212.0,alta_vs_media,media,alta,363,True,151,151.0
2021,meia-idade,1,2,MG,,2383.0,alta_vs_media,media,alta,3793,True,1410,1410.0
2021,meia-idade,1,2,MS,,371.0,alta_vs_media,media,alta,671,True,300,300.0
2021,meia-idade,1,2,MT,,348.0,alta_vs_media,media,alta,548,True,200,200.0
2021,meia-idade,1,2,PA,,269.0,alta_vs_media,media,alta,425,True,156,156.0
2021,meia-idade,1,2,PB,,201.0,alta_vs_media,media,alta,254,True,53,53.0
2021,meia-idade,1,2,PE,,788.0,alta_vs_media,media,alta,1203,True,415,415.0
2021,meia-idade,1,2,PI,,133.0,alta_vs_media,media,alta,186,True,53,53.0
2021,meia-idade,1,2,PR,,2820.0,alta_vs_media,media,alta,4674,True,1854,1854.0
2021,meia-idade,1,2,RJ,,2272.0,alta_vs_media,media,alta,3778,True,1506,1506.0
2021,meia-idade,1,2,RN,,215.0,alta_vs_media,media,alta,320,True,105,105.0
2021,meia-idade,1,2,RO,,130.0,alta_vs_media,media,alta,205,True,75,75.0
2021,meia-idade,1,2,RR,,18.0,alta_vs_media,media,alta,40,False,18,22.0
2021,meia-idade,1,2,RS,,2075.0,alta_vs_media,media,alta,3382,True,1307,1307.0
2021,meia-idade,1,2,SC,,1669.0,alta_vs_media,media,alta,2724,True,1055,1055.0
2021,meia-idade,1,2,SE,,142.0,alta_vs_media,media,alta,218,True,76,76.0
2021,meia-idade,1,2,SP,,7681.0,alta_vs_media,media,alta,13626,True,5945,5945.0
2021,meia-idade,1,2,TO,,83.0,alta_vs_media,media,alta,117,True,34,34.0
2021,meia-idade,2,0,SP,,1.0,alta_vs_media,media,alta,1,False,0,0.0
2021,meia-idade,2,1,AC,,3.0,alta_vs_media,media,alta,6,False,3,3.0
2021,meia-idade,2,1,AL,,29.0,alta_vs_media,media,alta,41,False,12,12.0
2021,meia-idade,2,1,AM,,35.0,alta_vs_media,media,alta,66,True,31,31.0
2021,meia-idade,2,1,AP,,13.0,alta_vs_media,media,alta,27,False,13,14.0
2021,meia-idade,2,1,BA,,802.0,alta_vs_media,media,alta,1123,True,321,321.0
2021,meia-idade,2,1,CE,,133.0,alta_vs_media,media,alta,185,True,52,52.0
2021,meia-idade,2,1,DF,,116.0,alta_vs_media,media,alta,174,True,58,58.0
2021,meia-idade,2,1,ES,,123.0,alta_vs_media,media,alta,194,True,71,71.0
2021,meia-idade,2,1,GO,,296.0,alta_vs_media,media,alta,445,True,149,149.0
2021,meia-idade,2,1,MA,,224.0,alta_vs_media,media,alta,310,True,86,86.0
2021,meia-idade,2,1,MG,,1192.0,alta_vs_media,media,alta,1623,True,431,431.0
2021,meia-idade,2,1,MS,,65.0,alta_vs_media,media,alta,113,True,48,48.0
2021,meia-idade,2,1,MT,,143.0,alta_vs_media,media,alta,221,True,78,78.0
2021,meia-idade,2,1,PA,,158.0,alta_vs_media,media,alta,203,True,45,45.0
2021,meia-idade,2,1,PB,,26.0,alta_vs_media,media,alta,34,False,8,8.0
2021,meia-idade,2,1,PE,,310.0,alta_vs_media,media,alta,418,True,108,108.0
2021,meia-idade,2,1,PI,,90.0,alta_vs_media,media,alta,108,False,18,18.0
2021,meia-idade,2,1,PR,,299.0,alta_vs_media,media,alta,485,True,186,186.0
2021,meia-idade,2,1,RJ,,1256.0,alta_vs_media,media,alta,1870,True,614,614.0
2021,meia-idade,2,1,RN,,57.0,alta_vs_media,media,alta,71,False,14,14.0
2021,meia-idade,2,1,RO,,40.0,alta_vs_media,media,alta,58,False,18,18.0
2021,meia-idade,2,1,RR,,16.0,alta_vs_media,media,alta,22,False,6,6.0
2021,meia-idade,2,1,RS,,313.0,alta_vs_media,media,alta,459,True,146,146.0
2021,meia-idade,2,1,SC,,113.0,alta_vs_media,media,alta,162,True,49,49.0
2021,meia-idade,2,1,SE,,90.0,alta_vs_media,media,alta,136,True,46,46.0
2021,meia-idade,2,1,SP,,1682.0,alta_vs_media,media,alta,2871,True,1189,1189.0
2021,meia-idade,2,1,TO,,73.0,alta_vs_media,media,alta,89,False,16,16.0
2021,meia-idade,2,2,AC,,4.0,alta_vs_media,media,alta,6,False,2,2.0
2021,meia-idade,2,2,AL,,19.0,alta_vs_media,media,alta,30,False,11,11.0
2021,meia-idade,2,2,AM,,17.0,alta_vs_media,media,alta,38,False,17,21.0
2021,meia-idade,2,2,AP,,9.0,alta_vs_media,media,alta,14,False,5,5.0
2021,meia-idade,2,2,BA,,481.0,alta_vs_media,media,alta,716,True,235,235.0
2021,meia-idade,2,2,CE,,86.0,alta_vs_media,media,alta,105,False,19,19.0
2021,meia-idade,2,2,DF,,72.0,alta_vs_media,media,alta,94,True,22,22.0
2021,meia-idade,2,2,ES,,65.0,alta_vs_media,media,alta,100,True,35,35.0
2021,meia-idade,2,2,GO,,181.0,alta_vs_media,media,alta,262,True,81,81.0
2021,meia-idade,2,2,MA,,136.0,alta_vs_media,media,alta,180,True,44,44.0
2021,meia-idade,2,2,MG,,745.0,alta_vs_media,media,alta,1029,True,284,284.0
2021,meia-idade,2,2,MS,,62.0,alta_vs_media,media,alta,92,True,30,30.0
2021,meia-idade,2,2,MT,,79.0,alta_vs_media,media,alta,126,True,47,47.0
2021,meia-idade,2,2,PA,,94.0,alta_vs_media,media,alta,119,True,25,25.0
2021,meia-idade,2,2,PB,,33.0,alta_vs_media,media,alta,41,False,8,8.0
2021,meia-idade,2,2,PE,,187.0,alta_vs_media,media,alta,268,True,81,81.0
2021,meia-idade,2,2,PI,,55.0,alta_vs_media,media,alta,70,False,15,15.0
2021,meia-idade,2,2,PR,,166.0,alta_vs_media,media,alta,256,True,90,90.0
2021,meia-idade,2,2,RJ,,1115.0,alta_vs_media,media,alta,1634,True,519,519.0
2021,meia-idade,2,2,RN,,33.0,alta_vs_media,media,alta,52,False,19,19.0
2021,meia-idade,2,2,RO,,25.0,alta_vs_media,media,alta,35,False,10,10.0
2021,meia-idade,2,2,RR,,5.0,alta_vs_media,media,alta,7,False,2,2.0
2021,meia-idade,2,2,RS,,246.0,alta_vs_media,media,alta,354,True,108,108.0
2021,meia-idade,2,2,SC,,77.0,alta_vs_media,media,alta,115,True,38,38.0
2021,meia-idade,2,2,SE,,52.0,alta_vs_media,media,alta,87,True,35,35.0
2021,meia-idade,2,2,SP,,1044.0,alta_vs_media,media,alta,1729,True,685,685.0
2021,meia-idade,2,2,TO,,43.0,alta_vs_media,media,alta,54,False,11,11.0
2021,meia-idade,3,1,AL,,2.0,alta_vs_media,media,alta,5,False,2,3.0
2021,meia-idade,3,1,AM,,4.0,alta_vs_media,media,alta,7,False,3,3.0
2021,meia-idade,3,1,BA,,10.0,alta_vs_media,media,alta,13,False,3,3.0
2021,meia-idade,3,1,CE,,11.0,alta_vs_media,media,alta,16,False,5,5.0
2021,meia-idade,3,1,DF,,8.0,alta_vs_media,media,alta,11,False,3,3.0
2021,meia-idade,3,1,GO,,17.0,alta_vs_media,media,alta,29,False,12,12.0
2021,meia-idade,3,1,MA,,7.0,alta_vs_media,media,alta,13,False,6,6.0
2021,meia-idade,3,1,MG,,24.0,alta_vs_media,media,alta,31,False,7,7.0
2021,meia-idade,3,1,MS,,14.0,alta_vs_media,media,alta,18,False,4,4.0
2021,meia-idade,3,1,MT,,12.0,alta_vs_media,media,alta,27,False,12,15.0
2021,meia-idade,3,1,PA,,3.0,alta_vs_media,media,alta,6,False,3,3.0
2021,meia-idade,3,1,PB,,4.0,alta_vs_media,media,alta,4,False,0,0.0
2021,meia-idade,3,1,PE,,7.0,alta_vs_media,media,alta,9,False,2,2.0
2021,meia-idade,3,1,PI,,5.0,alta_vs_media,media,alta,5,False,0,0.0
2021,meia-idade,3,1,PR,,25.0,alta_vs_media,media,alta,54,True,25,29.0
2021,meia-idade,3,1,RJ,,8.0,alta_vs_media,media,alta,15,False,7,7.0
2021,meia-idade,3,1,RN,,3.0,alta_vs_media,media,alta,3,False,0,0.0
2021,meia-idade,3,1,RO,,3.0,alta_vs_media,media,alta,4,False,1,1.0
2021,meia-idade,3,1,RR,,1.0,alta_vs_media,media,alta,3,False,1,2.0
2021,meia-idade,3,1,RS,,4.0,alta_vs_media,media,alta,7,False,3,3.0
2021,meia-idade,3,1,SC,,4.0,alta_vs_media,media,alta,5,False,1,1.0
2021,meia-idade,3,1,SE,,1.0,alta_vs_media,media,alta,2,False,1,1.0
2021,meia-idade,3,1,SP,,117.0,alta_vs_media,media,alta,221,True,104,104.0
2021,meia-idade,3,1,TO,,4.0,alta_vs_media,media,alta,5,False,1,1.0
2021,meia-idade,3,2,AM,,5.0,alta_vs_media,media,alta,6,False,1,1.0
2021,meia-idade,3,2,AP,,1.0,alta_vs_media,media,alta,1,False,0,0.0
2021,meia-idade,3,2,BA,,3.0,alta_vs_media,media,alta,5,False,2,2.0
2021,meia-idade,3,2,CE,,8.0,alta_vs_media,media,alta,8,False,0,0.0
2021,meia-idade,3,2,DF,,3.0,alta_vs_media,media,alta,8,False,3,5.0
2021,meia-idade,3,2,ES,,1.0,alta_vs_media,media,alta,1,False,0,0.0
2021,meia-idade,3,2,GO,,20.0,alta_vs_media,media,alta,28,False,8,8.0
2021,meia-idade,3,2,MA,,8.0,alta_vs_media,media,alta,10,False,2,2.0
2021,meia-idade,3,2,MG,,13.0,alta_vs_media,media,alta,21,False,8,8.0
2021,meia-idade,3,2,MS,,6.0,alta_vs_media,media,alta,10,False,4,4.0
2021,meia-idade,3,2,MT,,11.0,alta_vs_media,media,alta,19,False,8,8.0
2021,meia-idade,3,2,PA,,1.0,alta_vs_media,media,alta,2,False,1,1.0
2021,meia-idade,3,2,PB,,4.0,alta_vs_media,media,alta,5,False,1,1.0
2021,meia-idade,3,2,PE,,8.0,alta_vs_media,media,alta,11,False,3,3.0
2021,meia-idade,3,2,PI,,0.0,alta_vs_media,media,alta,1,False,0,1.0
2021,meia-idade,3,2,PR,,14.0,alta_vs_media,media,alta,21,False,7,7.0
2021,meia-idade,3,2,RJ,,12.0,alta_vs_media,media,alta,17,False,5,5.0
2021,meia-idade,3,2,RN,,3.0,alta_vs_media,media,alta,3,False,0,0.0
2021,meia-idade,3,2,RO,,3.0,alta_vs_media,media,alta,4,False,1,1.0
2021,meia-idade,3,2,RS,,2.0,alta_vs_media,media,alta,3,False,1,1.0
2021,meia-idade,3,2,SC,,4.0,alta_vs_media,media,alta,6,False,2,2.0
2021,meia-idade,3,2,SP,,75.0,alta_vs_media,media,alta,127,True,52,52.0
2021,meia-idade,3,2,TO,,2.0,alta_vs_media,media,alta,2,False,0,0.0
2021,meia-idade,4,0,SP,,1.0,alta_vs_media,media,alta,3,False,1,2.0
2021,meia-idade,4,1,AC,,66.0,alta_vs_media,media,alta,99,True,33,33.0
2021,meia-idade,4,1,AL,,434.0,alta_vs_media,media,alta,662,True,228,228.0
2021,meia-idade,4,1,AM,,972.0,alta_vs_media,media,alta,1783,True,811,811.0
2021,meia-idade,4,1,AP,,135.0,alta_vs_media,media,alta,214,True,79,79.0
2021,meia-idade,4,1,BA,,2542.0,alta_vs_media,media,alta,3603,True,1061,1061.0
2021,meia-idade,4,1,CE,,2559.0,alta_vs_media,media,alta,3489,True,930,930.0
2021,meia-idade,4,1,DF,,566.0,alta_vs_media,media,alta,874,True,308,308.0
2021,meia-idade,4,1,ES,,466.0,alta_vs_media,media,alta,753,True,287,287.0
2021,meia-idade,4,1,GO,,1879.0,alta_vs_media,media,alta,2824,True,945,945.0
2021,meia-idade,4,1,MA,,1257.0,alta_vs_media,media,alta,1873,True,616,616.0
2021,meia-idade,4,1,MG,,3794.0,alta_vs_media,media,alta,5367,True,1573,1573.0
2021,meia-idade,4,1,MS,,676.0,alta_vs_media,media,alta,1180,True,504,504.0
2021,meia-idade,4,1,MT,,901.0,alta_vs_media,media,alta,1419,True,518,518.0
2021,meia-idade,4,1,PA,,1548.0,alta_vs_media,media,alta,2288,True,740,740.0
2021,meia-idade,4,1,PB,,489.0,alta_vs_media,media,alta,613,True,124,124.0
2021,meia-idade,4,1,PE,,2615.0,alta_vs_media,media,alta,3467,True,852,852.0
2021,meia-idade,4,1,PI,,691.0,alta_vs_media,media,alta,889,True,198,198.0
2021,meia-idade,4,1,PR,,1414.0,alta_vs_media,media,alta,2241,True,827,827.0
2021,meia-idade,4,1,RJ,,2482.0,alta_vs_media,media,alta,3682,True,1200,1200.0
2021,meia-idade,4,1,RN,,484.0,alta_vs_media,media,alta,679,True,195,195.0
2021,meia-idade,4,1,RO,,392.0,alta_vs_media,media,alta,597,True,205,205.0
2021,meia-idade,4,1,RR,,175.0,alta_vs_media,media,alta,289,True,114,114.0
2021,meia-idade,4,1,RS,,328.0,alta_vs_media,media,alta,475,True,147,147.0
2021,meia-idade,4,1,SC,,251.0,alta_vs_media,media,alta,365,True,114,114.0
2021,meia-idade,4,1,SE,,568.0,alta_vs_media,media,alta,870,True,302,302.0
2021,meia-idade,4,1,SP,,5420.0,alta_vs_media,media,alta,8915,True,3495,3495.0
2021,meia-idade,4,1,TO,,379.0,alta_vs_media,media,alta,516,True,137,137.0
2021,meia-idade,4,2,AC,,65.0,alta_vs_media,media,alta,98,True,33,33.0
2021,meia-idade,4,2,AL,,268.0,alta_vs_media,media,alta,391,True,123,123.0
2021,meia-idade,4,2,AM,,555.0,alta_vs_media,media,alta,1160,True,555,605.0
2021,meia-idade,4,2,AP,,101.0,alta_vs_media,media,alta,147,True,46,46.0
2021,meia-idade,4,2,BA,,1489.0,alta_vs_media,media,alta,2226,True,737,737.0
2021,meia-idade,4,2,CE,,1641.0,alta_vs_media,media,alta,2211,True,570,570.0
2021,meia-idade,4,2,DF,,332.0,alta_vs_media,media,alta,500,True,168,168.0
2021,meia-idade,4,2,ES,,259.0,alta_vs_media,media,alta,435,True,176,176.0
2021,meia-idade,4,2,GO,,1026.0,alta_vs_media,media,alta,1596,True,570,570.0
2021,meia-idade,4,2,MA,,776.0,alta_vs_media,media,alta,1144,True,368,368.0
2021,meia-idade,4,2,MG,,2301.0,alta_vs_media,media,alta,3283,True,982,982.0
2021,meia-idade,4,2,MS,,438.0,alta_vs_media,media,alta,742,True,304,304.0
2021,meia-idade,4,2,MT,,482.0,alta_vs_media,media,alta,825,True,343,343.0
2021,meia-idade,4,2,PA,,1049.0,alta_vs_media,media,alta,1557,True,508,508.0
2021,meia-idade,4,2,PB,,398.0,alta_vs_media,media,alta,523,True,125,125.0
2021,meia-idade,4,2,PE,,1586.0,alta_vs_media,media,alta,2211,True,625,625.0
2021,meia-idade,4,2,PI,,404.0,alta_vs_media,media,alta,510,True,106,106.0
2021,meia-idade,4,2,PR,,828.0,alta_vs_media,media,alta,1228,True,400,400.0
2021,meia-idade,4,2,RJ,,2087.0,alta_vs_media,media,alta,3100,True,1013,1013.0
2021,meia-idade,4,2,RN,,321.0,alta_vs_media,media,alta,444,True,123,123.0
2021,meia-idade,4,2,RO,,219.0,alta_vs_media,media,alta,349,True,130,130.0
2021,meia-idade,4,2,RR,,97.0,alta_vs_media,media,alta,164,True,67,67.0
2021,meia-idade,4,2,RS,,220.0,alta_vs_media,media,alta,320,True,100,100.0
2021,meia-idade,4,2,SC,,152.0,alta_vs_media,media,alta,206,True,54,54.0
2021,meia-idade,4,2,SE,,367.0,alta_vs_media,media,alta,551,True,184,184.0
2021,meia-idade,4,2,SP,,3324.0,alta_vs_media,media,alta,5498,True,2174,2174.0
2021,meia-idade,4,2,TO,,204.0,alta_vs_media,media,alta,312,True,108,108.0
2021,meia-idade,5,1,AC,,1.0,alta_vs_media,media,alta,1,False,0,0.0
2021,meia-idade,5,1,AL,,2.0,alta_vs_media,media,alta,3,False,1,1.0
2021,meia-idade,5,1,AM,,22.0,alta_vs_media,media,alta,35,False,13,13.0
2021,meia-idade,5,1,AP,,2.0,alta_vs_media,media,alta,2,False,0,0.0
2021,meia-idade,5,1,BA,,7.0,alta_vs_media,media,alta,7,False,0,0.0
2021,meia-idade,5,1,CE,,7.0,alta_vs_media,media,alta,8,False,1,1.0
2021,meia-idade,5,1,DF,,0.0,alta_vs_media,media,alta,1,False,0,1.0
2021,meia-idade,5,1,ES,,0.0,alta_vs_media,media,alta,2,False,0,2.0
2021,meia-idade,5,1,GO,,4.0,alta_vs_media,media,alta,4,False,0,0.0
2021,meia-idade,5,1,MA,,5.0,alta_vs_media,media,alta,8,False,3,3.0
2021,meia-idade,5,1,MG,,8.0,alta_vs_media,media,alta,11,False,3,3.0
2021,meia-idade,5,1,MS,,27.0,alta_vs_media,media,alta,33,False,6,6.0
2021,meia-idade,5,1,MT,,6.0,alta_vs_media,media,alta,7,False,1,1.0
2021,meia-idade,5,1,PA,,5.0,alta_vs_media,media,alta,5,False,0,0.0
2021,meia-idade,5,1,PE,,9.0,alta_vs_media,media,alta,10,False,1,1.0
2021,meia-idade,5,1,PI,,1.0,alta_vs_media,media,alta,1,False,0,0.0
2021,meia-idade,5,1,PR,,7.0,alta_vs_media,media,alta,11,False,4,4.0
2021,meia-idade,5,1,RJ,,4.0,alta_vs_media,media,alta,4,False,0,0.0
2021,meia-idade,5,1,RN,,1.0,alta_vs_media,media,alta,2,False,1,1.0
2021,meia-idade,5,1,RO,,1.0,alta_vs_media,media,alta,2,False,1,1.0
2021,meia-idade,5,1,RR,,18.0,alta_vs_media,media,alta,24,False,6,6.0
2021,meia-idade,5,1,RS,,9.0,alta_vs_media,media,alta,10,False,1,1.0
2021,meia-idade,5,1,SC,,3.0,alta_vs_media,media,alta,7,False,3,4.0
2021,meia-idade,5,1,SP,,11.0,alta_vs_media,media,alta,18,False,7,7.0
2021,meia-idade,5,1,TO,,3.0,alta_vs_media,media,alta,3,False,0,0.0
2021,meia-idade,5,2,AC,,2.0,alta_vs_media,media,alta,3,False,1,1.0
2021,meia-idade,5,2,AM,,19.0,alta_vs_media,media,alta,24,False,5,5.0
2021,meia-idade,5,2,AP,,2.0,alta_vs_media,media,alta,2,False,0,0.0
2021,meia-idade,5,2,BA,,7.0,alta_vs_media,media,alta,10,False,3,3.0
2021,meia-idade,5,2,CE,,4.0,alta_vs_media,media,alta,5,False,1,1.0
2021,meia-idade,5,2,DF,,1.0,alta_vs_media,media,alta,1,False,0,0.0
2021,meia-idade,5,2,ES,,0.0,alta_vs_media,media,alta,1,False,0,1.0
2021,meia-idade,5,2,GO,,2.0,alta_vs_media,media,alta,2,False,0,0.0
2021,meia-idade,5,2,MA,,1.0,alta_vs_media,media,alta,2,False,1,1.0
2021,meia-idade,5,2,MG,,6.0,alta_vs_media,media,alta,9,False,3,3.0
2021,meia-idade,5,2,MS,,19.0,alta_vs_media,media,alta,21,False,2,2.0
2021,meia-idade,5,2,MT,,4.0,alta_vs_media,media,alta,8,False,4,4.0
2021,meia-idade,5,2,PA,,2.0,alta_vs_media,media,alta,5,False,2,3.0
2021,meia-idade,5,2,PB,,1.0,alta_vs_media,media,alta,1,False,0,0.0
2021,meia-idade,5,2,PE,,5.0,alta_vs_media,media,alta,8,False,3,3.0
2021,meia-idade,5,2,PI,,1.0,alta_vs_media,media,alta,1,False,0,0.0
2021,meia-idade,5,2,PR,,3.0,alta_vs_media,media,alta,4,False,1,1.0
2021,meia-idade,5,2,RJ,,1.0,alta_vs_media,media,alta,1,False,0,0.0
2021,meia-idade,5,2,RO,,0.0,alta_vs_media,media,alta,2,False,0,2.0
2021,meia-idade,5,2,RR,,6.0,alta_vs_media,media,alta,10,False,4,4.0
2021,meia-idade,5,2,RS,,5.0,alta_vs_media,media,alta,5,False,0,0.0
2021,meia-idade,5,2,SC,,6.0,alta_vs_media,media,alta,6,False,0,0.0
2021,meia-idade,5,2,SE,,1.0,alta_vs_media,media,alta,1,False,0,0.0
2021,meia-idade,5,2,SP,,7.0,alta_vs_media,media,alta,10,False,3,3.0
2021,meia-idade,5,2,TO,,2.0,alta_vs_media,media,alta,2,False,0,0.0
2022,adulto,1,0,DF,,1.0,alta_vs_media,media,alta,1,False,0,0.0
2022,adulto,1,0,RS,,1.0,alta_vs_media,media,alta,1,False,0,0.0
2022,adulto,1,1,AC,,4.0,alta_vs_media,media,alta,8,False,4,4.0
2022,adulto,1,1,AL,,42.0,alta_vs_media,media,alta,61,False,19,19.0
2022,adulto,1,1,AM,,61.0,alta_vs_media,media,alta,135,True,61,74.0
2022,adulto,1,1,AP,,10.0,alta_vs_media,media,alta,16,False,6,6.0
2022,adulto,1,1,BA,,194.0,alta_vs_media,media,alta,324,True,130,130.0
2022,adulto,1,1,CE,,234.0,alta_vs_media,media,alta,416,True,182,182.0
2022,adulto,1,1,DF,,95.0,alta_vs_media,media,alta,146,True,51,51.0
2022,adulto,1,1,ES,,84.0,alta_vs_media,media,alta,158,True,74,74.0
2022,adulto,1,1,GO,,310.0,alta_vs_media,media,alta,590,True,280,280.0
2022,adulto,1,1,MA,,135.0,alta_vs_media,media,alta,265,True,130,130.0
2022,adulto,1,1,MG,,721.0,alta_vs_media,media,alta,1475,True,721,754.0
2022,adulto,1,1,MS,,115.0,alta_vs_media,media,alta,292,True,115,177.0
2022,adulto,1,1,MT,,159.0,alta_vs_media,media,alta,326,True,159,167.0
2022,adulto,1,1,PA,,127.0,alta_vs_media,media,alta,216,True,89,89.0
2022,adulto,1,1,PB,,53.0,alta_vs_media,media,alta,68,False,15,15.0
2022,adulto,1,1,PE,,466.0,alta_vs_media,media,alta,723,True,257,257.0
2022,adulto,1,1,PI,,76.0,alta_vs_media,media,alta,123,True,47,47.0
2022,adulto,1,1,PR,,1234.0,alta_vs_media,media,alta,2663,True,1234,1429.0
2022,adulto,1,1,RJ,,711.0,alta_vs_media,media,alta,1240,True,529,529.0
2022,adulto,1,1,RN,,80.0,alta_vs_media,media,alta,127,True,47,47.0
2022,adulto,1,1,RO,,48.0,alta_vs_media,media,alta,142,True,48,94.0
2022,adulto,1,1,RR,,18.0,alta_vs_media,media,alta,33,False,15,15.0
2022,adulto,1,1,RS,,768.0,alta_vs_media,media,alta,1530,True,762,762.0
2022,adulto,1,1,SC,,761.0,alta_vs_media,media,alta,1442,True,681,681.0
2022,adulto,1,1,SE,,54.0,alta_vs_media,media,alta,84,True,30,30.0
2022,adulto,1,1,SP,,2530.0,alta_vs_media,media,alta,5662,True,2530,3132.0
2022,adulto,1,1,TO,,56.0,alta_vs_media,media,alta,96,True,40,40.0
2022,adulto,1,2,AC,,3.0,alta_vs_media,media,alta,7,False,3,4.0
2022,adulto,1,2,AL,,30.0,alta_vs_media,media,alta,46,False,16,16.0
2022,adulto,1,2,AM,,50.0,alta_vs_media,media,alta,103,True,50,53.0
2022,adulto,1,2,AP,,9.0,alta_vs_media,media,alta,15,False,6,6.0
2022,adulto,1,2,BA,,123.0,alta_vs_media,media,alta,237,True,114,114.0
2022,adulto,1,2,CE,,160.0,alta_vs_media,media,alta,276,True,116,116.0
2022,adulto,1,2,DF,,74.0,alta_vs_media,media,alta,129,True,55,55.0
2022,adulto,1,2,ES,,48.0,alta_vs_media,media,alta,97,True,48,49.0
2022,adulto,1,2,GO,,160.0,alta_vs_media,media,alta,325,True,160,165.0
2022,adulto,1,2,MA,,76.0,alta_vs_media,media,alta,143,True,67,67.0
2022,adulto,1,2,MG,,453.0,alta_vs_media,media,alta,901,True,448,448.0
2022,adulto,1,2,MS,,81.0,alta_vs_media,media,alta,173,True,81,92.0
2022,adulto,1,2,MT,,80.0,alta_vs_media,media,alta,139,True,59,59.0
2022,adulto,1,2,PA,,83.0,alta_vs_media,media,alta,162,True,79,79.0
2022,adulto,1,2,PB,,30.0,alta_vs_media,media,alta,56,True,26,26.0
2022,adulto,1,2,PE,,223.0,alta_vs_media,media,alta,339,True,116,116.0
2022,adulto,1,2,PI,,45.0,alta_vs_media,media,alta,82,True,37,37.0
2022,adulto,1,2,PR,,554.0,alta_vs_media,media,alta,1141,True,554,587.0
2022,adulto,1,2,RJ,,490.0,alta_vs_media,media,alta,918,True,428,428.0
2022,adulto,1,2,RN,,52.0,alta_vs_media,media,alta,115,True,52,63.0
2022,adulto,1,2,RO,,49.0,alta_vs_media,media,alta,81,True,32,32.0
2022,adulto,1,2,RR,,3.0,alta_vs_media,media,alta,15,False,3,12.0
2022,adulto,1,2,RS,,422.0,alta_vs_media,media,alta,844,True,422,422.0
2022,adulto,1,2,SC,,426.0,alta_vs_media,media,alta,814,True,388,388.0
2022,adulto,1,2,SE,,35.0,alta_vs_media,media,alta,76,True,35,41.0
2022,adulto,1,2,SP,,1539.0,alta_vs_media,media,alta,3339,True,1539,1800.0
2022,adulto,1,2,TO,,22.0,alta_vs_media,media,alta,39,False,17,17.0
2022,adulto,2,1,AC,,3.0,alta_vs_media,media,alta,4,False,1,1.0
2022,adulto,2,1,AL,,25.0,alta_vs_media,media,alta,32,False,7,7.0
2022,adulto,2,1,AM,,18.0,alta_vs_media,media,alta,32,False,14,14.0
2022,adulto,2,1,AP,,8.0,alta_vs_media,media,alta,13,False,5,5.0
2022,adulto,2,1,BA,,469.0,alta_vs_media,media,alta,699,True,230,230.0
2022,adulto,2,1,CE,,43.0,alta_vs_media,media,alta,69,True,26,26.0
2022,adulto,2,1,DF,,51.0,alta_vs_media,media,alta,79,True,28,28.0
2022,adulto,2,1,ES,,49.0,alta_vs_media,media,alta,82,True,33,33.0
2022,adulto,2,1,GO,,124.0,alta_vs_media,media,alta,195,True,71,71.0
2022,adulto,2,1,MA,,171.0,alta_vs_media,media,alta,262,True,91,91.0
2022,adulto,2,1,MG,,403.0,alta_vs_media,media,alta,697,True,294,294.0
2022,adulto,2,1,MS,,15.0,alta_vs_media,media,alta,34,False,15,19.0
2022,adulto,2,1,MT,,45.0,alta_vs_media,media,alta,96,True,45,51.0
2022,adulto,2,1,PA,,123.0,alta_vs_media,media,alta,177,True,54,54.0
2022,adulto,2,1,PB,,11.0,alta_vs_media,media,alta,17,False,6,6.0
2022,adulto,2,1,PE,,200.0,alta_vs_media,media,alta,258,True,58,58.0
2022,adulto,2,1,PI,,73.0,alta_vs_media,media,alta,90,False,17,17.0
2022,adulto,2,1,PR,,107.0,alta_vs_media,media,alta,204,True,97,97.0
2022,adulto,2,1,RJ,,498.0,alta_vs_media,media,alta,777,True,279,279.0
2022,adulto,2,1,RN,,24.0,alta_vs_media,media,alta,32,False,8,8.0
2022,adulto,2,1,RO,,18.0,alta_vs_media,media,alta,38,False,18,20.0
2022,adulto,2,1,RR,,9.0,alta_vs_media,media,alta,16,False,7,7.0
2022,adulto,2,1,RS,,152.0,alta_vs_media,media,alta,224,True,72,72.0
2022,adulto,2,1,SC,,60.0,alta_vs_media,media,alta,115,True,55,55.0
2022,adulto,2,1,SE,,50.0,alta_vs_media,media,alta,78,True,28,28.0
2022,adulto,2,1,SP,,490.0,alta_vs_media,media,alta,1043,True,490,553.0
2022,adulto,2,1,TO,,48.0,alta_vs_media,media,alta,68,True,20,20.0
2022,adulto,2,2,AC,,1.0,alta_vs_media,media,alta,2,False,1,1.0
2022,adulto,2,2,AL,,6.0,alta_vs_media,media,alta,10,False,4,4.0
2022,adulto,2,2,AM,,4.0,alta_vs_media,media,alta,7,False,3,3.0
2022,adulto,2,2,AP,,2.0,alta_vs_media,media,alta,5,False,2,3.0
2022,adulto,2,2,BA,,172.0,alta_vs_media,media,alta,304,True,132,132.0
2022,adulto,2,2,CE,,22.0,alta_vs_media,media,alta,37,False,15,15.0
2022,adulto,2,2,DF,,22.0,alta_vs_media,media,alta,40,False,18,18.0
2022,adulto,2,2,ES,,16.0,alta_vs_media,media,alta,35,False,16,19.0
2022,adulto,2,2,GO,,30.0,alta_vs_media,media,alta,69,True,30,39.0
2022,adulto,2,2,MA,,55.0,alta_vs_media,media,alta,104,True,49,49.0
2022,adulto,2,2,MG,,182.0,alta_vs_media,media,alta,336,True,154,154.0
2022,adulto,2,2,MS,,18.0,alta_vs_media,media,alta,31,False,13,13.0
2022,adulto,2,2,MT,,12.0,alta_vs_media,media,alta,39,False,12,27.0
2022,adulto,2,2,PA,,43.0,alta_vs_media,media,alta,66,True,23,23.0
2022,adulto,2,2,PB,,2.0,alta_vs_media,media,alta,3,False,1,1.0
2022,adulto,2,2,PE,,48.0,alta_vs_media,media,alta,82,True,34,34.0
2022,adulto,2,2,PI,,25.0,alta_vs_media,media,alta,38,False,13,13.0
2022,adulto,2,2,PR,,40.0,alta_vs_media,media,alta,86,True,40,46.0
2022,adulto,2,2,RJ,,313.0,alta_vs_media,media,alta,560,True,247,247.0
2022,adulto,2,2,RN,,7.0,alta_vs_media,media,alta,11,False,4,4.0
2022,adulto,2,2,RO,,12.0,alta_vs_media,media,alta,24,False,12,12.0
2022,adulto,2,2,RR,,1.0,alta_vs_media,media,alta,4,False,1,3.0
2022,adulto,2,2,RS,,65.0,alta_vs_media,media,alta,112,True,47,47.0
2022,adulto,2,2,SC,,19.0,alta_vs_media,media,alta,43,False,19,24.0
2022,adulto,2,2,SE,,19.0,alta_vs_media,media,alta,33,False,14,14.0
2022,adulto,2,2,SP,,239.0,alta_vs_media,media,alta,533,True,239,294.0
2022,adulto,2,2,TO,,13.0,alta_vs_media,media,alta,19,False,6,6.0
2022,adulto,3,1,AL,,0.0,alta_vs_media,media,alta,1,False,0,1.0
2022,adulto,3,1,AM,,14.0,alta_vs_media,media,alta,15,False,1,1.0
2022,adulto,3,1,BA,,3.0,alta_vs_media,media,alta,6,False,3,3.0
2022,adulto,3,1,CE,,3.0,alta_vs_media,media,alta,3,False,0,0.0
2022,adulto,3,1,DF,,2.0,alta_vs_media,media,alta,3,False,1,1.0
2022,adulto,3,1,ES,,0.0,alta_vs_media,media,alta,2,False,0,2.0
2022,adulto,3,1,GO,,0.0,alta_vs_media,media,alta,3,False,0,3.0
2022,adulto,3,1,MA,,9.0,alta_vs_media,media,alta,11,False,2,2.0
2022,adulto,3,1,MG,,3.0,alta_vs_media,media,alta,7,False,3,4.0
2022,adulto,3,1,MS,,1.0,alta_vs_media,media,alta,1,False,0,0.0
2022,adulto,3,1,MT,,6.0,alta_vs_media,media,alta,9,False,3,3.0
2022,adulto,3,1,PA,,4.0,alta_vs_media,media,alta,5,False,1,1.0
2022,adulto,3,1,PB,,2.0,alta_vs_media,media,alta,2,False,0,0.0
2022,adulto,3,1,PE,,1.0,alta_vs_media,media,alta,2,False,1,1.0
2022,adulto,3,1,PR,,2.0,alta_vs_media,media,alta,6,False,2,4.0
2022,adulto,3,1,RJ,,2.0,alta_vs_media,media,alta,4,False,2,2.0
2022,adulto,3,1,RO,,1.0,alta_vs_media,media,alta,1,False,0,0.0
2022,adulto,3,1,SC,,1.0,alta_vs_media,media,alta,1,False,0,0.0
2022,adulto,3,1,SE,,0.0,alta_vs_media,media,alta,1,False,0,1.0
2022,adulto,3,1,SP,,32.0,alta_vs_media,media,alta,50,False,18,18.0
2022,adulto,3,1,TO,,2.0,alta_vs_media,media,alta,4,False,2,2.0
2022,adulto,3,2,AL,,2.0,alta_vs_media,media,alta,2,False,0,0.0
2022,adulto,3,2,AP,,1.0,alta_vs_media,media,alta,2,False,1,1.0
2022,adulto,3,2,BA,,1.0,alta_vs_media,media,alta,3,False,1,2.0
2022,adulto,3,2,CE,,1.0,alta_vs_media,media,alta,2,False,1,1.0
2022,adulto,3,2,ES,,0.0,alta_vs_media,media,alta,1,False,0,1.0
2022,adulto,3,2,GO,,3.0,alta_vs_media,media,alta,4,False,1,1.0
2022,adulto,3,2,MA,,1.0,alta_vs_media,media,alta,1,False,0,0.0
2022,adulto,3,2,MG,,0.0,alta_vs_media,media,alta,2,False,0,2.0
2022,adulto,3,2,MS,,1.0,alta_vs_media,media,alta,2,False,1,1.0
2022,adulto,3,2,MT,,3.0,alta_vs_media,media,alta,4,False,1,1.0
2022,adulto,3,2,PA,,3.0,alta_vs_media,media,alta,4,False,1,1.0
2022,adulto,3,2,PI,,1.0,alta_vs_media,media,alta,2,False,1,1.0
2022,adulto,3,2,PR,,5.0,alta_vs_media,media,alta,9,False,4,4.0
2022,adulto,3,2,RJ,,1.0,alta_vs_media,media,alta,2,False,1,1.0
2022,adulto,3,2,RO,,1.0,alta_vs_media,media,alta,3,False,1,2.0
2022,adulto,3,2,RS,,1.0,alta_vs_media,media,alta,1,False,0,0.0
2022,adulto,3,2,SC,,1.0,alta_vs_media,media,alta,1,False,0,0.0
2022,adulto,3,2,SP,,17.0,alta_vs_media,media,alta,28,False,11,11.0
2022,adulto,3,2,TO,,1.0,alta_vs_media,media,alta,1,False,0,0.0
2022,adulto,4,0,AL,,1.0,alta_vs_media,media,alta,1,False,0,0.0
2022,adulto,4,1,AC,,35.0,alta_vs_media,media,alta,55,True,20,20.0
2022,adulto,4,1,AL,,416.0,alta_vs_media,media,alta,661,True,245,245.0
2022,adulto,4,1,AM,,608.0,alta_vs_media,media,alta,1294,True,608,686.0
2022,adulto,4,1,AP,,143.0,alta_vs_media,media,alta,211,True,68,68.0
2022,adulto,4,1,BA,,1831.0,alta_vs_media,media,alta,2792,True,961,961.0
2022,adulto,4,1,CE,,1600.0,alta_vs_media,media,alta,2474,True,874,874.0
2022,adulto,4,1,DF,,219.0,alta_vs_media,media,alta,327,True,108,108.0
2022,adulto,4,1,ES,,214.0,alta_vs_media,media,alta,383,True,169,169.0
2022,adulto,4,1,GO,,752.0,alta_vs_media,media,alta,1544,True,752,792.0
2022,adulto,4,1,MA,,1070.0,alta_vs_media,media,alta,1847,True,777,777.0
2022,adulto,4,1,MG,,1211.0,alta_vs_media,media,alta,2192,True,981,981.0
2022,adulto,4,1,MS,,196.0,alta_vs_media,media,alta,445,True,196,249.0
2022,adulto,4,1,MT,,394.0,alta_vs_media,media,alta,808,True,394,414.0
2022,adulto,4,1,PA,,1334.0,alta_vs_media,media,alta,1982,True,648,648.0
2022,adulto,4,1,PB,,236.0,alta_vs_media,media,alta,322,True,86,86.0
2022,adulto,4,1,PE,,2007.0,alta_vs_media,media,alta,2688,True,681,681.0
2022,adulto,4,1,PI,,529.0,alta_vs_media,media,alta,775,True,246,246.0
2022,adulto,4,1,PR,,574.0,alta_vs_media,media,alta,1224,True,574,650.0
2022,adulto,4,1,RJ,,1112.0,alta_vs_media,media,alta,1837,True,725,725.0
2022,adulto,4,1,RN,,220.0,alta_vs_media,media,alta,306,True,86,86.0
2022,adulto,4,1,RO,,165.0,alta_vs_media,media,alta,327,True,162,162.0
2022,adulto,4,1,RR,,76.0,alta_vs_media,media,alta,207,True,76,131.0
2022,adulto,4,1,RS,,136.0,alta_vs_media,media,alta,203,True,67,67.0
2022,adulto,4,1,SC,,148.0,alta_vs_media,media,alta,250,True,102,102.0
2022,adulto,4,1,SE,,467.0,alta_vs_media,media,alta,708,True,241,241.0
2022,adulto,4,1,SP,,1761.0,alta_vs_media,media,alta,3837,True,1761,2076.0
2022,adulto,4,1,TO,,233.0,alta_vs_media,media,alta,406,True,173,173.0
2022,adulto,4,2,AC,,16.0,alta_vs_media,media,alta,28,False,12,12.0
2022,adulto,4,2,AL,,123.0,alta_vs_media,media,alta,219,True,96,96.0
2022,adulto,4,2,AM,,179.0,alta_vs_media,media,alta,461,True,179,282.0
2022,adulto,4,2,AP,,39.0,alta_vs_media,media,alta,77,True,38,38.0
2022,adulto,4,2,BA,,553.0,alta_vs_media,media,alta,1068,True,515,515.0
2022,adulto,4,2,CE,,516.0,alta_vs_media,media,alta,898,True,382,382.0
2022,adulto,4,2,DF,,116.0,alta_vs_media,media,alta,194,True,78,78.0
2022,adulto,4,2,ES,,86.0,alta_vs_media,media,alta,187,True,86,101.0
2022,adulto,4,2,GO,,247.0,alta_vs_media,media,alta,538,True,247,291.0
2022,adulto,4,2,MA,,400.0,alta_vs_media,media,alta,726,True,326,326.0
2022,adulto,4,2,MG,,489.0,alta_vs_media,media,alta,966,True,477,477.0
2022,adulto,4,2,MS,,99.0,alta_vs_media,media,alta,222,True,99,123.0
2022,adulto,4,2,MT,,152.0,alta_vs_media,media,alta,301,True,149,149.0
2022,adulto,4,2,PA,,483.0,alta_vs_media,media,alta,873,True,390,390.0
2022,adulto,4,2,PB,,87.0,alta_vs_media,media,alta,139,True,52,52.0
2022,adulto,4,2,PE,,555.0,alta_vs_media,media,alta,870,True,315,315.0
2022,adulto,4,2,PI,,164.0,alta_vs_media,media,alta,276,True,112,112.0
2022,adulto,4,2,PR,,209.0,alta_vs_media,media,alta,435,True,209,226.0
2022,adulto,4,2,RJ,,577.0,alta_vs_media,media,alta,993,True,416,416.0
2022,adulto,4,2,RN,,83.0,alta_vs_media,media,alta,150,True,67,67.0
2022,adulto,4,2,RO,,66.0,alta_vs_media,media,alta,120,True,54,54.0
2022,adulto,4,2,RR,,38.0,alta_vs_media,media,alta,80,True,38,42.0
2022,adulto,4,2,RS,,55.0,alta_vs_media,media,alta,98,True,43,43.0
2022,adulto,4,2,SC,,49.0,alta_vs_media,media,alta,100,True,49,51.0
2022,adulto,4,2,SE,,126.0,alta_vs_media,media,alta,236,True,110,110.0
2022,adulto,4,2,SP,,778.0,alta_vs_media,media,alta,1875,True,778,1097.0
2022,adulto,4,2,TO,,89.0,alta_vs_media,media,alta,154,True,65,65.0
2022,adulto,5,1,AC,,1.0,alta_vs_media,media,alta,2,False,1,1.0
2022,adulto,5,1,AL,,4.0,alta_vs_media,media,alta,4,False,0,0.0
2022,adulto,5,1,AM,,22.0,alta_vs_media,media,alta,44,True,22,22.0
2022,adulto,5,1,AP,,1.0,alta_vs_media,media,alta,1,False,0,0.0
2022,adulto,5,1,BA,,6.0,alta_vs_media,media,alta,6,False,0,0.0
2022,adulto,5,1,CE,,3.0,alta_vs_media,media,alta,4,False,1,1.0
2022,adulto,5,1,DF,,1.0,alta_vs_media,media,alta,2,False,1,1.0
2022,adulto,5,1,ES,,3.0,alta_vs_media,media,alta,4,False,1,1.0
2022,adulto,5,1,MA,,9.0,alta_vs_media,media,alta,13,False,4,4.0
2022,adulto,5,1,MG,,5.0,alta_vs_media,media,alta,5,False,0,0.0
2022,adulto,5,1,MS,,22.0,alta_vs_media,media,alta,30,False,8,8.0
2022,adulto,5,1,MT,,2.0,alta_vs_media,media,alta,8,False,2,6.0
2022,adulto,5,1,PA,,5.0,alta_vs_media,media,alta,8,False,3,3.0
2022,adulto,5,1,PB,,2.0,alta_vs_media,media,alta,3,False,1,1.0
2022,adulto,5,1,PE,,7.0,alta_vs_media,media,alta,10,False,3,3.0
2022,adulto,5,1,PR,,6.0,alta_vs_media,media,alta,12,False,6,6.0
2022,adulto,5,1,RJ,,2.0,alta_vs_media,media,alta,2,False,0,0.0
2022,adulto,5,1,RO,,1.0,alta_vs_media,media,alta,3,False,1,2.0
2022,adulto,5,1,RR,,13.0,alta_vs_media,media,alta,29,False,13,16.0
2022,adulto,5,1,RS,,6.0,alta_vs_media,media,alta,6,False,0,0.0
2022,adulto,5,1,SC,,2.0,alta_vs_media,media,alta,6,False,2,4.0
2022,adulto,5,1,SP,,4.0,alta_vs_media,media,alta,9,False,4,5.0
2022,adulto,5,1,TO,,4.0,alta_vs_media,media,alta,4,False,0,0.0
2022,adulto,5,2,AC,,1.0,alta_vs_media,media,alta,1,False,0,0.0
2022,adulto,5,2,AM,,5.0,alta_vs_media,media,alta,19,False,5,14.0
2022,adulto,5,2,BA,,2.0,alta_vs_media,media,alta,4,False,2,2.0
2022,adulto,5,2,CE,,1.0,alta_vs_media,media,alta,1,False,0,0.0
2022,adulto,5,2,ES,,1.0,alta_vs_media,media,alta,1,False,0,0.0
2022,adulto,5,2,GO,,1.0,alta_vs_media,media,alta,1,False,0,0.0
2022,adulto,5,2,MA,,4.0,alta_vs_media,media,alta,6,False,2,2.0
2022,adulto,5,2,MG,,1.0,alta_vs_media,media,alta,1,False,0,0.0
2022,adulto,5,2,MS,,15.0,alta_vs_media,media,alta,22,False,7,7.0
2022,adulto,5,2,MT,,5.0,alta_vs_media,media,alta,8,False,3,3.0
2022,adulto,5,2,PA,,3.0,alta_vs_media,media,alta,4,False,1,1.0
2022,adulto,5,2,PE,,2.0,alta_vs_media,media,alta,3,False,1,1.0
2022,adulto,5,2,PR,,4.0,alta_vs_media,media,alta,5,False,1,1.0
2022,adulto,5,2,RJ,,2.0,alta_vs_media,media,alta,3,False,1,1.0
2022,adulto,5,2,RO,,0.0,alta_vs_media,media,alta,1,False,0,1.0
2022,adulto,5,2,RR,,5.0,alta_vs_media,media,alta,14,False,5,9.0
2022,adulto,5,2,RS,,5.0,alta_vs_media,media,alta,5,False,0,0.0
2022,adulto,5,2,SC,,2.0,alta_vs_media,media,alta,2,False,0,0.0
2022,adulto,5,2,SP,,2.0,alta_vs_media,media,alta,5,False,2,3.0
2022,adulto,5,2,TO,,2.0,alta_vs_media,media,alta,3,False,1,1.0
2022,idoso,1,0,RJ,,1.0,alta_vs_media,media,alta,1,False,0,0.0
2022,idoso,1,0,SP,,1.0,alta_vs_media,media,alta,1,False,0,0.0
2022,idoso,1,1,AC,,25.0,alta_vs_media,media,alta,34,False,9,9.0
2022,idoso,1,1,AL,,180.0,alta_vs_media,media,alta,256,True,76,76.0
2022,idoso,1,1,AM,,182.0,alta_vs_media,media,alta,314,True,132,132.0
2022,idoso,1,1,AP,,27.0,alta_vs_media,media,alta,44,False,17,17.0
2022,idoso,1,1,BA,,855.0,alta_vs_media,media,alta,1230,True,375,375.0
2022,idoso,1,1,CE,,864.0,alta_vs_media,media,alta,1192,True,328,328.0
2022,idoso,1,1,DF,,451.0,alta_vs_media,media,alta,599,True,148,148.0
2022,idoso,1,1,ES,,626.0,alta_vs_media,media,alta,882,True,256,256.0
2022,idoso,1,1,GO,,1310.0,alta_vs_media,media,alta,2003,True,693,693.0
2022,idoso,1,1,MA,,431.0,alta_vs_media,media,alta,618,True,187,187.0
2022,idoso,1,1,MG,,5364.0,alta_vs_media,media,alta,7441,True,2077,2077.0
2022,idoso,1,1,MS,,738.0,alta_vs_media,media,alta,1104,True,366,366.0
2022,idoso,1,1,MT,,627.0,alta_vs_media,media,alta,850,True,223,223.0
2022,idoso,1,1,PA,,485.0,alta_vs_media,media,alta,696,True,211,211.0
2022,idoso,1,1,PB,,254.0,alta_vs_media,media,alta,335,True,81,81.0
2022,idoso,1,1,PE,,1393.0,alta_vs_media,media,alta,1897,True,504,504.0
2022,idoso,1,1,PI,,230.0,alta_vs_media,media,alta,299,True,69,69.0
2022,idoso,1,1,PR,,6121.0,alta_vs_media,media,alta,8474,True,2353,2353.0
2022,idoso,1,1,RJ,,5052.0,alta_vs_media,media,alta,7547,True,2495,2495.0
2022,idoso,1,1,RN,,392.0,alta_vs_media,media,alta,528,True,136,136.0
2022,idoso,1,1,RO,,263.0,alta_vs_media,media,alta,371,True,108,108.0
2022,idoso,1,1,RR,,44.0,alta_vs_media,media,alta,84,True,40,40.0
2022,idoso,1,1,RS,,6289.0,alta_vs_media,media,alta,8882,True,2593,2593.0
2022,idoso,1,1,SC,,4594.0,alta_vs_media,media,alta,6147,True,1553,1553.0
2022,idoso,1,1,SE,,244.0,alta_vs_media,media,alta,365,True,121,121.0
2022,idoso,1,1,SP,,19911.0,alta_vs_media,media,alta,29432,True,9521,9521.0
2022,idoso,1,1,TO,,147.0,alta_vs_media,media,alta,190,True,43,43.0
2022,idoso,1,2,AC,,21.0,alta_vs_media,media,alta,28,False,7,7.0
2022,idoso,1,2,AL,,160.0,alta_vs_media,media,alta,223,True,63,63.0
2022,idoso,1,2,AM,,138.0,alta_vs_media,media,alta,219,True,81,81.0
2022,idoso,1,2,AP,,24.0,alta_vs_media,media,alta,35,False,11,11.0
2022,idoso,1,2,BA,,661.0,alta_vs_media,media,alta,958,True,297,297.0
2022,idoso,1,2,CE,,855.0,alta_vs_media,media,alta,1177,True,322,322.0
2022,idoso,1,2,DF,,395.0,alta_vs_media,media,alta,570,True,175,175.0
2022,idoso,1,2,ES,,404.0,alta_vs_media,media,alta,588,True,184,184.0
2022,idoso,1,2,GO,,998.0,alta_vs_media,media,alta,1499,True,501,501.0
2022,idoso,1,2,MA,,348.0,alta_vs_media,media,alta,475,True,127,127.0
2022,idoso,1,2,MG,,4227.0,alta_vs_media,media,alta,5681,True,1454,1454.0
2022,idoso,1,2,MS,,518.0,alta_vs_media,media,alta,733,True,215,215.0
2022,idoso,1,2,MT,,368.0,alta_vs_media,media,alta,511,True,143,143.0
2022,idoso,1,2,PA,,396.0,alta_vs_media,media,alta,575,True,179,179.0
2022,idoso,1,2,PB,,247.0,alta_vs_media,media,alta,314,True,67,67.0
2022,idoso,1,2,PE,,1279.0,alta_vs_media,media,alta,1782,True,503,503.0
2022,idoso,1,2,PI,,186.0,alta_vs_media,media,alta,235,True,49,49.0
2022,idoso,1,2,PR,,4364.0,alta_vs_media,media,alta,5786,True,1422,1422.0
2022,idoso,1,2,RJ,,4635.0,alta_vs_media,media,alta,6697,True,2062,2062.0
2022,idoso,1,2,RN,,366.0,alta_vs_media,media,alta,482,True,116,116.0
2022,idoso,1,2,RO,,141.0,alta_vs_media,media,alta,192,True,51,51.0
2022,idoso,1,2,RR,,22.0,alta_vs_media,media,alta,37,False,15,15.0
2022,idoso,1,2,RS,,4400.0,alta_vs_media,media,alta,6184,True,1784,1784.0
2022,idoso,1,2,SC,,3074.0,alta_vs_media,media,alta,4014,True,940,940.0
2022,idoso,1,2,SE,,193.0,alta_vs_media,media,alta,253,True,60,60.0
2022,idoso,1,2,SP,,15032.0,alta_vs_media,media,alta,21203,True,6171,6171.0
2022,idoso,1,2,TO,,111.0,alta_vs_media,media,alta,145,True,34,34.0
2022,idoso,2,1,AC,,8.0,alta_vs_media,media,alta,9,False,1,1.0
2022,idoso,2,1,AL,,45.0,alta_vs_media,media,alta,55,False,10,10.0
2022,idoso,2,1,AM,,29.0,alta_vs_media,media,alta,42,False,13,13.0
2022,idoso,2,1,AP,,12.0,alta_vs_media,media,alta,17,False,5,5.0
2022,idoso,2,1,BA,,871.0,alta_vs_media,media,alta,1112,True,241,241.0
2022,idoso,2,1,CE,,181.0,alta_vs_media,media,alta,215,True,34,34.0
2022,idoso,2,1,DF,,101.0,alta_vs_media,media,alta,136,True,35,35.0
2022,idoso,2,1,ES,,163.0,alta_vs_media,media,alta,219,True,56,56.0
2022,idoso,2,1,GO,,249.0,alta_vs_media,media,alta,328,True,79,79.0
2022,idoso,2,1,MA,,273.0,alta_vs_media,media,alta,347,True,74,74.0
2022,idoso,2,1,MG,,1376.0,alta_vs_media,media,alta,1681,True,305,305.0
2022,idoso,2,1,MS,,85.0,alta_vs_media,media,alta,112,True,27,27.0
2022,idoso,2,1,MT,,125.0,alta_vs_media,media,alta,167,True,42,42.0
2022,idoso,2,1,PA,,203.0,alta_vs_media,media,alta,249,True,46,46.0
2022,idoso,2,1,PB,,36.0,alta_vs_media,media,alta,40,False,4,4.0
2022,idoso,2,1,PE,,383.0,alta_vs_media,media,alta,482,True,99,99.0
2022,idoso,2,1,PI,,126.0,alta_vs_media,media,alta,144,False,18,18.0
2022,idoso,2,1,PR,,356.0,alta_vs_media,media,alta,470,True,114,114.0
2022,idoso,2,1,RJ,,1743.0,alta_vs_media,media,alta,2396,True,653,653.0
2022,idoso,2,1,RN,,65.0,alta_vs_media,media,alta,81,False,16,16.0
2022,idoso,2,1,RO,,50.0,alta_vs_media,media,alta,60,False,10,10.0
2022,idoso,2,1,RR,,10.0,alta_vs_media,media,alta,15,False,5,5.0
2022,idoso,2,1,RS,,436.0,alta_vs_media,media,alta,608,True,172,172.0
2022,idoso,2,1,SC,,122.0,alta_vs_media,media,alta,176,True,54,54.0
2022,idoso,2,1,SE,,109.0,alta_vs_media,media,alta,161,True,52,52.0
2022,idoso,2,1,SP,,2397.0,alta_vs_media,media,alta,3310,True,913,913.0
2022,idoso,2,1,TO,,70.0,alta_vs_media,media,alta,78,False,8,8.0
2022,idoso,2,2,AC,,4.0,alta_vs_media,media,alta,4,False,0,0.0
2022,idoso,2,2,AL,,19.0,alta_vs_media,media,alta,25,False,6,6.0
2022,idoso,2,2,AM,,18.0,alta_vs_media,media,alta,29,False,11,11.0
2022,idoso,2,2,AP,,12.0,alta_vs_media,media,alta,16,False,4,4.0
2022,idoso,2,2,BA,,563.0,alta_vs_media,media,alta,739,True,176,176.0
2022,idoso,2,2,CE,,97.0,alta_vs_media,media,alta,110,False,13,13.0
2022,idoso,2,2,DF,,71.0,alta_vs_media,media,alta,88,False,17,17.0
2022,idoso,2,2,ES,,80.0,alta_vs_media,media,alta,106,True,26,26.0
2022,idoso,2,2,GO,,163.0,alta_vs_media,media,alta,229,True,66,66.0
2022,idoso,2,2,MA,,182.0,alta_vs_media,media,alta,221,True,39,39.0
2022,idoso,2,2,MG,,1001.0,alta_vs_media,media,alta,1207,True,206,206.0
2022,idoso,2,2,MS,,62.0,alta_vs_media,media,alta,83,True,21,21.0
2022,idoso,2,2,MT,,96.0,alta_vs_media,media,alta,120,True,24,24.0
2022,idoso,2,2,PA,,116.0,alta_vs_media,media,alta,149,True,33,33.0
2022,idoso,2,2,PB,,31.0,alta_vs_media,media,alta,36,False,5,5.0
2022,idoso,2,2,PE,,234.0,alta_vs_media,media,alta,292,True,58,58.0
2022,idoso,2,2,PI,,61.0,alta_vs_media,media,alta,71,False,10,10.0
2022,idoso,2,2,PR,,178.0,alta_vs_media,media,alta,236,True,58,58.0
2022,idoso,2,2,RJ,,1819.0,alta_vs_media,media,alta,2344,True,525,525.0
2022,idoso,2,2,RN,,45.0,alta_vs_media,media,alta,52,False,7,7.0
2022,idoso,2,2,RO,,23.0,alta_vs_media,media,alta,36,False,13,13.0
2022,idoso,2,2,RR,,5.0,alta_vs_media,media,alta,7,False,2,2.0
2022,idoso,2,2,RS,,360.0,alta_vs_media,media,alta,478,True,118,118.0
2022,idoso,2,2,SC,,110.0,alta_vs_media,media,alta,148,True,38,38.0
2022,idoso,2,2,SE,,62.0,alta_vs_media,media,alta,81,False,19,19.0
2022,idoso,2,2,SP,,1731.0,alta_vs_media,media,alta,2347,True,616,616.0
2022,idoso,2,2,TO,,32.0,alta_vs_media,media,alta,38,False,6,6.0
2022,idoso,3,0,SP,,1.0,alta_vs_media,media,alta,1,False,0,0.0
2022,idoso,3,1,AL,,3.0,alta_vs_media,media,alta,3,False,0,0.0
2022,idoso,3,1,AM,,5.0,alta_vs_media,media,alta,6,False,1,1.0
2022,idoso,3,1,BA,,8.0,alta_vs_media,media,alta,12,False,4,4.0
2022,idoso,3,1,CE,,6.0,alta_vs_media,media,alta,6,False,0,0.0
2022,idoso,3,1,DF,,5.0,alta_vs_media,media,alta,8,False,3,3.0
2022,idoso,3,1,ES,,5.0,alta_vs_media,media,alta,9,False,4,4.0
2022,idoso,3,1,GO,,13.0,alta_vs_media,media,alta,21,False,8,8.0
2022,idoso,3,1,MA,,4.0,alta_vs_media,media,alta,9,False,4,5.0
2022,idoso,3,1,MG,,32.0,alta_vs_media,media,alta,46,False,14,14.0
2022,idoso,3,1,MS,,18.0,alta_vs_media,media,alta,27,False,9,9.0
2022,idoso,3,1,MT,,13.0,alta_vs_media,media,alta,21,False,8,8.0
2022,idoso,3,1,PA,,8.0,alta_vs_media,media,alta,15,False,7,7.0
2022,idoso,3,1,PB,,1.0,alta_vs_media,media,alta,1,False,0,0.0
2022,idoso,3,1,PE,,10.0,alta_vs_media,media,alta,13,False,3,3.0
2022,idoso,3,1,PI,,2.0,alta_vs_media,media,alta,2,False,0,0.0
2022,idoso,3,1,PR,,67.0,alta_vs_media,media,alta,101,True,34,34.0
2022,idoso,3,1,RJ,,20.0,alta_vs_media,media,alta,26,False,6,6.0
2022,idoso,3,1,RN,,1.0,alta_vs_media,media,alta,2,False,1,1.0
2022,idoso,3,1,RO,,1.0,alta_vs_media,media,alta,5,False,1,4.0
2022,idoso,3,1,RS,,5.0,alta_vs_media,media,alta,8,False,3,3.0
2022,idoso,3,1,SC,,7.0,alta_vs_media,media,alta,11,False,4,4.0
2022,idoso,3,1,SE,,2.0,alta_vs_media,media,alta,4,False,2,2.0
2022,idoso,3,1,SP,,324.0,alta_vs_media,media,alta,531,True,207,207.0
2022,idoso,3,1,TO,,3.0,alta_vs_media,media,alta,5,False,2,2.0
2022,idoso,3,2,AL,,2.0,alta_vs_media,media,alta,4,False,2,2.0
2022,idoso,3,2,AM,,2.0,alta_vs_media,media,alta,2,False,0,0.0
2022,idoso,3,2,AP,,1.0,alta_vs_media,media,alta,1,False,0,0.0
2022,idoso,3,2,BA,,10.0,alta_vs_media,media,alta,15,False,5,5.0
2022,idoso,3,2,CE,,9.0,alta_vs_media,media,alta,9,False,0,0.0
2022,idoso,3,2,DF,,2.0,alta_vs_media,media,alta,4,False,2,2.0
2022,idoso,3,2,ES,,1.0,alta_vs_media,media,alta,2,False,1,1.0
2022,idoso,3,2,GO,,6.0,alta_vs_media,media,alta,11,False,5,5.0
2022,idoso,3,2,MA,,2.0,alta_vs_media,media,alta,3,False,1,1.0
2022,idoso,3,2,MG,,22.0,alta_vs_media,media,alta,24,False,2,2.0
2022,idoso,3,2,MS,,6.0,alta_vs_media,media,alta,9,False,3,3.0
2022,idoso,3,2,MT,,12.0,alta_vs_media,media,alta,15,False,3,3.0
2022,idoso,3,2,PA,,3.0,alta_vs_media,media,alta,6,False,3,3.0
2022,idoso,3,2,PB,,2.0,alta_vs_media,media,alta,2,False,0,0.0
2022,idoso,3,2,PE,,3.0,alta_vs_media,media,alta,4,False,1,1.0
2022,idoso,3,2,PI,,2.0,alta_vs_media,media,alta,2,False,0,0.0
2022,idoso,3,2,PR,,33.0,alta_vs_media,media,alta,57,True,24,24.0
2022,idoso,3,2,RJ,,15.0,alta_vs_media,media,alta,20,False,5,5.0
2022,idoso,3,2,RN,,3.0,alta_vs_media,media,alta,6,False,3,3.0
2022,idoso,3,2,RO,,0.0,alta_vs_media,media,alta,2,False,0,2.0
2022,idoso,3,2,RS,,4.0,alta_vs_media,media,alta,4,False,0,0.0
2022,idoso,3,2,SC,,7.0,alta_vs_media,media,alta,8,False,1,1.0
2022,idoso,3,2,SP,,239.0,alta_vs_media,media,alta,344,True,105,105.0
2022,idoso,3,2,TO,,3.0,alta_vs_media,media,alta,4,False,1,1.0
2022,idoso,4,0,ES,,0.0,alta_vs_media,media,alta,1,False,0,1.0
2022,idoso,4,0,GO,,1.0,alta_vs_media,media,alta,1,False,0,0.0
2022,idoso,4,0,PA,,0.0,alta_vs_media,media,alta,1,False,0,1.0
2022,idoso,4,0,RS,,0.0,alta_vs_media,media,alta,1,False,0,1.0
2022,idoso,4,0,SP,,0.0,alta_vs_media,media,alta,2,False,0,2.0
2022,idoso,4,1,AC,,71.0,alta_vs_media,media,alta,90,False,19,19.0
2022,idoso,4,1,AL,,504.0,alta_vs_media,media,alta,723,True,219,219.0
2022,idoso,4,1,AM,,888.0,alta_vs_media,media,alta,1340,True,452,452.0
2022,idoso,4,1,AP,,108.0,alta_vs_media,media,alta,151,True,43,43.0
2022,idoso,4,1,BA,,2861.0,alta_vs_media,media,alta,3694,True,833,833.0
2022,idoso,4,1,CE,,2687.0,alta_vs_media,media,alta,3462,True,775,775.0
2022,idoso,4,1,DF,,419.0,alta_vs_media,media,alta,587,True,168,168.0
2022,idoso,4,1,ES,,537.0,alta_vs_media,media,alta,768,True,231,231.0
2022,idoso,4,1,GO,,1508.0,alta_vs_media,media,alta,2101,True,593,593.0
2022,idoso,4,1,MA,,1599.0,alta_vs_media,media,alta,2035,True,436,436.0
2022,idoso,4,1,MG,,4395.0,alta_vs_media,media,alta,5460,True,1065,1065.0
2022,idoso,4,1,MS,,797.0,alta_vs_media,media,alta,1102,True,305,305.0
2022,idoso,4,1,MT,,765.0,alta_vs_media,media,alta,1053,True,288,288.0
2022,idoso,4,1,PA,,2013.0,alta_vs_media,media,alta,2583,True,570,570.0
2022,idoso,4,1,PB,,479.0,alta_vs_media,media,alta,578,True,99,99.0
2022,idoso,4,1,PE,,2871.0,alta_vs_media,media,alta,3642,True,771,771.0
2022,idoso,4,1,PI,,798.0,alta_vs_media,media,alta,952,True,154,154.0
2022,idoso,4,1,PR,,1482.0,alta_vs_media,media,alta,1893,True,411,411.0
2022,idoso,4,1,RJ,,3616.0,alta_vs_media,media,alta,4988,True,1372,1372.0
2022,idoso,4,1,RN,,497.0,alta_vs_media,media,alta,632,True,135,135.0
2022,idoso,4,1,RO,,368.0,alta_vs_media,media,alta,503,True,135,135.0
2022,idoso,4,1,RR,,118.0,alta_vs_media,media,alta,202,True,84,84.0
2022,idoso,4,1,RS,,506.0,alta_vs_media,media,alta,647,True,141,141.0
2022,idoso,4,1,SC,,274.0,alta_vs_media,media,alta,349,True,75,75.0
2022,idoso,4,1,SE,,585.0,alta_vs_media,media,alta,808,True,223,223.0
2022,idoso,4,1,SP,,6808.0,alta_vs_media,media,alta,9313,True,2505,2505.0
2022,idoso,4,1,TO,,410.0,alta_vs_media,media,alta,499,True,89,89.0
2022,idoso,4,2,AC,,49.0,alta_vs_media,media,alta,63,False,14,14.0
2022,idoso,4,2,AL,,379.0,alta_vs_media,media,alta,501,True,122,122.0
2022,idoso,4,2,AM,,596.0,alta_vs_media,media,alta,911,True,315,315.0
2022,idoso,4,2,AP,,71.0,alta_vs_media,media,alta,97,True,26,26.0
2022,idoso,4,2,BA,,1932.0,alta_vs_media,media,alta,2564,True,632,632.0
2022,idoso,4,2,CE,,2011.0,alta_vs_media,media,alta,2512,True,501,501.0
2022,idoso,4,2,DF,,347.0,alta_vs_media,media,alta,457,True,110,110.0
2022,idoso,4,2,ES,,334.0,alta_vs_media,media,alta,441,True,107,107.0
2022,idoso,4,2,GO,,987.0,alta_vs_media,media,alta,1359,True,372,372.0
2022,idoso,4,2,MA,,1058.0,alta_vs_media,media,alta,1376,True,318,318.0
2022,idoso,4,2,MG,,2944.0,alta_vs_media,media,alta,3565,True,621,621.0
2022,idoso,4,2,MS,,512.0,alta_vs_media,media,alta,692,True,180,180.0
2022,idoso,4,2,MT,,504.0,alta_vs_media,media,alta,665,True,161,161.0
2022,idoso,4,2,PA,,1359.0,alta_vs_media,media,alta,1769,True,410,410.0
2022,idoso,4,2,PB,,381.0,alta_vs_media,media,alta,460,True,79,79.0
2022,idoso,4,2,PE,,1938.0,alta_vs_media,media,alta,2433,True,495,495.0
2022,idoso,4,2,PI,,579.0,alta_vs_media,media,alta,679,True,100,100.0
2022,idoso,4,2,PR,,942.0,alta_vs_media,media,alta,1178,True,236,236.0
2022,idoso,4,2,RJ,,3279.0,alta_vs_media,media,alta,4284,True,1005,1005.0
2022,idoso,4,2,RN,,401.0,alta_vs_media,media,alta,507,True,106,106.0
2022,idoso,4,2,RO,,214.0,alta_vs_media,media,alta,286,True,72,72.0
2022,idoso,4,2,RR,,48.0,alta_vs_media,media,alta,92,True,44,44.0
2022,idoso,4,2,RS,,351.0,alta_vs_media,media,alta,432,True,81,81.0
2022,idoso,4,2,SC,,197.0,alta_vs_media,media,alta,244,True,47,47.0
2022,idoso,4,2,SE,,424.0,alta_vs_media,media,alta,547,True,123,123.0
2022,idoso,4,2,SP,,4814.0,alta_vs_media,media,alta,6392,True,1578,1578.0
2022,idoso,4,2,TO,,229.0,alta_vs_media,media,alta,292,True,63,63.0
2022,idoso,5,1,AM,,27.0,alta_vs_media,media,alta,39,False,12,12.0
2022,idoso,5,1,AP,,3.0,alta_vs_media,media,alta,3,False,0,0.0
2022,idoso,5,1,BA,,10.0,alta_vs_media,media,alta,10,False,0,0.0
2022,idoso,5,1,CE,,2.0,alta_vs_media,media,alta,2,False,0,0.0
2022,idoso,5,1,DF,,2.0,alta_vs_media,media,alta,3,False,1,1.0
2022,idoso,5,1,ES,,2.0,alta_vs_media,media,alta,2,False,0,0.0
2022,idoso,5,1,GO,,2.0,alta_vs_media,media,alta,2,False,0,0.0
2022,idoso,5,1,MA,,5.0,alta_vs_media,media,alta,6,False,1,1.0
2022,idoso,5,1,MG,,9.0,alta_vs_media,media,alta,12,False,3,3.0
2022,idoso,5,1,MS,,17.0,alta_vs_media,media,alta,21,False,4,4.0
2022,idoso,5,1,MT,,5.0,alta_vs_media,media,alta,8,False,3,3.0
2022,idoso,5,1,PA,,4.0,alta_vs_media,media,alta,6,False,2,2.0
2022,idoso,5,1,PB,,3.0,alta_vs_media,media,alta,3,False,0,0.0
2022,idoso,5,1,PE,,22.0,alta_vs_media,media,alta,22,False,0,0.0
2022,idoso,5,1,PR,,7.0,alta_vs_media,media,alta,7,False,0,0.0
2022,idoso,5,1,RJ,,9.0,alta_vs_media,media,alta,9,False,0,0.0
2022,idoso,5,1,RN,,2.0,alta_vs_media,media,alta,3,False,1,1.0
2022,idoso,5,1,RR,,13.0,alta_vs_media,media,alta,18,False,5,5.0
2022,idoso,5,1,RS,,2.0,alta_vs_media,media,alta,4,False,2,2.0
2022,idoso,5,1,SC,,3.0,alta_vs_media,media,alta,3,False,0,0.0
2022,idoso,5,1,SE,,1.0,alta_vs_media,media,alta,2,False,1,1.0
2022,idoso,5,1,SP,,13.0,alta_vs_media,media,alta,19,False,6,6.0
2022,idoso,5,1,TO,,2.0,alta_vs_media,media,alta,3,False,1,1.0
2022,idoso,5,2,AC,,2.0,alta_vs_media,media,alta,2,False,0,0.0
2022,idoso,5,2,AL,,1.0,alta_vs_media,media,alta,1,False,0,0.0
2022,idoso,5,2,AM,,9.0,alta_vs_media,media,alta,10,False,1,1.0
2022,idoso,5,2,BA,,6.0,alta_vs_media,media,alta,10,False,4,4.0
2022,idoso,5,2,CE,,1.0,alta_vs_media,media,alta,1,False,0,0.0
2022,idoso,5,2,DF,,0.0,alta_vs_media,media,alta,1,False,0,1.0
2022,idoso,5,2,GO,,2.0,alta_vs_media,media,alta,2,False,0,0.0
2022,idoso,5,2,MA,,1.0,alta_vs_media,media,alta,5,False,1,4.0
2022,idoso,5,2,MG,,10.0,alta_vs_media,media,alta,10,False,0,0.0
2022,idoso,5,2,MS,,16.0,alta_vs_media,media,alta,18,False,2,2.0
2022,idoso,5,2,MT,,3.0,alta_vs_media,media,alta,3,False,0,0.0
2022,idoso,5,2,PA,,2.0,alta_vs_media,media,alta,2,False,0,0.0
2022,idoso,5,2,PE,,8.0,alta_vs_media,media,alta,11,False,3,3.0
2022,idoso,5,2,RJ,,5.0,alta_vs_media,media,alta,5,False,0,0.0
2022,idoso,5,2,RN,,2.0,alta_vs_media,media,alta,3,False,1,1.0
2022,idoso,5,2,RO,,1.0,alta_vs_media,media,alta,1,False,0,0.0
2022,idoso,5,2,RR,,14.0,alta_vs_media,media,alta,22,False,8,8.0
2022,idoso,5,2,RS,,4.0,alta_vs_media,media,alta,5,False,1,1.0
2022,idoso,5,2,SC,,3.0,alta_vs_media,media,alta,3,False,0,0.0
2022,idoso,5,2,SE,,2.0,alta_vs_media,media,alta,3,False,1,1.0
2022,idoso,5,2,SP,,12.0,alta_vs_media,media,alta,18,False,6,6.0
2022,jovem,1,1,AC,,3.0,alta_vs_media,media,alta,5,False,2,2.0
2022,jovem,1,1,AL,,11.0,alta_vs_media,media,alta,14,False,3,3.0
2022,jovem,1,1,AM,,23.0,alta_vs_media,media,alta,56,True,23,33.0
2022,jovem,1,1,AP,,3.0,alta_vs_media,media,alta,5,False,2,2.0
2022,jovem,1,1,BA,,112.0,alta_vs_media,media,alta,168,True,56,56.0
2022,jovem,1,1,CE,,83.0,alta_vs_media,media,alta,140,True,57,57.0
2022,jovem,1,1,DF,,33.0,alta_vs_media,media,alta,43,False,10,10.0
2022,jovem,1,1,ES,,21.0,alta_vs_media,media,alta,40,False,19,19.0
2022,jovem,1,1,GO,,54.0,alta_vs_media,media,alta,178,True,54,124.0
2022,jovem,1,1,MA,,43.0,alta_vs_media,media,alta,96,True,43,53.0
2022,jovem,1,1,MG,,156.0,alta_vs_media,media,alta,378,True,156,222.0
2022,jovem,1,1,MS,,22.0,alta_vs_media,media,alta,73,True,22,51.0
2022,jovem,1,1,MT,,42.0,alta_vs_media,media,alta,133,True,42,91.0
2022,jovem,1,1,PA,,67.0,alta_vs_media,media,alta,133,True,66,66.0
2022,jovem,1,1,PB,,11.0,alta_vs_media,media,alta,25,False,11,14.0
2022,jovem,1,1,PE,,204.0,alta_vs_media,media,alta,314,True,110,110.0
2022,jovem,1,1,PI,,28.0,alta_vs_media,media,alta,50,True,22,22.0
2022,jovem,1,1,PR,,308.0,alta_vs_media,media,alta,869,True,308,561.0
2022,jovem,1,1,RJ,,235.0,alta_vs_media,media,alta,418,True,183,183.0
2022,jovem,1,1,RN,,11.0,alta_vs_media,media,alta,24,False,11,13.0
2022,jovem,1,1,RO,,20.0,alta_vs_media,media,alta,55,True,20,35.0
2022,jovem,1,1,RR,,5.0,alta_vs_media,media,alta,9,False,4,4.0
2022,jovem,1,1,RS,,202.0,alta_vs_media,media,alta,398,True,196,196.0
2022,jovem,1,1,SC,,180.0,alta_vs_media,media,alta,431,True,180,251.0
2022,jovem,1,1,SE,,20.0,alta_vs_media,media,alta,32,False,12,12.0
2022,jovem,1,1,SP,,442.0,alta_vs_media,media,alta,1255,True,442,813.0
2022,jovem,1,1,TO,,12.0,alta_vs_media,media,alta,40,False,12,28.0
2022,jovem,1,2,AC,,2.0,alta_vs_media,media,alta,3,False,1,1.0
2022,jovem,1,2,AL,,8.0,alta_vs_media,media,alta,12,False,4,4.0
2022,jovem,1,2,AM,,13.0,alta_vs_media,media,alta,38,False,13,25.0
2022,jovem,1,2,AP,,3.0,alta_vs_media,media,alta,4,False,1,1.0
2022,jovem,1,2,BA,,36.0,alta_vs_media,media,alta,59,True,23,23.0
2022,jovem,1,2,CE,,28.0,alta_vs_media,media,alta,56,True,28,28.0
2022,jovem,1,2,DF,,12.0,alta_vs_media,media,alta,24,False,12,12.0
2022,jovem,1,2,ES,,13.0,alta_vs_media,media,alta,25,False,12,12.0
2022,jovem,1,2,GO,,40.0,alta_vs_media,media,alta,87,True,40,47.0
2022,jovem,1,2,MA,,17.0,alta_vs_media,media,alta,40,False,17,23.0
2022,jovem,1,2,MG,,71.0,alta_vs_media,media,alta,171,True,71,100.0
2022,jovem,1,2,MS,,17.0,alta_vs_media,media,alta,38,False,17,21.0
2022,jovem,1,2,MT,,20.0,alta_vs_media,media,alta,37,False,17,17.0
2022,jovem,1,2,PA,,35.0,alta_vs_media,media,alta,54,False,19,19.0
2022,jovem,1,2,PB,,13.0,alta_vs_media,media,alta,20,False,7,7.0
2022,jovem,1,2,PE,,48.0,alta_vs_media,media,alta,86,True,38,38.0
2022,jovem,1,2,PI,,8.0,alta_vs_media,media,alta,16,False,8,8.0
2022,jovem,1,2,PR,,100.0,alta_vs_media,media,alta,278,True,100,178.0
2022,jovem,1,2,RJ,,115.0,alta_vs_media,media,alta,205,True,90,90.0
2022,jovem,1,2,RN,,10.0,alta_vs_media,media,alta,22,False,10,12.0
2022,jovem,1,2,RO,,10.0,alta_vs_media,media,alta,20,False,10,10.0
2022,jovem,1,2,RR,,1.0,alta_vs_media,media,alta,4,False,1,3.0
2022,jovem,1,2,RS,,64.0,alta_vs_media,media,alta,133,True,64,69.0
2022,jovem,1,2,SC,,49.0,alta_vs_media,media,alta,129,True,49,80.0
2022,jovem,1,2,SE,,5.0,alta_vs_media,media,alta,16,False,5,11.0
2022,jovem,1,2,SP,,247.0,alta_vs_media,media,alta,586,True,247,339.0
2022,jovem,1,2,TO,,10.0,alta_vs_media,media,alta,16,False,6,6.0
2022,jovem,2,1,AL,,4.0,alta_vs_media,media,alta,7,False,3,3.0
2022,jovem,2,1,AM,,9.0,alta_vs_media,media,alta,10,False,1,1.0
2022,jovem,2,1,AP,,2.0,alta_vs_media,media,alta,2,False,0,0.0
2022,jovem,2,1,BA,,234.0,alta_vs_media,media,alta,336,True,102,102.0
2022,jovem,2,1,CE,,8.0,alta_vs_media,media,alta,16,False,8,8.0
2022,jovem,2,1,DF,,9.0,alta_vs_media,media,alta,17,False,8,8.0
2022,jovem,2,1,ES,,13.0,alta_vs_media,media,alta,19,False,6,6.0
2022,jovem,2,1,GO,,28.0,alta_vs_media,media,alta,56,True,28,28.0
2022,jovem,2,1,MA,,44.0,alta_vs_media,media,alta,77,True,33,33.0
2022,jovem,2,1,MG,,70.0,alta_vs_media,media,alta,140,True,70,70.0
2022,jovem,2,1,MS,,2.0,alta_vs_media,media,alta,9,False,2,7.0
2022,jovem,2,1,MT,,13.0,alta_vs_media,media,alta,34,False,13,21.0
2022,jovem,2,1,PA,,49.0,alta_vs_media,media,alta,79,True,30,30.0
2022,jovem,2,1,PB,,3.0,alta_vs_media,media,alta,4,False,1,1.0
2022,jovem,2,1,PE,,39.0,alta_vs_media,media,alta,59,True,20,20.0
2022,jovem,2,1,PI,,18.0,alta_vs_media,media,alta,35,False,17,17.0
2022,jovem,2,1,PR,,19.0,alta_vs_media,media,alta,41,False,19,22.0
2022,jovem,2,1,RJ,,204.0,alta_vs_media,media,alta,309,True,105,105.0
2022,jovem,2,1,RN,,2.0,alta_vs_media,media,alta,4,False,2,2.0
2022,jovem,2,1,RO,,4.0,alta_vs_media,media,alta,9,False,4,5.0
2022,jovem,2,1,RR,,4.0,alta_vs_media,media,alta,4,False,0,0.0
2022,jovem,2,1,RS,,45.0,alta_vs_media,media,alta,70,True,25,25.0
2022,jovem,2,1,SC,,10.0,alta_vs_media,media,alta,20,False,10,10.0
2022,jovem,2,1,SE,,19.0,alta_vs_media,media,alta,34,False,15,15.0
2022,jovem,2,1,SP,,82.0,alta_vs_media,media,alta,212,True,82,130.0
2022,jovem,2,1,TO,,12.0,alta_vs_media,media,alta,28,False,12,16.0
2022,jovem,2,2,AL,,0.0,alta_vs_media,media,alta,1,False,0,1.0
2022,jovem,2,2,AM,,1.0,alta_vs_media,media,alta,1,False,0,0.0
2022,jovem,2,2,AP,,1.0,alta_vs_media,media,alta,2,False,1,1.0
2022,jovem,2,2,BA,,28.0,alta_vs_media,media,alta,59,True,28,31.0
2022,jovem,2,2,CE,,4.0,alta_vs_media,media,alta,4,False,0,0.0
2022,jovem,2,2,DF,,4.0,alta_vs_media,media,alta,5,False,1,1.0
2022,jovem,2,2,ES,,3.0,alta_vs_media,media,alta,8,False,3,5.0
2022,jovem,2,2,GO,,4.0,alta_vs_media,media,alta,9,False,4,5.0
2022,jovem,2,2,MA,,11.0,alta_vs_media,media,alta,23,False,11,12.0
2022,jovem,2,2,MG,,23.0,alta_vs_media,media,alta,52,True,23,29.0
2022,jovem,2,2,MS,,2.0,alta_vs_media,media,alta,3,False,1,1.0
2022,jovem,2,2,MT,,2.0,alta_vs_media,media,alta,6,False,2,4.0
2022,jovem,2,2,PA,,13.0,alta_vs_media,media,alta,23,False,10,10.0
2022,jovem,2,2,PE,,12.0,alta_vs_media,media,alta,21,False,9,9.0
2022,jovem,2,2,PI,,5.0,alta_vs_media,media,alta,9,False,4,4.0
2022,jovem,2,2,PR,,6.0,alta_vs_media,media,alta,16,False,6,10.0
2022,jovem,2,2,RJ,,57.0,alta_vs_media,media,alta,99,True,42,42.0
2022,jovem,2,2,RN,,1.0,alta_vs_media,media,alta,4,False,1,3.0
2022,jovem,2,2,RO,,1.0,alta_vs_media,media,alta,3,False,1,2.0
2022,jovem,2,2,RR,,1.0,alta_vs_media,media,alta,1,False,0,0.0
2022,jovem,2,2,RS,,10.0,alta_vs_media,media,alta,14,False,4,4.0
2022,jovem,2,2,SC,,2.0,alta_vs_media,media,alta,10,False,2,8.0
2022,jovem,2,2,SE,,3.0,alta_vs_media,media,alta,8,False,3,5.0
2022,jovem,2,2,SP,,25.0,alta_vs_media,media,alta,67,True,25,42.0
2022,jovem,2,2,TO,,2.0,alta_vs_media,media,alta,5,False,2,3.0
2022,jovem,3,1,AL,,1.0,alta_vs_media,media,alta,2,False,1,1.0
2022,jovem,3,1,AM,,6.0,alta_vs_media,media,alta,13,False,6,7.0
2022,jovem,3,1,BA,,1.0,alta_vs_media,media,alta,1,False,0,0.0
2022,jovem,3,1,CE,,1.0,alta_vs_media,media,alta,1,False,0,0.0
2022,jovem,3,1,GO,,1.0,alta_vs_media,media,alta,1,False,0,0.0
2022,jovem,3,1,MA,,2.0,alta_vs_media,media,alta,4,False,2,2.0
2022,jovem,3,1,MS,,0.0,alta_vs_media,media,alta,1,False,0,1.0
2022,jovem,3,1,MT,,0.0,alta_vs_media,media,alta,3,False,0,3.0
2022,jovem,3,1,PA,,0.0,alta_vs_media,media,alta,1,False,0,1.0
2022,jovem,3,1,PR,,2.0,alta_vs_media,media,alta,3,False,1,1.0
2022,jovem,3,1,RJ,,1.0,alta_vs_media,media,alta,1,False,0,0.0
2022,jovem,3,1,RS,,0.0,alta_vs_media,media,alta,1,False,0,1.0
2022,jovem,3,1,SC,,0.0,alta_vs_media,media,alta,1,False,0,1.0
2022,jovem,3,1,SP,,6.0,alta_vs_media,media,alta,15,False,6,9.0
2022,jovem,3,1,TO,,1.0,alta_vs_media,media,alta,1,False,0,0.0
2022,jovem,3,2,AL,,2.0,alta_vs_media,media,alta,3,False,1,1.0
2022,jovem,3,2,BA,,0.0,alta_vs_media,media,alta,1,False,0,1.0
2022,jovem,3,2,GO,,1.0,alta_vs_media,media,alta,2,False,1,1.0
2022,jovem,3,2,MA,,0.0,alta_vs_media,media,alta,2,False,0,2.0
2022,jovem,3,2,MT,,0.0,alta_vs_media,media,alta,1,False,0,1.0
2022,jovem,3,2,PR,,1.0,alta_vs_media,media,alta,2,False,1,1.0
2022,jovem,3,2,RN,,1.0,alta_vs_media,media,alta,1,False,0,0.0
2022,jovem,3,2,SP,,1.0,alta_vs_media,media,alta,1,False,0,0.0
2022,jovem,4,0,PA,,1.0,alta_vs_media,media,alta,1,False,0,0.0
2022,jovem,4,1,AC,,23.0,alta_vs_media,media,alta,41,False,18,18.0
2022,jovem,4,1,AL,,212.0,alta_vs_media,media,alta,403,True,191,191.0
2022,jovem,4,1,AM,,253.0,alta_vs_media,media,alta,642,True,253,389.0
2022,jovem,4,1,AP,,84.0,alta_vs_media,media,alta,124,True,40,40.0
2022,jovem,4,1,BA,,1058.0,alta_vs_media,media,alta,1552,True,494,494.0
2022,jovem,4,1,CE,,574.0,alta_vs_media,media,alta,918,True,344,344.0
2022,jovem,4,1,DF,,55.0,alta_vs_media,media,alta,107,True,52,52.0
2022,jovem,4,1,ES,,98.0,alta_vs_media,media,alta,188,True,90,90.0
2022,jovem,4,1,GO,,201.0,alta_vs_media,media,alta,515,True,201,314.0
2022,jovem,4,1,MA,,394.0,alta_vs_media,media,alta,741,True,347,347.0
2022,jovem,4,1,MG,,326.0,alta_vs_media,media,alta,697,True,326,371.0
2022,jovem,4,1,MS,,47.0,alta_vs_media,media,alta,148,True,47,101.0
2022,jovem,4,1,MT,,128.0,alta_vs_media,media,alta,359,True,128,231.0
2022,jovem,4,1,PA,,631.0,alta_vs_media,media,alta,1002,True,371,371.0
2022,jovem,4,1,PB,,78.0,alta_vs_media,media,alta,110,True,32,32.0
2022,jovem,4,1,PE,,816.0,alta_vs_media,media,alta,1147,True,331,331.0
2022,jovem,4,1,PI,,152.0,alta_vs_media,media,alta,260,True,108,108.0
2022,jovem,4,1,PR,,183.0,alta_vs_media,media,alta,465,True,183,282.0
2022,jovem,4,1,RJ,,515.0,alta_vs_media,media,alta,828,True,313,313.0
2022,jovem,4,1,RN,,96.0,alta_vs_media,media,alta,119,True,23,23.0
2022,jovem,4,1,RO,,40.0,alta_vs_media,media,alta,130,True,40,90.0
2022,jovem,4,1,RR,,17.0,alta_vs_media,media,alta,65,False,17,48.0
2022,jovem,4,1,RS,,58.0,alta_vs_media,media,alta,85,True,27,27.0
2022,jovem,4,1,SC,,40.0,alta_vs_media,media,alta,78,True,38,38.0
2022,jovem,4,1,SE,,218.0,alta_vs_media,media,alta,356,True,138,138.0
2022,jovem,4,1,SP,,448.0,alta_vs_media,media,alta,1078,True,448,630.0
2022,jovem,4,1,TO,,85.0,alta_vs_media,media,alta,156,True,71,71.0
2022,jovem,4,2,AC,,3.0,alta_vs_media,media,alta,12,False,3,9.0
2022,jovem,4,2,AL,,37.0,alta_vs_media,media,alta,62,True,25,25.0
2022,jovem,4,2,AM,,39.0,alta_vs_media,media,alta,143,True,39,104.0
2022,jovem,4,2,AP,,17.0,alta_vs_media,media,alta,32,False,15,15.0
2022,jovem,4,2,BA,,125.0,alta_vs_media,media,alta,267,True,125,142.0
2022,jovem,4,2,CE,,122.0,alta_vs_media,media,alta,223,True,101,101.0
2022,jovem,4,2,DF,,14.0,alta_vs_media,media,alta,33,False,14,19.0
2022,jovem,4,2,ES,,24.0,alta_vs_media,media,alta,45,True,21,21.0
2022,jovem,4,2,GO,,38.0,alta_vs_media,media,alta,109,True,38,71.0
2022,jovem,4,2,MA,,107.0,alta_vs_media,media,alta,212,True,105,105.0
2022,jovem,4,2,MG,,88.0,alta_vs_media,media,alta,209,True,88,121.0
2022,jovem,4,2,MS,,27.0,alta_vs_media,media,alta,55,True,27,28.0
2022,jovem,4,2,MT,,28.0,alta_vs_media,media,alta,84,True,28,56.0
2022,jovem,4,2,PA,,157.0,alta_vs_media,media,alta,273,True,116,116.0
2022,jovem,4,2,PB,,19.0,alta_vs_media,media,alta,31,False,12,12.0
2022,jovem,4,2,PE,,140.0,alta_vs_media,media,alta,231,True,91,91.0
2022,jovem,4,2,PI,,55.0,alta_vs_media,media,alta,90,True,35,35.0
2022,jovem,4,2,PR,,49.0,alta_vs_media,media,alta,118,True,49,69.0
2022,jovem,4,2,RJ,,122.0,alta_vs_media,media,alta,231,True,109,109.0
2022,jovem,4,2,RN,,16.0,alta_vs_media,media,alta,26,False,10,10.0
2022,jovem,4,2,RO,,12.0,alta_vs_media,media,alta,38,False,12,26.0
2022,jovem,4,2,RR,,12.0,alta_vs_media,media,alta,32,False,12,20.0
2022,jovem,4,2,RS,,10.0,alta_vs_media,media,alta,22,False,10,12.0
2022,jovem,4,2,SC,,14.0,alta_vs_media,media,alta,25,False,11,11.0
2022,jovem,4,2,SE,,20.0,alta_vs_media,media,alta,58,True,20,38.0
2022,jovem,4,2,SP,,149.0,alta_vs_media,media,alta,378,True,149,229.0
2022,jovem,4,2,TO,,31.0,alta_vs_media,media,alta,52,True,21,21.0
2022,jovem,5,1,AC,,1.0,alta_vs_media,media,alta,2,False,1,1.0
2022,jovem,5,1,AL,,1.0,alta_vs_media,media,alta,1,False,0,0.0
2022,jovem,5,1,AM,,19.0,alta_vs_media,media,alta,41,False,19,22.0
2022,jovem,5,1,BA,,3.0,alta_vs_media,media,alta,3,False,0,0.0
2022,jovem,5,1,CE,,0.0,alta_vs_media,media,alta,2,False,0,2.0
2022,jovem,5,1,DF,,0.0,alta_vs_media,media,alta,1,False,0,1.0
2022,jovem,5,1,ES,,1.0,alta_vs_media,media,alta,1,False,0,0.0
2022,jovem,5,1,MA,,5.0,alta_vs_media,media,alta,5,False,0,0.0
2022,jovem,5,1,MG,,2.0,alta_vs_media,media,alta,2,False,0,0.0
2022,jovem,5,1,MS,,12.0,alta_vs_media,media,alta,21,False,9,9.0
2022,jovem,5,1,MT,,2.0,alta_vs_media,media,alta,4,False,2,2.0
2022,jovem,5,1,PA,,8.0,alta_vs_media,media,alta,9,False,1,1.0
2022,jovem,5,1,PE,,2.0,alta_vs_media,media,alta,3,False,1,1.0
2022,jovem,5,1,PR,,6.0,alta_vs_media,media,alta,10,False,4,4.0
2022,jovem,5,1,RO,,2.0,alta_vs_media,media,alta,4,False,2,2.0
2022,jovem,5,1,RR,,5.0,alta_vs_media,media,alta,17,False,5,12.0
2022,jovem,5,1,RS,,5.0,alta_vs_media,media,alta,7,False,2,2.0
2022,jovem,5,1,SC,,0.0,alta_vs_media,media,alta,1,False,0,1.0
2022,jovem,5,1,SE,,1.0,alta_vs_media,media,alta,1,False,0,0.0
2022,jovem,5,1,SP,,1.0,alta_vs_media,media,alta,1,False,0,0.0
2022,jovem,5,1,TO,,1.0,alta_vs_media,media,alta,2,False,1,1.0
2022,jovem,5,2,AL,,0.0,alta_vs_media,media,alta,2,False,0,2.0
2022,jovem,5,2,AM,,14.0,alta_vs_media,media,alta,18,False,4,4.0
2022,jovem,5,2,MA,,5.0,alta_vs_media,media,alta,5,False,0,0.0
2022,jovem,5,2,MS,,11.0,alta_vs_media,media,alta,19,False,8,8.0
2022,jovem,5,2,MT,,2.0,alta_vs_media,media,alta,4,False,2,2.0
2022,jovem,5,2,PA,,0.0,alta_vs_media,media,alta,1,False,0,1.0
2022,jovem,5,2,PE,,1.0,alta_vs_media,media,alta,1,False,0,0.0
2022,jovem,5,2,PR,,2.0,alta_vs_media,media,alta,3,False,1,1.0
2022,jovem,5,2,RJ,,0.0,alta_vs_media,media,alta,1,False,0,1.0
2022,jovem,5,2,RO,,1.0,alta_vs_media,media,alta,1,False,0,0.0
2022,jovem,5,2,RR,,1.0,alta_vs_media,media,alta,10,False,1,9.0
2022,jovem,5,2,RS,,2.0,alta_vs_media,media,alta,2,False,0,0.0
2022,jovem,5,2,SC,,3.0,alta_vs_media,media,alta,4,False,1,1.0
2022,jovem,5,2,SP,,1.0,alta_vs_media,media,alta,3,False,1,2.0
2022,jovem,5,2,TO,,0.0,alta_vs_media,media,alta,1,False,0,1.0
2022,meia-idade,1,0,DF,,1.0,alta_vs_media,media,alta,1,False,0,0.0
2022,meia-idade,1,1,AC,,7.0,alta_vs_media,media,alta,9,False,2,2.0
2022,meia-idade,1,1,AL,,67.0,alta_vs_media,media,alta,105,True,38,38.0
2022,meia-idade,1,1,AM,,67.0,alta_vs_media,media,alta,127,True,60,60.0
2022,meia-idade,1,1,AP,,16.0,alta_vs_media,media,alta,23,False,7,7.0
2022,meia-idade,1,1,BA,,370.0,alta_vs_media,media,alta,559,True,189,189.0
2022,meia-idade,1,1,CE,,372.0,alta_vs_media,media,alta,554,True,182,182.0
2022,meia-idade,1,1,DF,,197.0,alta_vs_media,media,alta,289,True,92,92.0
2022,meia-idade,1,1,ES,,227.0,alta_vs_media,media,alta,358,True,131,131.0
2022,meia-idade,1,1,GO,,573.0,alta_vs_media,media,alta,977,True,404,404.0
2022,meia-idade,1,1,MA,,165.0,alta_vs_media,media,alta,289,True,124,124.0
2022,meia-idade,1,1,MG,,2059.0,alta_vs_media,media,alta,3167,True,1108,1108.0
2022,meia-idade,1,1,MS,,304.0,alta_vs_media,media,alta,534,True,230,230.0
2022,meia-idade,1,1,MT,,274.0,alta_vs_media,media,alta,444,True,170,170.0
2022,meia-idade,1,1,PA,,207.0,alta_vs_media,media,alta,303,True,96,96.0
2022,meia-idade,1,1,PB,,72.0,alta_vs_media,media,alta,109,True,37,37.0
2022,meia-idade,1,1,PE,,649.0,alta_vs_media,media,alta,933,True,284,284.0
2022,meia-idade,1,1,PI,,110.0,alta_vs_media,media,alta,145,True,35,35.0
2022,meia-idade,1,1,PR,,2622.0,alta_vs_media,media,alta,4333,True,1711,1711.0
2022,meia-idade,1,1,RJ,,1579.0,alta_vs_media,media,alta,2498,True,919,919.0
2022,meia-idade,1,1,RN,,168.0,alta_vs_media,media,alta,243,True,75,75.0
2022,meia-idade,1,1,RO,,113.0,alta_vs_media,media,alta,183,True,70,70.0
2022,meia-idade,1,1,RR,,16.0,alta_vs_media,media,alta,42,False,16,26.0
2022,meia-idade,1,1,RS,,2064.0,alta_vs_media,media,alta,3359,True,1295,1295.0
2022,meia-idade,1,1,SC,,1834.0,alta_vs_media,media,alta,2901,True,1067,1067.0
2022,meia-idade,1,1,SE,,87.0,alta_vs_media,media,alta,149,True,62,62.0
2022,meia-idade,1,1,SP,,6852.0,alta_vs_media,media,alta,12455,True,5603,5603.0
2022,meia-idade,1,1,TO,,84.0,alta_vs_media,media,alta,119,True,35,35.0
2022,meia-idade,1,2,AC,,5.0,alta_vs_media,media,alta,11,False,5,6.0
2022,meia-idade,1,2,AL,,64.0,alta_vs_media,media,alta,102,True,38,38.0
2022,meia-idade,1,2,AM,,72.0,alta_vs_media,media,alta,145,True,72,73.0
2022,meia-idade,1,2,AP,,11.0,alta_vs_media,media,alta,22,False,11,11.0
2022,meia-idade,1,2,BA,,329.0,alta_vs_media,media,alta,476,True,147,147.0
2022,meia-idade,1,2,CE,,364.0,alta_vs_media,media,alta,515,True,151,151.0
2022,meia-idade,1,2,DF,,165.0,alta_vs_media,media,alta,251,True,86,86.0
2022,meia-idade,1,2,ES,,133.0,alta_vs_media,media,alta,206,True,73,73.0
2022,meia-idade,1,2,GO,,363.0,alta_vs_media,media,alta,663,True,300,300.0
2022,meia-idade,1,2,MA,,136.0,alta_vs_media,media,alta,235,True,99,99.0
2022,meia-idade,1,2,MG,,1368.0,alta_vs_media,media,alta,2159,True,791,791.0
2022,meia-idade,1,2,MS,,189.0,alta_vs_media,media,alta,333,True,144,144.0
2022,meia-idade,1,2,MT,,159.0,alta_vs_media,media,alta,258,True,99,99.0
2022,meia-idade,1,2,PA,,158.0,alta_vs_media,media,alta,243,True,85,85.0
2022,meia-idade,1,2,PB,,81.0,alta_vs_media,media,alta,111,True,30,30.0
2022,meia-idade,1,2,PE,,520.0,alta_vs_media,media,alta,763,True,243,243.0
2022,meia-idade,1,2,PI,,87.0,alta_vs_media,media,alta,125,True,38,38.0
2022,meia-idade,1,2,PR,,1586.0,alta_vs_media,media,alta,2520,True,934,934.0
2022,meia-idade,1,2,RJ,,1449.0,alta_vs_media,media,alta,2333,True,884,884.0
2022,meia-idade,1,2,RN,,137.0,alta_vs_media,media,alta,219,True,82,82.0
2022,meia-idade,1,2,RO,,69.0,alta_vs_media,media,alta,106,True,37,37.0
2022,meia-idade,1,2,RR,,14.0,alta_vs_media,media,alta,25,False,11,11.0
2022,meia-idade,1,2,RS,,1373.0,alta_vs_media,media,alta,2219,True,846,846.0
2022,meia-idade,1,2,SC,,1201.0,alta_vs_media,media,alta,1848,True,647,647.0
2022,meia-idade,1,2,SE,,94.0,alta_vs_media,media,alta,148,True,54,54.0
2022,meia-idade,1,2,SP,,4649.0,alta_vs_media,media,alta,8046,True,3397,3397.0
2022,meia-idade,1,2,TO,,51.0,alta_vs_media,media,alta,75,True,24,24.0
2022,meia-idade,2,1,AC,,5.0,alta_vs_media,media,alta,5,False,0,0.0
2022,meia-idade,2,1,AL,,33.0,alta_vs_media,media,alta,49,False,16,16.0
2022,meia-idade,2,1,AM,,27.0,alta_vs_media,media,alta,46,False,19,19.0
2022,meia-idade,2,1,AP,,19.0,alta_vs_media,media,alta,24,False,5,5.0
2022,meia-idade,2,1,BA,,578.0,alta_vs_media,media,alta,759,True,181,181.0
2022,meia-idade,2,1,CE,,107.0,alta_vs_media,media,alta,140,True,33,33.0
2022,meia-idade,2,1,DF,,77.0,alta_vs_media,media,alta,106,True,29,29.0
2022,meia-idade,2,1,ES,,116.0,alta_vs_media,media,alta,156,True,40,40.0
2022,meia-idade,2,1,GO,,166.0,alta_vs_media,media,alta,249,True,83,83.0
2022,meia-idade,2,1,MA,,206.0,alta_vs_media,media,alta,257,True,51,51.0
2022,meia-idade,2,1,MG,,857.0,alta_vs_media,media,alta,1129,True,272,272.0
2022,meia-idade,2,1,MS,,46.0,alta_vs_media,media,alta,71,True,25,25.0
2022,meia-idade,2,1,MT,,80.0,alta_vs_media,media,alta,130,True,50,50.0
2022,meia-idade,2,1,PA,,133.0,alta_vs_media,media,alta,172,True,39,39.0
2022,meia-idade,2,1,PB,,22.0,alta_vs_media,media,alta,25,False,3,3.0
2022,meia-idade,2,1,PE,,275.0,alta_vs_media,media,alta,350,True,75,75.0
2022,meia-idade,2,1,PI,,94.0,alta_vs_media,media,alta,111,False,17,17.0
2022,meia-idade,2,1,PR,,208.0,alta_vs_media,media,alta,317,True,109,109.0
2022,meia-idade,2,1,RJ,,947.0,alta_vs_media,media,alta,1326,True,379,379.0
2022,meia-idade,2,1,RN,,38.0,alta_vs_media,media,alta,48,False,10,10.0
2022,meia-idade,2,1,RO,,27.0,alta_vs_media,media,alta,41,False,14,14.0
2022,meia-idade,2,1,RR,,7.0,alta_vs_media,media,alta,12,False,5,5.0
2022,meia-idade,2,1,RS,,252.0,alta_vs_media,media,alta,369,True,117,117.0
2022,meia-idade,2,1,SC,,90.0,alta_vs_media,media,alta,134,True,44,44.0
2022,meia-idade,2,1,SE,,77.0,alta_vs_media,media,alta,104,True,27,27.0
2022,meia-idade,2,1,SP,,1238.0,alta_vs_media,media,alta,1965,True,727,727.0
2022,meia-idade,2,1,TO,,45.0,alta_vs_media,media,alta,55,False,10,10.0
2022,meia-idade,2,2,AC,,1.0,alta_vs_media,media,alta,2,False,1,1.0
2022,meia-idade,2,2,AL,,23.0,alta_vs_media,media,alta,30,False,7,7.0
2022,meia-idade,2,2,AM,,18.0,alta_vs_media,media,alta,26,False,8,8.0
2022,meia-idade,2,2,AP,,10.0,alta_vs_media,media,alta,12,False,2,2.0
2022,meia-idade,2,2,BA,,345.0,alta_vs_media,media,alta,498,True,153,153.0
2022,meia-idade,2,2,CE,,67.0,alta_vs_media,media,alta,83,False,16,16.0
2022,meia-idade,2,2,DF,,62.0,alta_vs_media,media,alta,84,True,22,22.0
2022,meia-idade,2,2,ES,,65.0,alta_vs_media,media,alta,95,True,30,30.0
2022,meia-idade,2,2,GO,,81.0,alta_vs_media,media,alta,127,True,46,46.0
2022,meia-idade,2,2,MA,,108.0,alta_vs_media,media,alta,146,True,38,38.0
2022,meia-idade,2,2,MG,,535.0,alta_vs_media,media,alta,718,True,183,183.0
2022,meia-idade,2,2,MS,,23.0,alta_vs_media,media,alta,34,False,11,11.0
2022,meia-idade,2,2,MT,,57.0,alta_vs_media,media,alta,79,True,22,22.0
2022,meia-idade,2,2,PA,,71.0,alta_vs_media,media,alta,107,True,36,36.0
2022,meia-idade,2,2,PB,,16.0,alta_vs_media,media,alta,21,False,5,5.0
2022,meia-idade,2,2,PE,,143.0,alta_vs_media,media,alta,187,True,44,44.0
2022,meia-idade,2,2,PI,,50.0,alta_vs_media,media,alta,63,False,13,13.0
2022,meia-idade,2,2,PR,,128.0,alta_vs_media,media,alta,192,True,64,64.0
2022,meia-idade,2,2,RJ,,777.0,alta_vs_media,media,alta,1147,True,370,370.0
2022,meia-idade,2,2,RN,,34.0,alta_vs_media,media,alta,45,False,11,11.0
2022,meia-idade,2,2,RO,,19.0,alta_vs_media,media,alta,24,False,5,5.0
2022,meia-idade,2,2,RR,,2.0,alta_vs_media,media,alta,6,False,2,4.0
2022,meia-idade,2,2,RS,,158.0,alta_vs_media,media,alta,231,True,73,73.0
2022,meia-idade,2,2,SC,,48.0,alta_vs_media,media,alta,83,True,35,35.0
2022,meia-idade,2,2,SE,,39.0,alta_vs_media,media,alta,48,False,9,9.0
2022,meia-idade,2,2,SP,,676.0,alta_vs_media,media,alta,1150,True,474,474.0
2022,meia-idade,2,2,TO,,29.0,alta_vs_media,media,alta,34,False,5,5.0
2022,meia-idade,3,1,AL,,1.0,alta_vs_media,media,alta,1,False,0,0.0
2022,meia-idade,3,1,AM,,5.0,alta_vs_media,media,alta,8,False,3,3.0
2022,meia-idade,3,1,AP,,0.0,alta_vs_media,media,alta,1,False,0,1.0
2022,meia-idade,3,1,BA,,11.0,alta_vs_media,media,alta,12,False,1,1.0
2022,meia-idade,3,1,CE,,9.0,alta_vs_media,media,alta,10,False,1,1.0
2022,meia-idade,3,1,DF,,3.0,alta_vs_media,media,alta,4,False,1,1.0
2022,meia-idade,3,1,ES,,1.0,alta_vs_media,media,alta,1,False,0,0.0
2022,meia-idade,3,1,GO,,6.0,alta_vs_media,media,alta,8,False,2,2.0
2022,meia-idade,3,1,MA,,3.0,alta_vs_media,media,alta,3,False,0,0.0
2022,meia-idade,3,1,MG,,15.0,alta_vs_media,media,alta,20,False,5,5.0
2022,meia-idade,3,1,MS,,7.0,alta_vs_media,media,alta,14,False,7,7.0
2022,meia-idade,3,1,MT,,9.0,alta_vs_media,media,alta,9,False,0,0.0
2022,meia-idade,3,1,PA,,3.0,alta_vs_media,media,alta,3,False,0,0.0
2022,meia-idade,3,1,PB,,1.0,alta_vs_media,media,alta,2,False,1,1.0
2022,meia-idade,3,1,PE,,4.0,alta_vs_media,media,alta,5,False,1,1.0
2022,meia-idade,3,1,PI,,2.0,alta_vs_media,media,alta,3,False,1,1.0
2022,meia-idade,3,1,PR,,13.0,alta_vs_media,media,alta,25,False,12,12.0
2022,meia-idade,3,1,RJ,,5.0,alta_vs_media,media,alta,7,False,2,2.0
2022,meia-idade,3,1,RN,,2.0,alta_vs_media,media,alta,3,False,1,1.0
2022,meia-idade,3,1,RO,,2.0,alta_vs_media,media,alta,3,False,1,1.0
2022,meia-idade,3,1,RS,,2.0,alta_vs_media,media,alta,3,False,1,1.0
2022,meia-idade,3,1,SC,,0.0,alta_vs_media,media,alta,1,False,0,1.0
2022,meia-idade,3,1,SP,,78.0,alta_vs_media,media,alta,142,True,64,64.0
2022,meia-idade,3,1,TO,,4.0,alta_vs_media,media,alta,4,False,0,0.0
2022,meia-idade,3,2,AL,,0.0,alta_vs_media,media,alta,1,False,0,1.0
2022,meia-idade,3,2,AM,,2.0,alta_vs_media,media,alta,3,False,1,1.0
2022,meia-idade,3,2,AP,,2.0,alta_vs_media,media,alta,2,False,0,0.0
2022,meia-idade,3,2,BA,,3.0,alta_vs_media,media,alta,5,False,2,2.0
2022,meia-idade,3,2,CE,,2.0,alta_vs_media,media,alta,4,False,2,2.0
2022,meia-idade,3,2,DF,,4.0,alta_vs_media,media,alta,5,False,1,1.0
2022,meia-idade,3,2,GO,,0.0,alta_vs_media,media,alta,4,False,0,4.0
2022,meia-idade,3,2,MA,,3.0,alta_vs_media,media,alta,5,False,2,2.0
2022,meia-idade,3,2,MG,,8.0,alta_vs_media,media,alta,10,False,2,2.0
2022,meia-idade,3,2,MS,,2.0,alta_vs_media,media,alta,3,False,1,1.0
2022,meia-idade,3,2,MT,,3.0,alta_vs_media,media,alta,6,False,3,3.0
2022,meia-idade,3,2,PA,,1.0,alta_vs_media,media,alta,2,False,1,1.0
2022,meia-idade,3,2,PB,,2.0,alta_vs_media,media,alta,3,False,1,1.0
2022,meia-idade,3,2,PE,,2.0,alta_vs_media,media,alta,2,False,0,0.0
2022,meia-idade,3,2,PI,,2.0,alta_vs_media,media,alta,2,False,0,0.0
2022,meia-idade,3,2,PR,,15.0,alta_vs_media,media,alta,22,False,7,7.0
2022,meia-idade,3,2,RJ,,5.0,alta_vs_media,media,alta,6,False,1,1.0
2022,meia-idade,3,2,RN,,2.0,alta_vs_media,media,alta,2,False,0,0.0
2022,meia-idade,3,2,RO,,0.0,alta_vs_media,media,alta,1,False,0,1.0
2022,meia-idade,3,2,RS,,1.0,alta_vs_media,media,alta,4,False,1,3.0
2022,meia-idade,3,2,SC,,2.0,alta_vs_media,media,alta,4,False,2,2.0
2022,meia-idade,3,2,SP,,65.0,alta_vs_media,media,alta,88,True,23,23.0
2022,meia-idade,3,2,TO,,3.0,alta_vs_media,media,alta,5,False,2,2.0
2022,meia-idade,4,0,DF,,4.0,alta_vs_media,media,alta,4,False,0,0.0
2022,meia-idade,4,0,ES,,2.0,alta_vs_media,media,alta,2,False,0,0.0
2022,meia-idade,4,0,PA,,1.0,alta_vs_media,media,alta,1,False,0,0.0
2022,meia-idade,4,1,AC,,40.0,alta_vs_media,media,alta,51,False,11,11.0
2022,meia-idade,4,1,AL,,447.0,alta_vs_media,media,alta,616,True,169,169.0
2022,meia-idade,4,1,AM,,566.0,alta_vs_media,media,alta,989,True,423,423.0
2022,meia-idade,4,1,AP,,101.0,alta_vs_media,media,alta,147,True,46,46.0
2022,meia-idade,4,1,BA,,1900.0,alta_vs_media,media,alta,2588,True,688,688.0
2022,meia-idade,4,1,CE,,2041.0,alta_vs_media,media,alta,2714,True,673,673.0
2022,meia-idade,4,1,DF,,380.0,alta_vs_media,media,alta,536,True,156,156.0
2022,meia-idade,4,1,ES,,377.0,alta_vs_media,media,alta,555,True,178,178.0
2022,meia-idade,4,1,GO,,1071.0,alta_vs_media,media,alta,1686,True,615,615.0
2022,meia-idade,4,1,MA,,1076.0,alta_vs_media,media,alta,1548,True,472,472.0
2022,meia-idade,4,1,MG,,2602.0,alta_vs_media,media,alta,3525,True,923,923.0
2022,meia-idade,4,1,MS,,427.0,alta_vs_media,media,alta,719,True,292,292.0
2022,meia-idade,4,1,MT,,564.0,alta_vs_media,media,alta,904,True,340,340.0
2022,meia-idade,4,1,PA,,1319.0,alta_vs_media,media,alta,1802,True,483,483.0
2022,meia-idade,4,1,PB,,309.0,alta_vs_media,media,alta,392,True,83,83.0
2022,meia-idade,4,1,PE,,2242.0,alta_vs_media,media,alta,2840,True,598,598.0
2022,meia-idade,4,1,PI,,588.0,alta_vs_media,media,alta,730,True,142,142.0
2022,meia-idade,4,1,PR,,1012.0,alta_vs_media,media,alta,1470,True,458,458.0
2022,meia-idade,4,1,RJ,,1800.0,alta_vs_media,media,alta,2488,True,688,688.0
2022,meia-idade,4,1,RN,,339.0,alta_vs_media,media,alta,454,True,115,115.0
2022,meia-idade,4,1,RO,,252.0,alta_vs_media,media,alta,379,True,127,127.0
2022,meia-idade,4,1,RR,,84.0,alta_vs_media,media,alta,173,True,84,89.0
2022,meia-idade,4,1,RS,,238.0,alta_vs_media,media,alta,361,True,123,123.0
2022,meia-idade,4,1,SC,,184.0,alta_vs_media,media,alta,254,True,70,70.0
2022,meia-idade,4,1,SE,,477.0,alta_vs_media,media,alta,670,True,193,193.0
2022,meia-idade,4,1,SP,,3968.0,alta_vs_media,media,alta,6222,True,2254,2254.0
2022,meia-idade,4,1,TO,,290.0,alta_vs_media,media,alta,376,True,86,86.0
2022,meia-idade,4,2,AC,,26.0,alta_vs_media,media,alta,42,False,16,16.0
2022,meia-idade,4,2,AL,,209.0,alta_vs_media,media,alta,309,True,100,100.0
2022,meia-idade,4,2,AM,,311.0,alta_vs_media,media,alta,595,True,284,284.0
2022,meia-idade,4,2,AP,,57.0,alta_vs_media,media,alta,77,True,20,20.0
2022,meia-idade,4,2,BA,,1133.0,alta_vs_media,media,alta,1660,True,527,527.0
2022,meia-idade,4,2,CE,,1148.0,alta_vs_media,media,alta,1581,True,433,433.0
2022,meia-idade,4,2,DF,,221.0,alta_vs_media,media,alta,310,True,89,89.0
2022,meia-idade,4,2,ES,,206.0,alta_vs_media,media,alta,318,True,112,112.0
2022,meia-idade,4,2,GO,,514.0,alta_vs_media,media,alta,918,True,404,404.0
2022,meia-idade,4,2,MA,,669.0,alta_vs_media,media,alta,983,True,314,314.0
2022,meia-idade,4,2,MG,,1479.0,alta_vs_media,media,alta,2001,True,522,522.0
2022,meia-idade,4,2,MS,,243.0,alta_vs_media,media,alta,387,True,144,144.0
2022,meia-idade,4,2,MT,,279.0,alta_vs_media,media,alta,455,True,176,176.0
2022,meia-idade,4,2,PA,,775.0,alta_vs_media,media,alta,1194,True,419,419.0
2022,meia-idade,4,2,PB,,200.0,alta_vs_media,media,alta,272,True,72,72.0
2022,meia-idade,4,2,PE,,1178.0,alta_vs_media,media,alta,1641,True,463,463.0
2022,meia-idade,4,2,PI,,354.0,alta_vs_media,media,alta,447,True,93,93.0
2022,meia-idade,4,2,PR,,536.0,alta_vs_media,media,alta,773,True,237,237.0
2022,meia-idade,4,2,RJ,,1406.0,alta_vs_media,media,alta,2112,True,706,706.0
2022,meia-idade,4,2,RN,,225.0,alta_vs_media,media,alta,311,True,86,86.0
2022,meia-idade,4,2,RO,,135.0,alta_vs_media,media,alta,214,True,79,79.0
2022,meia-idade,4,2,RR,,36.0,alta_vs_media,media,alta,85,True,36,49.0
2022,meia-idade,4,2,RS,,161.0,alta_vs_media,media,alta,222,True,61,61.0
2022,meia-idade,4,2,SC,,104.0,alta_vs_media,media,alta,149,True,45,45.0
2022,meia-idade,4,2,SE,,218.0,alta_vs_media,media,alta,343,True,125,125.0
2022,meia-idade,4,2,SP,,2241.0,alta_vs_media,media,alta,3685,True,1444,1444.0
2022,meia-idade,4,2,TO,,177.0,alta_vs_media,media,alta,227,True,50,50.0
2022,meia-idade,5,1,AL,,3.0,alta_vs_media,media,alta,3,False,0,0.0
2022,meia-idade,5,1,AM,,23.0,alta_vs_media,media,alta,29,False,6,6.0
2022,meia-idade,5,1,BA,,3.0,alta_vs_media,media,alta,4,False,1,1.0
2022,meia-idade,5,1,CE,,1.0,alta_vs_media,media,alta,4,False,1,3.0
2022,meia-idade,5,1,GO,,1.0,alta_vs_media,media,alta,1,False,0,0.0
2022,meia-idade,5,1,MA,,9.0,alta_vs_media,media,alta,11,False,2,2.0
2022,meia-idade,5,1,MS,,14.0,alta_vs_media,media,alta,19,False,5,5.0
2022,meia-idade,5,1,MT,,2.0,alta_vs_media,media,alta,3,False,1,1.0
2022,meia-idade,5,1,PA,,7.0,alta_vs_media,media,alta,8,False,1,1.0
2022,meia-idade,5,1,PB,,2.0,alta_vs_media,media,alta,3,False,1,1.0
2022,meia-idade,5,1,PE,,10.0,alta_vs_media,media,alta,13,False,3,3.0
2022,meia-idade,5,1,PI,,2.0,alta_vs_media,media,alta,2,False,0,0.0
2022,meia-idade,5,1,PR,,7.0,alta_vs_media,media,alta,11,False,4,4.0
2022,meia-idade,5,1,RJ,,4.0,alta_vs_media,media,alta,4,False,0,0.0
2022,meia-idade,5,1,RN,,1.0,alta_vs_media,media,alta,2,False,1,1.0
2022,meia-idade,5,1,RO,,1.0,alta_vs_media,media,alta,1,False,0,0.0
2022,meia-idade,5,1,RR,,6.0,alta_vs_media,media,alta,12,False,6,6.0
2022,meia-idade,5,1,RS,,5.0,alta_vs_media,media,alta,6,False,1,1.0
2022,meia-idade,5,1,SC,,2.0,alta_vs_media,media,alta,3,False,1,1.0
2022,meia-idade,5,1,SP,,7.0,alta_vs_media,media,alta,10,False,3,3.0
2022,meia-idade,5,1,TO,,2.0,alta_vs_media,media,alta,5,False,2,3.0
2022,meia-idade,5,2,AL,,3.0,alta_vs_media,media,alta,3,False,0,0.0
2022,meia-idade,5,2,AM,,10.0,alta_vs_media,media,alta,17,False,7,7.0
2022,meia-idade,5,2,BA,,8.0,alta_vs_media,media,alta,9,False,1,1.0
2022,meia-idade,5,2,CE,,3.0,alta_vs_media,media,alta,4,False,1,1.0
2022,meia-idade,5,2,MA,,3.0,alta_vs_media,media,alta,5,False,2,2.0
2022,meia-idade,5,2,MG,,3.0,alta_vs_media,media,alta,5,False,2,2.0
2022,meia-idade,5,2,MS,,14.0,alta_vs_media,media,alta,14,False,0,0.0
2022,meia-idade,5,2,MT,,4.0,alta_vs_media,media,alta,5,False,1,1.0
2022,meia-idade,5,2,PA,,2.0,alta_vs_media,media,alta,4,False,2,2.0
2022,meia-idade,5,2,PE,,12.0,alta_vs_media,media,alta,13,False,1,1.0
2022,meia-idade,5,2,PI,,0.0,alta_vs_media,media,alta,1,False,0,1.0
2022,meia-idade,5,2,RJ,,3.0,alta_vs_media,media,alta,4,False,1,1.0
2022,meia-idade,5,2,RN,,1.0,alta_vs_media,media,alta,1,False,0,0.0
2022,meia-idade,5,2,RR,,14.0,alta_vs_media,media,alta,18,False,4,4.0
2022,meia-idade,5,2,RS,,4.0,alta_vs_media,media,alta,4,False,0,0.0
2022,meia-idade,5,2,SC,,4.0,alta_vs_media,media,alta,4,False,0,0.0
2022,meia-idade,5,2,SE,,0.0,alta_vs_media,media,alta,1,False,0,1.0
2022,meia-idade,5,2,SP,,5.0,alta_vs_media,media,alta,6,False,1,1.0
