ano,idade_grupo,raca_cor,sexo,sigla_uf,escolaridade_grupo,n
2012,adulto,1,1,AC,baixa,2
2012,adulto,1,1,AC,media,3
2012,adulto,1,1,AC,alta,3
2012,adulto,1,1,AL,baixa,31
2012,adulto,1,1,AL,media,37
2012,adulto,1,1,AL,alta,8
2012,adulto,1,1,AM,baixa,8
2012,adulto,1,1,AM,media,71
2012,adulto,1,1,AM,alta,44
2012,adulto,1,1,AP,baixa,1
2012,adulto,1,1,AP,media,2
2012,adulto,1,1,AP,alta,5
2012,adulto,1,1,BA,baixa,35
2012,adulto,1,1,BA,media,175
2012,adulto,1,1,BA,alta,60
2012,adulto,1,1,CE,baixa,40
2012,adulto,1,1,CE,media,231
2012,adulto,1,1,CE,alta,71
2012,adulto,1,1,DF,baixa,8
2012,adulto,1,1,DF,media,104
2012,adulto,1,1,DF,alta,50
2012,adulto,1,1,ES,baixa,45
2012,adulto,1,1,ES,media,126
2012,adulto,1,1,ES,alta,49
2012,adulto,1,1,GO,baixa,36
2012,adulto,1,1,GO,media,306
2012,adulto,1,1,GO,alta,143
2012,adulto,1,1,MA,baixa,28
2012,adulto,1,1,MA,media,176
2012,adulto,1,1,MA,alta,98
2012,adulto,1,1,MG,baixa,135
2012,adulto,1,1,MG,media,898
2012,adulto,1,1,MG,alta,421
2012,adulto,1,1,MS,baixa,19
2012,adulto,1,1,MS,media,162
2012,adulto,1,1,MS,alta,121
2012,adulto,1,1,MT,baixa,14
2012,adulto,1,1,MT,media,226
2012,adulto,1,1,MT,alta,98
2012,adulto,1,1,PA,baixa,17
2012,adulto,1,1,PA,media,158
2012,adulto,1,1,PA,alta,67
2012,adulto,1,1,PB,baixa,16
2012,adulto,1,1,PB,media,56
2012,adulto,1,1,PB,alta,17
2012,adulto,1,1,PE,baixa,76
2012,adulto,1,1,PE,media,292
2012,adulto,1,1,PE,alta,98
2012,adulto,1,1,PI,baixa,21
2012,adulto,1,1,PI,media,89
2012,adulto,1,1,PI,alta,39
2012,adulto,1,1,PR,baixa,128
2012,adulto,1,1,PR,media,2260
2012,adulto,1,1,PR,alta,1106
2012,adulto,1,1,RJ,baixa,93
2012,adulto,1,1,RJ,media,944
2012,adulto,1,1,RJ,alta,448
2012,adulto,1,1,RN,baixa,45
2012,adulto,1,1,RN,media,85
2012,adulto,1,1,RN,alta,29
2012,adulto,1,1,RO,baixa,4
2012,adulto,1,1,RO,media,43
2012,adulto,1,1,RO,alta,22
2012,adulto,1,1,RR,baixa,1
2012,adulto,1,1,RR,media,10
2012,adulto,1,1,RR,alta,7
2012,adulto,1,1,RS,baixa,163
2012,adulto,1,1,RS,media,1255
2012,adulto,1,1,RS,alta,505
2012,adulto,1,1,SC,baixa,48
2012,adulto,1,1,SC,media,887
2012,adulto,1,1,SC,alta,563
2012,adulto,1,1,SE,baixa,13
2012,adulto,1,1,SE,media,67
2012,adulto,1,1,SE,alta,39
2012,adulto,1,1,SP,baixa,662
2012,adulto,1,1,SP,media,3240
2012,adulto,1,1,SP,alta,2014
2012,adulto,1,1,TO,baixa,7
2012,adulto,1,1,TO,media,34
2012,adulto,1,1,TO,alta,30
2012,adulto,1,2,AC,media,10
2012,adulto,1,2,AL,baixa,11
2012,adulto,1,2,AL,media,19
2012,adulto,1,2,AL,alta,5
2012,adulto,1,2,AM,baixa,4
2012,adulto,1,2,AM,media,39
2012,adulto,1,2,AM,alta,51
2012,adulto,1,2,AP,media,10
2012,adulto,1,2,AP,alta,4
2012,adulto,1,2,BA,baixa,26
2012,adulto,1,2,BA,media,107
2012,adulto,1,2,BA,alta,50
2012,adulto,1,2,CE,baixa,16
2012,adulto,1,2,CE,media,123
2012,adulto,1,2,CE,alta,62
2012,adulto,1,2,DF,baixa,6
2012,adulto,1,2,DF,media,81
2012,adulto,1,2,DF,alta,39
2012,adulto,1,2,ES,baixa,11
2012,adulto,1,2,ES,media,59
2012,adulto,1,2,ES,alta,39
2012,adulto,1,2,GO,baixa,27
2012,adulto,1,2,GO,media,151
2012,adulto,1,2,GO,alta,86
2012,adulto,1,2,MA,baixa,10
2012,adulto,1,2,MA,media,80
2012,adulto,1,2,MA,alta,58
2012,adulto,1,2,MG,baixa,69
2012,adulto,1,2,MG,media,452
2012,adulto,1,2,MG,alta,226
2012,adulto,1,2,MS,baixa,17
2012,adulto,1,2,MS,media,102
2012,adulto,1,2,MS,alta,71
2012,adulto,1,2,MT,baixa,8
2012,adulto,1,2,MT,media,101
2012,adulto,1,2,MT,alta,49
2012,adulto,1,2,PA,baixa,8
2012,adulto,1,2,PA,media,102
2012,adulto,1,2,PA,alta,52
2012,adulto,1,2,PB,baixa,4
2012,adulto,1,2,PB,media,41
2012,adulto,1,2,PB,alta,14
2012,adulto,1,2,PE,baixa,36
2012,adulto,1,2,PE,media,191
2012,adulto,1,2,PE,alta,85
2012,adulto,1,2,PI,baixa,7
2012,adulto,1,2,PI,media,54
2012,adulto,1,2,PI,alta,24
2012,adulto,1,2,PR,baixa,71
2012,adulto,1,2,PR,media,841
2012,adulto,1,2,PR,alta,411
2012,adulto,1,2,RJ,baixa,47
2012,adulto,1,2,RJ,media,668
2012,adulto,1,2,RJ,alta,311
2012,adulto,1,2,RN,baixa,16
2012,adulto,1,2,RN,media,52
2012,adulto,1,2,RN,alta,28
2012,adulto,1,2,RO,baixa,2
2012,adulto,1,2,RO,media,35
2012,adulto,1,2,RO,alta,12
2012,adulto,1,2,RR,media,8
2012,adulto,1,2,RR,alta,3
2012,adulto,1,2,RS,baixa,79
2012,adulto,1,2,RS,media,606
2012,adulto,1,2,RS,alta,269
2012,adulto,1,2,SC,baixa,33
2012,adulto,1,2,SC,media,466
2012,adulto,1,2,SC,alta,289
2012,adulto,1,2,SE,baixa,5
2012,adulto,1,2,SE,media,43
2012,adulto,1,2,SE,alta,19
2012,adulto,1,2,SP,baixa,202
2012,adulto,1,2,SP,media,1660
2012,adulto,1,2,SP,alta,1051
2012,adulto,1,2,TO,baixa,3
2012,adulto,1,2,TO,media,25
2012,adulto,1,2,TO,alta,13
2012,adulto,2,1,AC,baixa,3
2012,adulto,2,1,AC,media,3
2012,adulto,2,1,AL,baixa,13
2012,adulto,2,1,AL,media,13
2012,adulto,2,1,AL,alta,1
2012,adulto,2,1,AM,baixa,2
2012,adulto,2,1,AM,media,15
2012,adulto,2,1,AM,alta,10
2012,adulto,2,1,AP,media,3
2012,adulto,2,1,BA,baixa,97
2012,adulto,2,1,BA,media,253
2012,adulto,2,1,BA,alta,40
2012,adulto,2,1,CE,baixa,17
2012,adulto,2,1,CE,media,56
2012,adulto,2,1,CE,alta,7
2012,adulto,2,1,DF,baixa,4
2012,adulto,2,1,DF,media,42
2012,adulto,2,1,DF,alta,10
2012,adulto,2,1,ES,baixa,13
2012,adulto,2,1,ES,media,59
2012,adulto,2,1,ES,alta,12
2012,adulto,2,1,GO,baixa,27
2012,adulto,2,1,GO,media,97
2012,adulto,2,1,GO,alta,23
2012,adulto,2,1,MA,baixa,41
2012,adulto,2,1,MA,media,186
2012,adulto,2,1,MA,alta,56
2012,adulto,2,1,MG,baixa,65
2012,adulto,2,1,MG,media,392
2012,adulto,2,1,MG,alta,97
2012,adulto,2,1,MS,baixa,8
2012,adulto,2,1,MS,media,25
2012,adulto,2,1,MS,alta,11
2012,adulto,2,1,MT,baixa,14
2012,adulto,2,1,MT,media,81
2012,adulto,2,1,MT,alta,25
2012,adulto,2,1,PA,baixa,16
2012,adulto,2,1,PA,media,97
2012,adulto,2,1,PA,alta,39
2012,adulto,2,1,PB,baixa,5
2012,adulto,2,1,PB,media,19
2012,adulto,2,1,PE,baixa,42
2012,adulto,2,1,PE,media,104
2012,adulto,2,1,PE,alta,21
2012,adulto,2,1,PI,baixa,20
2012,adulto,2,1,PI,media,76
2012,adulto,2,1,PI,alta,16
2012,adulto,2,1,PR,baixa,7
2012,adulto,2,1,PR,media,110
2012,adulto,2,1,PR,alta,45
2012,adulto,2,1,RJ,baixa,55
2012,adulto,2,1,RJ,media,573
2012,adulto,2,1,RJ,alta,172
2012,adulto,2,1,RN,baixa,13
2012,adulto,2,1,RN,media,22
2012,adulto,2,1,RN,alta,3
2012,adulto,2,1,RO,baixa,2
2012,adulto,2,1,RO,media,19
2012,adulto,2,1,RO,alta,8
2012,adulto,2,1,RR,media,9
2012,adulto,2,1,RR,alta,2
2012,adulto,2,1,RS,baixa,22
2012,adulto,2,1,RS,media,179
2012,adulto,2,1,RS,alta,42
2012,adulto,2,1,SC,baixa,4
2012,adulto,2,1,SC,media,46
2012,adulto,2,1,SC,alta,26
2012,adulto,2,1,SE,baixa,18
2012,adulto,2,1,SE,media,52
2012,adulto,2,1,SE,alta,8
2012,adulto,2,1,SP,baixa,64
2012,adulto,2,1,SP,media,514
2012,adulto,2,1,SP,alta,213
2012,adulto,2,1,TO,baixa,14
2012,adulto,2,1,TO,media,30
2012,adulto,2,1,TO,alta,2
2012,adulto,2,2,AC,baixa,2
2012,adulto,2,2,AL,baixa,3
2012,adulto,2,2,AL,media,15
2012,adulto,2,2,AL,alta,1
2012,adulto,2,2,AM,baixa,4
2012,adulto,2,2,AM,media,8
2012,adulto,2,2,AM,alta,2
2012,adulto,2,2,AP,baixa,1
2012,adulto,2,2,AP,media,4
2012,adulto,2,2,BA,baixa,27
2012,adulto,2,2,BA,media,125
2012,adulto,2,2,BA,alta,28
2012,adulto,2,2,CE,baixa,7
2012,adulto,2,2,CE,media,30
2012,adulto,2,2,CE,alta,3
2012,adulto,2,2,DF,media,13
2012,adulto,2,2,DF,alta,5
2012,adulto,2,2,ES,baixa,4
2012,adulto,2,2,ES,media,30
2012,adulto,2,2,ES,alta,9
2012,adulto,2,2,GO,baixa,8
2012,adulto,2,2,GO,media,39
2012,adulto,2,2,GO,alta,9
2012,adulto,2,2,MA,baixa,9
2012,adulto,2,2,MA,media,34
2012,adulto,2,2,MA,alta,22
2012,adulto,2,2,MG,baixa,27
2012,adulto,2,2,MG,media,175
2012,adulto,2,2,MG,alta,44
2012,adulto,2,2,MS,baixa,3
2012,adulto,2,2,MS,media,12
2012,adulto,2,2,MS,alta,7
2012,adulto,2,2,MT,baixa,4
2012,adulto,2,2,MT,media,22
2012,adulto,2,2,MT,alta,9
2012,adulto,2,2,PA,baixa,6
2012,adulto,2,2,PA,media,49
2012,adulto,2,2,PA,alta,20
2012,adulto,2,2,PB,media,6
2012,adulto,2,2,PB,alta,3
2012,adulto,2,2,PE,baixa,11
2012,adulto,2,2,PE,media,44
2012,adulto,2,2,PE,alta,13
2012,adulto,2,2,PI,baixa,6
2012,adulto,2,2,PI,media,14
2012,adulto,2,2,PI,alta,3
2012,adulto,2,2,PR,baixa,9
2012,adulto,2,2,PR,media,48
2012,adulto,2,2,PR,alta,19
2012,adulto,2,2,RJ,baixa,39
2012,adulto,2,2,RJ,media,358
2012,adulto,2,2,RJ,alta,117
2012,adulto,2,2,RN,baixa,4
2012,adulto,2,2,RN,media,14
2012,adulto,2,2,RN,alta,3
2012,adulto,2,2,RO,media,2
2012,adulto,2,2,RO,alta,4
2012,adulto,2,2,RR,media,5
2012,adulto,2,2,RR,alta,1
2012,adulto,2,2,RS,baixa,17
2012,adulto,2,2,RS,media,89
2012,adulto,2,2,RS,alta,24
2012,adulto,2,2,SC,baixa,1
2012,adulto,2,2,SC,media,26
2012,adulto,2,2,SC,alta,8
2012,adulto,2,2,SE,baixa,6
2012,adulto,2,2,SE,media,18
2012,adulto,2,2,SE,alta,6
2012,adulto,2,2,SP,baixa,30
2012,adulto,2,2,SP,media,221
2012,adulto,2,2,SP,alta,91
2012,adulto,2,2,TO,baixa,6
2012,adulto,2,2,TO,media,13
2012,adulto,2,2,TO,alta,5
2012,adulto,3,1,AC,alta,1
2012,adulto,3,1,AL,baixa,2
2012,adulto,3,1,AM,media,1
2012,adulto,3,1,BA,baixa,1
2012,adulto,3,1,CE,media,1
2012,adulto,3,1,DF,media,1
2012,adulto,3,1,DF,alta,1
2012,adulto,3,1,GO,media,2
2012,adulto,3,1,MA,media,3
2012,adulto,3,1,MA,alta,1
2012,adulto,3,1,MG,baixa,1
2012,adulto,3,1,MG,media,5
2012,adulto,3,1,MG,alta,1
2012,adulto,3,1,MS,baixa,1
2012,adulto,3,1,MS,media,4
2012,adulto,3,1,MT,baixa,1
2012,adulto,3,1,MT,media,1
2012,adulto,3,1,MT,alta,1
2012,adulto,3,1,PA,media,2
2012,adulto,3,1,PA,alta,2
2012,adulto,3,1,PB,media,4
2012,adulto,3,1,PE,media,3
2012,adulto,3,1,PI,media,5
2012,adulto,3,1,PR,media,4
2012,adulto,3,1,PR,alta,4
2012,adulto,3,1,RJ,media,1
2012,adulto,3,1,RJ,alta,1
2012,adulto,3,1,RN,baixa,2
2012,adulto,3,1,RN,media,1
2012,adulto,3,1,RO,baixa,1
2012,adulto,3,1,RR,media,1
2012,adulto,3,1,SP,baixa,6
2012,adulto,3,1,SP,media,26
2012,adulto,3,1,SP,alta,17
2012,adulto,3,2,AC,media,1
2012,adulto,3,2,AM,baixa,1
2012,adulto,3,2,BA,baixa,1
2012,adulto,3,2,BA,media,1
2012,adulto,3,2,CE,media,1
2012,adulto,3,2,GO,media,1
2012,adulto,3,2,MA,media,3
2012,adulto,3,2,MG,baixa,2
2012,adulto,3,2,MG,media,1
2012,adulto,3,2,MS,media,1
2012,adulto,3,2,MS,alta,1
2012,adulto,3,2,MT,media,2
2012,adulto,3,2,MT,alta,1
2012,adulto,3,2,PA,media,3
2012,adulto,3,2,PA,alta,1
2012,adulto,3,2,PB,media,2
2012,adulto,3,2,PE,media,1
2012,adulto,3,2,PE,alta,2
2012,adulto,3,2,PI,media,2
2012,adulto,3,2,PR,alta,5
2012,adulto,3,2,RJ,media,1
2012,adulto,3,2,RS,media,1
2012,adulto,3,2,RS,alta,1
2012,adulto,3,2,SP,baixa,2
2012,adulto,3,2,SP,media,21
2012,adulto,3,2,SP,alta,8
2012,adulto,4,1,AC,baixa,9
2012,adulto,4,1,AC,media,16
2012,adulto,4,1,AC,alta,6
2012,adulto,4,1,AL,baixa,460
2012,adulto,4,1,AL,media,158
2012,adulto,4,1,AL,alta,93
2012,adulto,4,1,AM,baixa,68
2012,adulto,4,1,AM,media,742
2012,adulto,4,1,AM,alta,306
2012,adulto,4,1,AP,baixa,4
2012,adulto,4,1,AP,media,40
2012,adulto,4,1,AP,alta,24
2012,adulto,4,1,BA,baixa,337
2012,adulto,4,1,BA,media,1183
2012,adulto,4,1,BA,alta,253
2012,adulto,4,1,CE,baixa,274
2012,adulto,4,1,CE,media,1177
2012,adulto,4,1,CE,alta,238
2012,adulto,4,1,DF,baixa,36
2012,adulto,4,1,DF,media,471
2012,adulto,4,1,DF,alta,131
2012,adulto,4,1,ES,baixa,77
2012,adulto,4,1,ES,media,371
2012,adulto,4,1,ES,alta,129
2012,adulto,4,1,GO,baixa,115
2012,adulto,4,1,GO,media,945
2012,adulto,4,1,GO,alta,307
2012,adulto,4,1,MA,baixa,242
2012,adulto,4,1,MA,media,889
2012,adulto,4,1,MA,alta,334
2012,adulto,4,1,MG,baixa,195
2012,adulto,4,1,MG,media,1423
2012,adulto,4,1,MG,alta,483
2012,adulto,4,1,MS,baixa,32
2012,adulto,4,1,MS,media,287
2012,adulto,4,1,MS,alta,128
2012,adulto,4,1,MT,baixa,50
2012,adulto,4,1,MT,media,559
2012,adulto,4,1,MT,alta,245
2012,adulto,4,1,PA,baixa,145
2012,adulto,4,1,PA,media,1304
2012,adulto,4,1,PA,alta,495
2012,adulto,4,1,PB,baixa,147
2012,adulto,4,1,PB,media,229
2012,adulto,4,1,PB,alta,52
2012,adulto,4,1,PE,baixa,323
2012,adulto,4,1,PE,media,1653
2012,adulto,4,1,PE,alta,450
2012,adulto,4,1,PI,baixa,144
2012,adulto,4,1,PI,media,551
2012,adulto,4,1,PI,alta,121
2012,adulto,4,1,PR,baixa,39
2012,adulto,4,1,PR,media,552
2012,adulto,4,1,PR,alta,191
2012,adulto,4,1,RJ,baixa,100
2012,adulto,4,1,RJ,media,1228
2012,adulto,4,1,RJ,alta,435
2012,adulto,4,1,RN,baixa,185
2012,adulto,4,1,RN,media,207
2012,adulto,4,1,RN,alta,38
2012,adulto,4,1,RO,baixa,13
2012,adulto,4,1,RO,media,85
2012,adulto,4,1,RO,alta,29
2012,adulto,4,1,RR,baixa,5
2012,adulto,4,1,RR,media,82
2012,adulto,4,1,RR,alta,27
2012,adulto,4,1,RS,baixa,18
2012,adulto,4,1,RS,media,149
2012,adulto,4,1,RS,alta,30
2012,adulto,4,1,SC,baixa,4
2012,adulto,4,1,SC,media,103
2012,adulto,4,1,SC,alta,29
2012,adulto,4,1,SE,baixa,95
2012,adulto,4,1,SE,media,471
2012,adulto,4,1,SE,alta,158
2012,adulto,4,1,SP,baixa,287
2012,adulto,4,1,SP,media,1979
2012,adulto,4,1,SP,alta,874
2012,adulto,4,1,TO,baixa,40
2012,adulto,4,1,TO,media,178
2012,adulto,4,1,TO,alta,69
2012,adulto,4,2,AC,baixa,4
2012,adulto,4,2,AC,media,9
2012,adulto,4,2,AC,alta,5
2012,adulto,4,2,AL,baixa,52
2012,adulto,4,2,AL,media,108
2012,adulto,4,2,AL,alta,32
2012,adulto,4,2,AM,baixa,24
2012,adulto,4,2,AM,media,191
2012,adulto,4,2,AM,alta,133
2012,adulto,4,2,AP,baixa,5
2012,adulto,4,2,AP,media,13
2012,adulto,4,2,AP,alta,9
2012,adulto,4,2,BA,baixa,93
2012,adulto,4,2,BA,media,501
2012,adulto,4,2,BA,alta,160
2012,adulto,4,2,CE,baixa,69
2012,adulto,4,2,CE,media,350
2012,adulto,4,2,CE,alta,141
2012,adulto,4,2,DF,baixa,12
2012,adulto,4,2,DF,media,125
2012,adulto,4,2,DF,alta,58
2012,adulto,4,2,ES,baixa,19
2012,adulto,4,2,ES,media,129
2012,adulto,4,2,ES,alta,47
2012,adulto,4,2,GO,baixa,42
2012,adulto,4,2,GO,media,241
2012,adulto,4,2,GO,alta,89
2012,adulto,4,2,MA,baixa,74
2012,adulto,4,2,MA,media,368
2012,adulto,4,2,MA,alta,140
2012,adulto,4,2,MG,baixa,77
2012,adulto,4,2,MG,media,576
2012,adulto,4,2,MG,alta,225
2012,adulto,4,2,MS,baixa,13
2012,adulto,4,2,MS,media,116
2012,adulto,4,2,MS,alta,68
2012,adulto,4,2,MT,baixa,16
2012,adulto,4,2,MT,media,187
2012,adulto,4,2,MT,alta,106
2012,adulto,4,2,PA,baixa,58
2012,adulto,4,2,PA,media,433
2012,adulto,4,2,PA,alta,257
2012,adulto,4,2,PB,baixa,30
2012,adulto,4,2,PB,media,104
2012,adulto,4,2,PB,alta,26
2012,adulto,4,2,PE,baixa,119
2012,adulto,4,2,PE,media,499
2012,adulto,4,2,PE,alta,185
2012,adulto,4,2,PI,baixa,36
2012,adulto,4,2,PI,media,175
2012,adulto,4,2,PI,alta,60
2012,adulto,4,2,PR,baixa,30
2012,adulto,4,2,PR,media,162
2012,adulto,4,2,PR,alta,71
2012,adulto,4,2,RJ,baixa,61
2012,adulto,4,2,RJ,media,671
2012,adulto,4,2,RJ,alta,241
2012,adulto,4,2,RN,baixa,28
2012,adulto,4,2,RN,media,73
2012,adulto,4,2,RN,alta,23
2012,adulto,4,2,RO,baixa,6
2012,adulto,4,2,RO,media,43
2012,adulto,4,2,RO,alta,20
2012,adulto,4,2,RR,baixa,3
2012,adulto,4,2,RR,media,23
2012,adulto,4,2,RR,alta,17
2012,adulto,4,2,RS,baixa,7
2012,adulto,4,2,RS,media,67
2012,adulto,4,2,RS,alta,13
2012,adulto,4,2,SC,baixa,1
2012,adulto,4,2,SC,media,31
2012,adulto,4,2,SC,alta,12
2012,adulto,4,2,SE,baixa,29
2012,adulto,4,2,SE,media,109
2012,adulto,4,2,SE,alta,67
2012,adulto,4,2,SP,baixa,93
2012,adulto,4,2,SP,media,752
2012,adulto,4,2,SP,alta,417
2012,adulto,4,2,TO,baixa,9
2012,adulto,4,2,TO,media,69
2012,adulto,4,2,TO,alta,42
2012,adulto,5,1,AC,baixa,1
2012,adulto,5,1,AC,media,2
2012,adulto,5,1,AL,media,2
2012,adulto,5,1,AM,baixa,5
2012,adulto,5,1,AM,media,23
2012,adulto,5,1,AM,alta,7
2012,adulto,5,1,AP,media,2
2012,adulto,5,1,BA,baixa,2
2012,adulto,5,1,BA,media,4
2012,adulto,5,1,BA,alta,2
2012,adulto,5,1,CE,baixa,1
2012,adulto,5,1,CE,media,2
2012,adulto,5,1,CE,alta,1
2012,adulto,5,1,ES,media,1
2012,adulto,5,1,GO,baixa,1
2012,adulto,5,1,GO,alta,1
2012,adulto,5,1,MA,media,7
2012,adulto,5,1,MA,alta,3
2012,adulto,5,1,MG,baixa,1
2012,adulto,5,1,MG,media,3
2012,adulto,5,1,MS,baixa,7
2012,adulto,5,1,MS,media,26
2012,adulto,5,1,MS,alta,2
2012,adulto,5,1,MT,media,3
2012,adulto,5,1,MT,alta,3
2012,adulto,5,1,PA,media,4
2012,adulto,5,1,PA,alta,1
2012,adulto,5,1,PB,baixa,3
2012,adulto,5,1,PE,baixa,1
2012,adulto,5,1,PE,media,2
2012,adulto,5,1,PE,alta,2
2012,adulto,5,1,PI,media,1
2012,adulto,5,1,PR,baixa,1
2012,adulto,5,1,PR,media,9
2012,adulto,5,1,PR,alta,2
2012,adulto,5,1,RJ,baixa,1
2012,adulto,5,1,RJ,media,1
2012,adulto,5,1,RJ,alta,1
2012,adulto,5,1,RO,baixa,1
2012,adulto,5,1,RO,media,1
2012,adulto,5,1,RR,baixa,1
2012,adulto,5,1,RR,media,3
2012,adulto,5,1,RR,alta,4
2012,adulto,5,1,RS,baixa,1
2012,adulto,5,1,RS,media,2
2012,adulto,5,1,SC,media,2
2012,adulto,5,1,SP,baixa,1
2012,adulto,5,1,SP,media,2
2012,adulto,5,1,SP,alta,1
2012,adulto,5,1,TO,media,2
2012,adulto,5,1,TO,alta,1
2012,adulto,5,2,AM,baixa,8
2012,adulto,5,2,AM,media,12
2012,adulto,5,2,AM,alta,3
2012,adulto,5,2,BA,baixa,1
2012,adulto,5,2,BA,media,2
2012,adulto,5,2,ES,media,1
2012,adulto,5,2,MA,baixa,1
2012,adulto,5,2,MA,media,2
2012,adulto,5,2,MG,media,3
2012,adulto,5,2,MG,alta,1
2012,adulto,5,2,MS,baixa,3
2012,adulto,5,2,MS,media,14
2012,adulto,5,2,MS,alta,1
2012,adulto,5,2,MT,baixa,2
2012,adulto,5,2,MT,media,1
2012,adulto,5,2,MT,alta,2
2012,adulto,5,2,PA,baixa,1
2012,adulto,5,2,PA,media,1
2012,adulto,5,2,PB,media,1
2012,adulto,5,2,PE,baixa,1
2012,adulto,5,2,PE,media,2
2012,adulto,5,2,PR,baixa,1
2012,adulto,5,2,PR,alta,1
2012,adulto,5,2,RR,media,1
2012,adulto,5,2,RR,alta,1
2012,adulto,5,2,RS,baixa,2
2012,adulto,5,2,RS,media,2
2012,adulto,5,2,SC,media,1
2012,adulto,5,2,SC,alta,1
2012,adulto,5,2,SP,media,4
2012,idoso,1,0,RJ,media,1
2012,idoso,1,1,AC,baixa,4
2012,idoso,1,1,AC,media,15
2012,idoso,1,1,AC,alta,1
2012,idoso,1,1,AL,baixa,80
2012,idoso,1,1,AL,media,139
2012,idoso,1,1,AL,alta,28
2012,idoso,1,1,AM,baixa,40
2012,idoso,1,1,AM,media,158
2012,idoso,1,1,AM,alta,66
2012,idoso,1,1,AP,baixa,3
2012,idoso,1,1,AP,media,14
2012,idoso,1,1,AP,alta,4
2012,idoso,1,1,BA,baixa,222
2012,idoso,1,1,BA,media,466
2012,idoso,1,1,BA,alta,84
2012,idoso,1,1,CE,baixa,237
2012,idoso,1,1,CE,media,508
2012,idoso,1,1,CE,alta,140
2012,idoso,1,1,DF,baixa,53
2012,idoso,1,1,DF,media,410
2012,idoso,1,1,DF,alta,136
2012,idoso,1,1,ES,baixa,165
2012,idoso,1,1,ES,media,464
2012,idoso,1,1,ES,alta,103
2012,idoso,1,1,GO,baixa,267
2012,idoso,1,1,GO,media,695
2012,idoso,1,1,GO,alta,143
2012,idoso,1,1,MA,baixa,165
2012,idoso,1,1,MA,media,310
2012,idoso,1,1,MA,alta,73
2012,idoso,1,1,MG,baixa,769
2012,idoso,1,1,MG,media,3385
2012,idoso,1,1,MG,alta,629
2012,idoso,1,1,MS,baixa,142
2012,idoso,1,1,MS,media,674
2012,idoso,1,1,MS,alta,205
2012,idoso,1,1,MT,baixa,115
2012,idoso,1,1,MT,media,503
2012,idoso,1,1,MT,alta,89
2012,idoso,1,1,PA,baixa,111
2012,idoso,1,1,PA,media,345
2012,idoso,1,1,PA,alta,144
2012,idoso,1,1,PB,baixa,90
2012,idoso,1,1,PB,media,173
2012,idoso,1,1,PB,alta,37
2012,idoso,1,1,PE,baixa,427
2012,idoso,1,1,PE,media,1039
2012,idoso,1,1,PE,alta,251
2012,idoso,1,1,PI,baixa,107
2012,idoso,1,1,PI,media,149
2012,idoso,1,1,PI,alta,24
2012,idoso,1,1,PR,baixa,912
2012,idoso,1,1,PR,media,5523
2012,idoso,1,1,PR,alta,942
2012,idoso,1,1,RJ,baixa,900
2012,idoso,1,1,RJ,media,4923
2012,idoso,1,1,RJ,alta,1524
2012,idoso,1,1,RN,baixa,165
2012,idoso,1,1,RN,media,235
2012,idoso,1,1,RN,alta,29
2012,idoso,1,1,RO,baixa,51
2012,idoso,1,1,RO,media,116
2012,idoso,1,1,RO,alta,12
2012,idoso,1,1,RR,baixa,13
2012,idoso,1,1,RR,media,28
2012,idoso,1,1,RR,alta,8
2012,idoso,1,1,RS,baixa,927
2012,idoso,1,1,RS,media,5380
2012,idoso,1,1,RS,alta,976
2012,idoso,1,1,SC,baixa,279
2012,idoso,1,1,SC,media,3316
2012,idoso,1,1,SC,alta,636
2012,idoso,1,1,SE,baixa,60
2012,idoso,1,1,SE,media,147
2012,idoso,1,1,SE,alta,49
2012,idoso,1,1,SP,baixa,3125
2012,idoso,1,1,SP,media,13858
2012,idoso,1,1,SP,alta,3403
2012,idoso,1,1,TO,baixa,40
2012,idoso,1,1,TO,media,100
2012,idoso,1,1,TO,alta,14
2012,idoso,1,2,AC,baixa,8
2012,idoso,1,2,AC,media,2
2012,idoso,1,2,AC,alta,2
2012,idoso,1,2,AL,baixa,111
2012,idoso,1,2,AL,media,99
2012,idoso,1,2,AL,alta,33
2012,idoso,1,2,AM,baixa,24
2012,idoso,1,2,AM,media,146
2012,idoso,1,2,AM,alta,39
2012,idoso,1,2,AP,baixa,8
2012,idoso,1,2,AP,media,17
2012,idoso,1,2,AP,alta,9
2012,idoso,1,2,BA,baixa,273
2012,idoso,1,2,BA,media,357
2012,idoso,1,2,BA,alta,77
2012,idoso,1,2,CE,baixa,281
2012,idoso,1,2,CE,media,512
2012,idoso,1,2,CE,alta,117
2012,idoso,1,2,DF,baixa,68
2012,idoso,1,2,DF,media,355
2012,idoso,1,2,DF,alta,101
2012,idoso,1,2,ES,baixa,166
2012,idoso,1,2,ES,media,292
2012,idoso,1,2,ES,alta,57
2012,idoso,1,2,GO,baixa,313
2012,idoso,1,2,GO,media,566
2012,idoso,1,2,GO,alta,94
2012,idoso,1,2,MA,baixa,204
2012,idoso,1,2,MA,media,244
2012,idoso,1,2,MA,alta,69
2012,idoso,1,2,MG,baixa,903
2012,idoso,1,2,MG,media,2605
2012,idoso,1,2,MG,alta,418
2012,idoso,1,2,MS,baixa,147
2012,idoso,1,2,MS,media,444
2012,idoso,1,2,MS,alta,109
2012,idoso,1,2,MT,baixa,113
2012,idoso,1,2,MT,media,294
2012,idoso,1,2,MT,alta,63
2012,idoso,1,2,PA,baixa,98
2012,idoso,1,2,PA,media,294
2012,idoso,1,2,PA,alta,104
2012,idoso,1,2,PB,baixa,104
2012,idoso,1,2,PB,media,170
2012,idoso,1,2,PB,alta,39
2012,idoso,1,2,PE,baixa,562
2012,idoso,1,2,PE,media,967
2012,idoso,1,2,PE,alta,203
2012,idoso,1,2,PI,baixa,114
2012,idoso,1,2,PI,media,119
2012,idoso,1,2,PI,alta,35
2012,idoso,1,2,PR,baixa,1255
2012,idoso,1,2,PR,media,3703
2012,idoso,1,2,PR,alta,503
2012,idoso,1,2,RJ,baixa,1021
2012,idoso,1,2,RJ,media,4245
2012,idoso,1,2,RJ,alta,1149
2012,idoso,1,2,RN,baixa,143
2012,idoso,1,2,RN,media,267
2012,idoso,1,2,RN,alta,43
2012,idoso,1,2,RO,baixa,40
2012,idoso,1,2,RO,media,64
2012,idoso,1,2,RO,alta,9
2012,idoso,1,2,RR,baixa,7
2012,idoso,1,2,RR,media,22
2012,idoso,1,2,RR,alta,4
2012,idoso,1,2,RS,baixa,871
2012,idoso,1,2,RS,media,3666
2012,idoso,1,2,RS,alta,603
2012,idoso,1,2,SC,baixa,327
2012,idoso,1,2,SC,media,2152
2012,idoso,1,2,SC,alta,346
2012,idoso,1,2,SE,baixa,89
2012,idoso,1,2,SE,media,136
2012,idoso,1,2,SE,alta,35
2012,idoso,1,2,SP,baixa,3337
2012,idoso,1,2,SP,media,10081
2012,idoso,1,2,SP,alta,1867
2012,idoso,1,2,TO,baixa,37
2012,idoso,1,2,TO,media,68
2012,idoso,1,2,TO,alta,12
2012,idoso,2,0,AL,baixa,1
2012,idoso,2,1,AC,baixa,1
2012,idoso,2,1,AL,baixa,46
2012,idoso,2,1,AL,media,37
2012,idoso,2,1,AL,alta,6
2012,idoso,2,1,AM,baixa,15
2012,idoso,2,1,AM,media,18
2012,idoso,2,1,AM,alta,8
2012,idoso,2,1,AP,baixa,1
2012,idoso,2,1,AP,media,2
2012,idoso,2,1,BA,baixa,280
2012,idoso,2,1,BA,media,312
2012,idoso,2,1,BA,alta,22
2012,idoso,2,1,CE,baixa,84
2012,idoso,2,1,CE,media,61
2012,idoso,2,1,CE,alta,10
2012,idoso,2,1,DF,baixa,18
2012,idoso,2,1,DF,media,43
2012,idoso,2,1,DF,alta,10
2012,idoso,2,1,ES,baixa,76
2012,idoso,2,1,ES,media,97
2012,idoso,2,1,ES,alta,8
2012,idoso,2,1,GO,baixa,87
2012,idoso,2,1,GO,media,111
2012,idoso,2,1,GO,alta,11
2012,idoso,2,1,MA,baixa,206
2012,idoso,2,1,MA,media,147
2012,idoso,2,1,MA,alta,22
2012,idoso,2,1,MG,baixa,302
2012,idoso,2,1,MG,media,622
2012,idoso,2,1,MG,alta,63
2012,idoso,2,1,MS,baixa,37
2012,idoso,2,1,MS,media,72
2012,idoso,2,1,MS,alta,13
2012,idoso,2,1,MT,baixa,56
2012,idoso,2,1,MT,media,90
2012,idoso,2,1,MT,alta,7
2012,idoso,2,1,PA,baixa,94
2012,idoso,2,1,PA,media,157
2012,idoso,2,1,PA,alta,19
2012,idoso,2,1,PB,baixa,19
2012,idoso,2,1,PB,media,16
2012,idoso,2,1,PE,baixa,152
2012,idoso,2,1,PE,media,213
2012,idoso,2,1,PE,alta,24
2012,idoso,2,1,PI,baixa,121
2012,idoso,2,1,PI,media,71
2012,idoso,2,1,PI,alta,7
2012,idoso,2,1,PR,baixa,94
2012,idoso,2,1,PR,media,246
2012,idoso,2,1,PR,alta,30
2012,idoso,2,1,RJ,baixa,324
2012,idoso,2,1,RJ,media,1208
2012,idoso,2,1,RJ,alta,227
2012,idoso,2,1,RN,baixa,35
2012,idoso,2,1,RN,media,28
2012,idoso,2,1,RN,alta,5
2012,idoso,2,1,RO,baixa,15
2012,idoso,2,1,RO,media,19
2012,idoso,2,1,RO,alta,2
2012,idoso,2,1,RR,baixa,2
2012,idoso,2,1,RR,media,4
2012,idoso,2,1,RR,alta,1
2012,idoso,2,1,RS,baixa,101
2012,idoso,2,1,RS,media,249
2012,idoso,2,1,RS,alta,48
2012,idoso,2,1,SC,baixa,17
2012,idoso,2,1,SC,media,92
2012,idoso,2,1,SC,alta,28
2012,idoso,2,1,SE,baixa,46
2012,idoso,2,1,SE,media,62
2012,idoso,2,1,SE,alta,13
2012,idoso,2,1,SP,baixa,325
2012,idoso,2,1,SP,media,1173
2012,idoso,2,1,SP,alta,190
2012,idoso,2,1,TO,baixa,53
2012,idoso,2,1,TO,media,29
2012,idoso,2,1,TO,alta,1
2012,idoso,2,2,AC,baixa,2
2012,idoso,2,2,AL,baixa,31
2012,idoso,2,2,AL,media,24
2012,idoso,2,2,AL,alta,1
2012,idoso,2,2,AM,baixa,8
2012,idoso,2,2,AM,media,14
2012,idoso,2,2,AM,alta,3
2012,idoso,2,2,AP,baixa,4
2012,idoso,2,2,AP,media,3
2012,idoso,2,2,AP,alta,1
2012,idoso,2,2,BA,baixa,267
2012,idoso,2,2,BA,media,176
2012,idoso,2,2,BA,alta,19
2012,idoso,2,2,CE,baixa,55
2012,idoso,2,2,CE,media,41
2012,idoso,2,2,CE,alta,5
2012,idoso,2,2,DF,baixa,18
2012,idoso,2,2,DF,media,48
2012,idoso,2,2,DF,alta,9
2012,idoso,2,2,ES,baixa,55
2012,idoso,2,2,ES,media,39
2012,idoso,2,2,ES,alta,7
2012,idoso,2,2,GO,baixa,83
2012,idoso,2,2,GO,media,74
2012,idoso,2,2,GO,alta,4
2012,idoso,2,2,MA,baixa,140
2012,idoso,2,2,MA,media,101
2012,idoso,2,2,MA,alta,8
2012,idoso,2,2,MG,baixa,322
2012,idoso,2,2,MG,media,418
2012,idoso,2,2,MG,alta,33
2012,idoso,2,2,MS,baixa,24
2012,idoso,2,2,MS,media,41
2012,idoso,2,2,MS,alta,6
2012,idoso,2,2,MT,baixa,35
2012,idoso,2,2,MT,media,46
2012,idoso,2,2,MT,alta,9
2012,idoso,2,2,PA,baixa,61
2012,idoso,2,2,PA,media,87
2012,idoso,2,2,PA,alta,16
2012,idoso,2,2,PB,baixa,25
2012,idoso,2,2,PB,media,16
2012,idoso,2,2,PB,alta,4
2012,idoso,2,2,PE,baixa,155
2012,idoso,2,2,PE,media,115
2012,idoso,2,2,PE,alta,16
2012,idoso,2,2,PI,baixa,51
2012,idoso,2,2,PI,media,29
2012,idoso,2,2,PI,alta,3
2012,idoso,2,2,PR,baixa,125
2012,idoso,2,2,PR,media,160
2012,idoso,2,2,PR,alta,19
2012,idoso,2,2,RJ,baixa,535
2012,idoso,2,2,RJ,media,1243
2012,idoso,2,2,RJ,alta,152
2012,idoso,2,2,RN,baixa,32
2012,idoso,2,2,RN,media,20
2012,idoso,2,2,RO,baixa,9
2012,idoso,2,2,RO,media,6
2012,idoso,2,2,RO,alta,1
2012,idoso,2,2,RR,baixa,2
2012,idoso,2,2,RR,media,4
2012,idoso,2,2,RS,baixa,100
2012,idoso,2,2,RS,media,210
2012,idoso,2,2,RS,alta,32
2012,idoso,2,2,SC,baixa,19
2012,idoso,2,2,SC,media,87
2012,idoso,2,2,SC,alta,4
2012,idoso,2,2,SE,baixa,39
2012,idoso,2,2,SE,media,42
2012,idoso,2,2,SE,alta,7
2012,idoso,2,2,SP,baixa,403
2012,idoso,2,2,SP,media,863
2012,idoso,2,2,SP,alta,108
2012,idoso,2,2,TO,baixa,28
2012,idoso,2,2,TO,media,22
2012,idoso,3,1,AL,alta,1
2012,idoso,3,1,AM,baixa,1
2012,idoso,3,1,AM,media,1
2012,idoso,3,1,AM,alta,1
2012,idoso,3,1,AP,alta,1
2012,idoso,3,1,BA,baixa,3
2012,idoso,3,1,BA,media,5
2012,idoso,3,1,CE,baixa,3
2012,idoso,3,1,CE,media,3
2012,idoso,3,1,CE,alta,1
2012,idoso,3,1,DF,baixa,2
2012,idoso,3,1,DF,media,7
2012,idoso,3,1,DF,alta,3
2012,idoso,3,1,ES,baixa,3
2012,idoso,3,1,ES,media,4
2012,idoso,3,1,GO,baixa,4
2012,idoso,3,1,GO,media,7
2012,idoso,3,1,GO,alta,1
2012,idoso,3,1,MA,baixa,6
2012,idoso,3,1,MA,media,2
2012,idoso,3,1,MG,baixa,5
2012,idoso,3,1,MG,media,12
2012,idoso,3,1,MG,alta,4
2012,idoso,3,1,MS,media,12
2012,idoso,3,1,MS,alta,8
2012,idoso,3,1,MT,baixa,2
2012,idoso,3,1,MT,media,7
2012,idoso,3,1,MT,alta,2
2012,idoso,3,1,PA,baixa,4
2012,idoso,3,1,PA,media,11
2012,idoso,3,1,PA,alta,4
2012,idoso,3,1,PB,baixa,1
2012,idoso,3,1,PB,media,1
2012,idoso,3,1,PB,alta,1
2012,idoso,3,1,PE,baixa,3
2012,idoso,3,1,PE,media,5
2012,idoso,3,1,PI,baixa,3
2012,idoso,3,1,PI,media,2
2012,idoso,3,1,PR,baixa,5
2012,idoso,3,1,PR,media,61
2012,idoso,3,1,PR,alta,22
2012,idoso,3,1,RJ,baixa,2
2012,idoso,3,1,RJ,media,16
2012,idoso,3,1,RJ,alta,4
2012,idoso,3,1,RN,baixa,1
2012,idoso,3,1,RO,media,2
2012,idoso,3,1,RS,baixa,2
2012,idoso,3,1,RS,media,2
2012,idoso,3,1,RS,alta,2
2012,idoso,3,1,SC,baixa,1
2012,idoso,3,1,SC,media,6
2012,idoso,3,1,SC,alta,3
2012,idoso,3,1,SP,baixa,40
2012,idoso,3,1,SP,media,258
2012,idoso,3,1,SP,alta,138
2012,idoso,3,1,TO,baixa,2
2012,idoso,3,1,TO,media,1
2012,idoso,3,2,AC,baixa,1
2012,idoso,3,2,AM,alta,1
2012,idoso,3,2,BA,baixa,4
2012,idoso,3,2,BA,media,4
2012,idoso,3,2,CE,baixa,2
2012,idoso,3,2,CE,media,3
2012,idoso,3,2,DF,media,3
2012,idoso,3,2,ES,baixa,2
2012,idoso,3,2,ES,alta,1
2012,idoso,3,2,GO,baixa,4
2012,idoso,3,2,GO,media,7
2012,idoso,3,2,GO,alta,2
2012,idoso,3,2,MA,baixa,1
2012,idoso,3,2,MG,baixa,9
2012,idoso,3,2,MG,media,8
2012,idoso,3,2,MG,alta,3
2012,idoso,3,2,MS,baixa,2
2012,idoso,3,2,MS,media,3
2012,idoso,3,2,MS,alta,4
2012,idoso,3,2,MT,media,2
2012,idoso,3,2,PA,baixa,1
2012,idoso,3,2,PA,media,6
2012,idoso,3,2,PA,alta,2
2012,idoso,3,2,PB,media,1
2012,idoso,3,2,PE,baixa,5
2012,idoso,3,2,PE,media,7
2012,idoso,3,2,PE,alta,1
2012,idoso,3,2,PI,baixa,4
2012,idoso,3,2,PI,media,2
2012,idoso,3,2,PR,baixa,7
2012,idoso,3,2,PR,media,34
2012,idoso,3,2,PR,alta,11
2012,idoso,3,2,RJ,baixa,7
2012,idoso,3,2,RJ,media,11
2012,idoso,3,2,RJ,alta,4
2012,idoso,3,2,RN,baixa,2
2012,idoso,3,2,RN,media,4
2012,idoso,3,2,RO,baixa,1
2012,idoso,3,2,RO,media,2
2012,idoso,3,2,RS,baixa,1
2012,idoso,3,2,RS,media,1
2012,idoso,3,2,RS,alta,1
2012,idoso,3,2,SC,baixa,1
2012,idoso,3,2,SC,media,5
2012,idoso,3,2,SE,media,1
2012,idoso,3,2,SP,baixa,28
2012,idoso,3,2,SP,media,206
2012,idoso,3,2,SP,alta,52
2012,idoso,4,0,PE,baixa,2
2012,idoso,4,0,PE,alta,1
2012,idoso,4,1,AC,baixa,34
2012,idoso,4,1,AC,media,42
2012,idoso,4,1,AC,alta,6
2012,idoso,4,1,AL,baixa,407
2012,idoso,4,1,AL,media,285
2012,idoso,4,1,AL,alta,32
2012,idoso,4,1,AM,baixa,291
2012,idoso,4,1,AM,media,562
2012,idoso,4,1,AM,alta,123
2012,idoso,4,1,AP,baixa,15
2012,idoso,4,1,AP,media,30
2012,idoso,4,1,AP,alta,5
2012,idoso,4,1,BA,baixa,921
2012,idoso,4,1,BA,media,1218
2012,idoso,4,1,BA,alta,137
2012,idoso,4,1,CE,baixa,1038
2012,idoso,4,1,CE,media,1301
2012,idoso,4,1,CE,alta,222
2012,idoso,4,1,DF,baixa,128
2012,idoso,4,1,DF,media,399
2012,idoso,4,1,DF,alta,79
2012,idoso,4,1,ES,baixa,160
2012,idoso,4,1,ES,media,376
2012,idoso,4,1,ES,alta,70
2012,idoso,4,1,GO,baixa,379
2012,idoso,4,1,GO,media,828
2012,idoso,4,1,GO,alta,101
2012,idoso,4,1,MA,baixa,826
2012,idoso,4,1,MA,media,881
2012,idoso,4,1,MA,alta,116
2012,idoso,4,1,MG,baixa,878
2012,idoso,4,1,MG,media,2300
2012,idoso,4,1,MG,alta,237
2012,idoso,4,1,MS,baixa,220
2012,idoso,4,1,MS,media,580
2012,idoso,4,1,MS,alta,128
2012,idoso,4,1,MT,baixa,288
2012,idoso,4,1,MT,media,635
2012,idoso,4,1,MT,alta,85
2012,idoso,4,1,PA,baixa,526
2012,idoso,4,1,PA,media,1260
2012,idoso,4,1,PA,alta,331
2012,idoso,4,1,PB,baixa,355
2012,idoso,4,1,PB,media,334
2012,idoso,4,1,PB,alta,55
2012,idoso,4,1,PE,baixa,1121
2012,idoso,4,1,PE,media,1813
2012,idoso,4,1,PE,alta,288
2012,idoso,4,1,PI,baixa,568
2012,idoso,4,1,PI,media,606
2012,idoso,4,1,PI,alta,71
2012,idoso,4,1,PR,baixa,304
2012,idoso,4,1,PR,media,773
2012,idoso,4,1,PR,alta,70
2012,idoso,4,1,RJ,baixa,536
2012,idoso,4,1,RJ,media,2488
2012,idoso,4,1,RJ,alta,486
2012,idoso,4,1,RN,baixa,271
2012,idoso,4,1,RN,media,268
2012,idoso,4,1,RN,alta,34
2012,idoso,4,1,RO,baixa,42
2012,idoso,4,1,RO,media,103
2012,idoso,4,1,RO,alta,9
2012,idoso,4,1,RR,baixa,26
2012,idoso,4,1,RR,media,51
2012,idoso,4,1,RR,alta,6
2012,idoso,4,1,RS,baixa,78
2012,idoso,4,1,RS,media,242
2012,idoso,4,1,RS,alta,30
2012,idoso,4,1,SC,baixa,25
2012,idoso,4,1,SC,media,86
2012,idoso,4,1,SC,alta,13
2012,idoso,4,1,SE,baixa,239
2012,idoso,4,1,SE,media,323
2012,idoso,4,1,SE,alta,74
2012,idoso,4,1,SP,baixa,894
2012,idoso,4,1,SP,media,3278
2012,idoso,4,1,SP,alta,432
2012,idoso,4,1,TO,baixa,170
2012,idoso,4,1,TO,media,193
2012,idoso,4,1,TO,alta,18
2012,idoso,4,2,AC,baixa,32
2012,idoso,4,2,AC,media,16
2012,idoso,4,2,AC,alta,1
2012,idoso,4,2,AL,baixa,355
2012,idoso,4,2,AL,media,175
2012,idoso,4,2,AL,alta,26
2012,idoso,4,2,AM,baixa,225
2012,idoso,4,2,AM,media,395
2012,idoso,4,2,AM,alta,82
2012,idoso,4,2,AP,baixa,29
2012,idoso,4,2,AP,media,26
2012,idoso,4,2,AP,alta,4
2012,idoso,4,2,BA,baixa,989
2012,idoso,4,2,BA,media,838
2012,idoso,4,2,BA,alta,84
2012,idoso,4,2,CE,baixa,804
2012,idoso,4,2,CE,media,925
2012,idoso,4,2,CE,alta,122
2012,idoso,4,2,DF,baixa,130
2012,idoso,4,2,DF,media,270
2012,idoso,4,2,DF,alta,48
2012,idoso,4,2,ES,baixa,190
2012,idoso,4,2,ES,media,188
2012,idoso,4,2,ES,alta,24
2012,idoso,4,2,GO,baixa,378
2012,idoso,4,2,GO,media,507
2012,idoso,4,2,GO,alta,42
2012,idoso,4,2,MA,baixa,717
2012,idoso,4,2,MA,media,553
2012,idoso,4,2,MA,alta,80
2012,idoso,4,2,MG,baixa,930
2012,idoso,4,2,MG,media,1431
2012,idoso,4,2,MG,alta,116
2012,idoso,4,2,MS,baixa,196
2012,idoso,4,2,MS,media,336
2012,idoso,4,2,MS,alta,68
2012,idoso,4,2,MT,baixa,258
2012,idoso,4,2,MT,media,372
2012,idoso,4,2,MT,alta,50
2012,idoso,4,2,PA,baixa,411
2012,idoso,4,2,PA,media,862
2012,idoso,4,2,PA,alta,236
2012,idoso,4,2,PB,baixa,278
2012,idoso,4,2,PB,media,267
2012,idoso,4,2,PB,alta,27
2012,idoso,4,2,PE,baixa,1182
2012,idoso,4,2,PE,media,1235
2012,idoso,4,2,PE,alta,142
2012,idoso,4,2,PI,baixa,506
2012,idoso,4,2,PI,media,368
2012,idoso,4,2,PI,alta,44
2012,idoso,4,2,PR,baixa,352
2012,idoso,4,2,PR,media,465
2012,idoso,4,2,PR,alta,27
2012,idoso,4,2,RJ,baixa,760
2012,idoso,4,2,RJ,media,2221
2012,idoso,4,2,RJ,alta,290
2012,idoso,4,2,RN,baixa,222
2012,idoso,4,2,RN,media,208
2012,idoso,4,2,RN,alta,25
2012,idoso,4,2,RO,baixa,51
2012,idoso,4,2,RO,media,54
2012,idoso,4,2,RO,alta,4
2012,idoso,4,2,RR,baixa,24
2012,idoso,4,2,RR,media,29
2012,idoso,4,2,RR,alta,6
2012,idoso,4,2,RS,baixa,73
2012,idoso,4,2,RS,media,165
2012,idoso,4,2,RS,alta,14
2012,idoso,4,2,SC,baixa,24
2012,idoso,4,2,SC,media,53
2012,idoso,4,2,SC,alta,7
2012,idoso,4,2,SE,baixa,223
2012,idoso,4,2,SE,media,226
2012,idoso,4,2,SE,alta,58
2012,idoso,4,2,SP,baixa,1094
2012,idoso,4,2,SP,media,2143
2012,idoso,4,2,SP,alta,221
2012,idoso,4,2,TO,baixa,144
2012,idoso,4,2,TO,media,136
2012,idoso,4,2,TO,alta,10
2012,idoso,5,1,AC,media,1
2012,idoso,5,1,AL,baixa,1
2012,idoso,5,1,AL,media,2
2012,idoso,5,1,AM,baixa,21
2012,idoso,5,1,AM,media,13
2012,idoso,5,1,AP,baixa,1
2012,idoso,5,1,BA,baixa,3
2012,idoso,5,1,BA,media,1
2012,idoso,5,1,CE,baixa,1
2012,idoso,5,1,CE,media,2
2012,idoso,5,1,ES,media,1
2012,idoso,5,1,ES,alta,2
2012,idoso,5,1,GO,baixa,1
2012,idoso,5,1,GO,media,1
2012,idoso,5,1,MA,baixa,4
2012,idoso,5,1,MG,baixa,1
2012,idoso,5,1,MG,media,1
2012,idoso,5,1,MS,baixa,17
2012,idoso,5,1,MS,media,20
2012,idoso,5,1,MT,baixa,1
2012,idoso,5,1,MT,media,2
2012,idoso,5,1,PA,baixa,2
2012,idoso,5,1,PA,media,4
2012,idoso,5,1,PA,alta,1
2012,idoso,5,1,PB,media,2
2012,idoso,5,1,PE,baixa,10
2012,idoso,5,1,PE,media,6
2012,idoso,5,1,PI,media,1
2012,idoso,5,1,PR,baixa,3
2012,idoso,5,1,PR,media,4
2012,idoso,5,1,RJ,baixa,1
2012,idoso,5,1,RJ,media,6
2012,idoso,5,1,RJ,alta,2
2012,idoso,5,1,RO,baixa,1
2012,idoso,5,1,RR,baixa,5
2012,idoso,5,1,RR,media,5
2012,idoso,5,1,RS,baixa,3
2012,idoso,5,1,RS,media,6
2012,idoso,5,1,RS,alta,1
2012,idoso,5,1,SC,baixa,4
2012,idoso,5,1,SC,media,2
2012,idoso,5,1,SC,alta,1
2012,idoso,5,1,SP,baixa,2
2012,idoso,5,1,SP,media,5
2012,idoso,5,1,SP,alta,2
2012,idoso,5,1,TO,baixa,2
2012,idoso,5,2,AC,baixa,2
2012,idoso,5,2,AL,baixa,2
2012,idoso,5,2,AL,media,1
2012,idoso,5,2,AM,baixa,19
2012,idoso,5,2,AM,media,3
2012,idoso,5,2,AP,media,1
2012,idoso,5,2,BA,baixa,1
2012,idoso,5,2,BA,media,2
2012,idoso,5,2,CE,baixa,1
2012,idoso,5,2,CE,media,2
2012,idoso,5,2,ES,baixa,1
2012,idoso,5,2,GO,baixa,1
2012,idoso,5,2,MA,baixa,4
2012,idoso,5,2,MA,media,1
2012,idoso,5,2,MG,baixa,4
2012,idoso,5,2,MG,media,3
2012,idoso,5,2,MS,baixa,17
2012,idoso,5,2,MS,media,6
2012,idoso,5,2,MT,baixa,2
2012,idoso,5,2,MT,media,2
2012,idoso,5,2,MT,alta,1
2012,idoso,5,2,PA,baixa,3
2012,idoso,5,2,PA,media,2
2012,idoso,5,2,PB,baixa,2
2012,idoso,5,2,PB,media,1
2012,idoso,5,2,PE,baixa,10
2012,idoso,5,2,PE,media,3
2012,idoso,5,2,PR,baixa,5
2012,idoso,5,2,PR,media,1
2012,idoso,5,2,RJ,baixa,2
2012,idoso,5,2,RJ,media,5
2012,idoso,5,2,RO,baixa,1
2012,idoso,5,2,RR,baixa,5
2012,idoso,5,2,RR,media,2
2012,idoso,5,2,RS,baixa,5
2012,idoso,5,2,RS,media,1
2012,idoso,5,2,SC,baixa,1
2012,idoso,5,2,SC,media,1
2012,idoso,5,2,SC,alta,1
2012,idoso,5,2,SE,baixa,1
2012,idoso,5,2,SE,media,1
2012,idoso,5,2,SP,baixa,5
2012,idoso,5,2,SP,media,5
2012,idoso,5,2,TO,media,1
2012,idoso,5,2,TO,alta,1
2012,jovem,1,1,AL,baixa,16
2012,jovem,1,1,AL,media,8
2012,jovem,1,1,AL,alta,8
2012,jovem,1,1,AM,baixa,5
2012,jovem,1,1,AM,media,48
2012,jovem,1,1,AM,alta,27
2012,jovem,1,1,AP,baixa,1
2012,jovem,1,1,AP,media,4
2012,jovem,1,1,AP,alta,13
2012,jovem,1,1,BA,baixa,13
2012,jovem,1,1,BA,media,106
2012,jovem,1,1,BA,alta,30
2012,jovem,1,1,CE,baixa,12
2012,jovem,1,1,CE,media,100
2012,jovem,1,1,CE,alta,34
2012,jovem,1,1,DF,baixa,3
2012,jovem,1,1,DF,media,39
2012,jovem,1,1,DF,alta,21
2012,jovem,1,1,ES,baixa,13
2012,jovem,1,1,ES,media,47
2012,jovem,1,1,ES,alta,21
2012,jovem,1,1,GO,baixa,23
2012,jovem,1,1,GO,media,170
2012,jovem,1,1,GO,alta,83
2012,jovem,1,1,MA,baixa,9
2012,jovem,1,1,MA,media,75
2012,jovem,1,1,MA,alta,40
2012,jovem,1,1,MG,baixa,50
2012,jovem,1,1,MG,media,307
2012,jovem,1,1,MG,alta,211
2012,jovem,1,1,MS,baixa,14
2012,jovem,1,1,MS,media,61
2012,jovem,1,1,MS,alta,50
2012,jovem,1,1,MT,baixa,6
2012,jovem,1,1,MT,media,98
2012,jovem,1,1,MT,alta,62
2012,jovem,1,1,PA,baixa,14
2012,jovem,1,1,PA,media,84
2012,jovem,1,1,PA,alta,36
2012,jovem,1,1,PB,baixa,3
2012,jovem,1,1,PB,media,22
2012,jovem,1,1,PB,alta,12
2012,jovem,1,1,PE,baixa,26
2012,jovem,1,1,PE,media,82
2012,jovem,1,1,PE,alta,40
2012,jovem,1,1,PI,baixa,7
2012,jovem,1,1,PI,media,46
2012,jovem,1,1,PI,alta,22
2012,jovem,1,1,PR,baixa,40
2012,jovem,1,1,PR,media,1056
2012,jovem,1,1,PR,alta,653
2012,jovem,1,1,RJ,baixa,21
2012,jovem,1,1,RJ,media,423
2012,jovem,1,1,RJ,alta,191
2012,jovem,1,1,RN,baixa,22
2012,jovem,1,1,RN,media,34
2012,jovem,1,1,RN,alta,18
2012,jovem,1,1,RO,baixa,2
2012,jovem,1,1,RO,media,20
2012,jovem,1,1,RO,alta,9
2012,jovem,1,1,RR,media,8
2012,jovem,1,1,RR,alta,2
2012,jovem,1,1,RS,baixa,49
2012,jovem,1,1,RS,media,448
2012,jovem,1,1,RS,alta,214
2012,jovem,1,1,SC,baixa,20
2012,jovem,1,1,SC,media,316
2012,jovem,1,1,SC,alta,309
2012,jovem,1,1,SE,baixa,6
2012,jovem,1,1,SE,media,42
2012,jovem,1,1,SE,alta,14
2012,jovem,1,1,SP,baixa,231
2012,jovem,1,1,SP,media,1004
2012,jovem,1,1,SP,alta,776
2012,jovem,1,1,TO,baixa,4
2012,jovem,1,1,TO,media,18
2012,jovem,1,1,TO,alta,8
2012,jovem,1,2,AC,media,2
2012,jovem,1,2,AC,alta,1
2012,jovem,1,2,AL,baixa,6
2012,jovem,1,2,AL,media,15
2012,jovem,1,2,AL,alta,4
2012,jovem,1,2,AM,baixa,3
2012,jovem,1,2,AM,media,21
2012,jovem,1,2,AM,alta,9
2012,jovem,1,2,AP,media,2
2012,jovem,1,2,AP,alta,1
2012,jovem,1,2,BA,baixa,8
2012,jovem,1,2,BA,media,36
2012,jovem,1,2,BA,alta,17
2012,jovem,1,2,CE,baixa,9
2012,jovem,1,2,CE,media,50
2012,jovem,1,2,CE,alta,15
2012,jovem,1,2,DF,baixa,2
2012,jovem,1,2,DF,media,24
2012,jovem,1,2,DF,alta,9
2012,jovem,1,2,ES,baixa,2
2012,jovem,1,2,ES,media,13
2012,jovem,1,2,ES,alta,8
2012,jovem,1,2,GO,baixa,7
2012,jovem,1,2,GO,media,48
2012,jovem,1,2,GO,alta,37
2012,jovem,1,2,MA,baixa,6
2012,jovem,1,2,MA,media,29
2012,jovem,1,2,MA,alta,22
2012,jovem,1,2,MG,baixa,21
2012,jovem,1,2,MG,media,114
2012,jovem,1,2,MG,alta,71
2012,jovem,1,2,MS,baixa,14
2012,jovem,1,2,MS,media,18
2012,jovem,1,2,MS,alta,17
2012,jovem,1,2,MT,baixa,5
2012,jovem,1,2,MT,media,41
2012,jovem,1,2,MT,alta,30
2012,jovem,1,2,PA,baixa,8
2012,jovem,1,2,PA,media,47
2012,jovem,1,2,PA,alta,34
2012,jovem,1,2,PB,media,14
2012,jovem,1,2,PB,alta,4
2012,jovem,1,2,PE,baixa,12
2012,jovem,1,2,PE,media,66
2012,jovem,1,2,PE,alta,22
2012,jovem,1,2,PI,baixa,1
2012,jovem,1,2,PI,media,18
2012,jovem,1,2,PI,alta,14
2012,jovem,1,2,PR,baixa,26
2012,jovem,1,2,PR,media,246
2012,jovem,1,2,PR,alta,183
2012,jovem,1,2,RJ,baixa,22
2012,jovem,1,2,RJ,media,160
2012,jovem,1,2,RJ,alta,88
2012,jovem,1,2,RN,baixa,7
2012,jovem,1,2,RN,media,20
2012,jovem,1,2,RN,alta,5
2012,jovem,1,2,RO,baixa,1
2012,jovem,1,2,RO,media,11
2012,jovem,1,2,RO,alta,7
2012,jovem,1,2,RR,media,3
2012,jovem,1,2,RR,alta,4
2012,jovem,1,2,RS,baixa,27
2012,jovem,1,2,RS,media,116
2012,jovem,1,2,RS,alta,71
2012,jovem,1,2,SC,baixa,7
2012,jovem,1,2,SC,media,98
2012,jovem,1,2,SC,alta,108
2012,jovem,1,2,SE,media,14
2012,jovem,1,2,SE,alta,6
2012,jovem,1,2,SP,baixa,70
2012,jovem,1,2,SP,media,360
2012,jovem,1,2,SP,alta,298
2012,jovem,1,2,TO,media,10
2012,jovem,1,2,TO,alta,8
2012,jovem,2,1,AC,alta,1
2012,jovem,2,1,AL,baixa,7
2012,jovem,2,1,AL,media,4
2012,jovem,2,1,AL,alta,2
2012,jovem,2,1,AM,baixa,1
2012,jovem,2,1,AM,media,6
2012,jovem,2,1,AM,alta,1
2012,jovem,2,1,AP,media,3
2012,jovem,2,1,BA,baixa,24
2012,jovem,2,1,BA,media,148
2012,jovem,2,1,BA,alta,25
2012,jovem,2,1,CE,baixa,3
2012,jovem,2,1,CE,media,21
2012,jovem,2,1,CE,alta,3
2012,jovem,2,1,DF,media,13
2012,jovem,2,1,DF,alta,4
2012,jovem,2,1,ES,baixa,7
2012,jovem,2,1,ES,media,25
2012,jovem,2,1,ES,alta,4
2012,jovem,2,1,GO,baixa,1
2012,jovem,2,1,GO,media,38
2012,jovem,2,1,GO,alta,11
2012,jovem,2,1,MA,baixa,8
2012,jovem,2,1,MA,media,59
2012,jovem,2,1,MA,alta,33
2012,jovem,2,1,MG,baixa,13
2012,jovem,2,1,MG,media,123
2012,jovem,2,1,MG,alta,68
2012,jovem,2,1,MS,baixa,2
2012,jovem,2,1,MS,media,8
2012,jovem,2,1,MS,alta,3
2012,jovem,2,1,MT,media,39
2012,jovem,2,1,MT,alta,13
2012,jovem,2,1,PA,baixa,8
2012,jovem,2,1,PA,media,55
2012,jovem,2,1,PA,alta,14
2012,jovem,2,1,PB,baixa,1
2012,jovem,2,1,PB,media,4
2012,jovem,2,1,PB,alta,1
2012,jovem,2,1,PE,baixa,3
2012,jovem,2,1,PE,media,22
2012,jovem,2,1,PE,alta,3
2012,jovem,2,1,PI,baixa,4
2012,jovem,2,1,PI,media,23
2012,jovem,2,1,PI,alta,10
2012,jovem,2,1,PR,baixa,1
2012,jovem,2,1,PR,media,46
2012,jovem,2,1,PR,alta,20
2012,jovem,2,1,RJ,baixa,10
2012,jovem,2,1,RJ,media,255
2012,jovem,2,1,RJ,alta,72
2012,jovem,2,1,RN,baixa,3
2012,jovem,2,1,RN,media,5
2012,jovem,2,1,RO,baixa,1
2012,jovem,2,1,RO,media,10
2012,jovem,2,1,RO,alta,1
2012,jovem,2,1,RR,media,2
2012,jovem,2,1,RS,baixa,5
2012,jovem,2,1,RS,media,65
2012,jovem,2,1,RS,alta,17
2012,jovem,2,1,SC,media,24
2012,jovem,2,1,SC,alta,11
2012,jovem,2,1,SE,baixa,1
2012,jovem,2,1,SE,media,20
2012,jovem,2,1,SE,alta,6
2012,jovem,2,1,SP,baixa,17
2012,jovem,2,1,SP,media,116
2012,jovem,2,1,SP,alta,86
2012,jovem,2,1,TO,baixa,1
2012,jovem,2,1,TO,media,12
2012,jovem,2,1,TO,alta,5
2012,jovem,2,2,AL,baixa,1
2012,jovem,2,2,AL,media,2
2012,jovem,2,2,AM,media,2
2012,jovem,2,2,AM,alta,1
2012,jovem,2,2,AP,media,3
2012,jovem,2,2,AP,alta,1
2012,jovem,2,2,BA,baixa,3
2012,jovem,2,2,BA,media,38
2012,jovem,2,2,BA,alta,9
2012,jovem,2,2,CE,baixa,1
2012,jovem,2,2,CE,media,5
2012,jovem,2,2,CE,alta,1
2012,jovem,2,2,DF,baixa,1
2012,jovem,2,2,DF,media,2
2012,jovem,2,2,DF,alta,1
2012,jovem,2,2,ES,media,9
2012,jovem,2,2,ES,alta,1
2012,jovem,2,2,GO,media,13
2012,jovem,2,2,GO,alta,3
2012,jovem,2,2,MA,baixa,2
2012,jovem,2,2,MA,media,20
2012,jovem,2,2,MA,alta,16
2012,jovem,2,2,MG,baixa,3
2012,jovem,2,2,MG,media,37
2012,jovem,2,2,MG,alta,13
2012,jovem,2,2,MS,media,3
2012,jovem,2,2,MS,alta,3
2012,jovem,2,2,MT,media,3
2012,jovem,2,2,MT,alta,2
2012,jovem,2,2,PA,baixa,3
2012,jovem,2,2,PA,media,20
2012,jovem,2,2,PA,alta,6
2012,jovem,2,2,PB,media,3
2012,jovem,2,2,PE,baixa,2
2012,jovem,2,2,PE,media,10
2012,jovem,2,2,PE,alta,2
2012,jovem,2,2,PI,media,5
2012,jovem,2,2,PI,alta,3
2012,jovem,2,2,PR,baixa,2
2012,jovem,2,2,PR,media,6
2012,jovem,2,2,PR,alta,7
2012,jovem,2,2,RJ,baixa,2
2012,jovem,2,2,RJ,media,79
2012,jovem,2,2,RJ,alta,21
2012,jovem,2,2,RO,media,3
2012,jovem,2,2,RS,baixa,1
2012,jovem,2,2,RS,media,18
2012,jovem,2,2,RS,alta,7
2012,jovem,2,2,SC,media,6
2012,jovem,2,2,SC,alta,4
2012,jovem,2,2,SE,media,5
2012,jovem,2,2,SP,baixa,6
2012,jovem,2,2,SP,media,34
2012,jovem,2,2,SP,alta,23
2012,jovem,2,2,TO,alta,2
2012,jovem,3,1,ES,baixa,1
2012,jovem,3,1,GO,media,1
2012,jovem,3,1,MA,media,1
2012,jovem,3,1,MA,alta,1
2012,jovem,3,1,MG,alta,4
2012,jovem,3,1,MS,media,1
2012,jovem,3,1,MS,alta,2
2012,jovem,3,1,MT,alta,1
2012,jovem,3,1,PA,media,1
2012,jovem,3,1,PA,alta,2
2012,jovem,3,1,PE,media,1
2012,jovem,3,1,PR,baixa,1
2012,jovem,3,1,PR,media,5
2012,jovem,3,1,PR,alta,1
2012,jovem,3,1,RJ,media,3
2012,jovem,3,1,RJ,alta,1
2012,jovem,3,1,SP,media,3
2012,jovem,3,1,SP,alta,4
2012,jovem,3,2,DF,media,1
2012,jovem,3,2,GO,alta,1
2012,jovem,3,2,MG,alta,1
2012,jovem,3,2,MT,media,1
2012,jovem,3,2,PI,media,1
2012,jovem,3,2,RJ,media,3
2012,jovem,3,2,SP,media,3
2012,jovem,3,2,SP,alta,1
2012,jovem,4,0,AL,baixa,1
2012,jovem,4,1,AC,baixa,5
2012,jovem,4,1,AC,media,18
2012,jovem,4,1,AC,alta,5
2012,jovem,4,1,AL,baixa,321
2012,jovem,4,1,AL,media,81
2012,jovem,4,1,AL,alta,60
2012,jovem,4,1,AM,baixa,13
2012,jovem,4,1,AM,media,514
2012,jovem,4,1,AM,alta,142
2012,jovem,4,1,AP,baixa,3
2012,jovem,4,1,AP,media,32
2012,jovem,4,1,AP,alta,35
2012,jovem,4,1,BA,baixa,102
2012,jovem,4,1,BA,media,878
2012,jovem,4,1,BA,alta,161
2012,jovem,4,1,CE,baixa,74
2012,jovem,4,1,CE,media,671
2012,jovem,4,1,CE,alta,149
2012,jovem,4,1,DF,baixa,7
2012,jovem,4,1,DF,media,236
2012,jovem,4,1,DF,alta,83
2012,jovem,4,1,ES,baixa,30
2012,jovem,4,1,ES,media,234
2012,jovem,4,1,ES,alta,84
2012,jovem,4,1,GO,baixa,41
2012,jovem,4,1,GO,media,460
2012,jovem,4,1,GO,alta,223
2012,jovem,4,1,MA,baixa,65
2012,jovem,4,1,MA,media,492
2012,jovem,4,1,MA,alta,251
2012,jovem,4,1,MG,baixa,71
2012,jovem,4,1,MG,media,592
2012,jovem,4,1,MG,alta,335
2012,jovem,4,1,MS,baixa,9
2012,jovem,4,1,MS,media,109
2012,jovem,4,1,MS,alta,83
2012,jovem,4,1,MT,baixa,15
2012,jovem,4,1,MT,media,262
2012,jovem,4,1,MT,alta,138
2012,jovem,4,1,PA,baixa,59
2012,jovem,4,1,PA,media,866
2012,jovem,4,1,PA,alta,338
2012,jovem,4,1,PB,baixa,46
2012,jovem,4,1,PB,media,143
2012,jovem,4,1,PB,alta,36
2012,jovem,4,1,PE,baixa,60
2012,jovem,4,1,PE,media,953
2012,jovem,4,1,PE,alta,221
2012,jovem,4,1,PI,baixa,24
2012,jovem,4,1,PI,media,226
2012,jovem,4,1,PI,alta,87
2012,jovem,4,1,PR,baixa,13
2012,jovem,4,1,PR,media,253
2012,jovem,4,1,PR,alta,149
2012,jovem,4,1,RJ,baixa,29
2012,jovem,4,1,RJ,media,752
2012,jovem,4,1,RJ,alta,229
2012,jovem,4,1,RN,baixa,110
2012,jovem,4,1,RN,media,123
2012,jovem,4,1,RN,alta,17
2012,jovem,4,1,RO,baixa,3
2012,jovem,4,1,RO,media,50
2012,jovem,4,1,RO,alta,22
2012,jovem,4,1,RR,baixa,3
2012,jovem,4,1,RR,media,47
2012,jovem,4,1,RR,alta,21
2012,jovem,4,1,RS,baixa,3
2012,jovem,4,1,RS,media,66
2012,jovem,4,1,RS,alta,11
2012,jovem,4,1,SC,baixa,4
2012,jovem,4,1,SC,media,42
2012,jovem,4,1,SC,alta,26
2012,jovem,4,1,SE,baixa,17
2012,jovem,4,1,SE,media,315
2012,jovem,4,1,SE,alta,86
2012,jovem,4,1,SP,baixa,78
2012,jovem,4,1,SP,media,766
2012,jovem,4,1,SP,alta,478
2012,jovem,4,1,TO,baixa,14
2012,jovem,4,1,TO,media,90
2012,jovem,4,1,TO,alta,54
2012,jovem,4,2,AC,baixa,2
2012,jovem,4,2,AC,media,6
2012,jovem,4,2,AC,alta,4
2012,jovem,4,2,AL,baixa,25
2012,jovem,4,2,AL,media,34
2012,jovem,4,2,AL,alta,19
2012,jovem,4,2,AM,baixa,5
2012,jovem,4,2,AM,media,106
2012,jovem,4,2,AM,alta,36
2012,jovem,4,2,AP,baixa,1
2012,jovem,4,2,AP,media,15
2012,jovem,4,2,AP,alta,6
2012,jovem,4,2,BA,baixa,20
2012,jovem,4,2,BA,media,210
2012,jovem,4,2,BA,alta,64
2012,jovem,4,2,CE,baixa,10
2012,jovem,4,2,CE,media,110
2012,jovem,4,2,CE,alta,54
2012,jovem,4,2,DF,baixa,4
2012,jovem,4,2,DF,media,45
2012,jovem,4,2,DF,alta,24
2012,jovem,4,2,ES,baixa,4
2012,jovem,4,2,ES,media,53
2012,jovem,4,2,ES,alta,30
2012,jovem,4,2,GO,baixa,7
2012,jovem,4,2,GO,media,67
2012,jovem,4,2,GO,alta,46
2012,jovem,4,2,MA,baixa,16
2012,jovem,4,2,MA,media,129
2012,jovem,4,2,MA,alta,62
2012,jovem,4,2,MG,baixa,14
2012,jovem,4,2,MG,media,146
2012,jovem,4,2,MG,alta,70
2012,jovem,4,2,MS,baixa,7
2012,jovem,4,2,MS,media,27
2012,jovem,4,2,MS,alta,29
2012,jovem,4,2,MT,baixa,5
2012,jovem,4,2,MT,media,67
2012,jovem,4,2,MT,alta,41
2012,jovem,4,2,PA,baixa,20
2012,jovem,4,2,PA,media,239
2012,jovem,4,2,PA,alta,113
2012,jovem,4,2,PB,baixa,5
2012,jovem,4,2,PB,media,50
2012,jovem,4,2,PB,alta,8
2012,jovem,4,2,PE,baixa,28
2012,jovem,4,2,PE,media,179
2012,jovem,4,2,PE,alta,66
2012,jovem,4,2,PI,baixa,6
2012,jovem,4,2,PI,media,61
2012,jovem,4,2,PI,alta,30
2012,jovem,4,2,PR,baixa,3
2012,jovem,4,2,PR,media,40
2012,jovem,4,2,PR,alta,21
2012,jovem,4,2,RJ,baixa,12
2012,jovem,4,2,RJ,media,171
2012,jovem,4,2,RJ,alta,80
2012,jovem,4,2,RN,baixa,7
2012,jovem,4,2,RN,media,24
2012,jovem,4,2,RN,alta,10
2012,jovem,4,2,RO,media,20
2012,jovem,4,2,RO,alta,10
2012,jovem,4,2,RR,baixa,2
2012,jovem,4,2,RR,media,11
2012,jovem,4,2,RR,alta,8
2012,jovem,4,2,RS,baixa,1
2012,jovem,4,2,RS,media,27
2012,jovem,4,2,RS,alta,4
2012,jovem,4,2,SC,baixa,1
2012,jovem,4,2,SC,media,14
2012,jovem,4,2,SC,alta,4
2012,jovem,4,2,SE,baixa,8
2012,jovem,4,2,SE,media,47
2012,jovem,4,2,SE,alta,18
2012,jovem,4,2,SP,baixa,27
2012,jovem,4,2,SP,media,174
2012,jovem,4,2,SP,alta,124
2012,jovem,4,2,TO,baixa,1
2012,jovem,4,2,TO,media,23
2012,jovem,4,2,TO,alta,13
2012,jovem,5,1,AC,baixa,2
2012,jovem,5,1,AC,media,1
2012,jovem,5,1,AM,baixa,2
2012,jovem,5,1,AM,media,19
2012,jovem,5,1,AM,alta,10
2012,jovem,5,1,BA,media,1
2012,jovem,5,1,CE,media,1
2012,jovem,5,1,CE,alta,1
2012,jovem,5,1,GO,baixa,1
2012,jovem,5,1,MA,baixa,1
2012,jovem,5,1,MA,media,4
2012,jovem,5,1,MS,media,23
2012,jovem,5,1,MS,alta,7
2012,jovem,5,1,MT,baixa,1
2012,jovem,5,1,MT,media,6
2012,jovem,5,1,PA,media,1
2012,jovem,5,1,PA,alta,2
2012,jovem,5,1,PE,alta,1
2012,jovem,5,1,PR,baixa,1
2012,jovem,5,1,PR,media,1
2012,jovem,5,1,RJ,media,1
2012,jovem,5,1,RN,baixa,1
2012,jovem,5,1,RO,baixa,1
2012,jovem,5,1,RR,media,4
2012,jovem,5,1,RR,alta,2
2012,jovem,5,1,RS,media,1
2012,jovem,5,1,SE,media,1
2012,jovem,5,1,SE,alta,1
2012,jovem,5,1,SP,media,2
2012,jovem,5,1,SP,alta,1
2012,jovem,5,1,TO,media,2
2012,jovem,5,2,AC,media,2
2012,jovem,5,2,AL,media,1
2012,jovem,5,2,AM,baixa,4
2012,jovem,5,2,AM,media,14
2012,jovem,5,2,AM,alta,5
2012,jovem,5,2,MA,media,5
2012,jovem,5,2,MA,alta,1
2012,jovem,5,2,MS,baixa,2
2012,jovem,5,2,MS,media,11
2012,jovem,5,2,MS,alta,3
2012,jovem,5,2,MT,baixa,2
2012,jovem,5,2,MT,media,2
2012,jovem,5,2,PA,baixa,1
2012,jovem,5,2,PA,media,1
2012,jovem,5,2,PA,alta,1
2012,jovem,5,2,PR,media,1
2012,jovem,5,2,PR,alta,1
2012,jovem,5,2,RJ,media,1
2012,jovem,5,2,RR,baixa,1
2012,jovem,5,2,RR,media,3
2012,jovem,5,2,RR,alta,1
2012,jovem,5,2,RS,media,3
2012,jovem,5,2,RS,alta,1
2012,jovem,5,2,SP,media,1
2012,jovem,5,2,SP,alta,1
2012,jovem,5,2,TO,media,1
2012,meia-idade,1,1,AC,baixa,2
2012,meia-idade,1,1,AC,media,4
2012,meia-idade,1,1,AC,alta,3
2012,meia-idade,1,1,AL,baixa,32
2012,meia-idade,1,1,AL,media,72
2012,meia-idade,1,1,AL,alta,24
2012,meia-idade,1,1,AM,baixa,16
2012,meia-idade,1,1,AM,media,100
2012,meia-idade,1,1,AM,alta,59
2012,meia-idade,1,1,AP,media,9
2012,meia-idade,1,1,AP,alta,1
2012,meia-idade,1,1,BA,baixa,75
2012,meia-idade,1,1,BA,media,238
2012,meia-idade,1,1,BA,alta,66
2012,meia-idade,1,1,CE,baixa,71
2012,meia-idade,1,1,CE,media,282
2012,meia-idade,1,1,CE,alta,99
2012,meia-idade,1,1,DF,baixa,20
2012,meia-idade,1,1,DF,media,244
2012,meia-idade,1,1,DF,alta,90
2012,meia-idade,1,1,ES,baixa,65
2012,meia-idade,1,1,ES,media,291
2012,meia-idade,1,1,ES,alta,94
2012,meia-idade,1,1,GO,baixa,92
2012,meia-idade,1,1,GO,media,371
2012,meia-idade,1,1,GO,alta,150
2012,meia-idade,1,1,MA,baixa,54
2012,meia-idade,1,1,MA,media,170
2012,meia-idade,1,1,MA,alta,72
2012,meia-idade,1,1,MG,baixa,272
2012,meia-idade,1,1,MG,media,1819
2012,meia-idade,1,1,MG,alta,587
2012,meia-idade,1,1,MS,baixa,41
2012,meia-idade,1,1,MS,media,394
2012,meia-idade,1,1,MS,alta,180
2012,meia-idade,1,1,MT,baixa,37
2012,meia-idade,1,1,MT,media,355
2012,meia-idade,1,1,MT,alta,129
2012,meia-idade,1,1,PA,baixa,36
2012,meia-idade,1,1,PA,media,194
2012,meia-idade,1,1,PA,alta,79
2012,meia-idade,1,1,PB,baixa,44
2012,meia-idade,1,1,PB,media,84
2012,meia-idade,1,1,PB,alta,18
2012,meia-idade,1,1,PE,baixa,124
2012,meia-idade,1,1,PE,media,502
2012,meia-idade,1,1,PE,alta,161
2012,meia-idade,1,1,PI,baixa,32
2012,meia-idade,1,1,PI,media,77
2012,meia-idade,1,1,PI,alta,25
2012,meia-idade,1,1,PR,baixa,257
2012,meia-idade,1,1,PR,media,3286
2012,meia-idade,1,1,PR,alta,1149
2012,meia-idade,1,1,RJ,baixa,319
2012,meia-idade,1,1,RJ,media,2246
2012,meia-idade,1,1,RJ,alta,902
2012,meia-idade,1,1,RN,baixa,50
2012,meia-idade,1,1,RN,media,123
2012,meia-idade,1,1,RN,alta,31
2012,meia-idade,1,1,RO,baixa,7
2012,meia-idade,1,1,RO,media,80
2012,meia-idade,1,1,RO,alta,11
2012,meia-idade,1,1,RR,media,21
2012,meia-idade,1,1,RR,alta,7
2012,meia-idade,1,1,RS,baixa,354
2012,meia-idade,1,1,RS,media,2888
2012,meia-idade,1,1,RS,alta,760
2012,meia-idade,1,1,SC,baixa,141
2012,meia-idade,1,1,SC,media,1902
2012,meia-idade,1,1,SC,alta,767
2012,meia-idade,1,1,SE,baixa,17
2012,meia-idade,1,1,SE,media,74
2012,meia-idade,1,1,SE,alta,52
2012,meia-idade,1,1,SP,baixa,1440
2012,meia-idade,1,1,SP,media,7536
2012,meia-idade,1,1,SP,alta,3132
2012,meia-idade,1,1,TO,baixa,14
2012,meia-idade,1,1,TO,media,50
2012,meia-idade,1,1,TO,alta,18
2012,meia-idade,1,2,AC,media,5
2012,meia-idade,1,2,AC,alta,1
2012,meia-idade,1,2,AL,baixa,39
2012,meia-idade,1,2,AL,media,68
2012,meia-idade,1,2,AL,alta,23
2012,meia-idade,1,2,AM,baixa,10
2012,meia-idade,1,2,AM,media,71
2012,meia-idade,1,2,AM,alta,46
2012,meia-idade,1,2,AP,baixa,2
2012,meia-idade,1,2,AP,media,7
2012,meia-idade,1,2,AP,alta,6
2012,meia-idade,1,2,BA,baixa,80
2012,meia-idade,1,2,BA,media,178
2012,meia-idade,1,2,BA,alta,64
2012,meia-idade,1,2,CE,baixa,43
2012,meia-idade,1,2,CE,media,218
2012,meia-idade,1,2,CE,alta,75
2012,meia-idade,1,2,DF,baixa,14
2012,meia-idade,1,2,DF,media,166
2012,meia-idade,1,2,DF,alta,86
2012,meia-idade,1,2,ES,baixa,43
2012,meia-idade,1,2,ES,media,178
2012,meia-idade,1,2,ES,alta,52
2012,meia-idade,1,2,GO,baixa,72
2012,meia-idade,1,2,GO,media,278
2012,meia-idade,1,2,GO,alta,100
2012,meia-idade,1,2,MA,baixa,59
2012,meia-idade,1,2,MA,media,118
2012,meia-idade,1,2,MA,alta,57
2012,meia-idade,1,2,MG,baixa,239
2012,meia-idade,1,2,MG,media,1195
2012,meia-idade,1,2,MG,alta,335
2012,meia-idade,1,2,MS,baixa,44
2012,meia-idade,1,2,MS,media,224
2012,meia-idade,1,2,MS,alta,118
2012,meia-idade,1,2,MT,baixa,33
2012,meia-idade,1,2,MT,media,185
2012,meia-idade,1,2,MT,alta,63
2012,meia-idade,1,2,PA,baixa,26
2012,meia-idade,1,2,PA,media,158
2012,meia-idade,1,2,PA,alta,74
2012,meia-idade,1,2,PB,baixa,19
2012,meia-idade,1,2,PB,media,70
2012,meia-idade,1,2,PB,alta,17
2012,meia-idade,1,2,PE,baixa,142
2012,meia-idade,1,2,PE,media,418
2012,meia-idade,1,2,PE,alta,144
2012,meia-idade,1,2,PI,baixa,20
2012,meia-idade,1,2,PI,media,55
2012,meia-idade,1,2,PI,alta,15
2012,meia-idade,1,2,PR,baixa,281
2012,meia-idade,1,2,PR,media,1835
2012,meia-idade,1,2,PR,alta,589
2012,meia-idade,1,2,RJ,baixa,248
2012,meia-idade,1,2,RJ,media,1960
2012,meia-idade,1,2,RJ,alta,805
2012,meia-idade,1,2,RN,baixa,50
2012,meia-idade,1,2,RN,media,98
2012,meia-idade,1,2,RN,alta,27
2012,meia-idade,1,2,RO,baixa,9
2012,meia-idade,1,2,RO,media,40
2012,meia-idade,1,2,RO,alta,19
2012,meia-idade,1,2,RR,baixa,1
2012,meia-idade,1,2,RR,media,12
2012,meia-idade,1,2,RR,alta,1
2012,meia-idade,1,2,RS,baixa,264
2012,meia-idade,1,2,RS,media,1731
2012,meia-idade,1,2,RS,alta,491
2012,meia-idade,1,2,SC,baixa,83
2012,meia-idade,1,2,SC,media,1087
2012,meia-idade,1,2,SC,alta,428
2012,meia-idade,1,2,SE,baixa,23
2012,meia-idade,1,2,SE,media,68
2012,meia-idade,1,2,SE,alta,29
2012,meia-idade,1,2,SP,baixa,1025
2012,meia-idade,1,2,SP,media,4806
2012,meia-idade,1,2,SP,alta,1756
2012,meia-idade,1,2,TO,baixa,11
2012,meia-idade,1,2,TO,media,27
2012,meia-idade,1,2,TO,alta,12
2012,meia-idade,2,1,AC,baixa,1
2012,meia-idade,2,1,AC,media,3
2012,meia-idade,2,1,AL,baixa,23
2012,meia-idade,2,1,AL,media,28
2012,meia-idade,2,1,AL,alta,4
2012,meia-idade,2,1,AM,baixa,7
2012,meia-idade,2,1,AM,media,12
2012,meia-idade,2,1,AM,alta,8
2012,meia-idade,2,1,AP,baixa,1
2012,meia-idade,2,1,AP,media,4
2012,meia-idade,2,1,BA,baixa,136
2012,meia-idade,2,1,BA,media,235
2012,meia-idade,2,1,BA,alta,38
2012,meia-idade,2,1,CE,baixa,46
2012,meia-idade,2,1,CE,media,76
2012,meia-idade,2,1,CE,alta,10
2012,meia-idade,2,1,DF,baixa,7
2012,meia-idade,2,1,DF,media,46
2012,meia-idade,2,1,DF,alta,22
2012,meia-idade,2,1,ES,baixa,33
2012,meia-idade,2,1,ES,media,95
2012,meia-idade,2,1,ES,alta,20
2012,meia-idade,2,1,GO,baixa,43
2012,meia-idade,2,1,GO,media,97
2012,meia-idade,2,1,GO,alta,22
2012,meia-idade,2,1,MA,baixa,82
2012,meia-idade,2,1,MA,media,129
2012,meia-idade,2,1,MA,alta,33
2012,meia-idade,2,1,MG,baixa,127
2012,meia-idade,2,1,MG,media,547
2012,meia-idade,2,1,MG,alta,82
2012,meia-idade,2,1,MS,baixa,12
2012,meia-idade,2,1,MS,media,44
2012,meia-idade,2,1,MS,alta,19
2012,meia-idade,2,1,MT,baixa,24
2012,meia-idade,2,1,MT,media,100
2012,meia-idade,2,1,MT,alta,16
2012,meia-idade,2,1,PA,baixa,37
2012,meia-idade,2,1,PA,media,138
2012,meia-idade,2,1,PA,alta,30
2012,meia-idade,2,1,PB,baixa,19
2012,meia-idade,2,1,PB,media,15
2012,meia-idade,2,1,PB,alta,2
2012,meia-idade,2,1,PE,baixa,64
2012,meia-idade,2,1,PE,media,146
2012,meia-idade,2,1,PE,alta,32
2012,meia-idade,2,1,PI,baixa,55
2012,meia-idade,2,1,PI,media,60
2012,meia-idade,2,1,PI,alta,8
2012,meia-idade,2,1,PR,baixa,41
2012,meia-idade,2,1,PR,media,162
2012,meia-idade,2,1,PR,alta,26
2012,meia-idade,2,1,RJ,baixa,172
2012,meia-idade,2,1,RJ,media,1002
2012,meia-idade,2,1,RJ,alta,223
2012,meia-idade,2,1,RN,baixa,20
2012,meia-idade,2,1,RN,media,26
2012,meia-idade,2,1,RN,alta,3
2012,meia-idade,2,1,RO,baixa,3
2012,meia-idade,2,1,RO,media,10
2012,meia-idade,2,1,RO,alta,2
2012,meia-idade,2,1,RR,baixa,1
2012,meia-idade,2,1,RR,media,4
2012,meia-idade,2,1,RR,alta,2
2012,meia-idade,2,1,RS,baixa,44
2012,meia-idade,2,1,RS,media,207
2012,meia-idade,2,1,RS,alta,42
2012,meia-idade,2,1,SC,baixa,7
2012,meia-idade,2,1,SC,media,72
2012,meia-idade,2,1,SC,alta,34
2012,meia-idade,2,1,SE,baixa,35
2012,meia-idade,2,1,SE,media,54
2012,meia-idade,2,1,SE,alta,21
2012,meia-idade,2,1,SP,baixa,187
2012,meia-idade,2,1,SP,media,959
2012,meia-idade,2,1,SP,alta,229
2012,meia-idade,2,1,TO,baixa,15
2012,meia-idade,2,1,TO,media,29
2012,meia-idade,2,1,TO,alta,2
2012,meia-idade,2,2,AC,alta,2
2012,meia-idade,2,2,AL,baixa,21
2012,meia-idade,2,2,AL,media,19
2012,meia-idade,2,2,AL,alta,1
2012,meia-idade,2,2,AM,baixa,2
2012,meia-idade,2,2,AM,media,7
2012,meia-idade,2,2,AM,alta,5
2012,meia-idade,2,2,AP,baixa,2
2012,meia-idade,2,2,AP,media,6
2012,meia-idade,2,2,BA,baixa,95
2012,meia-idade,2,2,BA,media,160
2012,meia-idade,2,2,BA,alta,24
2012,meia-idade,2,2,CE,baixa,17
2012,meia-idade,2,2,CE,media,29
2012,meia-idade,2,2,CE,alta,9
2012,meia-idade,2,2,DF,baixa,12
2012,meia-idade,2,2,DF,media,37
2012,meia-idade,2,2,DF,alta,8
2012,meia-idade,2,2,ES,baixa,22
2012,meia-idade,2,2,ES,media,62
2012,meia-idade,2,2,ES,alta,8
2012,meia-idade,2,2,GO,baixa,21
2012,meia-idade,2,2,GO,media,90
2012,meia-idade,2,2,GO,alta,16
2012,meia-idade,2,2,MA,baixa,66
2012,meia-idade,2,2,MA,media,91
2012,meia-idade,2,2,MA,alta,22
2012,meia-idade,2,2,MG,baixa,110
2012,meia-idade,2,2,MG,media,349
2012,meia-idade,2,2,MG,alta,58
2012,meia-idade,2,2,MS,baixa,9
2012,meia-idade,2,2,MS,media,32
2012,meia-idade,2,2,MS,alta,10
2012,meia-idade,2,2,MT,baixa,20
2012,meia-idade,2,2,MT,media,47
2012,meia-idade,2,2,MT,alta,6
2012,meia-idade,2,2,PA,baixa,26
2012,meia-idade,2,2,PA,media,60
2012,meia-idade,2,2,PA,alta,24
2012,meia-idade,2,2,PB,baixa,11
2012,meia-idade,2,2,PB,media,8
2012,meia-idade,2,2,PB,alta,1
2012,meia-idade,2,2,PE,baixa,65
2012,meia-idade,2,2,PE,media,108
2012,meia-idade,2,2,PE,alta,31
2012,meia-idade,2,2,PI,baixa,17
2012,meia-idade,2,2,PI,media,24
2012,meia-idade,2,2,PI,alta,6
2012,meia-idade,2,2,PR,baixa,36
2012,meia-idade,2,2,PR,media,94
2012,meia-idade,2,2,PR,alta,19
2012,meia-idade,2,2,RJ,baixa,199
2012,meia-idade,2,2,RJ,media,887
2012,meia-idade,2,2,RJ,alta,225
2012,meia-idade,2,2,RN,baixa,15
2012,meia-idade,2,2,RN,media,15
2012,meia-idade,2,2,RN,alta,5
2012,meia-idade,2,2,RO,baixa,3
2012,meia-idade,2,2,RO,media,5
2012,meia-idade,2,2,RR,baixa,1
2012,meia-idade,2,2,RR,media,4
2012,meia-idade,2,2,RS,baixa,36
2012,meia-idade,2,2,RS,media,148
2012,meia-idade,2,2,RS,alta,34
2012,meia-idade,2,2,SC,baixa,4
2012,meia-idade,2,2,SC,media,51
2012,meia-idade,2,2,SC,alta,19
2012,meia-idade,2,2,SE,baixa,25
2012,meia-idade,2,2,SE,media,24
2012,meia-idade,2,2,SE,alta,7
2012,meia-idade,2,2,SP,baixa,126
2012,meia-idade,2,2,SP,media,583
2012,meia-idade,2,2,SP,alta,146
2012,meia-idade,2,2,TO,baixa,12
2012,meia-idade,2,2,TO,media,15
2012,meia-idade,2,2,TO,alta,4
2012,meia-idade,3,1,AM,alta,1
2012,meia-idade,3,1,BA,media,1
2012,meia-idade,3,1,CE,baixa,1
2012,meia-idade,3,1,CE,media,2
2012,meia-idade,3,1,DF,baixa,1
2012,meia-idade,3,1,DF,media,1
2012,meia-idade,3,1,GO,media,4
2012,meia-idade,3,1,GO,alta,2
2012,meia-idade,3,1,MA,baixa,1
2012,meia-idade,3,1,MA,media,2
2012,meia-idade,3,1,MG,baixa,1
2012,meia-idade,3,1,MG,media,12
2012,meia-idade,3,1,MG,alta,2
2012,meia-idade,3,1,MS,baixa,1
2012,meia-idade,3,1,MS,media,11
2012,meia-idade,3,1,MS,alta,4
2012,meia-idade,3,1,MT,media,2
2012,meia-idade,3,1,MT,alta,1
2012,meia-idade,3,1,PA,baixa,1
2012,meia-idade,3,1,PA,media,2
2012,meia-idade,3,1,PA,alta,2
2012,meia-idade,3,1,PE,baixa,2
2012,meia-idade,3,1,PE,media,4
2012,meia-idade,3,1,PI,media,2
2012,meia-idade,3,1,PR,baixa,3
2012,meia-idade,3,1,PR,media,18
2012,meia-idade,3,1,PR,alta,10
2012,meia-idade,3,1,RJ,media,6
2012,meia-idade,3,1,RJ,alta,2
2012,meia-idade,3,1,RO,media,1
2012,meia-idade,3,1,RR,alta,1
2012,meia-idade,3,1,RS,baixa,2
2012,meia-idade,3,1,RS,alta,1
2012,meia-idade,3,1,SC,media,3
2012,meia-idade,3,1,SC,alta,2
2012,meia-idade,3,1,SP,baixa,10
2012,meia-idade,3,1,SP,media,80
2012,meia-idade,3,1,SP,alta,45
2012,meia-idade,3,1,TO,alta,1
2012,meia-idade,3,2,AL,media,1
2012,meia-idade,3,2,AM,media,1
2012,meia-idade,3,2,BA,baixa,2
2012,meia-idade,3,2,BA,media,1
2012,meia-idade,3,2,CE,baixa,1
2012,meia-idade,3,2,CE,media,4
2012,meia-idade,3,2,CE,alta,1
2012,meia-idade,3,2,DF,baixa,1
2012,meia-idade,3,2,DF,media,3
2012,meia-idade,3,2,DF,alta,1
2012,meia-idade,3,2,ES,media,2
2012,meia-idade,3,2,GO,media,2
2012,meia-idade,3,2,MA,alta,2
2012,meia-idade,3,2,MG,baixa,2
2012,meia-idade,3,2,MG,media,9
2012,meia-idade,3,2,MG,alta,2
2012,meia-idade,3,2,MS,media,4
2012,meia-idade,3,2,MS,alta,1
2012,meia-idade,3,2,MT,baixa,1
2012,meia-idade,3,2,MT,media,3
2012,meia-idade,3,2,PA,baixa,2
2012,meia-idade,3,2,PA,media,2
2012,meia-idade,3,2,PA,alta,1
2012,meia-idade,3,2,PE,media,4
2012,meia-idade,3,2,PE,alta,3
2012,meia-idade,3,2,PI,baixa,1
2012,meia-idade,3,2,PR,baixa,1
2012,meia-idade,3,2,PR,media,5
2012,meia-idade,3,2,PR,alta,7
2012,meia-idade,3,2,RJ,baixa,3
2012,meia-idade,3,2,RJ,media,5
2012,meia-idade,3,2,RJ,alta,2
2012,meia-idade,3,2,RN,media,3
2012,meia-idade,3,2,RO,media,1
2012,meia-idade,3,2,RR,alta,1
2012,meia-idade,3,2,RS,media,2
2012,meia-idade,3,2,SC,media,3
2012,meia-idade,3,2,SE,alta,1
2012,meia-idade,3,2,SP,baixa,7
2012,meia-idade,3,2,SP,media,33
2012,meia-idade,3,2,SP,alta,31
2012,meia-idade,3,2,TO,media,1
2012,meia-idade,4,0,MA,media,1
2012,meia-idade,4,0,RJ,media,1
2012,meia-idade,4,1,AC,baixa,13
2012,meia-idade,4,1,AC,media,16
2012,meia-idade,4,1,AC,alta,3
2012,meia-idade,4,1,AL,baixa,271
2012,meia-idade,4,1,AL,media,224
2012,meia-idade,4,1,AL,alta,74
2012,meia-idade,4,1,AM,baixa,109
2012,meia-idade,4,1,AM,media,489
2012,meia-idade,4,1,AM,alta,215
2012,meia-idade,4,1,AP,baixa,7
2012,meia-idade,4,1,AP,media,21
2012,meia-idade,4,1,AP,alta,12
2012,meia-idade,4,1,BA,baixa,454
2012,meia-idade,4,1,BA,media,1020
2012,meia-idade,4,1,BA,alta,156
2012,meia-idade,4,1,CE,baixa,444
2012,meia-idade,4,1,CE,media,1156
2012,meia-idade,4,1,CE,alta,260
2012,meia-idade,4,1,DF,baixa,53
2012,meia-idade,4,1,DF,media,389
2012,meia-idade,4,1,DF,alta,146
2012,meia-idade,4,1,ES,baixa,86
2012,meia-idade,4,1,ES,media,387
2012,meia-idade,4,1,ES,alta,85
2012,meia-idade,4,1,GO,baixa,133
2012,meia-idade,4,1,GO,media,723
2012,meia-idade,4,1,GO,alta,177
2012,meia-idade,4,1,MA,baixa,349
2012,meia-idade,4,1,MA,media,719
2012,meia-idade,4,1,MA,alta,179
2012,meia-idade,4,1,MG,baixa,366
2012,meia-idade,4,1,MG,media,1928
2012,meia-idade,4,1,MG,alta,319
2012,meia-idade,4,1,MS,baixa,99
2012,meia-idade,4,1,MS,media,450
2012,meia-idade,4,1,MS,alta,124
2012,meia-idade,4,1,MT,baixa,115
2012,meia-idade,4,1,MT,media,619
2012,meia-idade,4,1,MT,alta,139
2012,meia-idade,4,1,PA,baixa,240
2012,meia-idade,4,1,PA,media,999
2012,meia-idade,4,1,PA,alta,305
2012,meia-idade,4,1,PB,baixa,187
2012,meia-idade,4,1,PB,media,289
2012,meia-idade,4,1,PB,alta,74
2012,meia-idade,4,1,PE,baixa,526
2012,meia-idade,4,1,PE,media,1503
2012,meia-idade,4,1,PE,alta,369
2012,meia-idade,4,1,PI,baixa,222
2012,meia-idade,4,1,PI,media,546
2012,meia-idade,4,1,PI,alta,95
2012,meia-idade,4,1,PR,baixa,105
2012,meia-idade,4,1,PR,media,618
2012,meia-idade,4,1,PR,alta,125
2012,meia-idade,4,1,RJ,baixa,270
2012,meia-idade,4,1,RJ,media,1996
2012,meia-idade,4,1,RJ,alta,499
2012,meia-idade,4,1,RN,baixa,149
2012,meia-idade,4,1,RN,media,182
2012,meia-idade,4,1,RN,alta,30
2012,meia-idade,4,1,RO,baixa,24
2012,meia-idade,4,1,RO,media,94
2012,meia-idade,4,1,RO,alta,16
2012,meia-idade,4,1,RR,baixa,11
2012,meia-idade,4,1,RR,media,48
2012,meia-idade,4,1,RR,alta,11
2012,meia-idade,4,1,RS,baixa,26
2012,meia-idade,4,1,RS,media,211
2012,meia-idade,4,1,RS,alta,37
2012,meia-idade,4,1,SC,baixa,14
2012,meia-idade,4,1,SC,media,83
2012,meia-idade,4,1,SC,alta,24
2012,meia-idade,4,1,SE,baixa,109
2012,meia-idade,4,1,SE,media,284
2012,meia-idade,4,1,SE,alta,108
2012,meia-idade,4,1,SP,baixa,451
2012,meia-idade,4,1,SP,media,2994
2012,meia-idade,4,1,SP,alta,748
2012,meia-idade,4,1,TO,baixa,79
2012,meia-idade,4,1,TO,media,156
2012,meia-idade,4,1,TO,alta,40
2012,meia-idade,4,2,AC,baixa,17
2012,meia-idade,4,2,AC,media,11
2012,meia-idade,4,2,AC,alta,2
2012,meia-idade,4,2,AL,baixa,130
2012,meia-idade,4,2,AL,media,138
2012,meia-idade,4,2,AL,alta,28
2012,meia-idade,4,2,AM,baixa,68
2012,meia-idade,4,2,AM,media,304
2012,meia-idade,4,2,AM,alta,106
2012,meia-idade,4,2,AP,baixa,16
2012,meia-idade,4,2,AP,media,23
2012,meia-idade,4,2,AP,alta,6
2012,meia-idade,4,2,BA,baixa,333
2012,meia-idade,4,2,BA,media,654
2012,meia-idade,4,2,BA,alta,141
2012,meia-idade,4,2,CE,baixa,239
2012,meia-idade,4,2,CE,media,644
2012,meia-idade,4,2,CE,alta,145
2012,meia-idade,4,2,DF,baixa,45
2012,meia-idade,4,2,DF,media,184
2012,meia-idade,4,2,DF,alta,77
2012,meia-idade,4,2,ES,baixa,71
2012,meia-idade,4,2,ES,media,194
2012,meia-idade,4,2,ES,alta,49
2012,meia-idade,4,2,GO,baixa,134
2012,meia-idade,4,2,GO,media,417
2012,meia-idade,4,2,GO,alta,108
2012,meia-idade,4,2,MA,baixa,277
2012,meia-idade,4,2,MA,media,402
2012,meia-idade,4,2,MA,alta,113
2012,meia-idade,4,2,MG,baixa,289
2012,meia-idade,4,2,MG,media,1165
2012,meia-idade,4,2,MG,alta,210
2012,meia-idade,4,2,MS,baixa,73
2012,meia-idade,4,2,MS,media,247
2012,meia-idade,4,2,MS,alta,89
2012,meia-idade,4,2,MT,baixa,101
2012,meia-idade,4,2,MT,media,282
2012,meia-idade,4,2,MT,alta,69
2012,meia-idade,4,2,PA,baixa,136
2012,meia-idade,4,2,PA,media,634
2012,meia-idade,4,2,PA,alta,234
2012,meia-idade,4,2,PB,baixa,88
2012,meia-idade,4,2,PB,media,156
2012,meia-idade,4,2,PB,alta,43
2012,meia-idade,4,2,PE,baixa,402
2012,meia-idade,4,2,PE,media,847
2012,meia-idade,4,2,PE,alta,189
2012,meia-idade,4,2,PI,baixa,143
2012,meia-idade,4,2,PI,media,277
2012,meia-idade,4,2,PI,alta,54
2012,meia-idade,4,2,PR,baixa,112
2012,meia-idade,4,2,PR,media,334
2012,meia-idade,4,2,PR,alta,72
2012,meia-idade,4,2,RJ,baixa,243
2012,meia-idade,4,2,RJ,media,1545
2012,meia-idade,4,2,RJ,alta,415
2012,meia-idade,4,2,RN,baixa,89
2012,meia-idade,4,2,RN,media,140
2012,meia-idade,4,2,RN,alta,32
2012,meia-idade,4,2,RO,baixa,20
2012,meia-idade,4,2,RO,media,61
2012,meia-idade,4,2,RO,alta,9
2012,meia-idade,4,2,RR,baixa,9
2012,meia-idade,4,2,RR,media,27
2012,meia-idade,4,2,RR,alta,11
2012,meia-idade,4,2,RS,baixa,26
2012,meia-idade,4,2,RS,media,106
2012,meia-idade,4,2,RS,alta,21
2012,meia-idade,4,2,SC,baixa,9
2012,meia-idade,4,2,SC,media,55
2012,meia-idade,4,2,SC,alta,7
2012,meia-idade,4,2,SE,baixa,81
2012,meia-idade,4,2,SE,media,186
2012,meia-idade,4,2,SE,alta,61
2012,meia-idade,4,2,SP,baixa,361
2012,meia-idade,4,2,SP,media,1715
2012,meia-idade,4,2,SP,alta,431
2012,meia-idade,4,2,TO,baixa,34
2012,meia-idade,4,2,TO,media,92
2012,meia-idade,4,2,TO,alta,23
2012,meia-idade,5,1,AC,baixa,1
2012,meia-idade,5,1,AL,media,2
2012,meia-idade,5,1,AL,alta,1
2012,meia-idade,5,1,AM,baixa,10
2012,meia-idade,5,1,AM,media,14
2012,meia-idade,5,1,AM,alta,7
2012,meia-idade,5,1,AP,alta,1
2012,meia-idade,5,1,BA,baixa,2
2012,meia-idade,5,1,BA,media,4
2012,meia-idade,5,1,CE,baixa,1
2012,meia-idade,5,1,CE,media,1
2012,meia-idade,5,1,ES,media,1
2012,meia-idade,5,1,MA,baixa,3
2012,meia-idade,5,1,MA,media,1
2012,meia-idade,5,1,MA,alta,1
2012,meia-idade,5,1,MG,baixa,1
2012,meia-idade,5,1,MG,media,4
2012,meia-idade,5,1,MS,baixa,7
2012,meia-idade,5,1,MS,media,11
2012,meia-idade,5,1,MS,alta,3
2012,meia-idade,5,1,MT,media,2
2012,meia-idade,5,1,PA,baixa,1
2012,meia-idade,5,1,PA,media,2
2012,meia-idade,5,1,PB,media,2
2012,meia-idade,5,1,PE,baixa,3
2012,meia-idade,5,1,PE,media,3
2012,meia-idade,5,1,PR,baixa,3
2012,meia-idade,5,1,PR,media,5
2012,meia-idade,5,1,RJ,baixa,1
2012,meia-idade,5,1,RJ,media,2
2012,meia-idade,5,1,RN,media,1
2012,meia-idade,5,1,RO,baixa,1
2012,meia-idade,5,1,RO,media,1
2012,meia-idade,5,1,RR,baixa,3
2012,meia-idade,5,1,RR,media,9
2012,meia-idade,5,1,RS,baixa,1
2012,meia-idade,5,1,RS,media,4
2012,meia-idade,5,1,RS,alta,1
2012,meia-idade,5,1,SC,baixa,1
2012,meia-idade,5,1,SC,media,2
2012,meia-idade,5,1,SE,baixa,1
2012,meia-idade,5,1,SP,media,3
2012,meia-idade,5,1,SP,alta,4
2012,meia-idade,5,1,TO,alta,1
2012,meia-idade,5,2,AC,baixa,1
2012,meia-idade,5,2,AM,baixa,3
2012,meia-idade,5,2,AM,media,8
2012,meia-idade,5,2,CE,alta,1
2012,meia-idade,5,2,ES,alta,1
2012,meia-idade,5,2,MA,baixa,2
2012,meia-idade,5,2,MA,media,1
2012,meia-idade,5,2,MG,baixa,1
2012,meia-idade,5,2,MG,media,4
2012,meia-idade,5,2,MS,baixa,11
2012,meia-idade,5,2,MS,media,12
2012,meia-idade,5,2,MS,alta,1
2012,meia-idade,5,2,MT,baixa,3
2012,meia-idade,5,2,MT,media,1
2012,meia-idade,5,2,PA,baixa,2
2012,meia-idade,5,2,PA,alta,1
2012,meia-idade,5,2,PB,baixa,1
2012,meia-idade,5,2,PE,baixa,3
2012,meia-idade,5,2,PE,media,4
2012,meia-idade,5,2,PR,baixa,2
2012,meia-idade,5,2,PR,media,5
2012,meia-idade,5,2,RJ,media,3
2012,meia-idade,5,2,RR,baixa,2
2012,meia-idade,5,2,RR,media,2
2012,meia-idade,5,2,RS,media,2
2012,meia-idade,5,2,SC,media,1
2012,meia-idade,5,2,SC,alta,1
2012,meia-idade,5,2,SE,baixa,1
2012,meia-idade,5,2,SP,media,5
2012,meia-idade,5,2,SP,alta,2
2019,adulto,1,1,AC,baixa,7
2019,adulto,1,1,AC,media,9
2019,adulto,1,1,AC,alta,5
2019,adulto,1,1,AL,baixa,7
2019,adulto,1,1,AL,media,43
2019,adulto,1,1,AL,alta,12
2019,adulto,1,1,AM,baixa,9
2019,adulto,1,1,AM,media,84
2019,adulto,1,1,AM,alta,58
2019,adulto,1,1,AP,baixa,2
2019,adulto,1,1,AP,media,9
2019,adulto,1,1,AP,alta,7
2019,adulto,1,1,BA,baixa,27
2019,adulto,1,1,BA,media,245
2019,adulto,1,1,BA,alta,105
2019,adulto,1,1,CE,baixa,32
2019,adulto,1,1,CE,media,207
2019,adulto,1,1,CE,alta,120
2019,adulto,1,1,DF,baixa,5
2019,adulto,1,1,DF,media,116
2019,adulto,1,1,DF,alta,69
2019,adulto,1,1,ES,baixa,11
2019,adulto,1,1,ES,media,82
2019,adulto,1,1,ES,alta,41
2019,adulto,1,1,GO,baixa,23
2019,adulto,1,1,GO,media,332
2019,adulto,1,1,GO,alta,227
2019,adulto,1,1,MA,baixa,18
2019,adulto,1,1,MA,media,144
2019,adulto,1,1,MA,alta,92
2019,adulto,1,1,MG,baixa,90
2019,adulto,1,1,MG,media,935
2019,adulto,1,1,MG,alta,763
2019,adulto,1,1,MS,baixa,11
2019,adulto,1,1,MS,media,146
2019,adulto,1,1,MS,alta,131
2019,adulto,1,1,MT,baixa,9
2019,adulto,1,1,MT,media,161
2019,adulto,1,1,MT,alta,150
2019,adulto,1,1,PA,baixa,22
2019,adulto,1,1,PA,media,139
2019,adulto,1,1,PA,alta,67
2019,adulto,1,1,PB,baixa,7
2019,adulto,1,1,PB,media,32
2019,adulto,1,1,PB,alta,23
2019,adulto,1,1,PE,baixa,60
2019,adulto,1,1,PE,media,501
2019,adulto,1,1,PE,alta,169
2019,adulto,1,1,PI,baixa,11
2019,adulto,1,1,PI,media,81
2019,adulto,1,1,PI,alta,35
2019,adulto,1,1,PR,baixa,99
2019,adulto,1,1,PR,media,1246
2019,adulto,1,1,PR,alta,1331
2019,adulto,1,1,RJ,baixa,58
2019,adulto,1,1,RJ,media,752
2019,adulto,1,1,RJ,alta,486
2019,adulto,1,1,RN,baixa,18
2019,adulto,1,1,RN,media,88
2019,adulto,1,1,RN,alta,38
2019,adulto,1,1,RO,baixa,5
2019,adulto,1,1,RO,media,64
2019,adulto,1,1,RO,alta,53
2019,adulto,1,1,RR,media,18
2019,adulto,1,1,RR,alta,8
2019,adulto,1,1,RS,baixa,60
2019,adulto,1,1,RS,media,839
2019,adulto,1,1,RS,alta,620
2019,adulto,1,1,SC,baixa,31
2019,adulto,1,1,SC,media,747
2019,adulto,1,1,SC,alta,692
2019,adulto,1,1,SE,baixa,3
2019,adulto,1,1,SE,media,48
2019,adulto,1,1,SE,alta,38
2019,adulto,1,1,SP,baixa,202
2019,adulto,1,1,SP,media,2255
2019,adulto,1,1,SP,alta,2581
2019,adulto,1,1,TO,baixa,1
2019,adulto,1,1,TO,media,50
2019,adulto,1,1,TO,alta,32
2019,adulto,1,2,AC,baixa,1
2019,adulto,1,2,AC,media,13
2019,adulto,1,2,AC,alta,6
2019,adulto,1,2,AL,baixa,7
2019,adulto,1,2,AL,media,26
2019,adulto,1,2,AL,alta,14
2019,adulto,1,2,AM,baixa,2
2019,adulto,1,2,AM,media,38
2019,adulto,1,2,AM,alta,43
2019,adulto,1,2,AP,baixa,1
2019,adulto,1,2,AP,media,8
2019,adulto,1,2,AP,alta,11
2019,adulto,1,2,BA,baixa,19
2019,adulto,1,2,BA,media,121
2019,adulto,1,2,BA,alta,93
2019,adulto,1,2,CE,baixa,18
2019,adulto,1,2,CE,media,128
2019,adulto,1,2,CE,alta,94
2019,adulto,1,2,DF,baixa,3
2019,adulto,1,2,DF,media,88
2019,adulto,1,2,DF,alta,41
2019,adulto,1,2,ES,baixa,6
2019,adulto,1,2,ES,media,46
2019,adulto,1,2,ES,alta,25
2019,adulto,1,2,GO,baixa,11
2019,adulto,1,2,GO,media,190
2019,adulto,1,2,GO,alta,140
2019,adulto,1,2,MA,baixa,17
2019,adulto,1,2,MA,media,73
2019,adulto,1,2,MA,alta,67
2019,adulto,1,2,MG,baixa,53
2019,adulto,1,2,MG,media,494
2019,adulto,1,2,MG,alta,413
2019,adulto,1,2,MS,baixa,9
2019,adulto,1,2,MS,media,98
2019,adulto,1,2,MS,alta,74
2019,adulto,1,2,MT,baixa,9
2019,adulto,1,2,MT,media,87
2019,adulto,1,2,MT,alta,61
2019,adulto,1,2,PA,baixa,8
2019,adulto,1,2,PA,media,87
2019,adulto,1,2,PA,alta,76
2019,adulto,1,2,PB,baixa,5
2019,adulto,1,2,PB,media,31
2019,adulto,1,2,PB,alta,16
2019,adulto,1,2,PE,baixa,37
2019,adulto,1,2,PE,media,208
2019,adulto,1,2,PE,alta,137
2019,adulto,1,2,PI,baixa,2
2019,adulto,1,2,PI,media,43
2019,adulto,1,2,PI,alta,21
2019,adulto,1,2,PR,baixa,54
2019,adulto,1,2,PR,media,556
2019,adulto,1,2,PR,alta,518
2019,adulto,1,2,RJ,baixa,37
2019,adulto,1,2,RJ,media,540
2019,adulto,1,2,RJ,alta,416
2019,adulto,1,2,RN,baixa,5
2019,adulto,1,2,RN,media,58
2019,adulto,1,2,RN,alta,21
2019,adulto,1,2,RO,baixa,2
2019,adulto,1,2,RO,media,32
2019,adulto,1,2,RO,alta,27
2019,adulto,1,2,RR,media,10
2019,adulto,1,2,RR,alta,10
2019,adulto,1,2,RS,baixa,40
2019,adulto,1,2,RS,media,463
2019,adulto,1,2,RS,alta,402
2019,adulto,1,2,SC,baixa,17
2019,adulto,1,2,SC,media,377
2019,adulto,1,2,SC,alta,337
2019,adulto,1,2,SE,baixa,7
2019,adulto,1,2,SE,media,31
2019,adulto,1,2,SE,alta,26
2019,adulto,1,2,SP,baixa,117
2019,adulto,1,2,SP,media,1485
2019,adulto,1,2,SP,alta,1538
2019,adulto,1,2,TO,baixa,2
2019,adulto,1,2,TO,media,27
2019,adulto,1,2,TO,alta,15
2019,adulto,2,0,MA,alta,1
2019,adulto,2,1,AC,baixa,6
2019,adulto,2,1,AC,media,3
2019,adulto,2,1,AC,alta,1
2019,adulto,2,1,AL,baixa,10
2019,adulto,2,1,AL,media,16
2019,adulto,2,1,AL,alta,4
2019,adulto,2,1,AM,baixa,4
2019,adulto,2,1,AM,media,12
2019,adulto,2,1,AM,alta,8
2019,adulto,2,1,AP,baixa,2
2019,adulto,2,1,AP,media,10
2019,adulto,2,1,AP,alta,5
2019,adulto,2,1,BA,baixa,76
2019,adulto,2,1,BA,media,476
2019,adulto,2,1,BA,alta,170
2019,adulto,2,1,CE,baixa,21
2019,adulto,2,1,CE,media,43
2019,adulto,2,1,CE,alta,7
2019,adulto,2,1,DF,baixa,1
2019,adulto,2,1,DF,media,44
2019,adulto,2,1,DF,alta,20
2019,adulto,2,1,ES,baixa,8
2019,adulto,2,1,ES,media,42
2019,adulto,2,1,ES,alta,9
2019,adulto,2,1,GO,baixa,16
2019,adulto,2,1,GO,media,110
2019,adulto,2,1,GO,alta,52
2019,adulto,2,1,MA,baixa,41
2019,adulto,2,1,MA,media,132
2019,adulto,2,1,MA,alta,70
2019,adulto,2,1,MG,baixa,49
2019,adulto,2,1,MG,media,452
2019,adulto,2,1,MG,alta,260
2019,adulto,2,1,MS,baixa,4
2019,adulto,2,1,MS,media,21
2019,adulto,2,1,MS,alta,16
2019,adulto,2,1,MT,baixa,6
2019,adulto,2,1,MT,media,61
2019,adulto,2,1,MT,alta,38
2019,adulto,2,1,PA,baixa,18
2019,adulto,2,1,PA,media,138
2019,adulto,2,1,PA,alta,25
2019,adulto,2,1,PB,baixa,11
2019,adulto,2,1,PB,media,7
2019,adulto,2,1,PB,alta,5
2019,adulto,2,1,PE,baixa,19
2019,adulto,2,1,PE,media,148
2019,adulto,2,1,PE,alta,47
2019,adulto,2,1,PI,baixa,16
2019,adulto,2,1,PI,media,67
2019,adulto,2,1,PI,alta,22
2019,adulto,2,1,PR,baixa,9
2019,adulto,2,1,PR,media,74
2019,adulto,2,1,PR,alta,82
2019,adulto,2,1,RJ,baixa,34
2019,adulto,2,1,RJ,media,569
2019,adulto,2,1,RJ,alta,209
2019,adulto,2,1,RN,baixa,4
2019,adulto,2,1,RN,media,14
2019,adulto,2,1,RN,alta,7
2019,adulto,2,1,RO,baixa,2
2019,adulto,2,1,RO,media,14
2019,adulto,2,1,RO,alta,11
2019,adulto,2,1,RR,baixa,1
2019,adulto,2,1,RR,media,4
2019,adulto,2,1,RR,alta,3
2019,adulto,2,1,RS,baixa,12
2019,adulto,2,1,RS,media,123
2019,adulto,2,1,RS,alta,64
2019,adulto,2,1,SC,baixa,1
2019,adulto,2,1,SC,media,52
2019,adulto,2,1,SC,alta,35
2019,adulto,2,1,SE,baixa,10
2019,adulto,2,1,SE,media,37
2019,adulto,2,1,SE,alta,13
2019,adulto,2,1,SP,baixa,34
2019,adulto,2,1,SP,media,379
2019,adulto,2,1,SP,alta,353
2019,adulto,2,1,TO,baixa,3
2019,adulto,2,1,TO,media,39
2019,adulto,2,1,TO,alta,12
2019,adulto,2,2,AC,baixa,1
2019,adulto,2,2,AC,media,3
2019,adulto,2,2,AC,alta,4
2019,adulto,2,2,AL,baixa,4
2019,adulto,2,2,AL,media,9
2019,adulto,2,2,AL,alta,1
2019,adulto,2,2,AM,media,11
2019,adulto,2,2,AM,alta,8
2019,adulto,2,2,AP,media,2
2019,adulto,2,2,AP,alta,3
2019,adulto,2,2,BA,baixa,28
2019,adulto,2,2,BA,media,169
2019,adulto,2,2,BA,alta,101
2019,adulto,2,2,CE,baixa,3
2019,adulto,2,2,CE,media,19
2019,adulto,2,2,CE,alta,8
2019,adulto,2,2,DF,baixa,1
2019,adulto,2,2,DF,media,11
2019,adulto,2,2,DF,alta,10
2019,adulto,2,2,ES,baixa,1
2019,adulto,2,2,ES,media,25
2019,adulto,2,2,ES,alta,13
2019,adulto,2,2,GO,baixa,1
2019,adulto,2,2,GO,media,38
2019,adulto,2,2,GO,alta,21
2019,adulto,2,2,MA,baixa,13
2019,adulto,2,2,MA,media,46
2019,adulto,2,2,MA,alta,38
2019,adulto,2,2,MG,baixa,17
2019,adulto,2,2,MG,media,171
2019,adulto,2,2,MG,alta,139
2019,adulto,2,2,MS,baixa,1
2019,adulto,2,2,MS,media,9
2019,adulto,2,2,MS,alta,12
2019,adulto,2,2,MT,baixa,1
2019,adulto,2,2,MT,media,25
2019,adulto,2,2,MT,alta,25
2019,adulto,2,2,PA,baixa,4
2019,adulto,2,2,PA,media,40
2019,adulto,2,2,PA,alta,20
2019,adulto,2,2,PB,media,5
2019,adulto,2,2,PB,alta,4
2019,adulto,2,2,PE,baixa,10
2019,adulto,2,2,PE,media,44
2019,adulto,2,2,PE,alta,27
2019,adulto,2,2,PI,baixa,3
2019,adulto,2,2,PI,media,14
2019,adulto,2,2,PI,alta,7
2019,adulto,2,2,PR,baixa,3
2019,adulto,2,2,PR,media,38
2019,adulto,2,2,PR,alta,40
2019,adulto,2,2,RJ,baixa,22
2019,adulto,2,2,RJ,media,329
2019,adulto,2,2,RJ,alta,160
2019,adulto,2,2,RN,media,12
2019,adulto,2,2,RN,alta,5
2019,adulto,2,2,RO,baixa,1
2019,adulto,2,2,RO,media,7
2019,adulto,2,2,RO,alta,5
2019,adulto,2,2,RR,alta,2
2019,adulto,2,2,RS,baixa,6
2019,adulto,2,2,RS,media,52
2019,adulto,2,2,RS,alta,41
2019,adulto,2,2,SC,baixa,2
2019,adulto,2,2,SC,media,27
2019,adulto,2,2,SC,alta,16
2019,adulto,2,2,SE,baixa,1
2019,adulto,2,2,SE,media,10
2019,adulto,2,2,SE,alta,9
2019,adulto,2,2,SP,baixa,14
2019,adulto,2,2,SP,media,223
2019,adulto,2,2,SP,alta,206
2019,adulto,2,2,TO,baixa,2
2019,adulto,2,2,TO,media,17
2019,adulto,2,2,TO,alta,7
2019,adulto,3,1,AC,media,1
2019,adulto,3,1,AM,media,3
2019,adulto,3,1,AM,alta,1
2019,adulto,3,1,BA,media,3
2019,adulto,3,1,BA,alta,3
2019,adulto,3,1,CE,baixa,1
2019,adulto,3,1,CE,media,1
2019,adulto,3,1,DF,baixa,1
2019,adulto,3,1,ES,media,1
2019,adulto,3,1,GO,media,1
2019,adulto,3,1,GO,alta,2
2019,adulto,3,1,MA,media,2
2019,adulto,3,1,MG,baixa,2
2019,adulto,3,1,MG,media,6
2019,adulto,3,1,MG,alta,5
2019,adulto,3,1,MS,media,1
2019,adulto,3,1,MS,alta,2
2019,adulto,3,1,MT,media,2
2019,adulto,3,1,MT,alta,2
2019,adulto,3,1,PA,baixa,1
2019,adulto,3,1,PA,media,2
2019,adulto,3,1,PA,alta,3
2019,adulto,3,1,PE,media,4
2019,adulto,3,1,PE,alta,3
2019,adulto,3,1,PI,media,1
2019,adulto,3,1,PR,media,2
2019,adulto,3,1,PR,alta,5
2019,adulto,3,1,RJ,baixa,1
2019,adulto,3,1,RJ,media,1
2019,adulto,3,1,RJ,alta,1
2019,adulto,3,1,RN,baixa,1
2019,adulto,3,1,RO,media,1
2019,adulto,3,1,RS,media,1
2019,adulto,3,1,SP,baixa,1
2019,adulto,3,1,SP,media,11
2019,adulto,3,1,SP,alta,13
2019,adulto,3,1,TO,media,2
2019,adulto,3,2,AP,media,1
2019,adulto,3,2,BA,media,1
2019,adulto,3,2,CE,media,2
2019,adulto,3,2,CE,alta,1
2019,adulto,3,2,DF,media,1
2019,adulto,3,2,ES,media,2
2019,adulto,3,2,GO,media,4
2019,adulto,3,2,MA,media,2
2019,adulto,3,2,MG,media,4
2019,adulto,3,2,MG,alta,4
2019,adulto,3,2,MS,media,1
2019,adulto,3,2,MT,baixa,1
2019,adulto,3,2,MT,alta,1
2019,adulto,3,2,PB,alta,1
2019,adulto,3,2,PE,media,2
2019,adulto,3,2,PE,alta,1
2019,adulto,3,2,PI,alta,1
2019,adulto,3,2,PR,media,2
2019,adulto,3,2,PR,alta,1
2019,adulto,3,2,RJ,media,2
2019,adulto,3,2,RS,media,1
2019,adulto,3,2,RS,alta,1
2019,adulto,3,2,SC,media,2
2019,adulto,3,2,SC,alta,2
2019,adulto,3,2,SP,baixa,1
2019,adulto,3,2,SP,media,17
2019,adulto,3,2,SP,alta,10
2019,adulto,4,0,PA,alta,1
2019,adulto,4,0,PI,alta,1
2019,adulto,4,1,AC,baixa,29
2019,adulto,4,1,AC,media,45
2019,adulto,4,1,AC,alta,25
2019,adulto,4,1,AL,baixa,77
2019,adulto,4,1,AL,media,354
2019,adulto,4,1,AL,alta,82
2019,adulto,4,1,AM,baixa,70
2019,adulto,4,1,AM,media,748
2019,adulto,4,1,AM,alta,519
2019,adulto,4,1,AP,baixa,9
2019,adulto,4,1,AP,media,101
2019,adulto,4,1,AP,alta,61
2019,adulto,4,1,BA,baixa,233
2019,adulto,4,1,BA,media,2018
2019,adulto,4,1,BA,alta,723
2019,adulto,4,1,CE,baixa,276
2019,adulto,4,1,CE,media,1652
2019,adulto,4,1,CE,alta,656
2019,adulto,4,1,DF,baixa,12
2019,adulto,4,1,DF,media,290
2019,adulto,4,1,DF,alta,156
2019,adulto,4,1,ES,baixa,21
2019,adulto,4,1,ES,media,222
2019,adulto,4,1,ES,alta,118
2019,adulto,4,1,GO,baixa,59
2019,adulto,4,1,GO,media,929
2019,adulto,4,1,GO,alta,552
2019,adulto,4,1,MA,baixa,211
2019,adulto,4,1,MA,media,966
2019,adulto,4,1,MA,alta,579
2019,adulto,4,1,MG,baixa,150
2019,adulto,4,1,MG,media,1614
2019,adulto,4,1,MG,alta,1003
2019,adulto,4,1,MS,baixa,23
2019,adulto,4,1,MS,media,283
2019,adulto,4,1,MS,alta,199
2019,adulto,4,1,MT,baixa,41
2019,adulto,4,1,MT,media,411
2019,adulto,4,1,MT,alta,344
2019,adulto,4,1,PA,baixa,133
2019,adulto,4,1,PA,media,1337
2019,adulto,4,1,PA,alta,596
2019,adulto,4,1,PB,baixa,53
2019,adulto,4,1,PB,media,179
2019,adulto,4,1,PB,alta,48
2019,adulto,4,1,PE,baixa,302
2019,adulto,4,1,PE,media,2000
2019,adulto,4,1,PE,alta,559
2019,adulto,4,1,PI,baixa,104
2019,adulto,4,1,PI,media,459
2019,adulto,4,1,PI,alta,173
2019,adulto,4,1,PR,baixa,33
2019,adulto,4,1,PR,media,446
2019,adulto,4,1,PR,alta,373
2019,adulto,4,1,RJ,baixa,62
2019,adulto,4,1,RJ,media,1281
2019,adulto,4,1,RJ,alta,608
2019,adulto,4,1,RN,baixa,54
2019,adulto,4,1,RN,media,356
2019,adulto,4,1,RN,alta,106
2019,adulto,4,1,RO,baixa,15
2019,adulto,4,1,RO,media,161
2019,adulto,4,1,RO,alta,112
2019,adulto,4,1,RR,baixa,6
2019,adulto,4,1,RR,media,106
2019,adulto,4,1,RR,alta,86
2019,adulto,4,1,RS,baixa,10
2019,adulto,4,1,RS,media,131
2019,adulto,4,1,RS,alta,77
2019,adulto,4,1,SC,baixa,1
2019,adulto,4,1,SC,media,141
2019,adulto,4,1,SC,alta,77
2019,adulto,4,1,SE,baixa,67
2019,adulto,4,1,SE,media,541
2019,adulto,4,1,SE,alta,193
2019,adulto,4,1,SP,baixa,105
2019,adulto,4,1,SP,media,1701
2019,adulto,4,1,SP,alta,1575
2019,adulto,4,1,TO,baixa,23
2019,adulto,4,1,TO,media,201
2019,adulto,4,1,TO,alta,93
2019,adulto,4,2,AC,baixa,11
2019,adulto,4,2,AC,media,25
2019,adulto,4,2,AC,alta,11
2019,adulto,4,2,AL,baixa,29
2019,adulto,4,2,AL,media,84
2019,adulto,4,2,AL,alta,39
2019,adulto,4,2,AM,baixa,27
2019,adulto,4,2,AM,media,225
2019,adulto,4,2,AM,alta,207
2019,adulto,4,2,AP,baixa,5
2019,adulto,4,2,AP,media,44
2019,adulto,4,2,AP,alta,19
2019,adulto,4,2,BA,baixa,74
2019,adulto,4,2,BA,media,676
2019,adulto,4,2,BA,alta,395
2019,adulto,4,2,CE,baixa,84
2019,adulto,4,2,CE,media,562
2019,adulto,4,2,CE,alta,295
2019,adulto,4,2,DF,baixa,5
2019,adulto,4,2,DF,media,112
2019,adulto,4,2,DF,alta,45
2019,adulto,4,2,ES,baixa,9
2019,adulto,4,2,ES,media,99
2019,adulto,4,2,ES,alta,75
2019,adulto,4,2,GO,baixa,22
2019,adulto,4,2,GO,media,288
2019,adulto,4,2,GO,alta,212
2019,adulto,4,2,MA,baixa,75
2019,adulto,4,2,MA,media,337
2019,adulto,4,2,MA,alta,268
2019,adulto,4,2,MG,baixa,61
2019,adulto,4,2,MG,media,630
2019,adulto,4,2,MG,alta,485
2019,adulto,4,2,MS,baixa,13
2019,adulto,4,2,MS,media,118
2019,adulto,4,2,MS,alta,106
2019,adulto,4,2,MT,baixa,17
2019,adulto,4,2,MT,media,153
2019,adulto,4,2,MT,alta,155
2019,adulto,4,2,PA,baixa,53
2019,adulto,4,2,PA,media,475
2019,adulto,4,2,PA,alta,311
2019,adulto,4,2,PB,baixa,18
2019,adulto,4,2,PB,media,90
2019,adulto,4,2,PB,alta,44
2019,adulto,4,2,PE,baixa,81
2019,adulto,4,2,PE,media,592
2019,adulto,4,2,PE,alta,305
2019,adulto,4,2,PI,baixa,35
2019,adulto,4,2,PI,media,165
2019,adulto,4,2,PI,alta,75
2019,adulto,4,2,PR,baixa,18
2019,adulto,4,2,PR,media,162
2019,adulto,4,2,PR,alta,142
2019,adulto,4,2,RJ,baixa,35
2019,adulto,4,2,RJ,media,626
2019,adulto,4,2,RJ,alta,380
2019,adulto,4,2,RN,baixa,18
2019,adulto,4,2,RN,media,113
2019,adulto,4,2,RN,alta,55
2019,adulto,4,2,RO,baixa,5
2019,adulto,4,2,RO,media,64
2019,adulto,4,2,RO,alta,47
2019,adulto,4,2,RR,baixa,1
2019,adulto,4,2,RR,media,37
2019,adulto,4,2,RR,alta,34
2019,adulto,4,2,RS,baixa,4
2019,adulto,4,2,RS,media,47
2019,adulto,4,2,RS,alta,41
2019,adulto,4,2,SC,baixa,2
2019,adulto,4,2,SC,media,41
2019,adulto,4,2,SC,alta,21
2019,adulto,4,2,SE,baixa,18
2019,adulto,4,2,SE,media,135
2019,adulto,4,2,SE,alta,70
2019,adulto,4,2,SP,baixa,52
2019,adulto,4,2,SP,media,720
2019,adulto,4,2,SP,alta,769
2019,adulto,4,2,TO,baixa,8
2019,adulto,4,2,TO,media,73
2019,adulto,4,2,TO,alta,48
2019,adulto,5,1,AC,baixa,2
2019,adulto,5,1,AC,media,4
2019,adulto,5,1,AC,alta,1
2019,adulto,5,1,AL,media,1
2019,adulto,5,1,AM,baixa,13
2019,adulto,5,1,AM,media,29
2019,adulto,5,1,AM,alta,17
2019,adulto,5,1,AP,media,3
2019,adulto,5,1,BA,media,3
2019,adulto,5,1,BA,alta,1
2019,adulto,5,1,CE,media,3
2019,adulto,5,1,CE,alta,2
2019,adulto,5,1,DF,media,1
2019,adulto,5,1,MA,baixa,4
2019,adulto,5,1,MA,media,12
2019,adulto,5,1,MA,alta,5
2019,adulto,5,1,MG,baixa,3
2019,adulto,5,1,MG,media,1
2019,adulto,5,1,MS,baixa,1
2019,adulto,5,1,MS,media,34
2019,adulto,5,1,MS,alta,12
2019,adulto,5,1,MT,baixa,4
2019,adulto,5,1,MT,media,5
2019,adulto,5,1,MT,alta,2
2019,adulto,5,1,PA,baixa,1
2019,adulto,5,1,PA,media,3
2019,adulto,5,1,PA,alta,1
2019,adulto,5,1,PB,media,1
2019,adulto,5,1,PE,baixa,1
2019,adulto,5,1,PE,media,3
2019,adulto,5,1,PE,alta,2
2019,adulto,5,1,PR,baixa,1
2019,adulto,5,1,PR,media,6
2019,adulto,5,1,PR,alta,2
2019,adulto,5,1,RJ,alta,1
2019,adulto,5,1,RN,alta,1
2019,adulto,5,1,RO,baixa,1
2019,adulto,5,1,RO,media,2
2019,adulto,5,1,RR,baixa,6
2019,adulto,5,1,RR,media,12
2019,adulto,5,1,RR,alta,11
2019,adulto,5,1,RS,baixa,1
2019,adulto,5,1,RS,media,4
2019,adulto,5,1,RS,alta,1
2019,adulto,5,1,SC,media,1
2019,adulto,5,1,SC,alta,1
2019,adulto,5,1,SP,media,1
2019,adulto,5,1,SP,alta,3
2019,adulto,5,1,TO,media,2
2019,adulto,5,1,TO,alta,1
2019,adulto,5,2,AC,baixa,1
2019,adulto,5,2,AC,alta,3
2019,adulto,5,2,AM,baixa,5
2019,adulto,5,2,AM,media,19
2019,adulto,5,2,AM,alta,1
2019,adulto,5,2,BA,alta,1
2019,adulto,5,2,CE,media,1
2019,adulto,5,2,CE,alta,1
2019,adulto,5,2,GO,media,1
2019,adulto,5,2,MA,baixa,3
2019,adulto,5,2,MA,media,5
2019,adulto,5,2,MG,media,1
2019,adulto,5,2,MS,baixa,8
2019,adulto,5,2,MS,media,21
2019,adulto,5,2,MS,alta,14
2019,adulto,5,2,MT,baixa,2
2019,adulto,5,2,MT,media,6
2019,adulto,5,2,MT,alta,5
2019,adulto,5,2,PA,baixa,1
2019,adulto,5,2,PA,media,1
2019,adulto,5,2,PA,alta,2
2019,adulto,5,2,PB,media,1
2019,adulto,5,2,PB,alta,1
2019,adulto,5,2,PE,media,3
2019,adulto,5,2,PE,alta,3
2019,adulto,5,2,PR,baixa,2
2019,adulto,5,2,PR,media,4
2019,adulto,5,2,PR,alta,1
2019,adulto,5,2,RN,media,2
2019,adulto,5,2,RO,media,1
2019,adulto,5,2,RR,media,5
2019,adulto,5,2,RR,alta,2
2019,adulto,5,2,RS,baixa,1
2019,adulto,5,2,RS,media,5
2019,adulto,5,2,RS,alta,1
2019,adulto,5,2,SC,alta,2
2019,adulto,5,2,SP,media,3
2019,adulto,5,2,SP,alta,2
2019,adulto,5,2,TO,media,1
2019,adulto,5,2,TO,alta,2
2019,idoso,1,0,RJ,media,1
2019,idoso,1,0,SC,media,1
2019,idoso,1,0,SP,baixa,1
2019,idoso,1,0,SP,alta,1
2019,idoso,1,1,AC,baixa,12
2019,idoso,1,1,AC,media,40
2019,idoso,1,1,AC,alta,6
2019,idoso,1,1,AL,baixa,97
2019,idoso,1,1,AL,media,170
2019,idoso,1,1,AL,alta,51
2019,idoso,1,1,AM,baixa,46
2019,idoso,1,1,AM,media,164
2019,idoso,1,1,AM,alta,88
2019,idoso,1,1,AP,baixa,14
2019,idoso,1,1,AP,media,44
2019,idoso,1,1,AP,alta,16
2019,idoso,1,1,BA,baixa,259
2019,idoso,1,1,BA,media,877
2019,idoso,1,1,BA,alta,297
2019,idoso,1,1,CE,baixa,313
2019,idoso,1,1,CE,media,778
2019,idoso,1,1,CE,alta,249
2019,idoso,1,1,DF,baixa,51
2019,idoso,1,1,DF,media,428
2019,idoso,1,1,DF,alta,176
2019,idoso,1,1,ES,baixa,91
2019,idoso,1,1,ES,media,536
2019,idoso,1,1,ES,alta,148
2019,idoso,1,1,GO,baixa,281
2019,idoso,1,1,GO,media,1305
2019,idoso,1,1,GO,alta,384
2019,idoso,1,1,MA,baixa,185
2019,idoso,1,1,MA,media,335
2019,idoso,1,1,MA,alta,165
2019,idoso,1,1,MG,baixa,674
2019,idoso,1,1,MG,media,5231
2019,idoso,1,1,MG,alta,1902
2019,idoso,1,1,MS,baixa,112
2019,idoso,1,1,MS,media,751
2019,idoso,1,1,MS,alta,305
2019,idoso,1,1,MT,baixa,99
2019,idoso,1,1,MT,media,627
2019,idoso,1,1,MT,alta,246
2019,idoso,1,1,PA,baixa,111
2019,idoso,1,1,PA,media,416
2019,idoso,1,1,PA,alta,158
2019,idoso,1,1,PB,baixa,97
2019,idoso,1,1,PB,media,200
2019,idoso,1,1,PB,alta,43
2019,idoso,1,1,PE,baixa,402
2019,idoso,1,1,PE,media,1225
2019,idoso,1,1,PE,alta,482
2019,idoso,1,1,PI,baixa,102
2019,idoso,1,1,PI,media,200
2019,idoso,1,1,PI,alta,49
2019,idoso,1,1,PR,baixa,746
2019,idoso,1,1,PR,media,5823
2019,idoso,1,1,PR,alta,1988
2019,idoso,1,1,RJ,baixa,398
2019,idoso,1,1,RJ,media,5289
2019,idoso,1,1,RJ,alta,2222
2019,idoso,1,1,RN,baixa,178
2019,idoso,1,1,RN,media,380
2019,idoso,1,1,RN,alta,114
2019,idoso,1,1,RO,baixa,59
2019,idoso,1,1,RO,media,228
2019,idoso,1,1,RO,alta,51
2019,idoso,1,1,RR,baixa,13
2019,idoso,1,1,RR,media,41
2019,idoso,1,1,RR,alta,17
2019,idoso,1,1,RS,baixa,591
2019,idoso,1,1,RS,media,5917
2019,idoso,1,1,RS,alta,1993
2019,idoso,1,1,SC,baixa,292
2019,idoso,1,1,SC,media,4200
2019,idoso,1,1,SC,alta,1236
2019,idoso,1,1,SE,baixa,67
2019,idoso,1,1,SE,media,203
2019,idoso,1,1,SE,alta,87
2019,idoso,1,1,SP,baixa,1308
2019,idoso,1,1,SP,media,18052
2019,idoso,1,1,SP,alta,7403
2019,idoso,1,1,TO,baixa,34
2019,idoso,1,1,TO,media,126
2019,idoso,1,1,TO,alta,45
2019,idoso,1,2,AC,baixa,13
2019,idoso,1,2,AC,media,17
2019,idoso,1,2,AC,alta,8
2019,idoso,1,2,AL,baixa,105
2019,idoso,1,2,AL,media,167
2019,idoso,1,2,AL,alta,34
2019,idoso,1,2,AM,baixa,31
2019,idoso,1,2,AM,media,129
2019,idoso,1,2,AM,alta,90
2019,idoso,1,2,AP,baixa,16
2019,idoso,1,2,AP,media,26
2019,idoso,1,2,AP,alta,10
2019,idoso,1,2,BA,baixa,266
2019,idoso,1,2,BA,media,636
2019,idoso,1,2,BA,alta,236
2019,idoso,1,2,CE,baixa,283
2019,idoso,1,2,CE,media,784
2019,idoso,1,2,CE,alta,225
2019,idoso,1,2,DF,baixa,67
2019,idoso,1,2,DF,media,401
2019,idoso,1,2,DF,alta,156
2019,idoso,1,2,ES,baixa,89
2019,idoso,1,2,ES,media,307
2019,idoso,1,2,ES,alta,80
2019,idoso,1,2,GO,baixa,281
2019,idoso,1,2,GO,media,946
2019,idoso,1,2,GO,alta,302
2019,idoso,1,2,MA,baixa,173
2019,idoso,1,2,MA,media,280
2019,idoso,1,2,MA,alta,127
2019,idoso,1,2,MG,baixa,755
2019,idoso,1,2,MG,media,3940
2019,idoso,1,2,MG,alta,1247
2019,idoso,1,2,MS,baixa,157
2019,idoso,1,2,MS,media,542
2019,idoso,1,2,MS,alta,202
2019,idoso,1,2,MT,baixa,97
2019,idoso,1,2,MT,media,360
2019,idoso,1,2,MT,alta,134
2019,idoso,1,2,PA,baixa,107
2019,idoso,1,2,PA,media,327
2019,idoso,1,2,PA,alta,126
2019,idoso,1,2,PB,baixa,87
2019,idoso,1,2,PB,media,197
2019,idoso,1,2,PB,alta,56
2019,idoso,1,2,PE,baixa,504
2019,idoso,1,2,PE,media,1127
2019,idoso,1,2,PE,alta,374
2019,idoso,1,2,PI,baixa,101
2019,idoso,1,2,PI,media,135
2019,idoso,1,2,PI,alta,38
2019,idoso,1,2,PR,baixa,1005
2019,idoso,1,2,PR,media,3951
2019,idoso,1,2,PR,alta,1136
2019,idoso,1,2,RJ,baixa,583
2019,idoso,1,2,RJ,media,4803
2019,idoso,1,2,RJ,alta,1732
2019,idoso,1,2,RN,baixa,157
2019,idoso,1,2,RN,media,338
2019,idoso,1,2,RN,alta,86
2019,idoso,1,2,RO,baixa,81
2019,idoso,1,2,RO,media,142
2019,idoso,1,2,RO,alta,42
2019,idoso,1,2,RR,baixa,10
2019,idoso,1,2,RR,media,26
2019,idoso,1,2,RR,alta,11
2019,idoso,1,2,RS,baixa,550
2019,idoso,1,2,RS,media,4099
2019,idoso,1,2,RS,alta,1338
2019,idoso,1,2,SC,baixa,311
2019,idoso,1,2,SC,media,2749
2019,idoso,1,2,SC,alta,698
2019,idoso,1,2,SE,baixa,88
2019,idoso,1,2,SE,media,155
2019,idoso,1,2,SE,alta,47
2019,idoso,1,2,SP,baixa,1850
2019,idoso,1,2,SP,media,13610
2019,idoso,1,2,SP,alta,4516
2019,idoso,1,2,TO,baixa,32
2019,idoso,1,2,TO,media,87
2019,idoso,1,2,TO,alta,28
2019,idoso,2,1,AC,baixa,3
2019,idoso,2,1,AC,media,6
2019,idoso,2,1,AC,alta,2
2019,idoso,2,1,AL,baixa,40
2019,idoso,2,1,AL,media,36
2019,idoso,2,1,AL,alta,12
2019,idoso,2,1,AM,baixa,13
2019,idoso,2,1,AM,media,30
2019,idoso,2,1,AM,alta,7
2019,idoso,2,1,AP,baixa,7
2019,idoso,2,1,AP,media,14
2019,idoso,2,1,AP,alta,4
2019,idoso,2,1,BA,baixa,413
2019,idoso,2,1,BA,media,664
2019,idoso,2,1,BA,alta,165
2019,idoso,2,1,CE,baixa,101
2019,idoso,2,1,CE,media,111
2019,idoso,2,1,CE,alta,19
2019,idoso,2,1,DF,baixa,18
2019,idoso,2,1,DF,media,90
2019,idoso,2,1,DF,alta,28
2019,idoso,2,1,ES,baixa,48
2019,idoso,2,1,ES,media,98
2019,idoso,2,1,ES,alta,18
2019,idoso,2,1,GO,baixa,121
2019,idoso,2,1,GO,media,212
2019,idoso,2,1,GO,alta,40
2019,idoso,2,1,MA,baixa,205
2019,idoso,2,1,MA,media,208
2019,idoso,2,1,MA,alta,47
2019,idoso,2,1,MG,baixa,359
2019,idoso,2,1,MG,media,1255
2019,idoso,2,1,MG,alta,244
2019,idoso,2,1,MS,baixa,27
2019,idoso,2,1,MS,media,72
2019,idoso,2,1,MS,alta,18
2019,idoso,2,1,MT,baixa,69
2019,idoso,2,1,MT,media,102
2019,idoso,2,1,MT,alta,35
2019,idoso,2,1,PA,baixa,94
2019,idoso,2,1,PA,media,143
2019,idoso,2,1,PA,alta,24
2019,idoso,2,1,PB,baixa,32
2019,idoso,2,1,PB,media,34
2019,idoso,2,1,PB,alta,6
2019,idoso,2,1,PE,baixa,157
2019,idoso,2,1,PE,media,307
2019,idoso,2,1,PE,alta,80
2019,idoso,2,1,PI,baixa,98
2019,idoso,2,1,PI,media,67
2019,idoso,2,1,PI,alta,12
2019,idoso,2,1,PR,baixa,98
2019,idoso,2,1,PR,media,286
2019,idoso,2,1,PR,alta,73
2019,idoso,2,1,RJ,baixa,234
2019,idoso,2,1,RJ,media,1582
2019,idoso,2,1,RJ,alta,508
2019,idoso,2,1,RN,baixa,45
2019,idoso,2,1,RN,media,45
2019,idoso,2,1,RN,alta,10
2019,idoso,2,1,RO,baixa,28
2019,idoso,2,1,RO,media,36
2019,idoso,2,1,RO,alta,12
2019,idoso,2,1,RR,baixa,9
2019,idoso,2,1,RR,media,15
2019,idoso,2,1,RR,alta,2
2019,idoso,2,1,RS,baixa,79
2019,idoso,2,1,RS,media,346
2019,idoso,2,1,RS,alta,106
2019,idoso,2,1,SC,baixa,23
2019,idoso,2,1,SC,media,135
2019,idoso,2,1,SC,alta,40
2019,idoso,2,1,SE,baixa,66
2019,idoso,2,1,SE,media,78
2019,idoso,2,1,SE,alta,27
2019,idoso,2,1,SP,baixa,262
2019,idoso,2,1,SP,media,1839
2019,idoso,2,1,SP,alta,588
2019,idoso,2,1,TO,baixa,43
2019,idoso,2,1,TO,media,55
2019,idoso,2,1,TO,alta,5
2019,idoso,2,2,AC,baixa,8
2019,idoso,2,2,AC,media,6
2019,idoso,2,2,AC,alta,1
2019,idoso,2,2,AL,baixa,40
2019,idoso,2,2,AL,media,24
2019,idoso,2,2,AL,alta,7
2019,idoso,2,2,AM,baixa,6
2019,idoso,2,2,AM,media,21
2019,idoso,2,2,AM,alta,7
2019,idoso,2,2,AP,baixa,6
2019,idoso,2,2,AP,media,12
2019,idoso,2,2,AP,alta,1
2019,idoso,2,2,BA,baixa,382
2019,idoso,2,2,BA,media,507
2019,idoso,2,2,BA,alta,134
2019,idoso,2,2,CE,baixa,64
2019,idoso,2,2,CE,media,50
2019,idoso,2,2,CE,alta,10
2019,idoso,2,2,DF,baixa,22
2019,idoso,2,2,DF,media,74
2019,idoso,2,2,DF,alta,17
2019,idoso,2,2,ES,baixa,40
2019,idoso,2,2,ES,media,66
2019,idoso,2,2,ES,alta,17
2019,idoso,2,2,GO,baixa,107
2019,idoso,2,2,GO,media,160
2019,idoso,2,2,GO,alta,16
2019,idoso,2,2,MA,baixa,140
2019,idoso,2,2,MA,media,145
2019,idoso,2,2,MA,alta,31
2019,idoso,2,2,MG,baixa,343
2019,idoso,2,2,MG,media,793
2019,idoso,2,2,MG,alta,146
2019,idoso,2,2,MS,baixa,29
2019,idoso,2,2,MS,media,47
2019,idoso,2,2,MS,alta,6
2019,idoso,2,2,MT,baixa,41
2019,idoso,2,2,MT,media,52
2019,idoso,2,2,MT,alta,15
2019,idoso,2,2,PA,baixa,56
2019,idoso,2,2,PA,media,104
2019,idoso,2,2,PA,alta,24
2019,idoso,2,2,PB,baixa,24
2019,idoso,2,2,PB,media,22
2019,idoso,2,2,PB,alta,3
2019,idoso,2,2,PE,baixa,151
2019,idoso,2,2,PE,media,205
2019,idoso,2,2,PE,alta,52
2019,idoso,2,2,PI,baixa,87
2019,idoso,2,2,PI,media,54
2019,idoso,2,2,PI,alta,7
2019,idoso,2,2,PR,baixa,106
2019,idoso,2,2,PR,media,164
2019,idoso,2,2,PR,alta,31
2019,idoso,2,2,RJ,baixa,359
2019,idoso,2,2,RJ,media,1641
2019,idoso,2,2,RJ,alta,364
2019,idoso,2,2,RN,baixa,22
2019,idoso,2,2,RN,media,40
2019,idoso,2,2,RN,alta,8
2019,idoso,2,2,RO,baixa,26
2019,idoso,2,2,RO,media,18
2019,idoso,2,2,RO,alta,3
2019,idoso,2,2,RR,baixa,3
2019,idoso,2,2,RR,media,4
2019,idoso,2,2,RS,baixa,79
2019,idoso,2,2,RS,media,278
2019,idoso,2,2,RS,alta,78
2019,idoso,2,2,SC,baixa,22
2019,idoso,2,2,SC,media,102
2019,idoso,2,2,SC,alta,15
2019,idoso,2,2,SE,baixa,51
2019,idoso,2,2,SE,media,47
2019,idoso,2,2,SE,alta,12
2019,idoso,2,2,SP,baixa,319
2019,idoso,2,2,SP,media,1383
2019,idoso,2,2,SP,alta,399
2019,idoso,2,2,TO,baixa,37
2019,idoso,2,2,TO,media,27
2019,idoso,2,2,TO,alta,3
2019,idoso,3,1,AL,baixa,2
2019,idoso,3,1,AL,media,2
2019,idoso,3,1,AM,baixa,3
2019,idoso,3,1,AM,media,2
2019,idoso,3,1,AM,alta,2
2019,idoso,3,1,AP,baixa,1
2019,idoso,3,1,BA,baixa,3
2019,idoso,3,1,BA,media,9
2019,idoso,3,1,BA,alta,2
2019,idoso,3,1,CE,baixa,4
2019,idoso,3,1,CE,media,5
2019,idoso,3,1,DF,baixa,1
2019,idoso,3,1,DF,media,4
2019,idoso,3,1,DF,alta,2
2019,idoso,3,1,ES,media,3
2019,idoso,3,1,ES,alta,2
2019,idoso,3,1,GO,baixa,6
2019,idoso,3,1,GO,media,11
2019,idoso,3,1,GO,alta,1
2019,idoso,3,1,MA,baixa,5
2019,idoso,3,1,MA,media,5
2019,idoso,3,1,MA,alta,2
2019,idoso,3,1,MG,baixa,9
2019,idoso,3,1,MG,media,28
2019,idoso,3,1,MG,alta,13
2019,idoso,3,1,MS,baixa,3
2019,idoso,3,1,MS,media,14
2019,idoso,3,1,MS,alta,14
2019,idoso,3,1,MT,media,5
2019,idoso,3,1,MT,alta,4
2019,idoso,3,1,PA,baixa,2
2019,idoso,3,1,PA,media,12
2019,idoso,3,1,PA,alta,6
2019,idoso,3,1,PB,media,5
2019,idoso,3,1,PB,alta,1
2019,idoso,3,1,PE,baixa,1
2019,idoso,3,1,PE,media,7
2019,idoso,3,1,PE,alta,2
2019,idoso,3,1,PI,baixa,2
2019,idoso,3,1,PI,media,7
2019,idoso,3,1,PI,alta,1
2019,idoso,3,1,PR,baixa,1
2019,idoso,3,1,PR,media,50
2019,idoso,3,1,PR,alta,40
2019,idoso,3,1,RJ,baixa,1
2019,idoso,3,1,RJ,media,13
2019,idoso,3,1,RJ,alta,4
2019,idoso,3,1,RO,baixa,1
2019,idoso,3,1,RO,media,1
2019,idoso,3,1,RS,media,4
2019,idoso,3,1,SC,media,6
2019,idoso,3,1,SC,alta,3
2019,idoso,3,1,SP,baixa,3
2019,idoso,3,1,SP,media,286
2019,idoso,3,1,SP,alta,163
2019,idoso,3,1,TO,baixa,2
2019,idoso,3,1,TO,media,1
2019,idoso,3,2,AL,baixa,2
2019,idoso,3,2,AL,media,1
2019,idoso,3,2,AL,alta,1
2019,idoso,3,2,AM,media,3
2019,idoso,3,2,AM,alta,1
2019,idoso,3,2,AP,media,1
2019,idoso,3,2,BA,baixa,3
2019,idoso,3,2,BA,media,6
2019,idoso,3,2,BA,alta,2
2019,idoso,3,2,CE,baixa,2
2019,idoso,3,2,CE,media,3
2019,idoso,3,2,CE,alta,2
2019,idoso,3,2,DF,media,3
2019,idoso,3,2,DF,alta,5
2019,idoso,3,2,ES,alta,1
2019,idoso,3,2,GO,baixa,5
2019,idoso,3,2,GO,media,11
2019,idoso,3,2,GO,alta,2
2019,idoso,3,2,MA,baixa,7
2019,idoso,3,2,MA,media,8
2019,idoso,3,2,MA,alta,1
2019,idoso,3,2,MG,baixa,8
2019,idoso,3,2,MG,media,25
2019,idoso,3,2,MG,alta,13
2019,idoso,3,2,MS,baixa,1
2019,idoso,3,2,MS,media,7
2019,idoso,3,2,MS,alta,1
2019,idoso,3,2,MT,baixa,1
2019,idoso,3,2,MT,media,9
2019,idoso,3,2,MT,alta,5
2019,idoso,3,2,PA,baixa,3
2019,idoso,3,2,PA,media,4
2019,idoso,3,2,PA,alta,5
2019,idoso,3,2,PB,baixa,1
2019,idoso,3,2,PB,media,4
2019,idoso,3,2,PE,baixa,2
2019,idoso,3,2,PE,media,5
2019,idoso,3,2,PI,baixa,1
2019,idoso,3,2,PI,media,2
2019,idoso,3,2,PR,baixa,3
2019,idoso,3,2,PR,media,32
2019,idoso,3,2,PR,alta,16
2019,idoso,3,2,RJ,baixa,5
2019,idoso,3,2,RJ,media,14
2019,idoso,3,2,RJ,alta,2
2019,idoso,3,2,RN,baixa,1
2019,idoso,3,2,RN,media,1
2019,idoso,3,2,RN,alta,1
2019,idoso,3,2,RS,baixa,1
2019,idoso,3,2,RS,media,5
2019,idoso,3,2,RS,alta,1
2019,idoso,3,2,SC,baixa,2
2019,idoso,3,2,SC,media,7
2019,idoso,3,2,SC,alta,2
2019,idoso,3,2,SE,baixa,1
2019,idoso,3,2,SP,baixa,3
2019,idoso,3,2,SP,media,197
2019,idoso,3,2,SP,alta,87
2019,idoso,3,2,TO,baixa,1
2019,idoso,3,2,TO,media,1
2019,idoso,3,2,TO,alta,1
2019,idoso,4,0,PI,baixa,1
2019,idoso,4,0,TO,alta,1
2019,idoso,4,1,AC,baixa,102
2019,idoso,4,1,AC,media,100
2019,idoso,4,1,AC,alta,20
2019,idoso,4,1,AL,baixa,336
2019,idoso,4,1,AL,media,380
2019,idoso,4,1,AL,alta,78
2019,idoso,4,1,AM,baixa,372
2019,idoso,4,1,AM,media,828
2019,idoso,4,1,AM,alta,312
2019,idoso,4,1,AP,baixa,50
2019,idoso,4,1,AP,media,117
2019,idoso,4,1,AP,alta,31
2019,idoso,4,1,BA,baixa,1243
2019,idoso,4,1,BA,media,2739
2019,idoso,4,1,BA,alta,668
2019,idoso,4,1,CE,baixa,1552
2019,idoso,4,1,CE,media,2490
2019,idoso,4,1,CE,alta,511
2019,idoso,4,1,DF,baixa,92
2019,idoso,4,1,DF,media,432
2019,idoso,4,1,DF,alta,151
2019,idoso,4,1,ES,baixa,134
2019,idoso,4,1,ES,media,458
2019,idoso,4,1,ES,alta,143
2019,idoso,4,1,GO,baixa,491
2019,idoso,4,1,GO,media,1483
2019,idoso,4,1,GO,alta,315
2019,idoso,4,1,MA,baixa,1058
2019,idoso,4,1,MA,media,1278
2019,idoso,4,1,MA,alta,338
2019,idoso,4,1,MG,baixa,1063
2019,idoso,4,1,MG,media,4208
2019,idoso,4,1,MG,alta,986
2019,idoso,4,1,MS,baixa,197
2019,idoso,4,1,MS,media,733
2019,idoso,4,1,MS,alta,215
2019,idoso,4,1,MT,baixa,287
2019,idoso,4,1,MT,media,794
2019,idoso,4,1,MT,alta,255
2019,idoso,4,1,PA,baixa,676
2019,idoso,4,1,PA,media,1791
2019,idoso,4,1,PA,alta,471
2019,idoso,4,1,PB,baixa,364
2019,idoso,4,1,PB,media,501
2019,idoso,4,1,PB,alta,90
2019,idoso,4,1,PE,baixa,1223
2019,idoso,4,1,PE,media,2655
2019,idoso,4,1,PE,alta,611
2019,idoso,4,1,PI,baixa,492
2019,idoso,4,1,PI,media,637
2019,idoso,4,1,PI,alta,125
2019,idoso,4,1,PR,baixa,294
2019,idoso,4,1,PR,media,1180
2019,idoso,4,1,PR,alta,264
2019,idoso,4,1,RJ,baixa,441
2019,idoso,4,1,RJ,media,3517
2019,idoso,4,1,RJ,alta,1062
2019,idoso,4,1,RN,baixa,397
2019,idoso,4,1,RN,media,512
2019,idoso,4,1,RN,alta,109
2019,idoso,4,1,RO,baixa,115
2019,idoso,4,1,RO,media,301
2019,idoso,4,1,RO,alta,63
2019,idoso,4,1,RR,baixa,58
2019,idoso,4,1,RR,media,123
2019,idoso,4,1,RR,alta,35
2019,idoso,4,1,RS,baixa,86
2019,idoso,4,1,RS,media,362
2019,idoso,4,1,RS,alta,104
2019,idoso,4,1,SC,baixa,35
2019,idoso,4,1,SC,media,224
2019,idoso,4,1,SC,alta,52
2019,idoso,4,1,SE,baixa,282
2019,idoso,4,1,SE,media,471
2019,idoso,4,1,SE,alta,157
2019,idoso,4,1,SP,baixa,757
2019,idoso,4,1,SP,media,5674
2019,idoso,4,1,SP,alta,1593
2019,idoso,4,1,TO,baixa,176
2019,idoso,4,1,TO,media,311
2019,idoso,4,1,TO,alta,36
2019,idoso,4,2,AC,baixa,77
2019,idoso,4,2,AC,media,81
2019,idoso,4,2,AC,alta,13
2019,idoso,4,2,AL,baixa,317
2019,idoso,4,2,AL,media,243
2019,idoso,4,2,AL,alta,43
2019,idoso,4,2,AM,baixa,235
2019,idoso,4,2,AM,media,586
2019,idoso,4,2,AM,alta,177
2019,idoso,4,2,AP,baixa,47
2019,idoso,4,2,AP,media,76
2019,idoso,4,2,AP,alta,19
2019,idoso,4,2,BA,baixa,1066
2019,idoso,4,2,BA,media,1841
2019,idoso,4,2,BA,alta,452
2019,idoso,4,2,CE,baixa,1260
2019,idoso,4,2,CE,media,1883
2019,idoso,4,2,CE,alta,370
2019,idoso,4,2,DF,baixa,83
2019,idoso,4,2,DF,media,327
2019,idoso,4,2,DF,alta,107
2019,idoso,4,2,ES,baixa,159
2019,idoso,4,2,ES,media,267
2019,idoso,4,2,ES,alta,66
2019,idoso,4,2,GO,baixa,437
2019,idoso,4,2,GO,media,910
2019,idoso,4,2,GO,alta,193
2019,idoso,4,2,MA,baixa,845
2019,idoso,4,2,MA,media,912
2019,idoso,4,2,MA,alta,257
2019,idoso,4,2,MG,baixa,1031
2019,idoso,4,2,MG,media,2771
2019,idoso,4,2,MG,alta,590
2019,idoso,4,2,MS,baixa,219
2019,idoso,4,2,MS,media,446
2019,idoso,4,2,MS,alta,115
2019,idoso,4,2,MT,baixa,240
2019,idoso,4,2,MT,media,469
2019,idoso,4,2,MT,alta,158
2019,idoso,4,2,PA,baixa,586
2019,idoso,4,2,PA,media,1201
2019,idoso,4,2,PA,alta,317
2019,idoso,4,2,PB,baixa,261
2019,idoso,4,2,PB,media,386
2019,idoso,4,2,PB,alta,63
2019,idoso,4,2,PE,baixa,1276
2019,idoso,4,2,PE,media,1780
2019,idoso,4,2,PE,alta,444
2019,idoso,4,2,PI,baixa,476
2019,idoso,4,2,PI,media,439
2019,idoso,4,2,PI,alta,65
2019,idoso,4,2,PR,baixa,384
2019,idoso,4,2,PR,media,680
2019,idoso,4,2,PR,alta,124
2019,idoso,4,2,RJ,baixa,577
2019,idoso,4,2,RJ,media,3172
2019,idoso,4,2,RJ,alta,722
2019,idoso,4,2,RN,baixa,260
2019,idoso,4,2,RN,media,422
2019,idoso,4,2,RN,alta,87
2019,idoso,4,2,RO,baixa,97
2019,idoso,4,2,RO,media,182
2019,idoso,4,2,RO,alta,38
2019,idoso,4,2,RR,baixa,33
2019,idoso,4,2,RR,media,59
2019,idoso,4,2,RR,alta,22
2019,idoso,4,2,RS,baixa,84
2019,idoso,4,2,RS,media,265
2019,idoso,4,2,RS,alta,72
2019,idoso,4,2,SC,baixa,49
2019,idoso,4,2,SC,media,137
2019,idoso,4,2,SC,alta,31
2019,idoso,4,2,SE,baixa,283
2019,idoso,4,2,SE,media,354
2019,idoso,4,2,SE,alta,87
2019,idoso,4,2,SP,baixa,941
2019,idoso,4,2,SP,media,3943
2019,idoso,4,2,SP,alta,932
2019,idoso,4,2,TO,baixa,124
2019,idoso,4,2,TO,media,203
2019,idoso,4,2,TO,alta,20
2019,idoso,5,1,AC,baixa,2
2019,idoso,5,1,AC,media,3
2019,idoso,5,1,AL,baixa,1
2019,idoso,5,1,AL,media,4
2019,idoso,5,1,AM,baixa,23
2019,idoso,5,1,AM,media,15
2019,idoso,5,1,AM,alta,2
2019,idoso,5,1,AP,baixa,1
2019,idoso,5,1,AP,media,2
2019,idoso,5,1,BA,baixa,3
2019,idoso,5,1,BA,media,7
2019,idoso,5,1,CE,baixa,3
2019,idoso,5,1,CE,media,3
2019,idoso,5,1,DF,media,1
2019,idoso,5,1,DF,alta,1
2019,idoso,5,1,ES,media,2
2019,idoso,5,1,GO,media,1
2019,idoso,5,1,GO,alta,1
2019,idoso,5,1,MA,baixa,8
2019,idoso,5,1,MA,media,2
2019,idoso,5,1,MG,baixa,5
2019,idoso,5,1,MG,media,7
2019,idoso,5,1,MG,alta,1
2019,idoso,5,1,MS,baixa,13
2019,idoso,5,1,MS,media,23
2019,idoso,5,1,MS,alta,2
2019,idoso,5,1,MT,baixa,6
2019,idoso,5,1,MT,media,3
2019,idoso,5,1,PA,baixa,7
2019,idoso,5,1,PA,media,2
2019,idoso,5,1,PA,alta,1
2019,idoso,5,1,PB,baixa,1
2019,idoso,5,1,PB,media,1
2019,idoso,5,1,PB,alta,1
2019,idoso,5,1,PE,baixa,8
2019,idoso,5,1,PE,media,14
2019,idoso,5,1,PE,alta,1
2019,idoso,5,1,PI,baixa,1
2019,idoso,5,1,PR,baixa,4
2019,idoso,5,1,PR,media,5
2019,idoso,5,1,PR,alta,2
2019,idoso,5,1,RJ,baixa,2
2019,idoso,5,1,RJ,media,7
2019,idoso,5,1,RJ,alta,3
2019,idoso,5,1,RN,media,1
2019,idoso,5,1,RN,alta,1
2019,idoso,5,1,RO,baixa,3
2019,idoso,5,1,RO,media,1
2019,idoso,5,1,RR,baixa,13
2019,idoso,5,1,RR,media,5
2019,idoso,5,1,RR,alta,2
2019,idoso,5,1,RS,baixa,1
2019,idoso,5,1,RS,media,9
2019,idoso,5,1,RS,alta,3
2019,idoso,5,1,SC,baixa,3
2019,idoso,5,1,SC,media,5
2019,idoso,5,1,SE,media,1
2019,idoso,5,1,SP,baixa,2
2019,idoso,5,1,SP,media,9
2019,idoso,5,1,SP,alta,4
2019,idoso,5,1,TO,baixa,3
2019,idoso,5,2,AC,baixa,1
2019,idoso,5,2,AL,baixa,1
2019,idoso,5,2,AL,alta,1
2019,idoso,5,2,AM,baixa,22
2019,idoso,5,2,AM,media,7
2019,idoso,5,2,BA,baixa,5
2019,idoso,5,2,BA,media,7
2019,idoso,5,2,BA,alta,2
2019,idoso,5,2,CE,baixa,2
2019,idoso,5,2,CE,media,5
2019,idoso,5,2,CE,alta,1
2019,idoso,5,2,DF,baixa,1
2019,idoso,5,2,DF,media,1
2019,idoso,5,2,GO,media,3
2019,idoso,5,2,GO,alta,1
2019,idoso,5,2,MA,baixa,2
2019,idoso,5,2,MA,media,3
2019,idoso,5,2,MA,alta,1
2019,idoso,5,2,MG,baixa,2
2019,idoso,5,2,MG,media,7
2019,idoso,5,2,MS,baixa,14
2019,idoso,5,2,MS,media,11
2019,idoso,5,2,MT,baixa,5
2019,idoso,5,2,MT,media,1
2019,idoso,5,2,MT,alta,1
2019,idoso,5,2,PA,baixa,2
2019,idoso,5,2,PA,media,3
2019,idoso,5,2,PB,baixa,1
2019,idoso,5,2,PB,media,1
2019,idoso,5,2,PE,baixa,8
2019,idoso,5,2,PE,media,6
2019,idoso,5,2,PE,alta,2
2019,idoso,5,2,PI,baixa,1
2019,idoso,5,2,PR,baixa,1
2019,idoso,5,2,PR,media,1
2019,idoso,5,2,RJ,media,3
2019,idoso,5,2,RJ,alta,1
2019,idoso,5,2,RN,baixa,4
2019,idoso,5,2,RN,media,1
2019,idoso,5,2,RO,baixa,3
2019,idoso,5,2,RR,baixa,12
2019,idoso,5,2,RR,media,8
2019,idoso,5,2,RR,alta,1
2019,idoso,5,2,RS,baixa,2
2019,idoso,5,2,RS,alta,1
2019,idoso,5,2,SC,baixa,3
2019,idoso,5,2,SC,media,3
2019,idoso,5,2,SE,baixa,1
2019,idoso,5,2,SE,media,1
2019,idoso,5,2,SE,alta,1
2019,idoso,5,2,SP,baixa,2
2019,idoso,5,2,SP,media,9
2019,idoso,5,2,SP,alta,1
2019,idoso,5,2,TO,baixa,1
2019,jovem,1,0,SP,media,1
2019,jovem,1,1,AC,media,5
2019,jovem,1,1,AC,alta,8
2019,jovem,1,1,AL,baixa,3
2019,jovem,1,1,AL,media,8
2019,jovem,1,1,AL,alta,2
2019,jovem,1,1,AM,baixa,3
2019,jovem,1,1,AM,media,47
2019,jovem,1,1,AM,alta,41
2019,jovem,1,1,AP,media,3
2019,jovem,1,1,AP,alta,1
2019,jovem,1,1,BA,baixa,14
2019,jovem,1,1,BA,media,122
2019,jovem,1,1,BA,alta,44
2019,jovem,1,1,CE,baixa,18
2019,jovem,1,1,CE,media,69
2019,jovem,1,1,CE,alta,53
2019,jovem,1,1,DF,baixa,4
2019,jovem,1,1,DF,media,36
2019,jovem,1,1,DF,alta,28
2019,jovem,1,1,ES,baixa,1
2019,jovem,1,1,ES,media,16
2019,jovem,1,1,ES,alta,18
2019,jovem,1,1,GO,baixa,11
2019,jovem,1,1,GO,media,141
2019,jovem,1,1,GO,alta,116
2019,jovem,1,1,MA,baixa,11
2019,jovem,1,1,MA,media,65
2019,jovem,1,1,MA,alta,43
2019,jovem,1,1,MG,baixa,38
2019,jovem,1,1,MG,media,238
2019,jovem,1,1,MG,alta,314
2019,jovem,1,1,MS,baixa,4
2019,jovem,1,1,MS,media,53
2019,jovem,1,1,MS,alta,55
2019,jovem,1,1,MT,baixa,3
2019,jovem,1,1,MT,media,44
2019,jovem,1,1,MT,alta,70
2019,jovem,1,1,PA,baixa,13
2019,jovem,1,1,PA,media,66
2019,jovem,1,1,PA,alta,44
2019,jovem,1,1,PB,baixa,5
2019,jovem,1,1,PB,media,10
2019,jovem,1,1,PB,alta,8
2019,jovem,1,1,PE,baixa,21
2019,jovem,1,1,PE,media,254
2019,jovem,1,1,PE,alta,96
2019,jovem,1,1,PI,baixa,5
2019,jovem,1,1,PI,media,26
2019,jovem,1,1,PI,alta,18
2019,jovem,1,1,PR,baixa,51
2019,jovem,1,1,PR,media,378
2019,jovem,1,1,PR,alta,682
2019,jovem,1,1,RJ,baixa,12
2019,jovem,1,1,RJ,media,339
2019,jovem,1,1,RJ,alta,178
2019,jovem,1,1,RN,baixa,6
2019,jovem,1,1,RN,media,33
2019,jovem,1,1,RN,alta,15
2019,jovem,1,1,RO,baixa,2
2019,jovem,1,1,RO,media,21
2019,jovem,1,1,RO,alta,19
2019,jovem,1,1,RR,baixa,1
2019,jovem,1,1,RR,media,9
2019,jovem,1,1,RR,alta,5
2019,jovem,1,1,RS,baixa,31
2019,jovem,1,1,RS,media,269
2019,jovem,1,1,RS,alta,236
2019,jovem,1,1,SC,baixa,19
2019,jovem,1,1,SC,media,232
2019,jovem,1,1,SC,alta,287
2019,jovem,1,1,SE,baixa,3
2019,jovem,1,1,SE,media,30
2019,jovem,1,1,SE,alta,15
2019,jovem,1,1,SP,baixa,110
2019,jovem,1,1,SP,media,545
2019,jovem,1,1,SP,alta,738
2019,jovem,1,1,TO,baixa,1
2019,jovem,1,1,TO,media,19
2019,jovem,1,1,TO,alta,14
2019,jovem,1,2,AC,baixa,1
2019,jovem,1,2,AC,media,4
2019,jovem,1,2,AC,alta,1
2019,jovem,1,2,AL,baixa,4
2019,jovem,1,2,AL,media,7
2019,jovem,1,2,AL,alta,4
2019,jovem,1,2,AM,media,13
2019,jovem,1,2,AM,alta,19
2019,jovem,1,2,AP,baixa,4
2019,jovem,1,2,AP,media,3
2019,jovem,1,2,AP,alta,2
2019,jovem,1,2,BA,baixa,15
2019,jovem,1,2,BA,media,34
2019,jovem,1,2,BA,alta,26
2019,jovem,1,2,CE,baixa,14
2019,jovem,1,2,CE,media,31
2019,jovem,1,2,CE,alta,30
2019,jovem,1,2,DF,baixa,4
2019,jovem,1,2,DF,media,13
2019,jovem,1,2,DF,alta,7
2019,jovem,1,2,ES,baixa,1
2019,jovem,1,2,ES,media,14
2019,jovem,1,2,ES,alta,13
2019,jovem,1,2,GO,baixa,5
2019,jovem,1,2,GO,media,39
2019,jovem,1,2,GO,alta,36
2019,jovem,1,2,MA,baixa,6
2019,jovem,1,2,MA,media,27
2019,jovem,1,2,MA,alta,12
2019,jovem,1,2,MG,baixa,28
2019,jovem,1,2,MG,media,109
2019,jovem,1,2,MG,alta,120
2019,jovem,1,2,MS,baixa,7
2019,jovem,1,2,MS,media,20
2019,jovem,1,2,MS,alta,19
2019,jovem,1,2,MT,baixa,9
2019,jovem,1,2,MT,media,24
2019,jovem,1,2,MT,alta,23
2019,jovem,1,2,PA,baixa,11
2019,jovem,1,2,PA,media,26
2019,jovem,1,2,PA,alta,26
2019,jovem,1,2,PB,baixa,2
2019,jovem,1,2,PB,media,8
2019,jovem,1,2,PB,alta,4
2019,jovem,1,2,PE,baixa,11
2019,jovem,1,2,PE,media,61
2019,jovem,1,2,PE,alta,30
2019,jovem,1,2,PI,baixa,4
2019,jovem,1,2,PI,media,11
2019,jovem,1,2,PI,alta,6
2019,jovem,1,2,PR,baixa,35
2019,jovem,1,2,PR,media,133
2019,jovem,1,2,PR,alta,170
2019,jovem,1,2,RJ,baixa,11
2019,jovem,1,2,RJ,media,133
2019,jovem,1,2,RJ,alta,64
2019,jovem,1,2,RN,baixa,1
2019,jovem,1,2,RN,media,19
2019,jovem,1,2,RN,alta,9
2019,jovem,1,2,RO,baixa,2
2019,jovem,1,2,RO,media,9
2019,jovem,1,2,RO,alta,6
2019,jovem,1,2,RR,baixa,1
2019,jovem,1,2,RR,media,2
2019,jovem,1,2,RR,alta,6
2019,jovem,1,2,RS,baixa,17
2019,jovem,1,2,RS,media,100
2019,jovem,1,2,RS,alta,66
2019,jovem,1,2,SC,baixa,23
2019,jovem,1,2,SC,media,74
2019,jovem,1,2,SC,alta,90
2019,jovem,1,2,SE,baixa,4
2019,jovem,1,2,SE,media,4
2019,jovem,1,2,SE,alta,10
2019,jovem,1,2,SP,baixa,82
2019,jovem,1,2,SP,media,255
2019,jovem,1,2,SP,alta,337
2019,jovem,1,2,TO,baixa,1
2019,jovem,1,2,TO,media,5
2019,jovem,1,2,TO,alta,2
2019,jovem,2,1,AC,media,1
2019,jovem,2,1,AC,alta,4
2019,jovem,2,1,AL,baixa,1
2019,jovem,2,1,AL,media,5
2019,jovem,2,1,AL,alta,1
2019,jovem,2,1,AM,media,3
2019,jovem,2,1,AM,alta,2
2019,jovem,2,1,AP,media,4
2019,jovem,2,1,AP,alta,1
2019,jovem,2,1,BA,baixa,11
2019,jovem,2,1,BA,media,270
2019,jovem,2,1,BA,alta,78
2019,jovem,2,1,CE,baixa,2
2019,jovem,2,1,CE,media,7
2019,jovem,2,1,CE,alta,4
2019,jovem,2,1,DF,media,21
2019,jovem,2,1,DF,alta,6
2019,jovem,2,1,ES,media,10
2019,jovem,2,1,ES,alta,5
2019,jovem,2,1,GO,media,32
2019,jovem,2,1,GO,alta,27
2019,jovem,2,1,MA,baixa,3
2019,jovem,2,1,MA,media,41
2019,jovem,2,1,MA,alta,31
2019,jovem,2,1,MG,baixa,10
2019,jovem,2,1,MG,media,94
2019,jovem,2,1,MG,alta,94
2019,jovem,2,1,MS,baixa,1
2019,jovem,2,1,MS,media,4
2019,jovem,2,1,MS,alta,7
2019,jovem,2,1,MT,media,20
2019,jovem,2,1,MT,alta,16
2019,jovem,2,1,PA,baixa,3
2019,jovem,2,1,PA,media,47
2019,jovem,2,1,PA,alta,24
2019,jovem,2,1,PB,media,1
2019,jovem,2,1,PE,media,48
2019,jovem,2,1,PE,alta,12
2019,jovem,2,1,PI,baixa,2
2019,jovem,2,1,PI,media,13
2019,jovem,2,1,PI,alta,11
2019,jovem,2,1,PR,baixa,1
2019,jovem,2,1,PR,media,13
2019,jovem,2,1,PR,alta,19
2019,jovem,2,1,RJ,baixa,5
2019,jovem,2,1,RJ,media,336
2019,jovem,2,1,RJ,alta,91
2019,jovem,2,1,RN,media,4
2019,jovem,2,1,RN,alta,2
2019,jovem,2,1,RO,baixa,1
2019,jovem,2,1,RO,media,6
2019,jovem,2,1,RO,alta,1
2019,jovem,2,1,RR,media,2
2019,jovem,2,1,RR,alta,1
2019,jovem,2,1,RS,media,55
2019,jovem,2,1,RS,alta,17
2019,jovem,2,1,SC,baixa,1
2019,jovem,2,1,SC,media,24
2019,jovem,2,1,SC,alta,11
2019,jovem,2,1,SE,baixa,1
2019,jovem,2,1,SE,media,17
2019,jovem,2,1,SE,alta,5
2019,jovem,2,1,SP,baixa,3
2019,jovem,2,1,SP,media,88
2019,jovem,2,1,SP,alta,112
2019,jovem,2,1,TO,media,16
2019,jovem,2,1,TO,alta,8
2019,jovem,2,2,AC,alta,1
2019,jovem,2,2,AL,media,1
2019,jovem,2,2,AL,alta,2
2019,jovem,2,2,AM,media,1
2019,jovem,2,2,AM,alta,3
2019,jovem,2,2,AP,media,1
2019,jovem,2,2,AP,alta,3
2019,jovem,2,2,BA,baixa,7
2019,jovem,2,2,BA,media,38
2019,jovem,2,2,BA,alta,14
2019,jovem,2,2,CE,alta,2
2019,jovem,2,2,DF,media,1
2019,jovem,2,2,DF,alta,3
2019,jovem,2,2,ES,media,5
2019,jovem,2,2,ES,alta,3
2019,jovem,2,2,GO,baixa,1
2019,jovem,2,2,GO,media,9
2019,jovem,2,2,GO,alta,11
2019,jovem,2,2,MA,baixa,1
2019,jovem,2,2,MA,media,11
2019,jovem,2,2,MA,alta,11
2019,jovem,2,2,MG,baixa,3
2019,jovem,2,2,MG,media,23
2019,jovem,2,2,MG,alta,30
2019,jovem,2,2,MS,baixa,1
2019,jovem,2,2,MS,media,2
2019,jovem,2,2,MS,alta,1
2019,jovem,2,2,MT,media,5
2019,jovem,2,2,MT,alta,2
2019,jovem,2,2,PA,media,9
2019,jovem,2,2,PA,alta,7
2019,jovem,2,2,PE,media,10
2019,jovem,2,2,PE,alta,5
2019,jovem,2,2,PI,media,5
2019,jovem,2,2,PI,alta,1
2019,jovem,2,2,PR,baixa,3
2019,jovem,2,2,PR,media,6
2019,jovem,2,2,PR,alta,9
2019,jovem,2,2,RJ,baixa,2
2019,jovem,2,2,RJ,media,69
2019,jovem,2,2,RJ,alta,31
2019,jovem,2,2,RN,media,1
2019,jovem,2,2,RO,alta,1
2019,jovem,2,2,RS,baixa,1
2019,jovem,2,2,RS,media,13
2019,jovem,2,2,RS,alta,6
2019,jovem,2,2,SC,media,6
2019,jovem,2,2,SC,alta,4
2019,jovem,2,2,SE,media,3
2019,jovem,2,2,SE,alta,2
2019,jovem,2,2,SP,baixa,5
2019,jovem,2,2,SP,media,24
2019,jovem,2,2,SP,alta,41
2019,jovem,2,2,TO,alta,1
2019,jovem,3,1,AM,media,4
2019,jovem,3,1,AM,alta,4
2019,jovem,3,1,AP,media,3
2019,jovem,3,1,CE,baixa,1
2019,jovem,3,1,CE,media,2
2019,jovem,3,1,GO,media,3
2019,jovem,3,1,MA,baixa,1
2019,jovem,3,1,MA,media,3
2019,jovem,3,1,MG,media,2
2019,jovem,3,1,MS,baixa,1
2019,jovem,3,1,MT,alta,1
2019,jovem,3,1,PA,media,2
2019,jovem,3,1,PA,alta,1
2019,jovem,3,1,PE,media,1
2019,jovem,3,1,RJ,media,1
2019,jovem,3,1,RR,media,1
2019,jovem,3,1,SC,alta,1
2019,jovem,3,1,SP,baixa,1
2019,jovem,3,1,SP,media,4
2019,jovem,3,1,SP,alta,5
2019,jovem,3,2,AC,baixa,1
2019,jovem,3,2,CE,media,1
2019,jovem,3,2,CE,alta,1
2019,jovem,3,2,DF,alta,1
2019,jovem,3,2,GO,media,1
2019,jovem,3,2,MG,media,1
2019,jovem,3,2,MS,media,1
2019,jovem,3,2,MT,alta,2
2019,jovem,3,2,PR,alta,1
2019,jovem,3,2,SC,alta,1
2019,jovem,3,2,SP,alta,2
2019,jovem,4,0,MG,alta,1
2019,jovem,4,1,AC,baixa,10
2019,jovem,4,1,AC,media,26
2019,jovem,4,1,AC,alta,25
2019,jovem,4,1,AL,baixa,7
2019,jovem,4,1,AL,media,183
2019,jovem,4,1,AL,alta,79
2019,jovem,4,1,AM,baixa,28
2019,jovem,4,1,AM,media,455
2019,jovem,4,1,AM,alta,326
2019,jovem,4,1,AP,baixa,7
2019,jovem,4,1,AP,media,142
2019,jovem,4,1,AP,alta,54
2019,jovem,4,1,BA,baixa,45
2019,jovem,4,1,BA,media,1293
2019,jovem,4,1,BA,alta,360
2019,jovem,4,1,CE,baixa,53
2019,jovem,4,1,CE,media,692
2019,jovem,4,1,CE,alta,295
2019,jovem,4,1,DF,baixa,2
2019,jovem,4,1,DF,media,106
2019,jovem,4,1,DF,alta,54
2019,jovem,4,1,ES,baixa,5
2019,jovem,4,1,ES,media,131
2019,jovem,4,1,ES,alta,66
2019,jovem,4,1,GO,baixa,7
2019,jovem,4,1,GO,media,372
2019,jovem,4,1,GO,alta,263
2019,jovem,4,1,MA,baixa,38
2019,jovem,4,1,MA,media,367
2019,jovem,4,1,MA,alta,310
2019,jovem,4,1,MG,baixa,29
2019,jovem,4,1,MG,media,486
2019,jovem,4,1,MG,alta,448
2019,jovem,4,1,MS,baixa,2
2019,jovem,4,1,MS,media,91
2019,jovem,4,1,MS,alta,87
2019,jovem,4,1,MT,baixa,10
2019,jovem,4,1,MT,media,142
2019,jovem,4,1,MT,alta,197
2019,jovem,4,1,PA,baixa,37
2019,jovem,4,1,PA,media,747
2019,jovem,4,1,PA,alta,319
2019,jovem,4,1,PB,baixa,4
2019,jovem,4,1,PB,media,72
2019,jovem,4,1,PB,alta,19
2019,jovem,4,1,PE,baixa,47
2019,jovem,4,1,PE,media,1031
2019,jovem,4,1,PE,alta,266
2019,jovem,4,1,PI,baixa,11
2019,jovem,4,1,PI,media,166
2019,jovem,4,1,PI,alta,87
2019,jovem,4,1,PR,baixa,8
2019,jovem,4,1,PR,media,180
2019,jovem,4,1,PR,alta,169
2019,jovem,4,1,RJ,baixa,15
2019,jovem,4,1,RJ,media,862
2019,jovem,4,1,RJ,alta,299
2019,jovem,4,1,RN,baixa,10
2019,jovem,4,1,RN,media,129
2019,jovem,4,1,RN,alta,27
2019,jovem,4,1,RO,baixa,5
2019,jovem,4,1,RO,media,77
2019,jovem,4,1,RO,alta,59
2019,jovem,4,1,RR,baixa,2
2019,jovem,4,1,RR,media,54
2019,jovem,4,1,RR,alta,41
2019,jovem,4,1,RS,baixa,2
2019,jovem,4,1,RS,media,66
2019,jovem,4,1,RS,alta,36
2019,jovem,4,1,SC,baixa,1
2019,jovem,4,1,SC,media,56
2019,jovem,4,1,SC,alta,39
2019,jovem,4,1,SE,baixa,18
2019,jovem,4,1,SE,media,332
2019,jovem,4,1,SE,alta,96
2019,jovem,4,1,SP,baixa,28
2019,jovem,4,1,SP,media,565
2019,jovem,4,1,SP,alta,598
2019,jovem,4,1,TO,baixa,7
2019,jovem,4,1,TO,media,78
2019,jovem,4,1,TO,alta,59
2019,jovem,4,2,AC,baixa,3
2019,jovem,4,2,AC,media,13
2019,jovem,4,2,AC,alta,12
2019,jovem,4,2,AL,baixa,4
2019,jovem,4,2,AL,media,34
2019,jovem,4,2,AL,alta,15
2019,jovem,4,2,AM,baixa,5
2019,jovem,4,2,AM,media,83
2019,jovem,4,2,AM,alta,73
2019,jovem,4,2,AP,baixa,2
2019,jovem,4,2,AP,media,18
2019,jovem,4,2,AP,alta,10
2019,jovem,4,2,BA,baixa,18
2019,jovem,4,2,BA,media,172
2019,jovem,4,2,BA,alta,101
2019,jovem,4,2,CE,baixa,22
2019,jovem,4,2,CE,media,167
2019,jovem,4,2,CE,alta,96
2019,jovem,4,2,DF,baixa,1
2019,jovem,4,2,DF,media,29
2019,jovem,4,2,DF,alta,9
2019,jovem,4,2,ES,baixa,2
2019,jovem,4,2,ES,media,22
2019,jovem,4,2,ES,alta,22
2019,jovem,4,2,GO,baixa,3
2019,jovem,4,2,GO,media,75
2019,jovem,4,2,GO,alta,68
2019,jovem,4,2,MA,baixa,21
2019,jovem,4,2,MA,media,92
2019,jovem,4,2,MA,alta,121
2019,jovem,4,2,MG,baixa,21
2019,jovem,4,2,MG,media,124
2019,jovem,4,2,MG,alta,143
2019,jovem,4,2,MS,baixa,5
2019,jovem,4,2,MS,media,24
2019,jovem,4,2,MS,alta,29
2019,jovem,4,2,MT,baixa,7
2019,jovem,4,2,MT,media,44
2019,jovem,4,2,MT,alta,52
2019,jovem,4,2,PA,baixa,18
2019,jovem,4,2,PA,media,182
2019,jovem,4,2,PA,alta,99
2019,jovem,4,2,PB,baixa,3
2019,jovem,4,2,PB,media,26
2019,jovem,4,2,PB,alta,13
2019,jovem,4,2,PE,baixa,13
2019,jovem,4,2,PE,media,150
2019,jovem,4,2,PE,alta,93
2019,jovem,4,2,PI,baixa,3
2019,jovem,4,2,PI,media,37
2019,jovem,4,2,PI,alta,34
2019,jovem,4,2,PR,baixa,8
2019,jovem,4,2,PR,media,41
2019,jovem,4,2,PR,alta,33
2019,jovem,4,2,RJ,baixa,8
2019,jovem,4,2,RJ,media,190
2019,jovem,4,2,RJ,alta,79
2019,jovem,4,2,RN,media,21
2019,jovem,4,2,RN,alta,12
2019,jovem,4,2,RO,baixa,1
2019,jovem,4,2,RO,media,12
2019,jovem,4,2,RO,alta,18
2019,jovem,4,2,RR,media,14
2019,jovem,4,2,RR,alta,23
2019,jovem,4,2,RS,media,13
2019,jovem,4,2,RS,alta,10
2019,jovem,4,2,SC,baixa,1
2019,jovem,4,2,SC,media,16
2019,jovem,4,2,SC,alta,6
2019,jovem,4,2,SE,baixa,7
2019,jovem,4,2,SE,media,43
2019,jovem,4,2,SE,alta,22
2019,jovem,4,2,SP,baixa,24
2019,jovem,4,2,SP,media,173
2019,jovem,4,2,SP,alta,220
2019,jovem,4,2,TO,media,22
2019,jovem,4,2,TO,alta,17
2019,jovem,5,1,AC,media,2
2019,jovem,5,1,AM,baixa,14
2019,jovem,5,1,AM,media,26
2019,jovem,5,1,AM,alta,19
2019,jovem,5,1,BA,media,1
2019,jovem,5,1,CE,media,2
2019,jovem,5,1,MA,media,6
2019,jovem,5,1,MA,alta,2
2019,jovem,5,1,MS,baixa,2
2019,jovem,5,1,MS,media,37
2019,jovem,5,1,MS,alta,11
2019,jovem,5,1,MT,media,1
2019,jovem,5,1,MT,alta,5
2019,jovem,5,1,PA,media,4
2019,jovem,5,1,PA,alta,2
2019,jovem,5,1,PE,baixa,1
2019,jovem,5,1,PE,media,1
2019,jovem,5,1,PE,alta,2
2019,jovem,5,1,PR,media,5
2019,jovem,5,1,PR,alta,2
2019,jovem,5,1,RO,media,1
2019,jovem,5,1,RO,alta,1
2019,jovem,5,1,RR,baixa,8
2019,jovem,5,1,RR,media,7
2019,jovem,5,1,RR,alta,7
2019,jovem,5,1,RS,baixa,1
2019,jovem,5,1,RS,media,2
2019,jovem,5,1,SC,media,2
2019,jovem,5,1,SC,alta,2
2019,jovem,5,1,SP,media,1
2019,jovem,5,1,TO,media,2
2019,jovem,5,2,AC,alta,1
2019,jovem,5,2,AM,baixa,4
2019,jovem,5,2,AM,media,9
2019,jovem,5,2,AM,alta,10
2019,jovem,5,2,MA,baixa,2
2019,jovem,5,2,MA,media,1
2019,jovem,5,2,MA,alta,2
2019,jovem,5,2,MG,media,2
2019,jovem,5,2,MS,baixa,1
2019,jovem,5,2,MS,media,7
2019,jovem,5,2,MS,alta,9
2019,jovem,5,2,MT,baixa,1
2019,jovem,5,2,MT,media,4
2019,jovem,5,2,MT,alta,1
2019,jovem,5,2,PA,media,4
2019,jovem,5,2,PE,media,1
2019,jovem,5,2,PR,media,2
2019,jovem,5,2,PR,alta,4
2019,jovem,5,2,RO,media,1
2019,jovem,5,2,RR,baixa,3
2019,jovem,5,2,RR,media,4
2019,jovem,5,2,RR,alta,5
2019,jovem,5,2,RS,media,1
2019,jovem,5,2,RS,alta,1
2019,jovem,5,2,TO,media,2
2019,meia-idade,1,0,PR,alta,1
2019,meia-idade,1,1,AC,baixa,1
2019,meia-idade,1,1,AC,media,16
2019,meia-idade,1,1,AC,alta,1
2019,meia-idade,1,1,AL,baixa,27
2019,meia-idade,1,1,AL,media,88
2019,meia-idade,1,1,AL,alta,37
2019,meia-idade,1,1,AM,baixa,10
2019,meia-idade,1,1,AM,media,91
2019,meia-idade,1,1,AM,alta,53
2019,meia-idade,1,1,AP,baixa,4
2019,meia-idade,1,1,AP,media,18
2019,meia-idade,1,1,AP,alta,10
2019,meia-idade,1,1,BA,baixa,68
2019,meia-idade,1,1,BA,media,385
2019,meia-idade,1,1,BA,alta,160
2019,meia-idade,1,1,CE,baixa,98
2019,meia-idade,1,1,CE,media,333
2019,meia-idade,1,1,CE,alta,153
2019,meia-idade,1,1,DF,baixa,8
2019,meia-idade,1,1,DF,media,230
2019,meia-idade,1,1,DF,alta,125
2019,meia-idade,1,1,ES,baixa,24
2019,meia-idade,1,1,ES,media,207
2019,meia-idade,1,1,ES,alta,79
2019,meia-idade,1,1,GO,baixa,66
2019,meia-idade,1,1,GO,media,560
2019,meia-idade,1,1,GO,alta,263
2019,meia-idade,1,1,MA,baixa,42
2019,meia-idade,1,1,MA,media,154
2019,meia-idade,1,1,MA,alta,100
2019,meia-idade,1,1,MG,baixa,211
2019,meia-idade,1,1,MG,media,2351
2019,meia-idade,1,1,MG,alta,1231
2019,meia-idade,1,1,MS,baixa,33
2019,meia-idade,1,1,MS,media,324
2019,meia-idade,1,1,MS,alta,216
2019,meia-idade,1,1,MT,baixa,23
2019,meia-idade,1,1,MT,media,313
2019,meia-idade,1,1,MT,alta,207
2019,meia-idade,1,1,PA,baixa,39
2019,meia-idade,1,1,PA,media,157
2019,meia-idade,1,1,PA,alta,89
2019,meia-idade,1,1,PB,baixa,31
2019,meia-idade,1,1,PB,media,88
2019,meia-idade,1,1,PB,alta,26
2019,meia-idade,1,1,PE,baixa,157
2019,meia-idade,1,1,PE,media,603
2019,meia-idade,1,1,PE,alta,291
2019,meia-idade,1,1,PI,baixa,31
2019,meia-idade,1,1,PI,media,88
2019,meia-idade,1,1,PI,alta,41
2019,meia-idade,1,1,PR,baixa,214
2019,meia-idade,1,1,PR,media,2645
2019,meia-idade,1,1,PR,alta,1588
2019,meia-idade,1,1,RJ,baixa,115
2019,meia-idade,1,1,RJ,media,1857
2019,meia-idade,1,1,RJ,alta,885
2019,meia-idade,1,1,RN,baixa,49
2019,meia-idade,1,1,RN,media,184
2019,meia-idade,1,1,RN,alta,65
2019,meia-idade,1,1,RO,baixa,17
2019,meia-idade,1,1,RO,media,109
2019,meia-idade,1,1,RO,alta,47
2019,meia-idade,1,1,RR,baixa,4
2019,meia-idade,1,1,RR,media,24
2019,meia-idade,1,1,RR,alta,12
2019,meia-idade,1,1,RS,baixa,136
2019,meia-idade,1,1,RS,media,2224
2019,meia-idade,1,1,RS,alta,1154
2019,meia-idade,1,1,SC,baixa,87
2019,meia-idade,1,1,SC,media,1810
2019,meia-idade,1,1,SC,alta,1072
2019,meia-idade,1,1,SE,baixa,21
2019,meia-idade,1,1,SE,media,92
2019,meia-idade,1,1,SE,alta,45
2019,meia-idade,1,1,SP,baixa,414
2019,meia-idade,1,1,SP,media,7066
2019,meia-idade,1,1,SP,alta,4854
2019,meia-idade,1,1,TO,baixa,10
2019,meia-idade,1,1,TO,media,53
2019,meia-idade,1,1,TO,alta,31
2019,meia-idade,1,2,AC,baixa,5
2019,meia-idade,1,2,AC,media,9
2019,meia-idade,1,2,AC,alta,4
2019,meia-idade,1,2,AL,baixa,25
2019,meia-idade,1,2,AL,media,60
2019,meia-idade,1,2,AL,alta,19
2019,meia-idade,1,2,AM,baixa,7
2019,meia-idade,1,2,AM,media,73
2019,meia-idade,1,2,AM,alta,43
2019,meia-idade,1,2,AP,baixa,5
2019,meia-idade,1,2,AP,media,6
2019,meia-idade,1,2,AP,alta,7
2019,meia-idade,1,2,BA,baixa,66
2019,meia-idade,1,2,BA,media,271
2019,meia-idade,1,2,BA,alta,140
2019,meia-idade,1,2,CE,baixa,65
2019,meia-idade,1,2,CE,media,279
2019,meia-idade,1,2,CE,alta,134
2019,meia-idade,1,2,DF,baixa,20
2019,meia-idade,1,2,DF,media,176
2019,meia-idade,1,2,DF,alta,100
2019,meia-idade,1,2,ES,baixa,18
2019,meia-idade,1,2,ES,media,140
2019,meia-idade,1,2,ES,alta,48
2019,meia-idade,1,2,GO,baixa,54
2019,meia-idade,1,2,GO,media,435
2019,meia-idade,1,2,GO,alta,192
2019,meia-idade,1,2,MA,baixa,55
2019,meia-idade,1,2,MA,media,142
2019,meia-idade,1,2,MA,alta,81
2019,meia-idade,1,2,MG,baixa,173
2019,meia-idade,1,2,MG,media,1553
2019,meia-idade,1,2,MG,alta,826
2019,meia-idade,1,2,MS,baixa,24
2019,meia-idade,1,2,MS,media,211
2019,meia-idade,1,2,MS,alta,146
2019,meia-idade,1,2,MT,baixa,23
2019,meia-idade,1,2,MT,media,159
2019,meia-idade,1,2,MT,alta,101
2019,meia-idade,1,2,PA,baixa,32
2019,meia-idade,1,2,PA,media,141
2019,meia-idade,1,2,PA,alta,66
2019,meia-idade,1,2,PB,baixa,29
2019,meia-idade,1,2,PB,media,78
2019,meia-idade,1,2,PB,alta,22
2019,meia-idade,1,2,PE,baixa,109
2019,meia-idade,1,2,PE,media,515
2019,meia-idade,1,2,PE,alta,240
2019,meia-idade,1,2,PI,baixa,23
2019,meia-idade,1,2,PI,media,83
2019,meia-idade,1,2,PI,alta,29
2019,meia-idade,1,2,PR,baixa,205
2019,meia-idade,1,2,PR,media,1619
2019,meia-idade,1,2,PR,alta,900
2019,meia-idade,1,2,RJ,baixa,121
2019,meia-idade,1,2,RJ,media,1596
2019,meia-idade,1,2,RJ,alta,881
2019,meia-idade,1,2,RN,baixa,40
2019,meia-idade,1,2,RN,media,150
2019,meia-idade,1,2,RN,alta,49
2019,meia-idade,1,2,RO,baixa,10
2019,meia-idade,1,2,RO,media,75
2019,meia-idade,1,2,RO,alta,36
2019,meia-idade,1,2,RR,media,8
2019,meia-idade,1,2,RR,alta,8
2019,meia-idade,1,2,RS,baixa,126
2019,meia-idade,1,2,RS,media,1396
2019,meia-idade,1,2,RS,alta,796
2019,meia-idade,1,2,SC,baixa,66
2019,meia-idade,1,2,SC,media,1203
2019,meia-idade,1,2,SC,alta,596
2019,meia-idade,1,2,SE,baixa,18
2019,meia-idade,1,2,SE,media,72
2019,meia-idade,1,2,SE,alta,26
2019,meia-idade,1,2,SP,baixa,355
2019,meia-idade,1,2,SP,media,4619
2019,meia-idade,1,2,SP,alta,2966
2019,meia-idade,1,2,TO,baixa,8
2019,meia-idade,1,2,TO,media,53
2019,meia-idade,1,2,TO,alta,15
2019,meia-idade,2,1,AC,baixa,6
2019,meia-idade,2,1,AC,media,3
2019,meia-idade,2,1,AC,alta,4
2019,meia-idade,2,1,AL,baixa,17
2019,meia-idade,2,1,AL,media,28
2019,meia-idade,2,1,AL,alta,7
2019,meia-idade,2,1,AM,baixa,2
2019,meia-idade,2,1,AM,media,10
2019,meia-idade,2,1,AM,alta,19
2019,meia-idade,2,1,AP,baixa,5
2019,meia-idade,2,1,AP,media,10
2019,meia-idade,2,1,AP,alta,4
2019,meia-idade,2,1,BA,baixa,167
2019,meia-idade,2,1,BA,media,489
2019,meia-idade,2,1,BA,alta,156
2019,meia-idade,2,1,CE,baixa,62
2019,meia-idade,2,1,CE,media,92
2019,meia-idade,2,1,CE,alta,18
2019,meia-idade,2,1,DF,baixa,8
2019,meia-idade,2,1,DF,media,65
2019,meia-idade,2,1,DF,alta,31
2019,meia-idade,2,1,ES,baixa,18
2019,meia-idade,2,1,ES,media,74
2019,meia-idade,2,1,ES,alta,15
2019,meia-idade,2,1,GO,baixa,70
2019,meia-idade,2,1,GO,media,214
2019,meia-idade,2,1,GO,alta,49
2019,meia-idade,2,1,MA,baixa,85
2019,meia-idade,2,1,MA,media,156
2019,meia-idade,2,1,MA,alta,44
2019,meia-idade,2,1,MG,baixa,153
2019,meia-idade,2,1,MG,media,854
2019,meia-idade,2,1,MG,alta,280
2019,meia-idade,2,1,MS,baixa,11
2019,meia-idade,2,1,MS,media,48
2019,meia-idade,2,1,MS,alta,19
2019,meia-idade,2,1,MT,baixa,22
2019,meia-idade,2,1,MT,media,89
2019,meia-idade,2,1,MT,alta,53
2019,meia-idade,2,1,PA,baixa,43
2019,meia-idade,2,1,PA,media,98
2019,meia-idade,2,1,PA,alta,23
2019,meia-idade,2,1,PB,baixa,14
2019,meia-idade,2,1,PB,media,24
2019,meia-idade,2,1,PB,alta,2
2019,meia-idade,2,1,PE,baixa,73
2019,meia-idade,2,1,PE,media,236
2019,meia-idade,2,1,PE,alta,63
2019,meia-idade,2,1,PI,baixa,45
2019,meia-idade,2,1,PI,media,61
2019,meia-idade,2,1,PI,alta,9
2019,meia-idade,2,1,PR,baixa,27
2019,meia-idade,2,1,PR,media,196
2019,meia-idade,2,1,PR,alta,64
2019,meia-idade,2,1,RJ,baixa,98
2019,meia-idade,2,1,RJ,media,923
2019,meia-idade,2,1,RJ,alta,334
2019,meia-idade,2,1,RN,baixa,14
2019,meia-idade,2,1,RN,media,41
2019,meia-idade,2,1,RN,alta,6
2019,meia-idade,2,1,RO,baixa,10
2019,meia-idade,2,1,RO,media,37
2019,meia-idade,2,1,RO,alta,6
2019,meia-idade,2,1,RR,baixa,1
2019,meia-idade,2,1,RR,media,12
2019,meia-idade,2,1,RR,alta,4
2019,meia-idade,2,1,RS,baixa,40
2019,meia-idade,2,1,RS,media,215
2019,meia-idade,2,1,RS,alta,73
2019,meia-idade,2,1,SC,baixa,11
2019,meia-idade,2,1,SC,media,69
2019,meia-idade,2,1,SC,alta,50
2019,meia-idade,2,1,SE,baixa,31
2019,meia-idade,2,1,SE,media,70
2019,meia-idade,2,1,SE,alta,29
2019,meia-idade,2,1,SP,baixa,82
2019,meia-idade,2,1,SP,media,991
2019,meia-idade,2,1,SP,alta,577
2019,meia-idade,2,1,TO,baixa,18
2019,meia-idade,2,1,TO,media,40
2019,meia-idade,2,1,TO,alta,3
2019,meia-idade,2,2,AC,baixa,3
2019,meia-idade,2,2,AC,media,5
2019,meia-idade,2,2,AL,baixa,14
2019,meia-idade,2,2,AL,media,18
2019,meia-idade,2,2,AL,alta,4
2019,meia-idade,2,2,AM,baixa,7
2019,meia-idade,2,2,AM,media,9
2019,meia-idade,2,2,AM,alta,6
2019,meia-idade,2,2,AP,baixa,1
2019,meia-idade,2,2,AP,media,10
2019,meia-idade,2,2,AP,alta,2
2019,meia-idade,2,2,BA,baixa,111
2019,meia-idade,2,2,BA,media,354
2019,meia-idade,2,2,BA,alta,128
2019,meia-idade,2,2,CE,baixa,16
2019,meia-idade,2,2,CE,media,51
2019,meia-idade,2,2,CE,alta,13
2019,meia-idade,2,2,DF,baixa,9
2019,meia-idade,2,2,DF,media,43
2019,meia-idade,2,2,DF,alta,19
2019,meia-idade,2,2,ES,baixa,16
2019,meia-idade,2,2,ES,media,58
2019,meia-idade,2,2,ES,alta,17
2019,meia-idade,2,2,GO,baixa,36
2019,meia-idade,2,2,GO,media,84
2019,meia-idade,2,2,GO,alta,28
2019,meia-idade,2,2,MA,baixa,46
2019,meia-idade,2,2,MA,media,79
2019,meia-idade,2,2,MA,alta,29
2019,meia-idade,2,2,MG,baixa,82
2019,meia-idade,2,2,MG,media,460
2019,meia-idade,2,2,MG,alta,149
2019,meia-idade,2,2,MS,baixa,6
2019,meia-idade,2,2,MS,media,28
2019,meia-idade,2,2,MS,alta,11
2019,meia-idade,2,2,MT,baixa,24
2019,meia-idade,2,2,MT,media,40
2019,meia-idade,2,2,MT,alta,11
2019,meia-idade,2,2,PA,baixa,30
2019,meia-idade,2,2,PA,media,62
2019,meia-idade,2,2,PA,alta,25
2019,meia-idade,2,2,PB,baixa,8
2019,meia-idade,2,2,PB,media,9
2019,meia-idade,2,2,PB,alta,2
2019,meia-idade,2,2,PE,baixa,57
2019,meia-idade,2,2,PE,media,126
2019,meia-idade,2,2,PE,alta,40
2019,meia-idade,2,2,PI,baixa,18
2019,meia-idade,2,2,PI,media,38
2019,meia-idade,2,2,PI,alta,9
2019,meia-idade,2,2,PR,baixa,33
2019,meia-idade,2,2,PR,media,93
2019,meia-idade,2,2,PR,alta,57
2019,meia-idade,2,2,RJ,baixa,69
2019,meia-idade,2,2,RJ,media,843
2019,meia-idade,2,2,RJ,alta,326
2019,meia-idade,2,2,RN,baixa,10
2019,meia-idade,2,2,RN,media,24
2019,meia-idade,2,2,RN,alta,1
2019,meia-idade,2,2,RO,baixa,5
2019,meia-idade,2,2,RO,media,19
2019,meia-idade,2,2,RO,alta,8
2019,meia-idade,2,2,RR,baixa,2
2019,meia-idade,2,2,RR,media,4
2019,meia-idade,2,2,RR,alta,6
2019,meia-idade,2,2,RS,baixa,16
2019,meia-idade,2,2,RS,media,152
2019,meia-idade,2,2,RS,alta,40
2019,meia-idade,2,2,SC,baixa,8
2019,meia-idade,2,2,SC,media,61
2019,meia-idade,2,2,SC,alta,23
2019,meia-idade,2,2,SE,baixa,19
2019,meia-idade,2,2,SE,media,40
2019,meia-idade,2,2,SE,alta,12
2019,meia-idade,2,2,SP,baixa,83
2019,meia-idade,2,2,SP,media,643
2019,meia-idade,2,2,SP,alta,338
2019,meia-idade,2,2,TO,baixa,9
2019,meia-idade,2,2,TO,media,20
2019,meia-idade,2,2,TO,alta,5
2019,meia-idade,3,1,AL,media,2
2019,meia-idade,3,1,AM,media,1
2019,meia-idade,3,1,AM,alta,2
2019,meia-idade,3,1,BA,baixa,1
2019,meia-idade,3,1,BA,media,6
2019,meia-idade,3,1,BA,alta,3
2019,meia-idade,3,1,CE,baixa,1
2019,meia-idade,3,1,CE,media,3
2019,meia-idade,3,1,CE,alta,1
2019,meia-idade,3,1,DF,media,4
2019,meia-idade,3,1,ES,media,1
2019,meia-idade,3,1,GO,baixa,1
2019,meia-idade,3,1,GO,media,19
2019,meia-idade,3,1,GO,alta,2
2019,meia-idade,3,1,MA,baixa,3
2019,meia-idade,3,1,MA,media,5
2019,meia-idade,3,1,MA,alta,4
2019,meia-idade,3,1,MG,baixa,2
2019,meia-idade,3,1,MG,media,10
2019,meia-idade,3,1,MG,alta,11
2019,meia-idade,3,1,MS,baixa,1
2019,meia-idade,3,1,MS,media,4
2019,meia-idade,3,1,MS,alta,4
2019,meia-idade,3,1,MT,baixa,1
2019,meia-idade,3,1,MT,media,2
2019,meia-idade,3,1,MT,alta,6
2019,meia-idade,3,1,PA,baixa,1
2019,meia-idade,3,1,PA,media,5
2019,meia-idade,3,1,PA,alta,3
2019,meia-idade,3,1,PB,baixa,1
2019,meia-idade,3,1,PB,media,1
2019,meia-idade,3,1,PE,baixa,1
2019,meia-idade,3,1,PE,media,8
2019,meia-idade,3,1,PE,alta,1
2019,meia-idade,3,1,PI,media,2
2019,meia-idade,3,1,PR,baixa,2
2019,meia-idade,3,1,PR,media,14
2019,meia-idade,3,1,PR,alta,11
2019,meia-idade,3,1,RJ,media,8
2019,meia-idade,3,1,RJ,alta,2
2019,meia-idade,3,1,RN,media,2
2019,meia-idade,3,1,RN,alta,1
2019,meia-idade,3,1,RO,alta,1
2019,meia-idade,3,1,RS,baixa,1
2019,meia-idade,3,1,RS,media,4
2019,meia-idade,3,1,SC,media,2
2019,meia-idade,3,1,SP,baixa,3
2019,meia-idade,3,1,SP,media,66
2019,meia-idade,3,1,SP,alta,41
2019,meia-idade,3,1,TO,media,1
2019,meia-idade,3,1,TO,alta,1
2019,meia-idade,3,2,AC,baixa,1
2019,meia-idade,3,2,BA,baixa,2
2019,meia-idade,3,2,BA,media,6
2019,meia-idade,3,2,CE,baixa,1
2019,meia-idade,3,2,CE,alta,2
2019,meia-idade,3,2,DF,media,1
2019,meia-idade,3,2,DF,alta,1
2019,meia-idade,3,2,GO,baixa,1
2019,meia-idade,3,2,GO,media,6
2019,meia-idade,3,2,GO,alta,2
2019,meia-idade,3,2,MA,baixa,1
2019,meia-idade,3,2,MA,media,3
2019,meia-idade,3,2,MA,alta,1
2019,meia-idade,3,2,MG,baixa,2
2019,meia-idade,3,2,MG,media,12
2019,meia-idade,3,2,MG,alta,6
2019,meia-idade,3,2,MS,media,2
2019,meia-idade,3,2,MS,alta,6
2019,meia-idade,3,2,MT,media,3
2019,meia-idade,3,2,MT,alta,1
2019,meia-idade,3,2,PA,media,3
2019,meia-idade,3,2,PA,alta,2
2019,meia-idade,3,2,PB,media,3
2019,meia-idade,3,2,PB,alta,1
2019,meia-idade,3,2,PE,baixa,2
2019,meia-idade,3,2,PE,media,2
2019,meia-idade,3,2,PE,alta,2
2019,meia-idade,3,2,PI,media,1
2019,meia-idade,3,2,PR,baixa,1
2019,meia-idade,3,2,PR,media,10
2019,meia-idade,3,2,PR,alta,2
2019,meia-idade,3,2,RJ,baixa,1
2019,meia-idade,3,2,RJ,media,5
2019,meia-idade,3,2,RJ,alta,3
2019,meia-idade,3,2,RO,baixa,1
2019,meia-idade,3,2,RS,media,1
2019,meia-idade,3,2,RS,alta,2
2019,meia-idade,3,2,SC,media,2
2019,meia-idade,3,2,SC,alta,1
2019,meia-idade,3,2,SE,media,1
2019,meia-idade,3,2,SE,alta,1
2019,meia-idade,3,2,SP,baixa,2
2019,meia-idade,3,2,SP,media,52
2019,meia-idade,3,2,SP,alta,29
2019,meia-idade,4,0,AL,media,1
2019,meia-idade,4,0,SP,alta,1
2019,meia-idade,4,1,AC,baixa,39
2019,meia-idade,4,1,AC,media,64
2019,meia-idade,4,1,AC,alta,19
2019,meia-idade,4,1,AL,baixa,176
2019,meia-idade,4,1,AL,media,349
2019,meia-idade,4,1,AL,alta,78
2019,meia-idade,4,1,AM,baixa,133
2019,meia-idade,4,1,AM,media,558
2019,meia-idade,4,1,AM,alta,310
2019,meia-idade,4,1,AP,baixa,17
2019,meia-idade,4,1,AP,media,81
2019,meia-idade,4,1,AP,alta,43
2019,meia-idade,4,1,BA,baixa,537
2019,meia-idade,4,1,BA,media,1994
2019,meia-idade,4,1,BA,alta,537
2019,meia-idade,4,1,CE,baixa,705
2019,meia-idade,4,1,CE,media,2049
2019,meia-idade,4,1,CE,alta,521
2019,meia-idade,4,1,DF,baixa,29
2019,meia-idade,4,1,DF,media,345
2019,meia-idade,4,1,DF,alta,152
2019,meia-idade,4,1,ES,baixa,58
2019,meia-idade,4,1,ES,media,350
2019,meia-idade,4,1,ES,alta,109
2019,meia-idade,4,1,GO,baixa,185
2019,meia-idade,4,1,GO,media,1171
2019,meia-idade,4,1,GO,alta,360
2019,meia-idade,4,1,MA,baixa,414
2019,meia-idade,4,1,MA,media,877
2019,meia-idade,4,1,MA,alta,344
2019,meia-idade,4,1,MG,baixa,447
2019,meia-idade,4,1,MG,media,2840
2019,meia-idade,4,1,MG,alta,881
2019,meia-idade,4,1,MS,baixa,80
2019,meia-idade,4,1,MS,media,492
2019,meia-idade,4,1,MS,alta,202
2019,meia-idade,4,1,MT,baixa,104
2019,meia-idade,4,1,MT,media,564
2019,meia-idade,4,1,MT,alta,277
2019,meia-idade,4,1,PA,baixa,274
2019,meia-idade,4,1,PA,media,1149
2019,meia-idade,4,1,PA,alta,399
2019,meia-idade,4,1,PB,baixa,138
2019,meia-idade,4,1,PB,media,337
2019,meia-idade,4,1,PB,alta,105
2019,meia-idade,4,1,PE,baixa,641
2019,meia-idade,4,1,PE,media,2085
2019,meia-idade,4,1,PE,alta,495
2019,meia-idade,4,1,PI,baixa,211
2019,meia-idade,4,1,PI,media,494
2019,meia-idade,4,1,PI,alta,104
2019,meia-idade,4,1,PR,baixa,103
2019,meia-idade,4,1,PR,media,794
2019,meia-idade,4,1,PR,alta,324
2019,meia-idade,4,1,RJ,baixa,173
2019,meia-idade,4,1,RJ,media,1942
2019,meia-idade,4,1,RJ,alta,650
2019,meia-idade,4,1,RN,baixa,180
2019,meia-idade,4,1,RN,media,413
2019,meia-idade,4,1,RN,alta,118
2019,meia-idade,4,1,RO,baixa,43
2019,meia-idade,4,1,RO,media,230
2019,meia-idade,4,1,RO,alta,70
2019,meia-idade,4,1,RR,baixa,25
2019,meia-idade,4,1,RR,media,87
2019,meia-idade,4,1,RR,alta,46
2019,meia-idade,4,1,RS,baixa,24
2019,meia-idade,4,1,RS,media,209
2019,meia-idade,4,1,RS,alta,83
2019,meia-idade,4,1,SC,baixa,11
2019,meia-idade,4,1,SC,media,144
2019,meia-idade,4,1,SC,alta,58
2019,meia-idade,4,1,SE,baixa,127
2019,meia-idade,4,1,SE,media,385
2019,meia-idade,4,1,SE,alta,142
2019,meia-idade,4,1,SP,baixa,269
2019,meia-idade,4,1,SP,media,3628
2019,meia-idade,4,1,SP,alta,1740
2019,meia-idade,4,1,TO,baixa,69
2019,meia-idade,4,1,TO,media,210
2019,meia-idade,4,1,TO,alta,70
2019,meia-idade,4,2,AC,baixa,26
2019,meia-idade,4,2,AC,media,60
2019,meia-idade,4,2,AC,alta,6
2019,meia-idade,4,2,AL,baixa,115
2019,meia-idade,4,2,AL,media,154
2019,meia-idade,4,2,AL,alta,45
2019,meia-idade,4,2,AM,baixa,85
2019,meia-idade,4,2,AM,media,357
2019,meia-idade,4,2,AM,alta,181
2019,meia-idade,4,2,AP,baixa,25
2019,meia-idade,4,2,AP,media,55
2019,meia-idade,4,2,AP,alta,31
2019,meia-idade,4,2,BA,baixa,315
2019,meia-idade,4,2,BA,media,1121
2019,meia-idade,4,2,BA,alta,387
2019,meia-idade,4,2,CE,baixa,338
2019,meia-idade,4,2,CE,media,1131
2019,meia-idade,4,2,CE,alta,314
2019,meia-idade,4,2,DF,baixa,12
2019,meia-idade,4,2,DF,media,211
2019,meia-idade,4,2,DF,alta,89
2019,meia-idade,4,2,ES,baixa,29
2019,meia-idade,4,2,ES,media,185
2019,meia-idade,4,2,ES,alta,62
2019,meia-idade,4,2,GO,baixa,113
2019,meia-idade,4,2,GO,media,597
2019,meia-idade,4,2,GO,alta,236
2019,meia-idade,4,2,MA,baixa,242
2019,meia-idade,4,2,MA,media,572
2019,meia-idade,4,2,MA,alta,216
2019,meia-idade,4,2,MG,baixa,261
2019,meia-idade,4,2,MG,media,1706
2019,meia-idade,4,2,MG,alta,595
2019,meia-idade,4,2,MS,baixa,57
2019,meia-idade,4,2,MS,media,283
2019,meia-idade,4,2,MS,alta,126
2019,meia-idade,4,2,MT,baixa,68
2019,meia-idade,4,2,MT,media,305
2019,meia-idade,4,2,MT,alta,182
2019,meia-idade,4,2,PA,baixa,143
2019,meia-idade,4,2,PA,media,736
2019,meia-idade,4,2,PA,alta,304
2019,meia-idade,4,2,PB,baixa,74
2019,meia-idade,4,2,PB,media,219
2019,meia-idade,4,2,PB,alta,61
2019,meia-idade,4,2,PE,baixa,354
2019,meia-idade,4,2,PE,media,1133
2019,meia-idade,4,2,PE,alta,386
2019,meia-idade,4,2,PI,baixa,114
2019,meia-idade,4,2,PI,media,275
2019,meia-idade,4,2,PI,alta,75
2019,meia-idade,4,2,PR,baixa,102
2019,meia-idade,4,2,PR,media,463
2019,meia-idade,4,2,PR,alta,187
2019,meia-idade,4,2,RJ,baixa,134
2019,meia-idade,4,2,RJ,media,1598
2019,meia-idade,4,2,RJ,alta,614
2019,meia-idade,4,2,RN,baixa,88
2019,meia-idade,4,2,RN,media,233
2019,meia-idade,4,2,RN,alta,88
2019,meia-idade,4,2,RO,baixa,40
2019,meia-idade,4,2,RO,media,107
2019,meia-idade,4,2,RO,alta,44
2019,meia-idade,4,2,RR,baixa,9
2019,meia-idade,4,2,RR,media,44
2019,meia-idade,4,2,RR,alta,37
2019,meia-idade,4,2,RS,baixa,18
2019,meia-idade,4,2,RS,media,127
2019,meia-idade,4,2,RS,alta,55
2019,meia-idade,4,2,SC,baixa,21
2019,meia-idade,4,2,SC,media,93
2019,meia-idade,4,2,SC,alta,28
2019,meia-idade,4,2,SE,baixa,77
2019,meia-idade,4,2,SE,media,257
2019,meia-idade,4,2,SE,alta,78
2019,meia-idade,4,2,SP,baixa,246
2019,meia-idade,4,2,SP,media,2099
2019,meia-idade,4,2,SP,alta,1063
2019,meia-idade,4,2,TO,baixa,43
2019,meia-idade,4,2,TO,media,105
2019,meia-idade,4,2,TO,alta,37
2019,meia-idade,5,1,AC,alta,1
2019,meia-idade,5,1,AL,media,1
2019,meia-idade,5,1,AM,baixa,11
2019,meia-idade,5,1,AM,media,17
2019,meia-idade,5,1,AM,alta,5
2019,meia-idade,5,1,BA,baixa,3
2019,meia-idade,5,1,BA,media,6
2019,meia-idade,5,1,BA,alta,1
2019,meia-idade,5,1,CE,media,2
2019,meia-idade,5,1,CE,alta,1
2019,meia-idade,5,1,DF,media,3
2019,meia-idade,5,1,ES,baixa,1
2019,meia-idade,5,1,ES,media,1
2019,meia-idade,5,1,GO,media,1
2019,meia-idade,5,1,GO,alta,1
2019,meia-idade,5,1,MA,baixa,4
2019,meia-idade,5,1,MA,media,6
2019,meia-idade,5,1,MA,alta,1
2019,meia-idade,5,1,MG,baixa,1
2019,meia-idade,5,1,MG,media,6
2019,meia-idade,5,1,MG,alta,1
2019,meia-idade,5,1,MS,baixa,14
2019,meia-idade,5,1,MS,media,21
2019,meia-idade,5,1,MS,alta,6
2019,meia-idade,5,1,MT,baixa,2
2019,meia-idade,5,1,MT,media,4
2019,meia-idade,5,1,PA,baixa,1
2019,meia-idade,5,1,PA,media,6
2019,meia-idade,5,1,PB,baixa,1
2019,meia-idade,5,1,PE,baixa,4
2019,meia-idade,5,1,PE,media,8
2019,meia-idade,5,1,PR,baixa,1
2019,meia-idade,5,1,PR,media,3
2019,meia-idade,5,1,PR,alta,1
2019,meia-idade,5,1,RJ,media,1
2019,meia-idade,5,1,RN,baixa,1
2019,meia-idade,5,1,RN,media,1
2019,meia-idade,5,1,RO,media,1
2019,meia-idade,5,1,RO,alta,2
2019,meia-idade,5,1,RR,baixa,5
2019,meia-idade,5,1,RR,media,5
2019,meia-idade,5,1,RR,alta,1
2019,meia-idade,5,1,RS,media,5
2019,meia-idade,5,1,RS,alta,1
2019,meia-idade,5,1,SC,media,4
2019,meia-idade,5,1,SC,alta,1
2019,meia-idade,5,1,SE,media,1
2019,meia-idade,5,1,SP,media,7
2019,meia-idade,5,1,SP,alta,2
2019,meia-idade,5,1,TO,media,2
2019,meia-idade,5,2,AC,media,1
2019,meia-idade,5,2,AC,alta,1
2019,meia-idade,5,2,AM,baixa,8
2019,meia-idade,5,2,AM,media,9
2019,meia-idade,5,2,AM,alta,3
2019,meia-idade,5,2,BA,baixa,2
2019,meia-idade,5,2,BA,media,1
2019,meia-idade,5,2,BA,alta,1
2019,meia-idade,5,2,CE,baixa,2
2019,meia-idade,5,2,CE,media,2
2019,meia-idade,5,2,DF,media,1
2019,meia-idade,5,2,DF,alta,1
2019,meia-idade,5,2,GO,media,1
2019,meia-idade,5,2,MA,baixa,3
2019,meia-idade,5,2,MA,media,2
2019,meia-idade,5,2,MA,alta,1
2019,meia-idade,5,2,MG,baixa,1
2019,meia-idade,5,2,MS,baixa,15
2019,meia-idade,5,2,MS,media,16
2019,meia-idade,5,2,MS,alta,4
2019,meia-idade,5,2,MT,baixa,2
2019,meia-idade,5,2,MT,media,2
2019,meia-idade,5,2,PA,baixa,2
2019,meia-idade,5,2,PA,media,3
2019,meia-idade,5,2,PB,baixa,2
2019,meia-idade,5,2,PB,media,2
2019,meia-idade,5,2,PE,baixa,1
2019,meia-idade,5,2,PE,media,4
2019,meia-idade,5,2,PI,media,2
2019,meia-idade,5,2,PR,baixa,2
2019,meia-idade,5,2,PR,media,7
2019,meia-idade,5,2,RJ,alta,3
2019,meia-idade,5,2,RN,media,3
2019,meia-idade,5,2,RN,alta,2
2019,meia-idade,5,2,RO,baixa,2
2019,meia-idade,5,2,RO,media,1
2019,meia-idade,5,2,RO,alta,2
2019,meia-idade,5,2,RR,baixa,3
2019,meia-idade,5,2,RR,media,4
2019,meia-idade,5,2,RR,alta,4
2019,meia-idade,5,2,RS,baixa,1
2019,meia-idade,5,2,RS,media,6
2019,meia-idade,5,2,RS,alta,1
2019,meia-idade,5,2,SC,baixa,1
2019,meia-idade,5,2,SC,media,4
2019,meia-idade,5,2,SP,baixa,1
2019,meia-idade,5,2,SP,media,8
2019,meia-idade,5,2,SP,alta,4
2020,adulto,1,0,PA,media,1
2020,adulto,1,0,SP,alta,1
2020,adulto,1,1,AC,baixa,1
2020,adulto,1,1,AC,media,13
2020,adulto,1,1,AC,alta,9
2020,adulto,1,1,AL,baixa,8
2020,adulto,1,1,AL,media,27
2020,adulto,1,1,AL,alta,23
2020,adulto,1,1,AM,baixa,5
2020,adulto,1,1,AM,media,78
2020,adulto,1,1,AM,alta,86
2020,adulto,1,1,AP,baixa,2
2020,adulto,1,1,AP,media,17
2020,adulto,1,1,AP,alta,11
2020,adulto,1,1,BA,baixa,32
2020,adulto,1,1,BA,media,280
2020,adulto,1,1,BA,alta,121
2020,adulto,1,1,CE,baixa,34
2020,adulto,1,1,CE,media,243
2020,adulto,1,1,CE,alta,161
2020,adulto,1,1,DF,baixa,5
2020,adulto,1,1,DF,media,172
2020,adulto,1,1,DF,alta,92
2020,adulto,1,1,ES,baixa,3
2020,adulto,1,1,ES,media,61
2020,adulto,1,1,ES,alta,55
2020,adulto,1,1,GO,baixa,23
2020,adulto,1,1,GO,media,378
2020,adulto,1,1,GO,alta,273
2020,adulto,1,1,MA,baixa,29
2020,adulto,1,1,MA,media,147
2020,adulto,1,1,MA,alta,129
2020,adulto,1,1,MG,baixa,93
2020,adulto,1,1,MG,media,873
2020,adulto,1,1,MG,alta,842
2020,adulto,1,1,MS,baixa,11
2020,adulto,1,1,MS,media,145
2020,adulto,1,1,MS,alta,153
2020,adulto,1,1,MT,baixa,4
2020,adulto,1,1,MT,media,181
2020,adulto,1,1,MT,alta,173
2020,adulto,1,1,PA,baixa,10
2020,adulto,1,1,PA,media,173
2020,adulto,1,1,PA,alta,105
2020,adulto,1,1,PB,baixa,9
2020,adulto,1,1,PB,media,43
2020,adulto,1,1,PB,alta,11
2020,adulto,1,1,PE,baixa,64
2020,adulto,1,1,PE,media,505
2020,adulto,1,1,PE,alta,228
2020,adulto,1,1,PI,baixa,19
2020,adulto,1,1,PI,media,61
2020,adulto,1,1,PI,alta,32
2020,adulto,1,1,PR,baixa,74
2020,adulto,1,1,PR,media,1298
2020,adulto,1,1,PR,alta,1428
2020,adulto,1,1,RJ,baixa,59
2020,adulto,1,1,RJ,media,863
2020,adulto,1,1,RJ,alta,624
2020,adulto,1,1,RN,baixa,14
2020,adulto,1,1,RN,media,88
2020,adulto,1,1,RN,alta,53
2020,adulto,1,1,RO,baixa,7
2020,adulto,1,1,RO,media,74
2020,adulto,1,1,RO,alta,84
2020,adulto,1,1,RR,baixa,1
2020,adulto,1,1,RR,media,15
2020,adulto,1,1,RR,alta,6
2020,adulto,1,1,RS,baixa,54
2020,adulto,1,1,RS,media,821
2020,adulto,1,1,RS,alta,675
2020,adulto,1,1,SC,baixa,35
2020,adulto,1,1,SC,media,720
2020,adulto,1,1,SC,alta,721
2020,adulto,1,1,SE,baixa,9
2020,adulto,1,1,SE,media,74
2020,adulto,1,1,SE,alta,51
2020,adulto,1,1,SP,baixa,175
2020,adulto,1,1,SP,media,2595
2020,adulto,1,1,SP,alta,2998
2020,adulto,1,1,TO,baixa,2
2020,adulto,1,1,TO,media,52
2020,adulto,1,1,TO,alta,37
2020,adulto,1,2,AC,baixa,2
2020,adulto,1,2,AC,media,14
2020,adulto,1,2,AC,alta,4
2020,adulto,1,2,AL,baixa,4
2020,adulto,1,2,AL,media,22
2020,adulto,1,2,AL,alta,16
2020,adulto,1,2,AM,baixa,1
2020,adulto,1,2,AM,media,44
2020,adulto,1,2,AM,alta,62
2020,adulto,1,2,AP,media,16
2020,adulto,1,2,AP,alta,8
2020,adulto,1,2,BA,baixa,19
2020,adulto,1,2,BA,media,147
2020,adulto,1,2,BA,alta,109
2020,adulto,1,2,CE,baixa,24
2020,adulto,1,2,CE,media,165
2020,adulto,1,2,CE,alta,80
2020,adulto,1,2,DF,baixa,1
2020,adulto,1,2,DF,media,102
2020,adulto,1,2,DF,alta,57
2020,adulto,1,2,ES,baixa,9
2020,adulto,1,2,ES,media,48
2020,adulto,1,2,ES,alta,40
2020,adulto,1,2,GO,baixa,17
2020,adulto,1,2,GO,media,221
2020,adulto,1,2,GO,alta,177
2020,adulto,1,2,MA,baixa,14
2020,adulto,1,2,MA,media,94
2020,adulto,1,2,MA,alta,71
2020,adulto,1,2,MG,baixa,42
2020,adulto,1,2,MG,media,516
2020,adulto,1,2,MG,alta,507
2020,adulto,1,2,MS,baixa,9
2020,adulto,1,2,MS,media,94
2020,adulto,1,2,MS,alta,93
2020,adulto,1,2,MT,baixa,7
2020,adulto,1,2,MT,media,82
2020,adulto,1,2,MT,alta,91
2020,adulto,1,2,PA,baixa,11
2020,adulto,1,2,PA,media,122
2020,adulto,1,2,PA,alta,87
2020,adulto,1,2,PB,baixa,11
2020,adulto,1,2,PB,media,27
2020,adulto,1,2,PB,alta,25
2020,adulto,1,2,PE,baixa,34
2020,adulto,1,2,PE,media,220
2020,adulto,1,2,PE,alta,168
2020,adulto,1,2,PI,baixa,3
2020,adulto,1,2,PI,media,34
2020,adulto,1,2,PI,alta,29
2020,adulto,1,2,PR,baixa,49
2020,adulto,1,2,PR,media,551
2020,adulto,1,2,PR,alta,583
2020,adulto,1,2,RJ,baixa,38
2020,adulto,1,2,RJ,media,601
2020,adulto,1,2,RJ,alta,531
2020,adulto,1,2,RN,baixa,6
2020,adulto,1,2,RN,media,65
2020,adulto,1,2,RN,alta,38
2020,adulto,1,2,RO,baixa,3
2020,adulto,1,2,RO,media,42
2020,adulto,1,2,RO,alta,26
2020,adulto,1,2,RR,media,10
2020,adulto,1,2,RR,alta,8
2020,adulto,1,2,RS,baixa,39
2020,adulto,1,2,RS,media,466
2020,adulto,1,2,RS,alta,372
2020,adulto,1,2,SC,baixa,22
2020,adulto,1,2,SC,media,385
2020,adulto,1,2,SC,alta,402
2020,adulto,1,2,SE,baixa,7
2020,adulto,1,2,SE,media,50
2020,adulto,1,2,SE,alta,24
2020,adulto,1,2,SP,baixa,129
2020,adulto,1,2,SP,media,1557
2020,adulto,1,2,SP,alta,1863
2020,adulto,1,2,TO,baixa,1
2020,adulto,1,2,TO,media,28
2020,adulto,1,2,TO,alta,18
2020,adulto,2,1,AC,baixa,1
2020,adulto,2,1,AC,media,5
2020,adulto,2,1,AL,baixa,6
2020,adulto,2,1,AL,media,19
2020,adulto,2,1,AL,alta,8
2020,adulto,2,1,AM,baixa,2
2020,adulto,2,1,AM,media,20
2020,adulto,2,1,AM,alta,14
2020,adulto,2,1,AP,baixa,1
2020,adulto,2,1,AP,media,10
2020,adulto,2,1,AP,alta,4
2020,adulto,2,1,BA,baixa,75
2020,adulto,2,1,BA,media,538
2020,adulto,2,1,BA,alta,211
2020,adulto,2,1,CE,baixa,24
2020,adulto,2,1,CE,media,60
2020,adulto,2,1,CE,alta,23
2020,adulto,2,1,DF,baixa,4
2020,adulto,2,1,DF,media,52
2020,adulto,2,1,DF,alta,25
2020,adulto,2,1,ES,baixa,5
2020,adulto,2,1,ES,media,44
2020,adulto,2,1,ES,alta,26
2020,adulto,2,1,GO,baixa,9
2020,adulto,2,1,GO,media,115
2020,adulto,2,1,GO,alta,75
2020,adulto,2,1,MA,baixa,37
2020,adulto,2,1,MA,media,189
2020,adulto,2,1,MA,alta,83
2020,adulto,2,1,MG,baixa,44
2020,adulto,2,1,MG,media,448
2020,adulto,2,1,MG,alta,263
2020,adulto,2,1,MS,baixa,3
2020,adulto,2,1,MS,media,35
2020,adulto,2,1,MS,alta,16
2020,adulto,2,1,MT,baixa,6
2020,adulto,2,1,MT,media,52
2020,adulto,2,1,MT,alta,60
2020,adulto,2,1,PA,baixa,19
2020,adulto,2,1,PA,media,130
2020,adulto,2,1,PA,alta,50
2020,adulto,2,1,PB,baixa,5
2020,adulto,2,1,PB,media,8
2020,adulto,2,1,PB,alta,2
2020,adulto,2,1,PE,baixa,24
2020,adulto,2,1,PE,media,135
2020,adulto,2,1,PE,alta,59
2020,adulto,2,1,PI,baixa,20
2020,adulto,2,1,PI,media,48
2020,adulto,2,1,PI,alta,17
2020,adulto,2,1,PR,baixa,5
2020,adulto,2,1,PR,media,113
2020,adulto,2,1,PR,alta,79
2020,adulto,2,1,RJ,baixa,38
2020,adulto,2,1,RJ,media,598
2020,adulto,2,1,RJ,alta,309
2020,adulto,2,1,RN,baixa,5
2020,adulto,2,1,RN,media,20
2020,adulto,2,1,RN,alta,8
2020,adulto,2,1,RO,baixa,4
2020,adulto,2,1,RO,media,27
2020,adulto,2,1,RO,alta,16
2020,adulto,2,1,RR,media,4
2020,adulto,2,1,RR,alta,6
2020,adulto,2,1,RS,baixa,9
2020,adulto,2,1,RS,media,123
2020,adulto,2,1,RS,alta,63
2020,adulto,2,1,SC,baixa,3
2020,adulto,2,1,SC,media,44
2020,adulto,2,1,SC,alta,27
2020,adulto,2,1,SE,baixa,16
2020,adulto,2,1,SE,media,45
2020,adulto,2,1,SE,alta,20
2020,adulto,2,1,SP,baixa,40
2020,adulto,2,1,SP,media,462
2020,adulto,2,1,SP,alta,505
2020,adulto,2,1,TO,baixa,1
2020,adulto,2,1,TO,media,38
2020,adulto,2,1,TO,alta,21
2020,adulto,2,2,AC,baixa,1
2020,adulto,2,2,AC,media,3
2020,adulto,2,2,AL,baixa,2
2020,adulto,2,2,AL,media,13
2020,adulto,2,2,AL,alta,4
2020,adulto,2,2,AM,baixa,2
2020,adulto,2,2,AM,media,8
2020,adulto,2,2,AM,alta,8
2020,adulto,2,2,AP,baixa,2
2020,adulto,2,2,AP,media,6
2020,adulto,2,2,AP,alta,7
2020,adulto,2,2,BA,baixa,25
2020,adulto,2,2,BA,media,221
2020,adulto,2,2,BA,alta,130
2020,adulto,2,2,CE,baixa,3
2020,adulto,2,2,CE,media,28
2020,adulto,2,2,CE,alta,12
2020,adulto,2,2,DF,baixa,2
2020,adulto,2,2,DF,media,22
2020,adulto,2,2,DF,alta,17
2020,adulto,2,2,ES,baixa,2
2020,adulto,2,2,ES,media,32
2020,adulto,2,2,ES,alta,13
2020,adulto,2,2,GO,baixa,2
2020,adulto,2,2,GO,media,61
2020,adulto,2,2,GO,alta,30
2020,adulto,2,2,MA,baixa,12
2020,adulto,2,2,MA,media,56
2020,adulto,2,2,MA,alta,34
2020,adulto,2,2,MG,baixa,26
2020,adulto,2,2,MG,media,214
2020,adulto,2,2,MG,alta,161
2020,adulto,2,2,MS,baixa,2
2020,adulto,2,2,MS,media,9
2020,adulto,2,2,MS,alta,8
2020,adulto,2,2,MT,baixa,4
2020,adulto,2,2,MT,media,13
2020,adulto,2,2,MT,alta,20
2020,adulto,2,2,PA,baixa,6
2020,adulto,2,2,PA,media,53
2020,adulto,2,2,PA,alta,24
2020,adulto,2,2,PB,media,5
2020,adulto,2,2,PB,alta,1
2020,adulto,2,2,PE,baixa,6
2020,adulto,2,2,PE,media,62
2020,adulto,2,2,PE,alta,33
2020,adulto,2,2,PI,baixa,3
2020,adulto,2,2,PI,media,22
2020,adulto,2,2,PI,alta,9
2020,adulto,2,2,PR,baixa,7
2020,adulto,2,2,PR,media,48
2020,adulto,2,2,PR,alta,36
2020,adulto,2,2,RJ,baixa,19
2020,adulto,2,2,RJ,media,414
2020,adulto,2,2,RJ,alta,220
2020,adulto,2,2,RN,baixa,2
2020,adulto,2,2,RN,media,11
2020,adulto,2,2,RN,alta,6
2020,adulto,2,2,RO,baixa,1
2020,adulto,2,2,RO,media,14
2020,adulto,2,2,RO,alta,10
2020,adulto,2,2,RR,baixa,1
2020,adulto,2,2,RR,media,1
2020,adulto,2,2,RR,alta,3
2020,adulto,2,2,RS,baixa,7
2020,adulto,2,2,RS,media,70
2020,adulto,2,2,RS,alta,41
2020,adulto,2,2,SC,baixa,3
2020,adulto,2,2,SC,media,29
2020,adulto,2,2,SC,alta,29
2020,adulto,2,2,SE,baixa,6
2020,adulto,2,2,SE,media,18
2020,adulto,2,2,SE,alta,15
2020,adulto,2,2,SP,baixa,16
2020,adulto,2,2,SP,media,253
2020,adulto,2,2,SP,alta,330
2020,adulto,2,2,TO,baixa,2
2020,adulto,2,2,TO,media,18
2020,adulto,2,2,TO,alta,11
2020,adulto,3,1,AL,baixa,1
2020,adulto,3,1,AL,media,2
2020,adulto,3,1,AL,alta,1
2020,adulto,3,1,AM,media,5
2020,adulto,3,1,AM,alta,7
2020,adulto,3,1,AP,media,2
2020,adulto,3,1,AP,alta,1
2020,adulto,3,1,BA,media,4
2020,adulto,3,1,BA,alta,2
2020,adulto,3,1,CE,baixa,1
2020,adulto,3,1,CE,media,9
2020,adulto,3,1,CE,alta,7
2020,adulto,3,1,DF,media,6
2020,adulto,3,1,DF,alta,2
2020,adulto,3,1,ES,media,1
2020,adulto,3,1,GO,media,3
2020,adulto,3,1,GO,alta,3
2020,adulto,3,1,MA,media,1
2020,adulto,3,1,MA,alta,4
2020,adulto,3,1,MG,baixa,1
2020,adulto,3,1,MG,media,5
2020,adulto,3,1,MG,alta,11
2020,adulto,3,1,MS,media,1
2020,adulto,3,1,MT,media,3
2020,adulto,3,1,MT,alta,4
2020,adulto,3,1,PA,baixa,2
2020,adulto,3,1,PA,media,2
2020,adulto,3,1,PA,alta,3
2020,adulto,3,1,PB,media,1
2020,adulto,3,1,PE,baixa,1
2020,adulto,3,1,PE,media,6
2020,adulto,3,1,PE,alta,1
2020,adulto,3,1,PI,baixa,2
2020,adulto,3,1,PI,media,1
2020,adulto,3,1,PR,baixa,1
2020,adulto,3,1,PR,media,3
2020,adulto,3,1,PR,alta,5
2020,adulto,3,1,RJ,media,3
2020,adulto,3,1,RN,media,1
2020,adulto,3,1,RO,alta,1
2020,adulto,3,1,RR,baixa,1
2020,adulto,3,1,RR,media,1
2020,adulto,3,1,RS,media,1
2020,adulto,3,1,RS,alta,1
2020,adulto,3,1,SP,baixa,2
2020,adulto,3,1,SP,media,26
2020,adulto,3,1,SP,alta,13
2020,adulto,3,1,TO,media,2
2020,adulto,3,1,TO,alta,2
2020,adulto,3,2,AM,media,1
2020,adulto,3,2,AM,alta,2
2020,adulto,3,2,AP,media,3
2020,adulto,3,2,BA,baixa,1
2020,adulto,3,2,BA,media,1
2020,adulto,3,2,CE,baixa,2
2020,adulto,3,2,CE,media,6
2020,adulto,3,2,CE,alta,2
2020,adulto,3,2,DF,media,2
2020,adulto,3,2,DF,alta,1
2020,adulto,3,2,GO,baixa,1
2020,adulto,3,2,GO,media,3
2020,adulto,3,2,MA,media,1
2020,adulto,3,2,MA,alta,1
2020,adulto,3,2,MG,media,6
2020,adulto,3,2,MG,alta,7
2020,adulto,3,2,MS,media,3
2020,adulto,3,2,MT,media,3
2020,adulto,3,2,MT,alta,4
2020,adulto,3,2,PA,alta,2
2020,adulto,3,2,PB,media,1
2020,adulto,3,2,PE,media,2
2020,adulto,3,2,PE,alta,3
2020,adulto,3,2,PI,media,1
2020,adulto,3,2,PR,media,1
2020,adulto,3,2,PR,alta,1
2020,adulto,3,2,RJ,media,1
2020,adulto,3,2,RN,media,2
2020,adulto,3,2,RO,media,1
2020,adulto,3,2,RS,alta,1
2020,adulto,3,2,SC,media,3
2020,adulto,3,2,SE,media,1
2020,adulto,3,2,SP,baixa,1
2020,adulto,3,2,SP,media,15
2020,adulto,3,2,SP,alta,8
2020,adulto,4,0,CE,alta,1
2020,adulto,4,1,AC,baixa,22
2020,adulto,4,1,AC,media,70
2020,adulto,4,1,AC,alta,38
2020,adulto,4,1,AL,baixa,96
2020,adulto,4,1,AL,media,439
2020,adulto,4,1,AL,alta,215
2020,adulto,4,1,AM,baixa,90
2020,adulto,4,1,AM,media,691
2020,adulto,4,1,AM,alta,645
2020,adulto,4,1,AP,baixa,4
2020,adulto,4,1,AP,media,106
2020,adulto,4,1,AP,alta,79
2020,adulto,4,1,BA,baixa,250
2020,adulto,4,1,BA,media,2229
2020,adulto,4,1,BA,alta,966
2020,adulto,4,1,CE,baixa,268
2020,adulto,4,1,CE,media,2067
2020,adulto,4,1,CE,alta,872
2020,adulto,4,1,DF,baixa,11
2020,adulto,4,1,DF,media,304
2020,adulto,4,1,DF,alta,163
2020,adulto,4,1,ES,baixa,23
2020,adulto,4,1,ES,media,206
2020,adulto,4,1,ES,alta,167
2020,adulto,4,1,GO,baixa,59
2020,adulto,4,1,GO,media,1032
2020,adulto,4,1,GO,alta,614
2020,adulto,4,1,MA,baixa,220
2020,adulto,4,1,MA,media,1061
2020,adulto,4,1,MA,alta,720
2020,adulto,4,1,MG,baixa,136
2020,adulto,4,1,MG,media,1543
2020,adulto,4,1,MG,alta,1013
2020,adulto,4,1,MS,baixa,22
2020,adulto,4,1,MS,media,265
2020,adulto,4,1,MS,alta,249
2020,adulto,4,1,MT,baixa,30
2020,adulto,4,1,MT,media,412
2020,adulto,4,1,MT,alta,480
2020,adulto,4,1,PA,baixa,146
2020,adulto,4,1,PA,media,1250
2020,adulto,4,1,PA,alta,647
2020,adulto,4,1,PB,baixa,50
2020,adulto,4,1,PB,media,233
2020,adulto,4,1,PB,alta,76
2020,adulto,4,1,PE,baixa,333
2020,adulto,4,1,PE,media,2199
2020,adulto,4,1,PE,alta,732
2020,adulto,4,1,PI,baixa,86
2020,adulto,4,1,PI,media,501
2020,adulto,4,1,PI,alta,168
2020,adulto,4,1,PR,baixa,37
2020,adulto,4,1,PR,media,565
2020,adulto,4,1,PR,alta,464
2020,adulto,4,1,RJ,baixa,61
2020,adulto,4,1,RJ,media,1339
2020,adulto,4,1,RJ,alta,748
2020,adulto,4,1,RN,baixa,58
2020,adulto,4,1,RN,media,338
2020,adulto,4,1,RN,alta,85
2020,adulto,4,1,RO,baixa,26
2020,adulto,4,1,RO,media,180
2020,adulto,4,1,RO,alta,151
2020,adulto,4,1,RR,baixa,4
2020,adulto,4,1,RR,media,86
2020,adulto,4,1,RR,alta,79
2020,adulto,4,1,RS,baixa,14
2020,adulto,4,1,RS,media,133
2020,adulto,4,1,RS,alta,68
2020,adulto,4,1,SC,baixa,11
2020,adulto,4,1,SC,media,129
2020,adulto,4,1,SC,alta,94
2020,adulto,4,1,SE,baixa,67
2020,adulto,4,1,SE,media,582
2020,adulto,4,1,SE,alta,258
2020,adulto,4,1,SP,baixa,129
2020,adulto,4,1,SP,media,1952
2020,adulto,4,1,SP,alta,2089
2020,adulto,4,1,TO,baixa,20
2020,adulto,4,1,TO,media,228
2020,adulto,4,1,TO,alta,145
2020,adulto,4,2,AC,baixa,6
2020,adulto,4,2,AC,media,28
2020,adulto,4,2,AC,alta,16
2020,adulto,4,2,AL,baixa,19
2020,adulto,4,2,AL,media,111
2020,adulto,4,2,AL,alta,56
2020,adulto,4,2,AM,baixa,26
2020,adulto,4,2,AM,media,225
2020,adulto,4,2,AM,alta,314
2020,adulto,4,2,AP,baixa,7
2020,adulto,4,2,AP,media,51
2020,adulto,4,2,AP,alta,39
2020,adulto,4,2,BA,baixa,93
2020,adulto,4,2,BA,media,670
2020,adulto,4,2,BA,alta,444
2020,adulto,4,2,CE,baixa,86
2020,adulto,4,2,CE,media,626
2020,adulto,4,2,CE,alta,394
2020,adulto,4,2,DF,baixa,4
2020,adulto,4,2,DF,media,100
2020,adulto,4,2,DF,alta,81
2020,adulto,4,2,ES,baixa,9
2020,adulto,4,2,ES,media,83
2020,adulto,4,2,ES,alta,99
2020,adulto,4,2,GO,baixa,20
2020,adulto,4,2,GO,media,332
2020,adulto,4,2,GO,alta,228
2020,adulto,4,2,MA,baixa,77
2020,adulto,4,2,MA,media,411
2020,adulto,4,2,MA,alta,301
2020,adulto,4,2,MG,baixa,64
2020,adulto,4,2,MG,media,619
2020,adulto,4,2,MG,alta,524
2020,adulto,4,2,MS,baixa,13
2020,adulto,4,2,MS,media,110
2020,adulto,4,2,MS,alta,130
2020,adulto,4,2,MT,baixa,13
2020,adulto,4,2,MT,media,171
2020,adulto,4,2,MT,alta,194
2020,adulto,4,2,PA,baixa,55
2020,adulto,4,2,PA,media,538
2020,adulto,4,2,PA,alta,362
2020,adulto,4,2,PB,baixa,18
2020,adulto,4,2,PB,media,95
2020,adulto,4,2,PB,alta,54
2020,adulto,4,2,PE,baixa,100
2020,adulto,4,2,PE,media,600
2020,adulto,4,2,PE,alta,370
2020,adulto,4,2,PI,baixa,27
2020,adulto,4,2,PI,media,144
2020,adulto,4,2,PI,alta,91
2020,adulto,4,2,PR,baixa,19
2020,adulto,4,2,PR,media,182
2020,adulto,4,2,PR,alta,198
2020,adulto,4,2,RJ,baixa,40
2020,adulto,4,2,RJ,media,674
2020,adulto,4,2,RJ,alta,498
2020,adulto,4,2,RN,baixa,13
2020,adulto,4,2,RN,media,119
2020,adulto,4,2,RN,alta,71
2020,adulto,4,2,RO,baixa,11
2020,adulto,4,2,RO,media,65
2020,adulto,4,2,RO,alta,56
2020,adulto,4,2,RR,baixa,2
2020,adulto,4,2,RR,media,45
2020,adulto,4,2,RR,alta,37
2020,adulto,4,2,RS,baixa,6
2020,adulto,4,2,RS,media,61
2020,adulto,4,2,RS,alta,48
2020,adulto,4,2,SC,baixa,9
2020,adulto,4,2,SC,media,34
2020,adulto,4,2,SC,alta,40
2020,adulto,4,2,SE,baixa,25
2020,adulto,4,2,SE,media,138
2020,adulto,4,2,SE,alta,85
2020,adulto,4,2,SP,baixa,56
2020,adulto,4,2,SP,media,755
2020,adulto,4,2,SP,alta,1002
2020,adulto,4,2,TO,baixa,9
2020,adulto,4,2,TO,media,76
2020,adulto,4,2,TO,alta,47
2020,adulto,5,1,AC,media,1
2020,adulto,5,1,AL,baixa,3
2020,adulto,5,1,AL,media,4
2020,adulto,5,1,AM,baixa,9
2020,adulto,5,1,AM,media,25
2020,adulto,5,1,AM,alta,13
2020,adulto,5,1,AP,media,1
2020,adulto,5,1,BA,media,3
2020,adulto,5,1,CE,media,2
2020,adulto,5,1,CE,alta,1
2020,adulto,5,1,ES,media,1
2020,adulto,5,1,GO,media,1
2020,adulto,5,1,GO,alta,1
2020,adulto,5,1,MA,baixa,3
2020,adulto,5,1,MA,media,7
2020,adulto,5,1,MA,alta,1
2020,adulto,5,1,MG,media,3
2020,adulto,5,1,MG,alta,2
2020,adulto,5,1,MS,baixa,4
2020,adulto,5,1,MS,media,24
2020,adulto,5,1,MS,alta,9
2020,adulto,5,1,MT,baixa,1
2020,adulto,5,1,MT,media,1
2020,adulto,5,1,MT,alta,5
2020,adulto,5,1,PA,media,5
2020,adulto,5,1,PA,alta,5
2020,adulto,5,1,PB,media,2
2020,adulto,5,1,PE,baixa,3
2020,adulto,5,1,PE,media,4
2020,adulto,5,1,PE,alta,1
2020,adulto,5,1,PI,media,1
2020,adulto,5,1,PR,baixa,3
2020,adulto,5,1,PR,media,1
2020,adulto,5,1,PR,alta,2
2020,adulto,5,1,RN,media,1
2020,adulto,5,1,RO,media,3
2020,adulto,5,1,RO,alta,3
2020,adulto,5,1,RR,baixa,10
2020,adulto,5,1,RR,media,16
2020,adulto,5,1,RR,alta,6
2020,adulto,5,1,RS,baixa,1
2020,adulto,5,1,RS,media,7
2020,adulto,5,1,RS,alta,2
2020,adulto,5,1,SC,media,3
2020,adulto,5,1,SC,alta,2
2020,adulto,5,1,SE,alta,1
2020,adulto,5,1,SP,media,2
2020,adulto,5,1,SP,alta,4
2020,adulto,5,2,AC,baixa,2
2020,adulto,5,2,AL,media,1
2020,adulto,5,2,AM,baixa,8
2020,adulto,5,2,AM,media,17
2020,adulto,5,2,AM,alta,13
2020,adulto,5,2,AP,alta,1
2020,adulto,5,2,BA,media,2
2020,adulto,5,2,CE,media,1
2020,adulto,5,2,CE,alta,1
2020,adulto,5,2,DF,alta,1
2020,adulto,5,2,ES,alta,1
2020,adulto,5,2,GO,baixa,2
2020,adulto,5,2,GO,media,1
2020,adulto,5,2,MA,baixa,4
2020,adulto,5,2,MA,media,4
2020,adulto,5,2,MG,baixa,1
2020,adulto,5,2,MG,media,3
2020,adulto,5,2,MG,alta,1
2020,adulto,5,2,MS,baixa,8
2020,adulto,5,2,MS,media,19
2020,adulto,5,2,MS,alta,7
2020,adulto,5,2,MT,baixa,1
2020,adulto,5,2,MT,media,3
2020,adulto,5,2,MT,alta,2
2020,adulto,5,2,PA,media,3
2020,adulto,5,2,PA,alta,1
2020,adulto,5,2,PB,alta,1
2020,adulto,5,2,PE,baixa,1
2020,adulto,5,2,PE,media,5
2020,adulto,5,2,PE,alta,2
2020,adulto,5,2,PR,media,3
2020,adulto,5,2,RJ,media,1
2020,adulto,5,2,RN,alta,2
2020,adulto,5,2,RO,media,1
2020,adulto,5,2,RR,baixa,6
2020,adulto,5,2,RR,media,8
2020,adulto,5,2,RR,alta,2
2020,adulto,5,2,RS,baixa,1
2020,adulto,5,2,RS,media,8
2020,adulto,5,2,RS,alta,1
2020,adulto,5,2,SC,media,1
2020,adulto,5,2,SC,alta,1
2020,adulto,5,2,SP,media,3
2020,adulto,5,2,SP,alta,2
2020,adulto,5,2,TO,baixa,2
2020,adulto,5,2,TO,media,3
2020,idoso,1,0,MG,alta,1
2020,idoso,1,0,MT,media,1
2020,idoso,1,0,SP,media,1
2020,idoso,1,1,AC,baixa,9
2020,idoso,1,1,AC,media,40
2020,idoso,1,1,AC,alta,11
2020,idoso,1,1,AL,baixa,98
2020,idoso,1,1,AL,media,174
2020,idoso,1,1,AL,alta,58
2020,idoso,1,1,AM,baixa,57
2020,idoso,1,1,AM,media,277
2020,idoso,1,1,AM,alta,167
2020,idoso,1,1,AP,baixa,9
2020,idoso,1,1,AP,media,53
2020,idoso,1,1,AP,alta,16
2020,idoso,1,1,BA,baixa,286
2020,idoso,1,1,BA,media,981
2020,idoso,1,1,BA,alta,414
2020,idoso,1,1,CE,baixa,331
2020,idoso,1,1,CE,media,901
2020,idoso,1,1,CE,alta,326
2020,idoso,1,1,DF,baixa,56
2020,idoso,1,1,DF,media,682
2020,idoso,1,1,DF,alta,276
2020,idoso,1,1,ES,baixa,79
2020,idoso,1,1,ES,media,559
2020,idoso,1,1,ES,alta,224
2020,idoso,1,1,GO,baixa,314
2020,idoso,1,1,GO,media,1531
2020,idoso,1,1,GO,alta,576
2020,idoso,1,1,MA,baixa,190
2020,idoso,1,1,MA,media,473
2020,idoso,1,1,MA,alta,201
2020,idoso,1,1,MG,baixa,694
2020,idoso,1,1,MG,media,5804
2020,idoso,1,1,MG,alta,2235
2020,idoso,1,1,MS,baixa,115
2020,idoso,1,1,MS,media,816
2020,idoso,1,1,MS,alta,380
2020,idoso,1,1,MT,baixa,117
2020,idoso,1,1,MT,media,757
2020,idoso,1,1,MT,alta,315
2020,idoso,1,1,PA,baixa,138
2020,idoso,1,1,PA,media,648
2020,idoso,1,1,PA,alta,287
2020,idoso,1,1,PB,baixa,95
2020,idoso,1,1,PB,media,249
2020,idoso,1,1,PB,alta,73
2020,idoso,1,1,PE,baixa,420
2020,idoso,1,1,PE,media,1594
2020,idoso,1,1,PE,alta,647
2020,idoso,1,1,PI,baixa,110
2020,idoso,1,1,PI,media,221
2020,idoso,1,1,PI,alta,60
2020,idoso,1,1,PR,baixa,776
2020,idoso,1,1,PR,media,6282
2020,idoso,1,1,PR,alta,2409
2020,idoso,1,1,RJ,baixa,479
2020,idoso,1,1,RJ,media,6609
2020,idoso,1,1,RJ,alta,3017
2020,idoso,1,1,RN,baixa,184
2020,idoso,1,1,RN,media,426
2020,idoso,1,1,RN,alta,149
2020,idoso,1,1,RO,baixa,83
2020,idoso,1,1,RO,media,261
2020,idoso,1,1,RO,alta,92
2020,idoso,1,1,RR,baixa,10
2020,idoso,1,1,RR,media,47
2020,idoso,1,1,RR,alta,16
2020,idoso,1,1,RS,baixa,534
2020,idoso,1,1,RS,media,6160
2020,idoso,1,1,RS,alta,2183
2020,idoso,1,1,SC,baixa,298
2020,idoso,1,1,SC,media,4725
2020,idoso,1,1,SC,alta,1594
2020,idoso,1,1,SE,baixa,74
2020,idoso,1,1,SE,media,236
2020,idoso,1,1,SE,alta,129
2020,idoso,1,1,SP,baixa,1338
2020,idoso,1,1,SP,media,20505
2020,idoso,1,1,SP,alta,9141
2020,idoso,1,1,TO,baixa,36
2020,idoso,1,1,TO,media,159
2020,idoso,1,1,TO,alta,59
2020,idoso,1,2,AC,baixa,13
2020,idoso,1,2,AC,media,30
2020,idoso,1,2,AC,alta,5
2020,idoso,1,2,AL,baixa,100
2020,idoso,1,2,AL,media,143
2020,idoso,1,2,AL,alta,44
2020,idoso,1,2,AM,baixa,48
2020,idoso,1,2,AM,media,197
2020,idoso,1,2,AM,alta,136
2020,idoso,1,2,AP,baixa,9
2020,idoso,1,2,AP,media,26
2020,idoso,1,2,AP,alta,19
2020,idoso,1,2,BA,baixa,303
2020,idoso,1,2,BA,media,740
2020,idoso,1,2,BA,alta,356
2020,idoso,1,2,CE,baixa,342
2020,idoso,1,2,CE,media,907
2020,idoso,1,2,CE,alta,301
2020,idoso,1,2,DF,baixa,59
2020,idoso,1,2,DF,media,494
2020,idoso,1,2,DF,alta,201
2020,idoso,1,2,ES,baixa,101
2020,idoso,1,2,ES,media,374
2020,idoso,1,2,ES,alta,127
2020,idoso,1,2,GO,baixa,331
2020,idoso,1,2,GO,media,1170
2020,idoso,1,2,GO,alta,398
2020,idoso,1,2,MA,baixa,183
2020,idoso,1,2,MA,media,371
2020,idoso,1,2,MA,alta,167
2020,idoso,1,2,MG,baixa,740
2020,idoso,1,2,MG,media,4319
2020,idoso,1,2,MG,alta,1391
2020,idoso,1,2,MS,baixa,110
2020,idoso,1,2,MS,media,602
2020,idoso,1,2,MS,alta,236
2020,idoso,1,2,MT,baixa,117
2020,idoso,1,2,MT,media,464
2020,idoso,1,2,MT,alta,195
2020,idoso,1,2,PA,baixa,131
2020,idoso,1,2,PA,media,477
2020,idoso,1,2,PA,alta,216
2020,idoso,1,2,PB,baixa,105
2020,idoso,1,2,PB,media,246
2020,idoso,1,2,PB,alta,46
2020,idoso,1,2,PE,baixa,509
2020,idoso,1,2,PE,media,1362
2020,idoso,1,2,PE,alta,519
2020,idoso,1,2,PI,baixa,102
2020,idoso,1,2,PI,media,197
2020,idoso,1,2,PI,alta,47
2020,idoso,1,2,PR,baixa,1032
2020,idoso,1,2,PR,media,4264
2020,idoso,1,2,PR,alta,1302
2020,idoso,1,2,RJ,baixa,591
2020,idoso,1,2,RJ,media,5789
2020,idoso,1,2,RJ,alta,2372
2020,idoso,1,2,RN,baixa,185
2020,idoso,1,2,RN,media,422
2020,idoso,1,2,RN,alta,135
2020,idoso,1,2,RO,baixa,65
2020,idoso,1,2,RO,media,151
2020,idoso,1,2,RO,alta,70
2020,idoso,1,2,RR,baixa,10
2020,idoso,1,2,RR,media,29
2020,idoso,1,2,RR,alta,18
2020,idoso,1,2,RS,baixa,516
2020,idoso,1,2,RS,media,4151
2020,idoso,1,2,RS,alta,1368
2020,idoso,1,2,SC,baixa,310
2020,idoso,1,2,SC,media,2962
2020,idoso,1,2,SC,alta,808
2020,idoso,1,2,SE,baixa,96
2020,idoso,1,2,SE,media,218
2020,idoso,1,2,SE,alta,77
2020,idoso,1,2,SP,baixa,1863
2020,idoso,1,2,SP,media,15202
2020,idoso,1,2,SP,alta,5757
2020,idoso,1,2,TO,baixa,38
2020,idoso,1,2,TO,media,113
2020,idoso,1,2,TO,alta,34
2020,idoso,2,1,AC,baixa,5
2020,idoso,2,1,AC,media,8
2020,idoso,2,1,AL,baixa,48
2020,idoso,2,1,AL,media,51
2020,idoso,2,1,AL,alta,12
2020,idoso,2,1,AM,baixa,22
2020,idoso,2,1,AM,media,62
2020,idoso,2,1,AM,alta,25
2020,idoso,2,1,AP,baixa,13
2020,idoso,2,1,AP,media,22
2020,idoso,2,1,AP,alta,3
2020,idoso,2,1,BA,baixa,494
2020,idoso,2,1,BA,media,964
2020,idoso,2,1,BA,alta,283
2020,idoso,2,1,CE,baixa,126
2020,idoso,2,1,CE,media,124
2020,idoso,2,1,CE,alta,26
2020,idoso,2,1,DF,baixa,18
2020,idoso,2,1,DF,media,118
2020,idoso,2,1,DF,alta,37
2020,idoso,2,1,ES,baixa,51
2020,idoso,2,1,ES,media,136
2020,idoso,2,1,ES,alta,39
2020,idoso,2,1,GO,baixa,161
2020,idoso,2,1,GO,media,269
2020,idoso,2,1,GO,alta,63
2020,idoso,2,1,MA,baixa,238
2020,idoso,2,1,MA,media,300
2020,idoso,2,1,MA,alta,66
2020,idoso,2,1,MG,baixa,360
2020,idoso,2,1,MG,media,1456
2020,idoso,2,1,MG,alta,345
2020,idoso,2,1,MS,baixa,36
2020,idoso,2,1,MS,media,112
2020,idoso,2,1,MS,alta,32
2020,idoso,2,1,MT,baixa,82
2020,idoso,2,1,MT,media,157
2020,idoso,2,1,MT,alta,50
2020,idoso,2,1,PA,baixa,154
2020,idoso,2,1,PA,media,247
2020,idoso,2,1,PA,alta,67
2020,idoso,2,1,PB,baixa,32
2020,idoso,2,1,PB,media,37
2020,idoso,2,1,PB,alta,6
2020,idoso,2,1,PE,baixa,179
2020,idoso,2,1,PE,media,374
2020,idoso,2,1,PE,alta,96
2020,idoso,2,1,PI,baixa,135
2020,idoso,2,1,PI,media,110
2020,idoso,2,1,PI,alta,21
2020,idoso,2,1,PR,baixa,101
2020,idoso,2,1,PR,media,339
2020,idoso,2,1,PR,alta,111
2020,idoso,2,1,RJ,baixa,257
2020,idoso,2,1,RJ,media,2029
2020,idoso,2,1,RJ,alta,753
2020,idoso,2,1,RN,baixa,49
2020,idoso,2,1,RN,media,57
2020,idoso,2,1,RN,alta,10
2020,idoso,2,1,RO,baixa,37
2020,idoso,2,1,RO,media,45
2020,idoso,2,1,RO,alta,9
2020,idoso,2,1,RR,baixa,3
2020,idoso,2,1,RR,media,10
2020,idoso,2,1,RR,alta,6
2020,idoso,2,1,RS,baixa,68
2020,idoso,2,1,RS,media,404
2020,idoso,2,1,RS,alta,142
2020,idoso,2,1,SC,baixa,13
2020,idoso,2,1,SC,media,128
2020,idoso,2,1,SC,alta,50
2020,idoso,2,1,SE,baixa,67
2020,idoso,2,1,SE,media,107
2020,idoso,2,1,SE,alta,45
2020,idoso,2,1,SP,baixa,279
2020,idoso,2,1,SP,media,2379
2020,idoso,2,1,SP,alta,914
2020,idoso,2,1,TO,baixa,55
2020,idoso,2,1,TO,media,62
2020,idoso,2,1,TO,alta,6
2020,idoso,2,2,AC,baixa,6
2020,idoso,2,2,AC,media,6
2020,idoso,2,2,AC,alta,3
2020,idoso,2,2,AL,baixa,37
2020,idoso,2,2,AL,media,26
2020,idoso,2,2,AL,alta,7
2020,idoso,2,2,AM,baixa,11
2020,idoso,2,2,AM,media,29
2020,idoso,2,2,AM,alta,9
2020,idoso,2,2,AP,baixa,10
2020,idoso,2,2,AP,media,12
2020,idoso,2,2,AP,alta,4
2020,idoso,2,2,BA,baixa,409
2020,idoso,2,2,BA,media,597
2020,idoso,2,2,BA,alta,190
2020,idoso,2,2,CE,baixa,79
2020,idoso,2,2,CE,media,76
2020,idoso,2,2,CE,alta,20
2020,idoso,2,2,DF,baixa,31
2020,idoso,2,2,DF,media,85
2020,idoso,2,2,DF,alta,42
2020,idoso,2,2,ES,baixa,42
2020,idoso,2,2,ES,media,85
2020,idoso,2,2,ES,alta,18
2020,idoso,2,2,GO,baixa,133
2020,idoso,2,2,GO,media,167
2020,idoso,2,2,GO,alta,41
2020,idoso,2,2,MA,baixa,189
2020,idoso,2,2,MA,media,136
2020,idoso,2,2,MA,alta,49
2020,idoso,2,2,MG,baixa,390
2020,idoso,2,2,MG,media,954
2020,idoso,2,2,MG,alta,204
2020,idoso,2,2,MS,baixa,19
2020,idoso,2,2,MS,media,49
2020,idoso,2,2,MS,alta,17
2020,idoso,2,2,MT,baixa,61
2020,idoso,2,2,MT,media,65
2020,idoso,2,2,MT,alta,37
2020,idoso,2,2,PA,baixa,82
2020,idoso,2,2,PA,media,146
2020,idoso,2,2,PA,alta,35
2020,idoso,2,2,PB,baixa,28
2020,idoso,2,2,PB,media,20
2020,idoso,2,2,PB,alta,3
2020,idoso,2,2,PE,baixa,180
2020,idoso,2,2,PE,media,270
2020,idoso,2,2,PE,alta,67
2020,idoso,2,2,PI,baixa,83
2020,idoso,2,2,PI,media,41
2020,idoso,2,2,PI,alta,6
2020,idoso,2,2,PR,baixa,107
2020,idoso,2,2,PR,media,242
2020,idoso,2,2,PR,alta,50
2020,idoso,2,2,RJ,baixa,381
2020,idoso,2,2,RJ,media,2107
2020,idoso,2,2,RJ,alta,601
2020,idoso,2,2,RN,baixa,31
2020,idoso,2,2,RN,media,39
2020,idoso,2,2,RN,alta,6
2020,idoso,2,2,RO,baixa,21
2020,idoso,2,2,RO,media,34
2020,idoso,2,2,RO,alta,5
2020,idoso,2,2,RR,baixa,4
2020,idoso,2,2,RR,media,3
2020,idoso,2,2,RR,alta,1
2020,idoso,2,2,RS,baixa,65
2020,idoso,2,2,RS,media,333
2020,idoso,2,2,RS,alta,107
2020,idoso,2,2,SC,baixa,30
2020,idoso,2,2,SC,media,112
2020,idoso,2,2,SC,alta,41
2020,idoso,2,2,SE,baixa,55
2020,idoso,2,2,SE,media,75
2020,idoso,2,2,SE,alta,21
2020,idoso,2,2,SP,baixa,393
2020,idoso,2,2,SP,media,1759
2020,idoso,2,2,SP,alta,563
2020,idoso,2,2,TO,baixa,28
2020,idoso,2,2,TO,media,48
2020,idoso,2,2,TO,alta,2
2020,idoso,3,1,AC,media,1
2020,idoso,3,1,AL,media,1
2020,idoso,3,1,AM,baixa,3
2020,idoso,3,1,AM,media,6
2020,idoso,3,1,AM,alta,1
2020,idoso,3,1,AP,media,7
2020,idoso,3,1,AP,alta,3
2020,idoso,3,1,BA,baixa,4
2020,idoso,3,1,BA,media,10
2020,idoso,3,1,BA,alta,8
2020,idoso,3,1,CE,baixa,11
2020,idoso,3,1,CE,media,18
2020,idoso,3,1,CE,alta,4
2020,idoso,3,1,DF,baixa,2
2020,idoso,3,1,DF,media,16
2020,idoso,3,1,DF,alta,7
2020,idoso,3,1,ES,baixa,2
2020,idoso,3,1,ES,media,4
2020,idoso,3,1,ES,alta,1
2020,idoso,3,1,GO,baixa,6
2020,idoso,3,1,GO,media,24
2020,idoso,3,1,GO,alta,4
2020,idoso,3,1,MA,baixa,9
2020,idoso,3,1,MA,media,5
2020,idoso,3,1,MA,alta,4
2020,idoso,3,1,MG,baixa,11
2020,idoso,3,1,MG,media,35
2020,idoso,3,1,MG,alta,25
2020,idoso,3,1,MS,baixa,1
2020,idoso,3,1,MS,media,19
2020,idoso,3,1,MS,alta,15
2020,idoso,3,1,MT,baixa,5
2020,idoso,3,1,MT,media,28
2020,idoso,3,1,MT,alta,20
2020,idoso,3,1,PA,baixa,3
2020,idoso,3,1,PA,media,15
2020,idoso,3,1,PA,alta,7
2020,idoso,3,1,PB,baixa,2
2020,idoso,3,1,PB,media,3
2020,idoso,3,1,PB,alta,1
2020,idoso,3,1,PE,baixa,5
2020,idoso,3,1,PE,media,16
2020,idoso,3,1,PE,alta,2
2020,idoso,3,1,PI,baixa,4
2020,idoso,3,1,PI,media,3
2020,idoso,3,1,PR,baixa,4
2020,idoso,3,1,PR,media,63
2020,idoso,3,1,PR,alta,30
2020,idoso,3,1,RJ,baixa,2
2020,idoso,3,1,RJ,media,26
2020,idoso,3,1,RJ,alta,6
2020,idoso,3,1,RN,baixa,2
2020,idoso,3,1,RN,media,4
2020,idoso,3,1,RN,alta,1
2020,idoso,3,1,RO,media,8
2020,idoso,3,1,RO,alta,3
2020,idoso,3,1,RR,baixa,1
2020,idoso,3,1,RR,media,4
2020,idoso,3,1,RS,baixa,1
2020,idoso,3,1,RS,media,5
2020,idoso,3,1,RS,alta,2
2020,idoso,3,1,SC,media,8
2020,idoso,3,1,SE,baixa,2
2020,idoso,3,1,SE,media,1
2020,idoso,3,1,SP,baixa,9
2020,idoso,3,1,SP,media,372
2020,idoso,3,1,SP,alta,219
2020,idoso,3,1,TO,baixa,1
2020,idoso,3,1,TO,media,1
2020,idoso,3,2,AC,baixa,2
2020,idoso,3,2,AL,media,1
2020,idoso,3,2,AM,baixa,1
2020,idoso,3,2,AM,media,2
2020,idoso,3,2,AM,alta,2
2020,idoso,3,2,AP,baixa,2
2020,idoso,3,2,AP,media,2
2020,idoso,3,2,AP,alta,2
2020,idoso,3,2,BA,baixa,2
2020,idoso,3,2,BA,media,3
2020,idoso,3,2,BA,alta,5
2020,idoso,3,2,CE,baixa,11
2020,idoso,3,2,CE,media,19
2020,idoso,3,2,CE,alta,4
2020,idoso,3,2,DF,baixa,2
2020,idoso,3,2,DF,media,7
2020,idoso,3,2,DF,alta,3
2020,idoso,3,2,ES,baixa,2
2020,idoso,3,2,ES,media,2
2020,idoso,3,2,GO,baixa,5
2020,idoso,3,2,GO,media,17
2020,idoso,3,2,GO,alta,3
2020,idoso,3,2,MA,baixa,7
2020,idoso,3,2,MA,media,8
2020,idoso,3,2,MA,alta,3
2020,idoso,3,2,MG,baixa,7
2020,idoso,3,2,MG,media,22
2020,idoso,3,2,MG,alta,11
2020,idoso,3,2,MS,baixa,1
2020,idoso,3,2,MS,media,14
2020,idoso,3,2,MS,alta,5
2020,idoso,3,2,MT,baixa,9
2020,idoso,3,2,MT,media,17
2020,idoso,3,2,MT,alta,7
2020,idoso,3,2,PA,baixa,2
2020,idoso,3,2,PA,media,6
2020,idoso,3,2,PA,alta,3
2020,idoso,3,2,PB,baixa,1
2020,idoso,3,2,PB,media,1
2020,idoso,3,2,PE,baixa,3
2020,idoso,3,2,PE,media,9
2020,idoso,3,2,PE,alta,1
2020,idoso,3,2,PI,baixa,4
2020,idoso,3,2,PI,media,3
2020,idoso,3,2,PR,baixa,7
2020,idoso,3,2,PR,media,37
2020,idoso,3,2,PR,alta,21
2020,idoso,3,2,RJ,baixa,4
2020,idoso,3,2,RJ,media,19
2020,idoso,3,2,RJ,alta,7
2020,idoso,3,2,RN,media,5
2020,idoso,3,2,RO,baixa,1
2020,idoso,3,2,RO,media,2
2020,idoso,3,2,RR,media,1
2020,idoso,3,2,RS,media,4
2020,idoso,3,2,RS,alta,1
2020,idoso,3,2,SC,baixa,1
2020,idoso,3,2,SC,media,6
2020,idoso,3,2,SC,alta,2
2020,idoso,3,2,SE,media,1
2020,idoso,3,2,SE,alta,1
2020,idoso,3,2,SP,baixa,9
2020,idoso,3,2,SP,media,221
2020,idoso,3,2,SP,alta,118
2020,idoso,3,2,TO,baixa,1
2020,idoso,3,2,TO,media,1
2020,idoso,3,2,TO,alta,1
2020,idoso,4,0,ES,baixa,1
2020,idoso,4,0,MG,media,2
2020,idoso,4,0,PA,media,1
2020,idoso,4,0,SP,media,1
2020,idoso,4,0,SP,alta,1
2020,idoso,4,1,AC,baixa,107
2020,idoso,4,1,AC,media,155
2020,idoso,4,1,AC,alta,46
2020,idoso,4,1,AL,baixa,396
2020,idoso,4,1,AL,media,436
2020,idoso,4,1,AL,alta,123
2020,idoso,4,1,AM,baixa,465
2020,idoso,4,1,AM,media,1256
2020,idoso,4,1,AM,alta,693
2020,idoso,4,1,AP,baixa,77
2020,idoso,4,1,AP,media,148
2020,idoso,4,1,AP,alta,36
2020,idoso,4,1,BA,baixa,1364
2020,idoso,4,1,BA,media,3236
2020,idoso,4,1,BA,alta,944
2020,idoso,4,1,CE,baixa,1785
2020,idoso,4,1,CE,media,3209
2020,idoso,4,1,CE,alta,808
2020,idoso,4,1,DF,baixa,107
2020,idoso,4,1,DF,media,596
2020,idoso,4,1,DF,alta,228
2020,idoso,4,1,ES,baixa,148
2020,idoso,4,1,ES,media,537
2020,idoso,4,1,ES,alta,196
2020,idoso,4,1,GO,baixa,544
2020,idoso,4,1,GO,media,1766
2020,idoso,4,1,GO,alta,502
2020,idoso,4,1,MA,baixa,1276
2020,idoso,4,1,MA,media,1723
2020,idoso,4,1,MA,alta,486
2020,idoso,4,1,MG,baixa,1117
2020,idoso,4,1,MG,media,4842
2020,idoso,4,1,MG,alta,1156
2020,idoso,4,1,MS,baixa,196
2020,idoso,4,1,MS,media,866
2020,idoso,4,1,MS,alta,311
2020,idoso,4,1,MT,baixa,329
2020,idoso,4,1,MT,media,871
2020,idoso,4,1,MT,alta,368
2020,idoso,4,1,PA,baixa,937
2020,idoso,4,1,PA,media,2532
2020,idoso,4,1,PA,alta,708
2020,idoso,4,1,PB,baixa,368
2020,idoso,4,1,PB,media,538
2020,idoso,4,1,PB,alta,108
2020,idoso,4,1,PE,baixa,1402
2020,idoso,4,1,PE,media,3267
2020,idoso,4,1,PE,alta,926
2020,idoso,4,1,PI,baixa,566
2020,idoso,4,1,PI,media,745
2020,idoso,4,1,PI,alta,136
2020,idoso,4,1,PR,baixa,346
2020,idoso,4,1,PR,media,1399
2020,idoso,4,1,PR,alta,384
2020,idoso,4,1,RJ,baixa,473
2020,idoso,4,1,RJ,media,4332
2020,idoso,4,1,RJ,alta,1618
2020,idoso,4,1,RN,baixa,431
2020,idoso,4,1,RN,media,625
2020,idoso,4,1,RN,alta,145
2020,idoso,4,1,RO,baixa,166
2020,idoso,4,1,RO,media,384
2020,idoso,4,1,RO,alta,129
2020,idoso,4,1,RR,baixa,49
2020,idoso,4,1,RR,media,153
2020,idoso,4,1,RR,alta,51
2020,idoso,4,1,RS,baixa,90
2020,idoso,4,1,RS,media,436
2020,idoso,4,1,RS,alta,126
2020,idoso,4,1,SC,baixa,32
2020,idoso,4,1,SC,media,233
2020,idoso,4,1,SC,alta,65
2020,idoso,4,1,SE,baixa,321
2020,idoso,4,1,SE,media,647
2020,idoso,4,1,SE,alta,249
2020,idoso,4,1,SP,baixa,924
2020,idoso,4,1,SP,media,6828
2020,idoso,4,1,SP,alta,2447
2020,idoso,4,1,TO,baixa,237
2020,idoso,4,1,TO,media,401
2020,idoso,4,1,TO,alta,73
2020,idoso,4,2,AC,baixa,74
2020,idoso,4,2,AC,media,86
2020,idoso,4,2,AC,alta,30
2020,idoso,4,2,AL,baixa,327
2020,idoso,4,2,AL,media,293
2020,idoso,4,2,AL,alta,70
2020,idoso,4,2,AM,baixa,331
2020,idoso,4,2,AM,media,760
2020,idoso,4,2,AM,alta,383
2020,idoso,4,2,AP,baixa,43
2020,idoso,4,2,AP,media,75
2020,idoso,4,2,AP,alta,34
2020,idoso,4,2,BA,baixa,1283
2020,idoso,4,2,BA,media,2032
2020,idoso,4,2,BA,alta,622
2020,idoso,4,2,CE,baixa,1296
2020,idoso,4,2,CE,media,2424
2020,idoso,4,2,CE,alta,526
2020,idoso,4,2,DF,baixa,129
2020,idoso,4,2,DF,media,445
2020,idoso,4,2,DF,alta,137
2020,idoso,4,2,ES,baixa,159
2020,idoso,4,2,ES,media,397
2020,idoso,4,2,ES,alta,102
2020,idoso,4,2,GO,baixa,452
2020,idoso,4,2,GO,media,1121
2020,idoso,4,2,GO,alta,266
2020,idoso,4,2,MA,baixa,963
2020,idoso,4,2,MA,media,1135
2020,idoso,4,2,MA,alta,324
2020,idoso,4,2,MG,baixa,1042
2020,idoso,4,2,MG,media,2965
2020,idoso,4,2,MG,alta,659
2020,idoso,4,2,MS,baixa,187
2020,idoso,4,2,MS,media,585
2020,idoso,4,2,MS,alta,148
2020,idoso,4,2,MT,baixa,247
2020,idoso,4,2,MT,media,562
2020,idoso,4,2,MT,alta,207
2020,idoso,4,2,PA,baixa,645
2020,idoso,4,2,PA,media,1562
2020,idoso,4,2,PA,alta,478
2020,idoso,4,2,PB,baixa,300
2020,idoso,4,2,PB,media,451
2020,idoso,4,2,PB,alta,85
2020,idoso,4,2,PE,baixa,1349
2020,idoso,4,2,PE,media,2299
2020,idoso,4,2,PE,alta,562
2020,idoso,4,2,PI,baixa,426
2020,idoso,4,2,PI,media,491
2020,idoso,4,2,PI,alta,101
2020,idoso,4,2,PR,baixa,422
2020,idoso,4,2,PR,media,811
2020,idoso,4,2,PR,alta,177
2020,idoso,4,2,RJ,baixa,707
2020,idoso,4,2,RJ,media,3898
2020,idoso,4,2,RJ,alta,1140
2020,idoso,4,2,RN,baixa,251
2020,idoso,4,2,RN,media,435
2020,idoso,4,2,RN,alta,101
2020,idoso,4,2,RO,baixa,117
2020,idoso,4,2,RO,media,220
2020,idoso,4,2,RO,alta,68
2020,idoso,4,2,RR,baixa,38
2020,idoso,4,2,RR,media,103
2020,idoso,4,2,RR,alta,26
2020,idoso,4,2,RS,baixa,75
2020,idoso,4,2,RS,media,294
2020,idoso,4,2,RS,alta,86
2020,idoso,4,2,SC,baixa,41
2020,idoso,4,2,SC,media,155
2020,idoso,4,2,SC,alta,27
2020,idoso,4,2,SE,baixa,266
2020,idoso,4,2,SE,media,436
2020,idoso,4,2,SE,alta,139
2020,idoso,4,2,SP,baixa,1222
2020,idoso,4,2,SP,media,4843
2020,idoso,4,2,SP,alta,1318
2020,idoso,4,2,TO,baixa,162
2020,idoso,4,2,TO,media,222
2020,idoso,4,2,TO,alta,48
2020,idoso,5,1,AC,baixa,2
2020,idoso,5,1,AC,media,1
2020,idoso,5,1,AC,alta,3
2020,idoso,5,1,AL,baixa,2
2020,idoso,5,1,AL,alta,1
2020,idoso,5,1,AM,baixa,40
2020,idoso,5,1,AM,media,40
2020,idoso,5,1,AM,alta,5
2020,idoso,5,1,AP,baixa,1
2020,idoso,5,1,BA,baixa,6
2020,idoso,5,1,BA,media,7
2020,idoso,5,1,BA,alta,2
2020,idoso,5,1,CE,baixa,6
2020,idoso,5,1,CE,media,4
2020,idoso,5,1,CE,alta,1
2020,idoso,5,1,ES,baixa,1
2020,idoso,5,1,ES,media,3
2020,idoso,5,1,GO,baixa,1
2020,idoso,5,1,GO,media,1
2020,idoso,5,1,MA,baixa,8
2020,idoso,5,1,MA,media,2
2020,idoso,5,1,MA,alta,2
2020,idoso,5,1,MG,baixa,3
2020,idoso,5,1,MG,media,8
2020,idoso,5,1,MG,alta,1
2020,idoso,5,1,MS,baixa,18
2020,idoso,5,1,MS,media,32
2020,idoso,5,1,MS,alta,10
2020,idoso,5,1,MT,baixa,7
2020,idoso,5,1,MT,media,10
2020,idoso,5,1,MT,alta,3
2020,idoso,5,1,PA,baixa,9
2020,idoso,5,1,PA,media,14
2020,idoso,5,1,PB,baixa,3
2020,idoso,5,1,PB,media,1
2020,idoso,5,1,PE,baixa,6
2020,idoso,5,1,PE,media,9
2020,idoso,5,1,PE,alta,1
2020,idoso,5,1,PI,baixa,1
2020,idoso,5,1,PR,baixa,2
2020,idoso,5,1,PR,media,4
2020,idoso,5,1,PR,alta,1
2020,idoso,5,1,RJ,media,9
2020,idoso,5,1,RJ,alta,2
2020,idoso,5,1,RN,baixa,5
2020,idoso,5,1,RN,media,2
2020,idoso,5,1,RN,alta,2
2020,idoso,5,1,RO,baixa,6
2020,idoso,5,1,RO,media,2
2020,idoso,5,1,RO,alta,1
2020,idoso,5,1,RR,baixa,12
2020,idoso,5,1,RR,media,17
2020,idoso,5,1,RR,alta,4
2020,idoso,5,1,RS,baixa,2
2020,idoso,5,1,RS,media,8
2020,idoso,5,1,RS,alta,2
2020,idoso,5,1,SC,baixa,2
2020,idoso,5,1,SC,media,6
2020,idoso,5,1,SP,baixa,3
2020,idoso,5,1,SP,media,10
2020,idoso,5,1,SP,alta,6
2020,idoso,5,1,TO,media,1
2020,idoso,5,1,TO,alta,1
2020,idoso,5,2,AC,baixa,1
2020,idoso,5,2,AL,baixa,2
2020,idoso,5,2,AL,media,3
2020,idoso,5,2,AM,baixa,31
2020,idoso,5,2,AM,media,18
2020,idoso,5,2,AM,alta,5
2020,idoso,5,2,AP,baixa,2
2020,idoso,5,2,BA,baixa,11
2020,idoso,5,2,BA,media,3
2020,idoso,5,2,BA,alta,4
2020,idoso,5,2,CE,baixa,4
2020,idoso,5,2,CE,media,3
2020,idoso,5,2,DF,baixa,1
2020,idoso,5,2,DF,media,2
2020,idoso,5,2,ES,baixa,1
2020,idoso,5,2,GO,baixa,1
2020,idoso,5,2,GO,media,1
2020,idoso,5,2,MA,baixa,6
2020,idoso,5,2,MA,media,4
2020,idoso,5,2,MG,baixa,5
2020,idoso,5,2,MG,media,7
2020,idoso,5,2,MG,alta,2
2020,idoso,5,2,MS,baixa,21
2020,idoso,5,2,MS,media,24
2020,idoso,5,2,MS,alta,4
2020,idoso,5,2,MT,baixa,8
2020,idoso,5,2,MT,media,3
2020,idoso,5,2,MT,alta,3
2020,idoso,5,2,PA,baixa,8
2020,idoso,5,2,PA,media,3
2020,idoso,5,2,PB,baixa,1
2020,idoso,5,2,PB,media,2
2020,idoso,5,2,PB,alta,1
2020,idoso,5,2,PE,baixa,6
2020,idoso,5,2,PE,media,11
2020,idoso,5,2,PE,alta,2
2020,idoso,5,2,PR,baixa,2
2020,idoso,5,2,PR,media,5
2020,idoso,5,2,RJ,baixa,1
2020,idoso,5,2,RJ,media,5
2020,idoso,5,2,RJ,alta,1
2020,idoso,5,2,RN,media,4
2020,idoso,5,2,RN,alta,1
2020,idoso,5,2,RO,baixa,3
2020,idoso,5,2,RO,media,2
2020,idoso,5,2,RR,baixa,13
2020,idoso,5,2,RR,media,12
2020,idoso,5,2,RR,alta,1
2020,idoso,5,2,RS,baixa,5
2020,idoso,5,2,RS,media,8
2020,idoso,5,2,RS,alta,1
2020,idoso,5,2,SC,baixa,2
2020,idoso,5,2,SC,media,1
2020,idoso,5,2,SP,media,16
2020,idoso,5,2,SP,alta,5
2020,idoso,5,2,TO,baixa,3
2020,idoso,5,2,TO,media,3
2020,jovem,1,1,AC,media,3
2020,jovem,1,1,AC,alta,6
2020,jovem,1,1,AL,baixa,3
2020,jovem,1,1,AL,media,8
2020,jovem,1,1,AL,alta,5
2020,jovem,1,1,AM,baixa,6
2020,jovem,1,1,AM,media,24
2020,jovem,1,1,AM,alta,43
2020,jovem,1,1,AP,baixa,1
2020,jovem,1,1,AP,media,7
2020,jovem,1,1,AP,alta,5
2020,jovem,1,1,BA,baixa,14
2020,jovem,1,1,BA,media,128
2020,jovem,1,1,BA,alta,47
2020,jovem,1,1,CE,baixa,10
2020,jovem,1,1,CE,media,75
2020,jovem,1,1,CE,alta,25
2020,jovem,1,1,DF,baixa,2
2020,jovem,1,1,DF,media,44
2020,jovem,1,1,DF,alta,20
2020,jovem,1,1,ES,baixa,3
2020,jovem,1,1,ES,media,18
2020,jovem,1,1,ES,alta,22
2020,jovem,1,1,GO,baixa,7
2020,jovem,1,1,GO,media,117
2020,jovem,1,1,GO,alta,127
2020,jovem,1,1,MA,baixa,4
2020,jovem,1,1,MA,media,67
2020,jovem,1,1,MA,alta,60
2020,jovem,1,1,MG,baixa,25
2020,jovem,1,1,MG,media,211
2020,jovem,1,1,MG,alta,317
2020,jovem,1,1,MS,baixa,11
2020,jovem,1,1,MS,media,30
2020,jovem,1,1,MS,alta,51
2020,jovem,1,1,MT,baixa,10
2020,jovem,1,1,MT,media,47
2020,jovem,1,1,MT,alta,79
2020,jovem,1,1,PA,baixa,4
2020,jovem,1,1,PA,media,59
2020,jovem,1,1,PA,alta,49
2020,jovem,1,1,PB,baixa,1
2020,jovem,1,1,PB,media,14
2020,jovem,1,1,PB,alta,11
2020,jovem,1,1,PE,baixa,20
2020,jovem,1,1,PE,media,213
2020,jovem,1,1,PE,alta,85
2020,jovem,1,1,PI,baixa,5
2020,jovem,1,1,PI,media,39
2020,jovem,1,1,PI,alta,21
2020,jovem,1,1,PR,baixa,54
2020,jovem,1,1,PR,media,412
2020,jovem,1,1,PR,alta,629
2020,jovem,1,1,RJ,baixa,15
2020,jovem,1,1,RJ,media,300
2020,jovem,1,1,RJ,alta,196
2020,jovem,1,1,RN,baixa,3
2020,jovem,1,1,RN,media,35
2020,jovem,1,1,RN,alta,8
2020,jovem,1,1,RO,baixa,6
2020,jovem,1,1,RO,media,15
2020,jovem,1,1,RO,alta,43
2020,jovem,1,1,RR,baixa,2
2020,jovem,1,1,RR,media,10
2020,jovem,1,1,RR,alta,2
2020,jovem,1,1,RS,baixa,13
2020,jovem,1,1,RS,media,243
2020,jovem,1,1,RS,alta,213
2020,jovem,1,1,SC,baixa,14
2020,jovem,1,1,SC,media,201
2020,jovem,1,1,SC,alta,269
2020,jovem,1,1,SE,baixa,3
2020,jovem,1,1,SE,media,24
2020,jovem,1,1,SE,alta,9
2020,jovem,1,1,SP,baixa,84
2020,jovem,1,1,SP,media,523
2020,jovem,1,1,SP,alta,780
2020,jovem,1,1,TO,baixa,4
2020,jovem,1,1,TO,media,12
2020,jovem,1,1,TO,alta,17
2020,jovem,1,2,AC,baixa,1
2020,jovem,1,2,AC,media,7
2020,jovem,1,2,AC,alta,2
2020,jovem,1,2,AL,media,4
2020,jovem,1,2,AL,alta,3
2020,jovem,1,2,AM,baixa,5
2020,jovem,1,2,AM,media,9
2020,jovem,1,2,AM,alta,18
2020,jovem,1,2,AP,media,2
2020,jovem,1,2,AP,alta,3
2020,jovem,1,2,BA,baixa,5
2020,jovem,1,2,BA,media,35
2020,jovem,1,2,BA,alta,24
2020,jovem,1,2,CE,baixa,6
2020,jovem,1,2,CE,media,31
2020,jovem,1,2,CE,alta,35
2020,jovem,1,2,DF,baixa,2
2020,jovem,1,2,DF,media,16
2020,jovem,1,2,DF,alta,10
2020,jovem,1,2,ES,media,9
2020,jovem,1,2,ES,alta,2
2020,jovem,1,2,GO,baixa,3
2020,jovem,1,2,GO,media,41
2020,jovem,1,2,GO,alta,43
2020,jovem,1,2,MA,baixa,8
2020,jovem,1,2,MA,media,29
2020,jovem,1,2,MA,alta,25
2020,jovem,1,2,MG,baixa,16
2020,jovem,1,2,MG,media,92
2020,jovem,1,2,MG,alta,109
2020,jovem,1,2,MS,baixa,2
2020,jovem,1,2,MS,media,15
2020,jovem,1,2,MS,alta,16
2020,jovem,1,2,MT,baixa,4
2020,jovem,1,2,MT,media,31
2020,jovem,1,2,MT,alta,22
2020,jovem,1,2,PA,baixa,2
2020,jovem,1,2,PA,media,32
2020,jovem,1,2,PA,alta,20
2020,jovem,1,2,PB,media,14
2020,jovem,1,2,PB,alta,6
2020,jovem,1,2,PE,baixa,16
2020,jovem,1,2,PE,media,52
2020,jovem,1,2,PE,alta,35
2020,jovem,1,2,PI,baixa,3
2020,jovem,1,2,PI,media,9
2020,jovem,1,2,PI,alta,9
2020,jovem,1,2,PR,baixa,37
2020,jovem,1,2,PR,media,139
2020,jovem,1,2,PR,alta,171
2020,jovem,1,2,RJ,baixa,15
2020,jovem,1,2,RJ,media,109
2020,jovem,1,2,RJ,alta,89
2020,jovem,1,2,RN,baixa,3
2020,jovem,1,2,RN,media,12
2020,jovem,1,2,RN,alta,7
2020,jovem,1,2,RO,baixa,2
2020,jovem,1,2,RO,media,8
2020,jovem,1,2,RO,alta,11
2020,jovem,1,2,RR,media,1
2020,jovem,1,2,RR,alta,5
2020,jovem,1,2,RS,baixa,20
2020,jovem,1,2,RS,media,58
2020,jovem,1,2,RS,alta,78
2020,jovem,1,2,SC,baixa,9
2020,jovem,1,2,SC,media,72
2020,jovem,1,2,SC,alta,86
2020,jovem,1,2,SE,baixa,3
2020,jovem,1,2,SE,media,9
2020,jovem,1,2,SE,alta,5
2020,jovem,1,2,SP,baixa,54
2020,jovem,1,2,SP,media,254
2020,jovem,1,2,SP,alta,343
2020,jovem,1,2,TO,baixa,1
2020,jovem,1,2,TO,media,8
2020,jovem,1,2,TO,alta,4
2020,jovem,2,1,AL,baixa,1
2020,jovem,2,1,AL,media,3
2020,jovem,2,1,AL,alta,1
2020,jovem,2,1,AM,baixa,1
2020,jovem,2,1,AM,media,4
2020,jovem,2,1,AM,alta,3
2020,jovem,2,1,AP,media,3
2020,jovem,2,1,AP,alta,1
2020,jovem,2,1,BA,baixa,8
2020,jovem,2,1,BA,media,294
2020,jovem,2,1,BA,alta,61
2020,jovem,2,1,CE,baixa,1
2020,jovem,2,1,CE,media,17
2020,jovem,2,1,CE,alta,1
2020,jovem,2,1,DF,baixa,1
2020,jovem,2,1,DF,media,13
2020,jovem,2,1,DF,alta,10
2020,jovem,2,1,ES,baixa,1
2020,jovem,2,1,ES,media,10
2020,jovem,2,1,ES,alta,6
2020,jovem,2,1,GO,media,35
2020,jovem,2,1,GO,alta,36
2020,jovem,2,1,MA,baixa,6
2020,jovem,2,1,MA,media,57
2020,jovem,2,1,MA,alta,43
2020,jovem,2,1,MG,baixa,3
2020,jovem,2,1,MG,media,113
2020,jovem,2,1,MG,alta,85
2020,jovem,2,1,MS,media,2
2020,jovem,2,1,MS,alta,5
2020,jovem,2,1,MT,baixa,1
2020,jovem,2,1,MT,media,18
2020,jovem,2,1,MT,alta,22
2020,jovem,2,1,PA,baixa,3
2020,jovem,2,1,PA,media,53
2020,jovem,2,1,PA,alta,21
2020,jovem,2,1,PB,media,4
2020,jovem,2,1,PE,baixa,2
2020,jovem,2,1,PE,media,47
2020,jovem,2,1,PE,alta,13
2020,jovem,2,1,PI,baixa,3
2020,jovem,2,1,PI,media,21
2020,jovem,2,1,PI,alta,11
2020,jovem,2,1,PR,baixa,2
2020,jovem,2,1,PR,media,32
2020,jovem,2,1,PR,alta,20
2020,jovem,2,1,RJ,baixa,5
2020,jovem,2,1,RJ,media,263
2020,jovem,2,1,RJ,alta,117
2020,jovem,2,1,RN,media,7
2020,jovem,2,1,RN,alta,1
2020,jovem,2,1,RO,media,5
2020,jovem,2,1,RO,alta,3
2020,jovem,2,1,RR,media,1
2020,jovem,2,1,RR,alta,2
2020,jovem,2,1,RS,baixa,2
2020,jovem,2,1,RS,media,58
2020,jovem,2,1,RS,alta,22
2020,jovem,2,1,SC,media,16
2020,jovem,2,1,SC,alta,8
2020,jovem,2,1,SE,baixa,1
2020,jovem,2,1,SE,media,15
2020,jovem,2,1,SE,alta,9
2020,jovem,2,1,SP,baixa,5
2020,jovem,2,1,SP,media,96
2020,jovem,2,1,SP,alta,127
2020,jovem,2,1,TO,baixa,1
2020,jovem,2,1,TO,media,19
2020,jovem,2,1,TO,alta,13
2020,jovem,2,2,AL,media,1
2020,jovem,2,2,AL,alta,1
2020,jovem,2,2,AM,media,1
2020,jovem,2,2,AM,alta,3
2020,jovem,2,2,AP,alta,1
2020,jovem,2,2,BA,baixa,6
2020,jovem,2,2,BA,media,40
2020,jovem,2,2,BA,alta,26
2020,jovem,2,2,CE,media,4
2020,jovem,2,2,CE,alta,2
2020,jovem,2,2,DF,media,2
2020,jovem,2,2,DF,alta,2
2020,jovem,2,2,ES,baixa,1
2020,jovem,2,2,ES,media,1
2020,jovem,2,2,ES,alta,1
2020,jovem,2,2,GO,media,5
2020,jovem,2,2,GO,alta,5
2020,jovem,2,2,MA,baixa,1
2020,jovem,2,2,MA,media,8
2020,jovem,2,2,MA,alta,9
2020,jovem,2,2,MG,baixa,4
2020,jovem,2,2,MG,media,25
2020,jovem,2,2,MG,alta,37
2020,jovem,2,2,MS,alta,4
2020,jovem,2,2,MT,media,8
2020,jovem,2,2,MT,alta,5
2020,jovem,2,2,PA,baixa,1
2020,jovem,2,2,PA,media,10
2020,jovem,2,2,PA,alta,10
2020,jovem,2,2,PB,media,1
2020,jovem,2,2,PE,media,5
2020,jovem,2,2,PE,alta,7
2020,jovem,2,2,PI,media,7
2020,jovem,2,2,PI,alta,4
2020,jovem,2,2,PR,baixa,1
2020,jovem,2,2,PR,media,4
2020,jovem,2,2,PR,alta,6
2020,jovem,2,2,RJ,baixa,4
2020,jovem,2,2,RJ,media,80
2020,jovem,2,2,RJ,alta,39
2020,jovem,2,2,RN,media,1
2020,jovem,2,2,RO,media,1
2020,jovem,2,2,RO,alta,3
2020,jovem,2,2,RR,media,1
2020,jovem,2,2,RS,media,3
2020,jovem,2,2,RS,alta,9
2020,jovem,2,2,SC,baixa,1
2020,jovem,2,2,SC,media,4
2020,jovem,2,2,SC,alta,5
2020,jovem,2,2,SE,alta,3
2020,jovem,2,2,SP,baixa,4
2020,jovem,2,2,SP,media,26
2020,jovem,2,2,SP,alta,50
2020,jovem,2,2,TO,media,6
2020,jovem,2,2,TO,alta,2
2020,jovem,3,1,AM,media,3
2020,jovem,3,1,AM,alta,3
2020,jovem,3,1,AP,media,1
2020,jovem,3,1,BA,alta,1
2020,jovem,3,1,CE,media,2
2020,jovem,3,1,CE,alta,1
2020,jovem,3,1,DF,media,1
2020,jovem,3,1,GO,media,1
2020,jovem,3,1,GO,alta,1
2020,jovem,3,1,MA,media,4
2020,jovem,3,1,MA,alta,3
2020,jovem,3,1,MG,media,1
2020,jovem,3,1,MG,alta,2
2020,jovem,3,1,MS,alta,2
2020,jovem,3,1,PE,media,3
2020,jovem,3,1,PI,media,1
2020,jovem,3,1,PI,alta,1
2020,jovem,3,1,PR,media,1
2020,jovem,3,1,RJ,media,4
2020,jovem,3,1,RN,media,1
2020,jovem,3,1,RO,media,1
2020,jovem,3,1,RR,media,4
2020,jovem,3,1,RR,alta,1
2020,jovem,3,1,RS,alta,1
2020,jovem,3,1,SE,alta,1
2020,jovem,3,1,SP,baixa,1
2020,jovem,3,1,SP,media,1
2020,jovem,3,1,SP,alta,2
2020,jovem,3,2,AM,media,1
2020,jovem,3,2,DF,media,1
2020,jovem,3,2,GO,alta,1
2020,jovem,3,2,MA,alta,1
2020,jovem,3,2,MG,media,1
2020,jovem,3,2,MS,alta,1
2020,jovem,3,2,MT,baixa,1
2020,jovem,3,2,MT,media,1
2020,jovem,3,2,PA,alta,2
2020,jovem,3,2,PE,media,1
2020,jovem,3,2,PR,media,1
2020,jovem,3,2,RJ,media,1
2020,jovem,3,2,SP,media,2
2020,jovem,3,2,SP,alta,3
2020,jovem,4,1,AC,baixa,1
2020,jovem,4,1,AC,media,27
2020,jovem,4,1,AC,alta,20
2020,jovem,4,1,AL,baixa,14
2020,jovem,4,1,AL,media,317
2020,jovem,4,1,AL,alta,154
2020,jovem,4,1,AM,baixa,22
2020,jovem,4,1,AM,media,339
2020,jovem,4,1,AM,alta,334
2020,jovem,4,1,AP,baixa,2
2020,jovem,4,1,AP,media,93
2020,jovem,4,1,AP,alta,40
2020,jovem,4,1,BA,baixa,52
2020,jovem,4,1,BA,media,1305
2020,jovem,4,1,BA,alta,418
2020,jovem,4,1,CE,baixa,39
2020,jovem,4,1,CE,media,946
2020,jovem,4,1,CE,alta,367
2020,jovem,4,1,DF,baixa,1
2020,jovem,4,1,DF,media,74
2020,jovem,4,1,DF,alta,56
2020,jovem,4,1,ES,baixa,1
2020,jovem,4,1,ES,media,103
2020,jovem,4,1,ES,alta,62
2020,jovem,4,1,GO,baixa,6
2020,jovem,4,1,GO,media,379
2020,jovem,4,1,GO,alta,343
2020,jovem,4,1,MA,baixa,34
2020,jovem,4,1,MA,media,438
2020,jovem,4,1,MA,alta,400
2020,jovem,4,1,MG,baixa,22
2020,jovem,4,1,MG,media,438
2020,jovem,4,1,MG,alta,405
2020,jovem,4,1,MS,baixa,6
2020,jovem,4,1,MS,media,74
2020,jovem,4,1,MS,alta,84
2020,jovem,4,1,MT,baixa,10
2020,jovem,4,1,MT,media,140
2020,jovem,4,1,MT,alta,253
2020,jovem,4,1,PA,baixa,32
2020,jovem,4,1,PA,media,689
2020,jovem,4,1,PA,alta,282
2020,jovem,4,1,PB,baixa,4
2020,jovem,4,1,PB,media,83
2020,jovem,4,1,PB,alta,19
2020,jovem,4,1,PE,baixa,41
2020,jovem,4,1,PE,media,1066
2020,jovem,4,1,PE,alta,350
2020,jovem,4,1,PI,baixa,10
2020,jovem,4,1,PI,media,188
2020,jovem,4,1,PI,alta,89
2020,jovem,4,1,PR,baixa,9
2020,jovem,4,1,PR,media,214
2020,jovem,4,1,PR,alta,204
2020,jovem,4,1,RJ,baixa,16
2020,jovem,4,1,RJ,media,729
2020,jovem,4,1,RJ,alta,304
2020,jovem,4,1,RN,baixa,9
2020,jovem,4,1,RN,media,120
2020,jovem,4,1,RN,alta,40
2020,jovem,4,1,RO,baixa,3
2020,jovem,4,1,RO,media,51
2020,jovem,4,1,RO,alta,77
2020,jovem,4,1,RR,media,43
2020,jovem,4,1,RR,alta,39
2020,jovem,4,1,RS,baixa,8
2020,jovem,4,1,RS,media,54
2020,jovem,4,1,RS,alta,48
2020,jovem,4,1,SC,baixa,1
2020,jovem,4,1,SC,media,54
2020,jovem,4,1,SC,alta,65
2020,jovem,4,1,SE,baixa,14
2020,jovem,4,1,SE,media,323
2020,jovem,4,1,SE,alta,124
2020,jovem,4,1,SP,baixa,28
2020,jovem,4,1,SP,media,502
2020,jovem,4,1,SP,alta,670
2020,jovem,4,1,TO,baixa,5
2020,jovem,4,1,TO,media,111
2020,jovem,4,1,TO,alta,62
2020,jovem,4,2,AC,baixa,1
2020,jovem,4,2,AC,media,7
2020,jovem,4,2,AC,alta,7
2020,jovem,4,2,AL,baixa,3
2020,jovem,4,2,AL,media,30
2020,jovem,4,2,AL,alta,32
2020,jovem,4,2,AM,baixa,5
2020,jovem,4,2,AM,media,63
2020,jovem,4,2,AM,alta,98
2020,jovem,4,2,AP,media,24
2020,jovem,4,2,AP,alta,11
2020,jovem,4,2,BA,baixa,26
2020,jovem,4,2,BA,media,197
2020,jovem,4,2,BA,alta,117
2020,jovem,4,2,CE,baixa,12
2020,jovem,4,2,CE,media,163
2020,jovem,4,2,CE,alta,94
2020,jovem,4,2,DF,baixa,1
2020,jovem,4,2,DF,media,15
2020,jovem,4,2,DF,alta,16
2020,jovem,4,2,ES,baixa,3
2020,jovem,4,2,ES,media,34
2020,jovem,4,2,ES,alta,32
2020,jovem,4,2,GO,baixa,4
2020,jovem,4,2,GO,media,70
2020,jovem,4,2,GO,alta,93
2020,jovem,4,2,MA,baixa,9
2020,jovem,4,2,MA,media,100
2020,jovem,4,2,MA,alta,110
2020,jovem,4,2,MG,baixa,8
2020,jovem,4,2,MG,media,110
2020,jovem,4,2,MG,alta,107
2020,jovem,4,2,MS,baixa,3
2020,jovem,4,2,MS,media,28
2020,jovem,4,2,MS,alta,35
2020,jovem,4,2,MT,baixa,3
2020,jovem,4,2,MT,media,42
2020,jovem,4,2,MT,alta,48
2020,jovem,4,2,PA,baixa,14
2020,jovem,4,2,PA,media,199
2020,jovem,4,2,PA,alta,109
2020,jovem,4,2,PB,baixa,4
2020,jovem,4,2,PB,media,25
2020,jovem,4,2,PB,alta,18
2020,jovem,4,2,PE,baixa,16
2020,jovem,4,2,PE,media,169
2020,jovem,4,2,PE,alta,104
2020,jovem,4,2,PI,baixa,3
2020,jovem,4,2,PI,media,53
2020,jovem,4,2,PI,alta,20
2020,jovem,4,2,PR,baixa,7
2020,jovem,4,2,PR,media,25
2020,jovem,4,2,PR,alta,31
2020,jovem,4,2,RJ,baixa,8
2020,jovem,4,2,RJ,media,170
2020,jovem,4,2,RJ,alta,127
2020,jovem,4,2,RN,baixa,2
2020,jovem,4,2,RN,media,31
2020,jovem,4,2,RN,alta,12
2020,jovem,4,2,RO,baixa,1
2020,jovem,4,2,RO,media,19
2020,jovem,4,2,RO,alta,14
2020,jovem,4,2,RR,media,24
2020,jovem,4,2,RR,alta,8
2020,jovem,4,2,RS,baixa,4
2020,jovem,4,2,RS,media,6
2020,jovem,4,2,RS,alta,17
2020,jovem,4,2,SC,media,12
2020,jovem,4,2,SC,alta,15
2020,jovem,4,2,SE,baixa,4
2020,jovem,4,2,SE,media,38
2020,jovem,4,2,SE,alta,23
2020,jovem,4,2,SP,baixa,24
2020,jovem,4,2,SP,media,149
2020,jovem,4,2,SP,alta,231
2020,jovem,4,2,TO,baixa,3
2020,jovem,4,2,TO,media,19
2020,jovem,4,2,TO,alta,22
2020,jovem,5,1,AC,media,2
2020,jovem,5,1,AM,baixa,10
2020,jovem,5,1,AM,media,22
2020,jovem,5,1,AM,alta,23
2020,jovem,5,1,BA,media,1
2020,jovem,5,1,BA,alta,2
2020,jovem,5,1,GO,media,1
2020,jovem,5,1,MA,baixa,1
2020,jovem,5,1,MA,media,3
2020,jovem,5,1,MA,alta,1
2020,jovem,5,1,MG,media,1
2020,jovem,5,1,MS,baixa,1
2020,jovem,5,1,MS,media,21
2020,jovem,5,1,MS,alta,9
2020,jovem,5,1,MT,baixa,1
2020,jovem,5,1,MT,media,4
2020,jovem,5,1,MT,alta,4
2020,jovem,5,1,PA,baixa,3
2020,jovem,5,1,PA,media,2
2020,jovem,5,1,PA,alta,2
2020,jovem,5,1,PB,media,1
2020,jovem,5,1,PE,baixa,2
2020,jovem,5,1,PE,media,1
2020,jovem,5,1,PR,media,8
2020,jovem,5,1,PR,alta,4
2020,jovem,5,1,RJ,media,1
2020,jovem,5,1,RO,baixa,1
2020,jovem,5,1,RO,media,1
2020,jovem,5,1,RR,baixa,13
2020,jovem,5,1,RR,media,7
2020,jovem,5,1,RR,alta,5
2020,jovem,5,1,SC,alta,1
2020,jovem,5,1,SP,baixa,1
2020,jovem,5,1,SP,alta,1
2020,jovem,5,1,TO,media,1
2020,jovem,5,1,TO,alta,2
2020,jovem,5,2,AC,media,1
2020,jovem,5,2,AC,alta,1
2020,jovem,5,2,AL,media,1
2020,jovem,5,2,AM,baixa,3
2020,jovem,5,2,AM,media,12
2020,jovem,5,2,AM,alta,13
2020,jovem,5,2,AP,alta,1
2020,jovem,5,2,BA,baixa,1
2020,jovem,5,2,CE,media,1
2020,jovem,5,2,CE,alta,1
2020,jovem,5,2,GO,alta,1
2020,jovem,5,2,MA,baixa,1
2020,jovem,5,2,MA,media,1
2020,jovem,5,2,MA,alta,1
2020,jovem,5,2,MS,media,11
2020,jovem,5,2,MS,alta,2
2020,jovem,5,2,MT,baixa,2
2020,jovem,5,2,MT,media,3
2020,jovem,5,2,MT,alta,3
2020,jovem,5,2,PA,baixa,1
2020,jovem,5,2,PA,media,2
2020,jovem,5,2,PB,media,2
2020,jovem,5,2,PB,alta,1
2020,jovem,5,2,PE,media,3
2020,jovem,5,2,PI,media,1
2020,jovem,5,2,PR,alta,3
2020,jovem,5,2,RO,baixa,1
2020,jovem,5,2,RR,baixa,6
2020,jovem,5,2,RR,media,4
2020,jovem,5,2,RR,alta,3
2020,jovem,5,2,SC,media,1
2020,jovem,5,2,SC,alta,1
2020,jovem,5,2,SP,media,1
2020,jovem,5,2,SP,alta,1
2020,jovem,5,2,TO,media,2
2020,meia-idade,1,1,AC,baixa,2
2020,meia-idade,1,1,AC,media,17
2020,meia-idade,1,1,AC,alta,12
2020,meia-idade,1,1,AL,baixa,33
2020,meia-idade,1,1,AL,media,73
2020,meia-idade,1,1,AL,alta,38
2020,meia-idade,1,1,AM,baixa,15
2020,meia-idade,1,1,AM,media,123
2020,meia-idade,1,1,AM,alta,110
2020,meia-idade,1,1,AP,baixa,3
2020,meia-idade,1,1,AP,media,28
2020,meia-idade,1,1,AP,alta,20
2020,meia-idade,1,1,BA,baixa,85
2020,meia-idade,1,1,BA,media,423
2020,meia-idade,1,1,BA,alta,209
2020,meia-idade,1,1,CE,baixa,90
2020,meia-idade,1,1,CE,media,401
2020,meia-idade,1,1,CE,alta,186
2020,meia-idade,1,1,DF,baixa,17
2020,meia-idade,1,1,DF,media,285
2020,meia-idade,1,1,DF,alta,161
2020,meia-idade,1,1,ES,baixa,22
2020,meia-idade,1,1,ES,media,226
2020,meia-idade,1,1,ES,alta,114
2020,meia-idade,1,1,GO,baixa,72
2020,meia-idade,1,1,GO,media,704
2020,meia-idade,1,1,GO,alta,355
2020,meia-idade,1,1,MA,baixa,52
2020,meia-idade,1,1,MA,media,196
2020,meia-idade,1,1,MA,alta,121
2020,meia-idade,1,1,MG,baixa,209
2020,meia-idade,1,1,MG,media,2300
2020,meia-idade,1,1,MG,alta,1284
2020,meia-idade,1,1,MS,baixa,31
2020,meia-idade,1,1,MS,media,329
2020,meia-idade,1,1,MS,alta,261
2020,meia-idade,1,1,MT,baixa,23
2020,meia-idade,1,1,MT,media,391
2020,meia-idade,1,1,MT,alta,257
2020,meia-idade,1,1,PA,baixa,32
2020,meia-idade,1,1,PA,media,256
2020,meia-idade,1,1,PA,alta,134
2020,meia-idade,1,1,PB,baixa,32
2020,meia-idade,1,1,PB,media,94
2020,meia-idade,1,1,PB,alta,37
2020,meia-idade,1,1,PE,baixa,144
2020,meia-idade,1,1,PE,media,732
2020,meia-idade,1,1,PE,alta,343
2020,meia-idade,1,1,PI,baixa,25
2020,meia-idade,1,1,PI,media,113
2020,meia-idade,1,1,PI,alta,33
2020,meia-idade,1,1,PR,baixa,214
2020,meia-idade,1,1,PR,media,2872
2020,meia-idade,1,1,PR,alta,1893
2020,meia-idade,1,1,RJ,baixa,151
2020,meia-idade,1,1,RJ,media,2207
2020,meia-idade,1,1,RJ,alta,1321
2020,meia-idade,1,1,RN,baixa,45
2020,meia-idade,1,1,RN,media,191
2020,meia-idade,1,1,RN,alta,82
2020,meia-idade,1,1,RO,baixa,18
2020,meia-idade,1,1,RO,media,147
2020,meia-idade,1,1,RO,alta,92
2020,meia-idade,1,1,RR,baixa,3
2020,meia-idade,1,1,RR,media,30
2020,meia-idade,1,1,RR,alta,14
2020,meia-idade,1,1,RS,baixa,170
2020,meia-idade,1,1,RS,media,2322
2020,meia-idade,1,1,RS,alta,1180
2020,meia-idade,1,1,SC,baixa,100
2020,meia-idade,1,1,SC,media,2030
2020,meia-idade,1,1,SC,alta,1122
2020,meia-idade,1,1,SE,baixa,25
2020,meia-idade,1,1,SE,media,106
2020,meia-idade,1,1,SE,alta,68
2020,meia-idade,1,1,SP,baixa,403
2020,meia-idade,1,1,SP,media,7436
2020,meia-idade,1,1,SP,alta,5698
2020,meia-idade,1,1,TO,baixa,6
2020,meia-idade,1,1,TO,media,71
2020,meia-idade,1,1,TO,alta,44
2020,meia-idade,1,2,AC,baixa,4
2020,meia-idade,1,2,AC,media,14
2020,meia-idade,1,2,AC,alta,9
2020,meia-idade,1,2,AL,baixa,18
2020,meia-idade,1,2,AL,media,53
2020,meia-idade,1,2,AL,alta,26
2020,meia-idade,1,2,AM,baixa,11
2020,meia-idade,1,2,AM,media,91
2020,meia-idade,1,2,AM,alta,96
2020,meia-idade,1,2,AP,baixa,5
2020,meia-idade,1,2,AP,media,8
2020,meia-idade,1,2,AP,alta,13
2020,meia-idade,1,2,BA,baixa,66
2020,meia-idade,1,2,BA,media,340
2020,meia-idade,1,2,BA,alta,184
2020,meia-idade,1,2,CE,baixa,76
2020,meia-idade,1,2,CE,media,348
2020,meia-idade,1,2,CE,alta,165
2020,meia-idade,1,2,DF,baixa,11
2020,meia-idade,1,2,DF,media,205
2020,meia-idade,1,2,DF,alta,107
2020,meia-idade,1,2,ES,baixa,23
2020,meia-idade,1,2,ES,media,139
2020,meia-idade,1,2,ES,alta,74
2020,meia-idade,1,2,GO,baixa,56
2020,meia-idade,1,2,GO,media,509
2020,meia-idade,1,2,GO,alta,256
2020,meia-idade,1,2,MA,baixa,35
2020,meia-idade,1,2,MA,media,171
2020,meia-idade,1,2,MA,alta,93
2020,meia-idade,1,2,MG,baixa,153
2020,meia-idade,1,2,MG,media,1604
2020,meia-idade,1,2,MG,alta,926
2020,meia-idade,1,2,MS,baixa,24
2020,meia-idade,1,2,MS,media,211
2020,meia-idade,1,2,MS,alta,161
2020,meia-idade,1,2,MT,baixa,23
2020,meia-idade,1,2,MT,media,221
2020,meia-idade,1,2,MT,alta,144
2020,meia-idade,1,2,PA,baixa,41
2020,meia-idade,1,2,PA,media,201
2020,meia-idade,1,2,PA,alta,97
2020,meia-idade,1,2,PB,baixa,17
2020,meia-idade,1,2,PB,media,108
2020,meia-idade,1,2,PB,alta,33
2020,meia-idade,1,2,PE,baixa,125
2020,meia-idade,1,2,PE,media,587
2020,meia-idade,1,2,PE,alta,270
2020,meia-idade,1,2,PI,baixa,19
2020,meia-idade,1,2,PI,media,89
2020,meia-idade,1,2,PI,alta,29
2020,meia-idade,1,2,PR,baixa,193
2020,meia-idade,1,2,PR,media,1678
2020,meia-idade,1,2,PR,alta,984
2020,meia-idade,1,2,RJ,baixa,121
2020,meia-idade,1,2,RJ,media,1810
2020,meia-idade,1,2,RJ,alta,1155
2020,meia-idade,1,2,RN,baixa,34
2020,meia-idade,1,2,RN,media,152
2020,meia-idade,1,2,RN,alta,71
2020,meia-idade,1,2,RO,baixa,16
2020,meia-idade,1,2,RO,media,93
2020,meia-idade,1,2,RO,alta,47
2020,meia-idade,1,2,RR,baixa,2
2020,meia-idade,1,2,RR,media,20
2020,meia-idade,1,2,RR,alta,11
2020,meia-idade,1,2,RS,baixa,114
2020,meia-idade,1,2,RS,media,1392
2020,meia-idade,1,2,RS,alta,734
2020,meia-idade,1,2,SC,baixa,70
2020,meia-idade,1,2,SC,media,1196
2020,meia-idade,1,2,SC,alta,644
2020,meia-idade,1,2,SE,baixa,29
2020,meia-idade,1,2,SE,media,99
2020,meia-idade,1,2,SE,alta,66
2020,meia-idade,1,2,SP,baixa,360
2020,meia-idade,1,2,SP,media,5124
2020,meia-idade,1,2,SP,alta,3497
2020,meia-idade,1,2,TO,baixa,8
2020,meia-idade,1,2,TO,media,43
2020,meia-idade,1,2,TO,alta,27
2020,meia-idade,2,0,RJ,media,1
2020,meia-idade,2,1,AC,media,8
2020,meia-idade,2,1,AC,alta,1
2020,meia-idade,2,1,AL,baixa,26
2020,meia-idade,2,1,AL,media,26
2020,meia-idade,2,1,AL,alta,7
2020,meia-idade,2,1,AM,baixa,8
2020,meia-idade,2,1,AM,media,18
2020,meia-idade,2,1,AM,alta,20
2020,meia-idade,2,1,AP,baixa,4
2020,meia-idade,2,1,AP,media,14
2020,meia-idade,2,1,AP,alta,6
2020,meia-idade,2,1,BA,baixa,195
2020,meia-idade,2,1,BA,media,610
2020,meia-idade,2,1,BA,alta,207
2020,meia-idade,2,1,CE,baixa,61
2020,meia-idade,2,1,CE,media,112
2020,meia-idade,2,1,CE,alta,30
2020,meia-idade,2,1,DF,baixa,15
2020,meia-idade,2,1,DF,media,104
2020,meia-idade,2,1,DF,alta,44
2020,meia-idade,2,1,ES,baixa,17
2020,meia-idade,2,1,ES,media,86
2020,meia-idade,2,1,ES,alta,34
2020,meia-idade,2,1,GO,baixa,65
2020,meia-idade,2,1,GO,media,206
2020,meia-idade,2,1,GO,alta,71
2020,meia-idade,2,1,MA,baixa,94
2020,meia-idade,2,1,MA,media,152
2020,meia-idade,2,1,MA,alta,68
2020,meia-idade,2,1,MG,baixa,141
2020,meia-idade,2,1,MG,media,936
2020,meia-idade,2,1,MG,alta,293
2020,meia-idade,2,1,MS,baixa,7
2020,meia-idade,2,1,MS,media,70
2020,meia-idade,2,1,MS,alta,18
2020,meia-idade,2,1,MT,baixa,15
2020,meia-idade,2,1,MT,media,124
2020,meia-idade,2,1,MT,alta,64
2020,meia-idade,2,1,PA,baixa,40
2020,meia-idade,2,1,PA,media,143
2020,meia-idade,2,1,PA,alta,43
2020,meia-idade,2,1,PB,baixa,16
2020,meia-idade,2,1,PB,media,25
2020,meia-idade,2,1,PB,alta,6
2020,meia-idade,2,1,PE,baixa,82
2020,meia-idade,2,1,PE,media,252
2020,meia-idade,2,1,PE,alta,82
2020,meia-idade,2,1,PI,baixa,47
2020,meia-idade,2,1,PI,media,84
2020,meia-idade,2,1,PI,alta,10
2020,meia-idade,2,1,PR,baixa,32
2020,meia-idade,2,1,PR,media,225
2020,meia-idade,2,1,PR,alta,104
2020,meia-idade,2,1,RJ,baixa,87
2020,meia-idade,2,1,RJ,media,1078
2020,meia-idade,2,1,RJ,alta,455
2020,meia-idade,2,1,RN,baixa,13
2020,meia-idade,2,1,RN,media,50
2020,meia-idade,2,1,RN,alta,19
2020,meia-idade,2,1,RO,baixa,7
2020,meia-idade,2,1,RO,media,35
2020,meia-idade,2,1,RO,alta,9
2020,meia-idade,2,1,RR,baixa,1
2020,meia-idade,2,1,RR,media,12
2020,meia-idade,2,1,RR,alta,2
2020,meia-idade,2,1,RS,baixa,29
2020,meia-idade,2,1,RS,media,252
2020,meia-idade,2,1,RS,alta,98
2020,meia-idade,2,1,SC,baixa,10
2020,meia-idade,2,1,SC,media,91
2020,meia-idade,2,1,SC,alta,48
2020,meia-idade,2,1,SE,baixa,29
2020,meia-idade,2,1,SE,media,74
2020,meia-idade,2,1,SE,alta,38
2020,meia-idade,2,1,SP,baixa,119
2020,meia-idade,2,1,SP,media,1266
2020,meia-idade,2,1,SP,alta,834
2020,meia-idade,2,1,TO,baixa,25
2020,meia-idade,2,1,TO,media,45
2020,meia-idade,2,1,TO,alta,9
2020,meia-idade,2,2,AC,baixa,4
2020,meia-idade,2,2,AC,media,5
2020,meia-idade,2,2,AC,alta,2
2020,meia-idade,2,2,AL,baixa,18
2020,meia-idade,2,2,AL,media,20
2020,meia-idade,2,2,AL,alta,6
2020,meia-idade,2,2,AM,baixa,2
2020,meia-idade,2,2,AM,media,17
2020,meia-idade,2,2,AM,alta,15
2020,meia-idade,2,2,AP,baixa,1
2020,meia-idade,2,2,AP,media,9
2020,meia-idade,2,2,AP,alta,5
2020,meia-idade,2,2,BA,baixa,115
2020,meia-idade,2,2,BA,media,386
2020,meia-idade,2,2,BA,alta,165
2020,meia-idade,2,2,CE,baixa,21
2020,meia-idade,2,2,CE,media,62
2020,meia-idade,2,2,CE,alta,15
2020,meia-idade,2,2,DF,baixa,6
2020,meia-idade,2,2,DF,media,51
2020,meia-idade,2,2,DF,alta,18
2020,meia-idade,2,2,ES,baixa,12
2020,meia-idade,2,2,ES,media,62
2020,meia-idade,2,2,ES,alta,24
2020,meia-idade,2,2,GO,baixa,25
2020,meia-idade,2,2,GO,media,145
2020,meia-idade,2,2,GO,alta,39
2020,meia-idade,2,2,MA,baixa,65
2020,meia-idade,2,2,MA,media,112
2020,meia-idade,2,2,MA,alta,40
2020,meia-idade,2,2,MG,baixa,95
2020,meia-idade,2,2,MG,media,580
2020,meia-idade,2,2,MG,alta,203
2020,meia-idade,2,2,MS,baixa,8
2020,meia-idade,2,2,MS,media,39
2020,meia-idade,2,2,MS,alta,12
2020,meia-idade,2,2,MT,baixa,21
2020,meia-idade,2,2,MT,media,55
2020,meia-idade,2,2,MT,alta,28
2020,meia-idade,2,2,PA,baixa,38
2020,meia-idade,2,2,PA,media,84
2020,meia-idade,2,2,PA,alta,26
2020,meia-idade,2,2,PB,baixa,6
2020,meia-idade,2,2,PB,media,12
2020,meia-idade,2,2,PB,alta,2
2020,meia-idade,2,2,PE,baixa,55
2020,meia-idade,2,2,PE,media,144
2020,meia-idade,2,2,PE,alta,51
2020,meia-idade,2,2,PI,baixa,15
2020,meia-idade,2,2,PI,media,40
2020,meia-idade,2,2,PI,alta,5
2020,meia-idade,2,2,PR,baixa,34
2020,meia-idade,2,2,PR,media,108
2020,meia-idade,2,2,PR,alta,61
2020,meia-idade,2,2,RJ,baixa,86
2020,meia-idade,2,2,RJ,media,1005
2020,meia-idade,2,2,RJ,alta,411
2020,meia-idade,2,2,RN,baixa,8
2020,meia-idade,2,2,RN,media,18
2020,meia-idade,2,2,RN,alta,8
2020,meia-idade,2,2,RO,baixa,9
2020,meia-idade,2,2,RO,media,20
2020,meia-idade,2,2,RO,alta,10
2020,meia-idade,2,2,RR,media,2
2020,meia-idade,2,2,RR,alta,2
2020,meia-idade,2,2,RS,baixa,20
2020,meia-idade,2,2,RS,media,145
2020,meia-idade,2,2,RS,alta,64
2020,meia-idade,2,2,SC,baixa,8
2020,meia-idade,2,2,SC,media,58
2020,meia-idade,2,2,SC,alta,43
2020,meia-idade,2,2,SE,baixa,11
2020,meia-idade,2,2,SE,media,37
2020,meia-idade,2,2,SE,alta,18
2020,meia-idade,2,2,SP,baixa,92
2020,meia-idade,2,2,SP,media,793
2020,meia-idade,2,2,SP,alta,482
2020,meia-idade,2,2,TO,baixa,6
2020,meia-idade,2,2,TO,media,18
2020,meia-idade,2,2,TO,alta,6
2020,meia-idade,3,1,AL,media,1
2020,meia-idade,3,1,AM,media,3
2020,meia-idade,3,1,AP,media,4
2020,meia-idade,3,1,AP,alta,1
2020,meia-idade,3,1,BA,baixa,2
2020,meia-idade,3,1,BA,media,3
2020,meia-idade,3,1,BA,alta,4
2020,meia-idade,3,1,CE,baixa,4
2020,meia-idade,3,1,CE,media,8
2020,meia-idade,3,1,CE,alta,4
2020,meia-idade,3,1,DF,baixa,1
2020,meia-idade,3,1,DF,media,7
2020,meia-idade,3,1,DF,alta,3
2020,meia-idade,3,1,ES,media,1
2020,meia-idade,3,1,GO,baixa,2
2020,meia-idade,3,1,GO,media,9
2020,meia-idade,3,1,GO,alta,3
2020,meia-idade,3,1,MA,media,6
2020,meia-idade,3,1,MA,alta,1
2020,meia-idade,3,1,MG,baixa,4
2020,meia-idade,3,1,MG,media,19
2020,meia-idade,3,1,MG,alta,14
2020,meia-idade,3,1,MS,media,4
2020,meia-idade,3,1,MS,alta,4
2020,meia-idade,3,1,MT,baixa,2
2020,meia-idade,3,1,MT,media,8
2020,meia-idade,3,1,MT,alta,15
2020,meia-idade,3,1,PA,baixa,2
2020,meia-idade,3,1,PA,media,5
2020,meia-idade,3,1,PA,alta,3
2020,meia-idade,3,1,PE,baixa,4
2020,meia-idade,3,1,PE,media,7
2020,meia-idade,3,1,PE,alta,2
2020,meia-idade,3,1,PI,baixa,1
2020,meia-idade,3,1,PI,media,2
2020,meia-idade,3,1,PI,alta,1
2020,meia-idade,3,1,PR,baixa,1
2020,meia-idade,3,1,PR,media,12
2020,meia-idade,3,1,PR,alta,14
2020,meia-idade,3,1,RJ,baixa,1
2020,meia-idade,3,1,RJ,media,7
2020,meia-idade,3,1,RN,media,3
2020,meia-idade,3,1,RO,baixa,2
2020,meia-idade,3,1,RO,media,1
2020,meia-idade,3,1,RO,alta,2
2020,meia-idade,3,1,RR,media,3
2020,meia-idade,3,1,RR,alta,1
2020,meia-idade,3,1,RS,media,1
2020,meia-idade,3,1,RS,alta,3
2020,meia-idade,3,1,SC,media,4
2020,meia-idade,3,1,SC,alta,1
2020,meia-idade,3,1,SE,media,1
2020,meia-idade,3,1,SP,baixa,4
2020,meia-idade,3,1,SP,media,102
2020,meia-idade,3,1,SP,alta,52
2020,meia-idade,3,1,TO,media,2
2020,meia-idade,3,2,AL,media,1
2020,meia-idade,3,2,AM,alta,1
2020,meia-idade,3,2,AP,baixa,2
2020,meia-idade,3,2,AP,media,5
2020,meia-idade,3,2,BA,media,5
2020,meia-idade,3,2,BA,alta,4
2020,meia-idade,3,2,CE,baixa,3
2020,meia-idade,3,2,CE,media,10
2020,meia-idade,3,2,CE,alta,6
2020,meia-idade,3,2,DF,baixa,1
2020,meia-idade,3,2,DF,media,5
2020,meia-idade,3,2,DF,alta,3
2020,meia-idade,3,2,ES,media,2
2020,meia-idade,3,2,ES,alta,2
2020,meia-idade,3,2,GO,baixa,1
2020,meia-idade,3,2,GO,media,12
2020,meia-idade,3,2,GO,alta,2
2020,meia-idade,3,2,MA,media,2
2020,meia-idade,3,2,MA,alta,1
2020,meia-idade,3,2,MG,baixa,1
2020,meia-idade,3,2,MG,media,14
2020,meia-idade,3,2,MG,alta,9
2020,meia-idade,3,2,MS,alta,3
2020,meia-idade,3,2,MT,baixa,1
2020,meia-idade,3,2,MT,media,4
2020,meia-idade,3,2,MT,alta,6
2020,meia-idade,3,2,PA,media,1
2020,meia-idade,3,2,PB,baixa,1
2020,meia-idade,3,2,PB,alta,1
2020,meia-idade,3,2,PE,baixa,3
2020,meia-idade,3,2,PE,media,3
2020,meia-idade,3,2,PE,alta,5
2020,meia-idade,3,2,PI,baixa,3
2020,meia-idade,3,2,PR,media,10
2020,meia-idade,3,2,PR,alta,10
2020,meia-idade,3,2,RJ,media,6
2020,meia-idade,3,2,RJ,alta,2
2020,meia-idade,3,2,RN,media,1
2020,meia-idade,3,2,RN,alta,2
2020,meia-idade,3,2,RO,media,3
2020,meia-idade,3,2,RO,alta,1
2020,meia-idade,3,2,RR,alta,1
2020,meia-idade,3,2,RS,baixa,1
2020,meia-idade,3,2,RS,alta,1
2020,meia-idade,3,2,SE,alta,1
2020,meia-idade,3,2,SP,baixa,2
2020,meia-idade,3,2,SP,media,51
2020,meia-idade,3,2,SP,alta,26
2020,meia-idade,3,2,TO,media,2
2020,meia-idade,3,2,TO,alta,1
2020,meia-idade,4,0,PE,alta,1
2020,meia-idade,4,0,SP,media,1
2020,meia-idade,4,1,AC,baixa,37
2020,meia-idade,4,1,AC,media,82
2020,meia-idade,4,1,AC,alta,26
2020,meia-idade,4,1,AL,baixa,214
2020,meia-idade,4,1,AL,media,388
2020,meia-idade,4,1,AL,alta,136
2020,meia-idade,4,1,AM,baixa,161
2020,meia-idade,4,1,AM,media,823
2020,meia-idade,4,1,AM,alta,562
2020,meia-idade,4,1,AP,baixa,39
2020,meia-idade,4,1,AP,media,96
2020,meia-idade,4,1,AP,alta,66
2020,meia-idade,4,1,BA,baixa,572
2020,meia-idade,4,1,BA,media,2265
2020,meia-idade,4,1,BA,alta,742
2020,meia-idade,4,1,CE,baixa,763
2020,meia-idade,4,1,CE,media,2321
2020,meia-idade,4,1,CE,alta,714
2020,meia-idade,4,1,DF,baixa,39
2020,meia-idade,4,1,DF,media,491
2020,meia-idade,4,1,DF,alta,190
2020,meia-idade,4,1,ES,baixa,51
2020,meia-idade,4,1,ES,media,356
2020,meia-idade,4,1,ES,alta,163
2020,meia-idade,4,1,GO,baixa,214
2020,meia-idade,4,1,GO,media,1325
2020,meia-idade,4,1,GO,alta,497
2020,meia-idade,4,1,MA,baixa,454
2020,meia-idade,4,1,MA,media,1017
2020,meia-idade,4,1,MA,alta,469
2020,meia-idade,4,1,MG,baixa,441
2020,meia-idade,4,1,MG,media,3074
2020,meia-idade,4,1,MG,alta,1050
2020,meia-idade,4,1,MS,baixa,57
2020,meia-idade,4,1,MS,media,560
2020,meia-idade,4,1,MS,alta,281
2020,meia-idade,4,1,MT,baixa,114
2020,meia-idade,4,1,MT,media,606
2020,meia-idade,4,1,MT,alta,390
2020,meia-idade,4,1,PA,baixa,335
2020,meia-idade,4,1,PA,media,1381
2020,meia-idade,4,1,PA,alta,617
2020,meia-idade,4,1,PB,baixa,175
2020,meia-idade,4,1,PB,media,355
2020,meia-idade,4,1,PB,alta,91
2020,meia-idade,4,1,PE,baixa,712
2020,meia-idade,4,1,PE,media,2356
2020,meia-idade,4,1,PE,alta,710
2020,meia-idade,4,1,PI,baixa,247
2020,meia-idade,4,1,PI,media,539
2020,meia-idade,4,1,PI,alta,145
2020,meia-idade,4,1,PR,baixa,138
2020,meia-idade,4,1,PR,media,953
2020,meia-idade,4,1,PR,alta,441
2020,meia-idade,4,1,RJ,baixa,176
2020,meia-idade,4,1,RJ,media,2163
2020,meia-idade,4,1,RJ,alta,1086
2020,meia-idade,4,1,RN,baixa,158
2020,meia-idade,4,1,RN,media,445
2020,meia-idade,4,1,RN,alta,141
2020,meia-idade,4,1,RO,baixa,48
2020,meia-idade,4,1,RO,media,297
2020,meia-idade,4,1,RO,alta,152
2020,meia-idade,4,1,RR,baixa,17
2020,meia-idade,4,1,RR,media,129
2020,meia-idade,4,1,RR,alta,54
2020,meia-idade,4,1,RS,baixa,22
2020,meia-idade,4,1,RS,media,234
2020,meia-idade,4,1,RS,alta,78
2020,meia-idade,4,1,SC,baixa,22
2020,meia-idade,4,1,SC,media,198
2020,meia-idade,4,1,SC,alta,88
2020,meia-idade,4,1,SE,baixa,142
2020,meia-idade,4,1,SE,media,544
2020,meia-idade,4,1,SE,alta,226
2020,meia-idade,4,1,SP,baixa,347
2020,meia-idade,4,1,SP,media,4114
2020,meia-idade,4,1,SP,alta,2532
2020,meia-idade,4,1,TO,baixa,82
2020,meia-idade,4,1,TO,media,265
2020,meia-idade,4,1,TO,alta,86
2020,meia-idade,4,2,AC,baixa,21
2020,meia-idade,4,2,AC,media,51
2020,meia-idade,4,2,AC,alta,22
2020,meia-idade,4,2,AL,baixa,124
2020,meia-idade,4,2,AL,media,166
2020,meia-idade,4,2,AL,alta,71
2020,meia-idade,4,2,AM,baixa,97
2020,meia-idade,4,2,AM,media,426
2020,meia-idade,4,2,AM,alta,363
2020,meia-idade,4,2,AP,baixa,9
2020,meia-idade,4,2,AP,media,59
2020,meia-idade,4,2,AP,alta,40
2020,meia-idade,4,2,BA,baixa,345
2020,meia-idade,4,2,BA,media,1320
2020,meia-idade,4,2,BA,alta,552
2020,meia-idade,4,2,CE,baixa,384
2020,meia-idade,4,2,CE,media,1230
2020,meia-idade,4,2,CE,alta,405
2020,meia-idade,4,2,DF,baixa,26
2020,meia-idade,4,2,DF,media,260
2020,meia-idade,4,2,DF,alta,120
2020,meia-idade,4,2,ES,baixa,52
2020,meia-idade,4,2,ES,media,208
2020,meia-idade,4,2,ES,alta,102
2020,meia-idade,4,2,GO,baixa,114
2020,meia-idade,4,2,GO,media,685
2020,meia-idade,4,2,GO,alta,257
2020,meia-idade,4,2,MA,baixa,311
2020,meia-idade,4,2,MA,media,677
2020,meia-idade,4,2,MA,alta,313
2020,meia-idade,4,2,MG,baixa,239
2020,meia-idade,4,2,MG,media,1736
2020,meia-idade,4,2,MG,alta,690
2020,meia-idade,4,2,MS,baixa,64
2020,meia-idade,4,2,MS,media,293
2020,meia-idade,4,2,MS,alta,135
2020,meia-idade,4,2,MT,baixa,70
2020,meia-idade,4,2,MT,media,316
2020,meia-idade,4,2,MT,alta,231
2020,meia-idade,4,2,PA,baixa,194
2020,meia-idade,4,2,PA,media,844
2020,meia-idade,4,2,PA,alta,386
2020,meia-idade,4,2,PB,baixa,84
2020,meia-idade,4,2,PB,media,246
2020,meia-idade,4,2,PB,alta,84
2020,meia-idade,4,2,PE,baixa,454
2020,meia-idade,4,2,PE,media,1374
2020,meia-idade,4,2,PE,alta,504
2020,meia-idade,4,2,PI,baixa,107
2020,meia-idade,4,2,PI,media,288
2020,meia-idade,4,2,PI,alta,79
2020,meia-idade,4,2,PR,baixa,99
2020,meia-idade,4,2,PR,media,480
2020,meia-idade,4,2,PR,alta,224
2020,meia-idade,4,2,RJ,baixa,189
2020,meia-idade,4,2,RJ,media,1802
2020,meia-idade,4,2,RJ,alta,848
2020,meia-idade,4,2,RN,baixa,71
2020,meia-idade,4,2,RN,media,283
2020,meia-idade,4,2,RN,alta,91
2020,meia-idade,4,2,RO,baixa,32
2020,meia-idade,4,2,RO,media,155
2020,meia-idade,4,2,RO,alta,75
2020,meia-idade,4,2,RR,baixa,7
2020,meia-idade,4,2,RR,media,55
2020,meia-idade,4,2,RR,alta,42
2020,meia-idade,4,2,RS,baixa,10
2020,meia-idade,4,2,RS,media,165
2020,meia-idade,4,2,RS,alta,67
2020,meia-idade,4,2,SC,baixa,14
2020,meia-idade,4,2,SC,media,116
2020,meia-idade,4,2,SC,alta,33
2020,meia-idade,4,2,SE,baixa,89
2020,meia-idade,4,2,SE,media,285
2020,meia-idade,4,2,SE,alta,124
2020,meia-idade,4,2,SP,baixa,234
2020,meia-idade,4,2,SP,media,2299
2020,meia-idade,4,2,SP,alta,1404
2020,meia-idade,4,2,TO,baixa,35
2020,meia-idade,4,2,TO,media,121
2020,meia-idade,4,2,TO,alta,54
2020,meia-idade,5,1,AC,alta,1
2020,meia-idade,5,1,AL,baixa,1
2020,meia-idade,5,1,AM,baixa,17
2020,meia-idade,5,1,AM,media,27
2020,meia-idade,5,1,AM,alta,20
2020,meia-idade,5,1,AP,media,3
2020,meia-idade,5,1,BA,baixa,3
2020,meia-idade,5,1,BA,media,5
2020,meia-idade,5,1,BA,alta,2
2020,meia-idade,5,1,CE,baixa,5
2020,meia-idade,5,1,CE,media,4
2020,meia-idade,5,1,DF,media,2
2020,meia-idade,5,1,GO,media,3
2020,meia-idade,5,1,GO,alta,1
2020,meia-idade,5,1,MA,baixa,5
2020,meia-idade,5,1,MA,media,5
2020,meia-idade,5,1,MA,alta,2
2020,meia-idade,5,1,MG,baixa,1
2020,meia-idade,5,1,MG,media,4
2020,meia-idade,5,1,MG,alta,1
2020,meia-idade,5,1,MS,baixa,4
2020,meia-idade,5,1,MS,media,21
2020,meia-idade,5,1,MS,alta,11
2020,meia-idade,5,1,MT,baixa,5
2020,meia-idade,5,1,MT,media,5
2020,meia-idade,5,1,MT,alta,3
2020,meia-idade,5,1,PA,baixa,3
2020,meia-idade,5,1,PA,media,7
2020,meia-idade,5,1,PA,alta,2
2020,meia-idade,5,1,PB,media,2
2020,meia-idade,5,1,PE,baixa,2
2020,meia-idade,5,1,PE,media,8
2020,meia-idade,5,1,PE,alta,3
2020,meia-idade,5,1,PI,media,1
2020,meia-idade,5,1,PR,baixa,4
2020,meia-idade,5,1,PR,media,1
2020,meia-idade,5,1,PR,alta,3
2020,meia-idade,5,1,RJ,media,3
2020,meia-idade,5,1,RJ,alta,1
2020,meia-idade,5,1,RN,baixa,1
2020,meia-idade,5,1,RN,media,1
2020,meia-idade,5,1,RO,baixa,3
2020,meia-idade,5,1,RO,media,1
2020,meia-idade,5,1,RO,alta,2
2020,meia-idade,5,1,RR,baixa,5
2020,meia-idade,5,1,RR,media,22
2020,meia-idade,5,1,RR,alta,8
2020,meia-idade,5,1,RS,baixa,1
2020,meia-idade,5,1,RS,media,8
2020,meia-idade,5,1,RS,alta,1
2020,meia-idade,5,1,SC,media,7
2020,meia-idade,5,1,SE,baixa,1
2020,meia-idade,5,1,SP,baixa,1
2020,meia-idade,5,1,SP,media,3
2020,meia-idade,5,1,SP,alta,9
2020,meia-idade,5,1,TO,media,2
2020,meia-idade,5,2,AL,media,1
2020,meia-idade,5,2,AM,baixa,14
2020,meia-idade,5,2,AM,media,17
2020,meia-idade,5,2,AM,alta,7
2020,meia-idade,5,2,AP,media,1
2020,meia-idade,5,2,BA,media,6
2020,meia-idade,5,2,BA,alta,1
2020,meia-idade,5,2,CE,media,3
2020,meia-idade,5,2,CE,alta,2
2020,meia-idade,5,2,GO,alta,3
2020,meia-idade,5,2,MA,baixa,5
2020,meia-idade,5,2,MA,media,2
2020,meia-idade,5,2,MA,alta,1
2020,meia-idade,5,2,MG,baixa,5
2020,meia-idade,5,2,MG,media,3
2020,meia-idade,5,2,MG,alta,3
2020,meia-idade,5,2,MS,baixa,12
2020,meia-idade,5,2,MS,media,25
2020,meia-idade,5,2,MS,alta,4
2020,meia-idade,5,2,MT,baixa,3
2020,meia-idade,5,2,MT,alta,2
2020,meia-idade,5,2,PA,baixa,3
2020,meia-idade,5,2,PA,media,4
2020,meia-idade,5,2,PB,baixa,1
2020,meia-idade,5,2,PE,baixa,3
2020,meia-idade,5,2,PE,media,4
2020,meia-idade,5,2,PR,baixa,6
2020,meia-idade,5,2,PR,media,7
2020,meia-idade,5,2,RJ,media,3
2020,meia-idade,5,2,RJ,alta,4
2020,meia-idade,5,2,RO,baixa,2
2020,meia-idade,5,2,RR,baixa,3
2020,meia-idade,5,2,RR,media,9
2020,meia-idade,5,2,RR,alta,3
2020,meia-idade,5,2,RS,baixa,1
2020,meia-idade,5,2,RS,media,5
2020,meia-idade,5,2,SC,media,4
2020,meia-idade,5,2,SP,baixa,1
2020,meia-idade,5,2,SP,media,3
2020,meia-idade,5,2,SP,alta,4
2020,meia-idade,5,2,TO,baixa,5
2021,adulto,1,0,MA,alta,1
2021,adulto,1,0,PE,baixa,1
2021,adulto,1,1,AC,baixa,4
2021,adulto,1,1,AC,media,10
2021,adulto,1,1,AC,alta,6
2021,adulto,1,1,AL,baixa,7
2021,adulto,1,1,AL,media,51
2021,adulto,1,1,AL,alta,30
2021,adulto,1,1,AM,baixa,12
2021,adulto,1,1,AM,media,125
2021,adulto,1,1,AM,alta,126
2021,adulto,1,1,AP,baixa,1
2021,adulto,1,1,AP,media,18
2021,adulto,1,1,AP,alta,12
2021,adulto,1,1,BA,baixa,48
2021,adulto,1,1,BA,media,328
2021,adulto,1,1,BA,alta,236
2021,adulto,1,1,CE,baixa,48
2021,adulto,1,1,CE,media,320
2021,adulto,1,1,CE,alta,226
2021,adulto,1,1,DF,baixa,10
2021,adulto,1,1,DF,media,196
2021,adulto,1,1,DF,alta,126
2021,adulto,1,1,ES,baixa,15
2021,adulto,1,1,ES,media,89
2021,adulto,1,1,ES,alta,116
2021,adulto,1,1,GO,baixa,35
2021,adulto,1,1,GO,media,560
2021,adulto,1,1,GO,alta,505
2021,adulto,1,1,MA,baixa,20
2021,adulto,1,1,MA,media,213
2021,adulto,1,1,MA,alta,195
2021,adulto,1,1,MG,baixa,107
2021,adulto,1,1,MG,media,1329
2021,adulto,1,1,MG,alta,1324
2021,adulto,1,1,MS,baixa,27
2021,adulto,1,1,MS,media,223
2021,adulto,1,1,MS,alta,258
2021,adulto,1,1,MT,baixa,11
2021,adulto,1,1,MT,media,280
2021,adulto,1,1,MT,alta,291
2021,adulto,1,1,PA,baixa,20
2021,adulto,1,1,PA,media,212
2021,adulto,1,1,PA,alta,122
2021,adulto,1,1,PB,baixa,21
2021,adulto,1,1,PB,media,90
2021,adulto,1,1,PB,alta,55
2021,adulto,1,1,PE,baixa,67
2021,adulto,1,1,PE,media,686
2021,adulto,1,1,PE,alta,316
2021,adulto,1,1,PI,baixa,21
2021,adulto,1,1,PI,media,100
2021,adulto,1,1,PI,alta,40
2021,adulto,1,1,PR,baixa,110
2021,adulto,1,1,PR,media,1819
2021,adulto,1,1,PR,alta,2336
2021,adulto,1,1,RJ,baixa,61
2021,adulto,1,1,RJ,media,1028
2021,adulto,1,1,RJ,alta,826
2021,adulto,1,1,RN,baixa,24
2021,adulto,1,1,RN,media,141
2021,adulto,1,1,RN,alta,71
2021,adulto,1,1,RO,baixa,4
2021,adulto,1,1,RO,media,116
2021,adulto,1,1,RO,alta,97
2021,adulto,1,1,RR,baixa,1
2021,adulto,1,1,RR,media,14
2021,adulto,1,1,RR,alta,22
2021,adulto,1,1,RS,baixa,70
2021,adulto,1,1,RS,media,1060
2021,adulto,1,1,RS,alta,1146
2021,adulto,1,1,SC,baixa,45
2021,adulto,1,1,SC,media,975
2021,adulto,1,1,SC,alta,1091
2021,adulto,1,1,SE,baixa,9
2021,adulto,1,1,SE,media,79
2021,adulto,1,1,SE,alta,58
2021,adulto,1,1,SP,baixa,239
2021,adulto,1,1,SP,media,3903
2021,adulto,1,1,SP,alta,4946
2021,adulto,1,1,TO,baixa,3
2021,adulto,1,1,TO,media,57
2021,adulto,1,1,TO,alta,44
2021,adulto,1,2,AC,baixa,2
2021,adulto,1,2,AC,media,5
2021,adulto,1,2,AC,alta,6
2021,adulto,1,2,AL,baixa,6
2021,adulto,1,2,AL,media,45
2021,adulto,1,2,AL,alta,27
2021,adulto,1,2,AM,baixa,11
2021,adulto,1,2,AM,media,109
2021,adulto,1,2,AM,alta,110
2021,adulto,1,2,AP,baixa,4
2021,adulto,1,2,AP,media,18
2021,adulto,1,2,AP,alta,11
2021,adulto,1,2,BA,baixa,34
2021,adulto,1,2,BA,media,191
2021,adulto,1,2,BA,alta,148
2021,adulto,1,2,CE,baixa,40
2021,adulto,1,2,CE,media,228
2021,adulto,1,2,CE,alta,169
2021,adulto,1,2,DF,baixa,6
2021,adulto,1,2,DF,media,151
2021,adulto,1,2,DF,alta,68
2021,adulto,1,2,ES,baixa,9
2021,adulto,1,2,ES,media,85
2021,adulto,1,2,ES,alta,72
2021,adulto,1,2,GO,baixa,19
2021,adulto,1,2,GO,media,363
2021,adulto,1,2,GO,alta,375
2021,adulto,1,2,MA,baixa,14
2021,adulto,1,2,MA,media,130
2021,adulto,1,2,MA,alta,103
2021,adulto,1,2,MG,baixa,51
2021,adulto,1,2,MG,media,728
2021,adulto,1,2,MG,alta,752
2021,adulto,1,2,MS,baixa,18
2021,adulto,1,2,MS,media,154
2021,adulto,1,2,MS,alta,189
2021,adulto,1,2,MT,baixa,6
2021,adulto,1,2,MT,media,132
2021,adulto,1,2,MT,alta,154
2021,adulto,1,2,PA,baixa,12
2021,adulto,1,2,PA,media,141
2021,adulto,1,2,PA,alta,120
2021,adulto,1,2,PB,baixa,8
2021,adulto,1,2,PB,media,71
2021,adulto,1,2,PB,alta,49
2021,adulto,1,2,PE,baixa,49
2021,adulto,1,2,PE,media,327
2021,adulto,1,2,PE,alta,228
2021,adulto,1,2,PI,baixa,15
2021,adulto,1,2,PI,media,55
2021,adulto,1,2,PI,alta,40
2021,adulto,1,2,PR,baixa,80
2021,adulto,1,2,PR,media,961
2021,adulto,1,2,PR,alta,1070
2021,adulto,1,2,RJ,baixa,32
2021,adulto,1,2,RJ,media,786
2021,adulto,1,2,RJ,alta,690
2021,adulto,1,2,RN,baixa,9
2021,adulto,1,2,RN,media,103
2021,adulto,1,2,RN,alta,77
2021,adulto,1,2,RO,baixa,2
2021,adulto,1,2,RO,media,65
2021,adulto,1,2,RO,alta,40
2021,adulto,1,2,RR,baixa,2
2021,adulto,1,2,RR,media,13
2021,adulto,1,2,RR,alta,16
2021,adulto,1,2,RS,baixa,66
2021,adulto,1,2,RS,media,643
2021,adulto,1,2,RS,alta,684
2021,adulto,1,2,SC,baixa,28
2021,adulto,1,2,SC,media,581
2021,adulto,1,2,SC,alta,584
2021,adulto,1,2,SE,baixa,2
2021,adulto,1,2,SE,media,42
2021,adulto,1,2,SE,alta,45
2021,adulto,1,2,SP,baixa,219
2021,adulto,1,2,SP,media,2398
2021,adulto,1,2,SP,alta,3149
2021,adulto,1,2,TO,baixa,3
2021,adulto,1,2,TO,media,40
2021,adulto,1,2,TO,alta,37
2021,adulto,2,1,AC,baixa,1
2021,adulto,2,1,AC,media,1
2021,adulto,2,1,AC,alta,1
2021,adulto,2,1,AL,baixa,5
2021,adulto,2,1,AL,media,19
2021,adulto,2,1,AL,alta,4
2021,adulto,2,1,AM,baixa,3
2021,adulto,2,1,AM,media,20
2021,adulto,2,1,AM,alta,21
2021,adulto,2,1,AP,baixa,3
2021,adulto,2,1,AP,media,15
2021,adulto,2,1,AP,alta,7
2021,adulto,2,1,BA,baixa,62
2021,adulto,2,1,BA,media,593
2021,adulto,2,1,BA,alta,335
2021,adulto,2,1,CE,baixa,19
2021,adulto,2,1,CE,media,67
2021,adulto,2,1,CE,alta,32
2021,adulto,2,1,DF,baixa,3
2021,adulto,2,1,DF,media,66
2021,adulto,2,1,DF,alta,35
2021,adulto,2,1,ES,baixa,8
2021,adulto,2,1,ES,media,63
2021,adulto,2,1,ES,alta,36
2021,adulto,2,1,GO,baixa,22
2021,adulto,2,1,GO,media,192
2021,adulto,2,1,GO,alta,120
2021,adulto,2,1,MA,baixa,40
2021,adulto,2,1,MA,media,183
2021,adulto,2,1,MA,alta,112
2021,adulto,2,1,MG,baixa,51
2021,adulto,2,1,MG,media,488
2021,adulto,2,1,MG,alta,362
2021,adulto,2,1,MS,baixa,4
2021,adulto,2,1,MS,media,31
2021,adulto,2,1,MS,alta,37
2021,adulto,2,1,MT,baixa,6
2021,adulto,2,1,MT,media,74
2021,adulto,2,1,MT,alta,81
2021,adulto,2,1,PA,baixa,20
2021,adulto,2,1,PA,media,119
2021,adulto,2,1,PA,alta,59
2021,adulto,2,1,PB,baixa,9
2021,adulto,2,1,PB,media,19
2021,adulto,2,1,PB,alta,4
2021,adulto,2,1,PE,baixa,31
2021,adulto,2,1,PE,media,188
2021,adulto,2,1,PE,alta,72
2021,adulto,2,1,PI,baixa,23
2021,adulto,2,1,PI,media,84
2021,adulto,2,1,PI,alta,16
2021,adulto,2,1,PR,baixa,9
2021,adulto,2,1,PR,media,119
2021,adulto,2,1,PR,alta,148
2021,adulto,2,1,RJ,baixa,44
2021,adulto,2,1,RJ,media,627
2021,adulto,2,1,RJ,alta,393
2021,adulto,2,1,RN,baixa,10
2021,adulto,2,1,RN,media,30
2021,adulto,2,1,RN,alta,11
2021,adulto,2,1,RO,baixa,4
2021,adulto,2,1,RO,media,33
2021,adulto,2,1,RO,alta,31
2021,adulto,2,1,RR,media,5
2021,adulto,2,1,RR,alta,9
2021,adulto,2,1,RS,baixa,11
2021,adulto,2,1,RS,media,142
2021,adulto,2,1,RS,alta,108
2021,adulto,2,1,SC,baixa,1
2021,adulto,2,1,SC,media,65
2021,adulto,2,1,SC,alta,67
2021,adulto,2,1,SE,baixa,8
2021,adulto,2,1,SE,media,71
2021,adulto,2,1,SE,alta,43
2021,adulto,2,1,SP,baixa,46
2021,adulto,2,1,SP,media,631
2021,adulto,2,1,SP,alta,726
2021,adulto,2,1,TO,baixa,4
2021,adulto,2,1,TO,media,58
2021,adulto,2,1,TO,alta,26
2021,adulto,2,2,AC,media,6
2021,adulto,2,2,AC,alta,1
2021,adulto,2,2,AL,baixa,3
2021,adulto,2,2,AL,media,9
2021,adulto,2,2,AL,alta,12
2021,adulto,2,2,AM,baixa,2
2021,adulto,2,2,AM,media,11
2021,adulto,2,2,AM,alta,19
2021,adulto,2,2,AP,baixa,1
2021,adulto,2,2,AP,media,6
2021,adulto,2,2,AP,alta,1
2021,adulto,2,2,BA,baixa,29
2021,adulto,2,2,BA,media,239
2021,adulto,2,2,BA,alta,175
2021,adulto,2,2,CE,baixa,5
2021,adulto,2,2,CE,media,20
2021,adulto,2,2,CE,alta,21
2021,adulto,2,2,DF,media,24
2021,adulto,2,2,DF,alta,18
2021,adulto,2,2,ES,baixa,1
2021,adulto,2,2,ES,media,37
2021,adulto,2,2,ES,alta,31
2021,adulto,2,2,GO,baixa,6
2021,adulto,2,2,GO,media,77
2021,adulto,2,2,GO,alta,77
2021,adulto,2,2,MA,baixa,19
2021,adulto,2,2,MA,media,59
2021,adulto,2,2,MA,alta,46
2021,adulto,2,2,MG,baixa,21
2021,adulto,2,2,MG,media,234
2021,adulto,2,2,MG,alta,255
2021,adulto,2,2,MS,baixa,2
2021,adulto,2,2,MS,media,18
2021,adulto,2,2,MS,alta,25
2021,adulto,2,2,MT,baixa,1
2021,adulto,2,2,MT,media,24
2021,adulto,2,2,MT,alta,32
2021,adulto,2,2,PA,baixa,5
2021,adulto,2,2,PA,media,63
2021,adulto,2,2,PA,alta,30
2021,adulto,2,2,PB,baixa,3
2021,adulto,2,2,PB,media,12
2021,adulto,2,2,PB,alta,7
2021,adulto,2,2,PE,baixa,11
2021,adulto,2,2,PE,media,85
2021,adulto,2,2,PE,alta,47
2021,adulto,2,2,PI,baixa,4
2021,adulto,2,2,PI,media,21
2021,adulto,2,2,PI,alta,19
2021,adulto,2,2,PR,baixa,6
2021,adulto,2,2,PR,media,64
2021,adulto,2,2,PR,alta,61
2021,adulto,2,2,RJ,baixa,19
2021,adulto,2,2,RJ,media,420
2021,adulto,2,2,RJ,alta,318
2021,adulto,2,2,RN,baixa,4
2021,adulto,2,2,RN,media,19
2021,adulto,2,2,RN,alta,10
2021,adulto,2,2,RO,baixa,3
2021,adulto,2,2,RO,media,7
2021,adulto,2,2,RO,alta,11
2021,adulto,2,2,RR,media,2
2021,adulto,2,2,RR,alta,7
2021,adulto,2,2,RS,baixa,9
2021,adulto,2,2,RS,media,87
2021,adulto,2,2,RS,alta,71
2021,adulto,2,2,SC,baixa,3
2021,adulto,2,2,SC,media,38
2021,adulto,2,2,SC,alta,44
2021,adulto,2,2,SE,baixa,4
2021,adulto,2,2,SE,media,31
2021,adulto,2,2,SE,alta,19
2021,adulto,2,2,SP,baixa,28
2021,adulto,2,2,SP,media,301
2021,adulto,2,2,SP,alta,435
2021,adulto,2,2,TO,baixa,1
2021,adulto,2,2,TO,media,20
2021,adulto,2,2,TO,alta,10
2021,adulto,3,1,AL,baixa,1
2021,adulto,3,1,AL,media,1
2021,adulto,3,1,AL,alta,1
2021,adulto,3,1,AM,media,1
2021,adulto,3,1,AM,alta,1
2021,adulto,3,1,AP,media,1
2021,adulto,3,1,BA,baixa,1
2021,adulto,3,1,BA,media,6
2021,adulto,3,1,BA,alta,2
2021,adulto,3,1,CE,baixa,1
2021,adulto,3,1,CE,media,4
2021,adulto,3,1,CE,alta,1
2021,adulto,3,1,DF,baixa,1
2021,adulto,3,1,DF,media,5
2021,adulto,3,1,DF,alta,3
2021,adulto,3,1,ES,alta,2
2021,adulto,3,1,GO,baixa,1
2021,adulto,3,1,GO,media,6
2021,adulto,3,1,GO,alta,6
2021,adulto,3,1,MA,baixa,2
2021,adulto,3,1,MA,media,6
2021,adulto,3,1,MA,alta,5
2021,adulto,3,1,MG,media,7
2021,adulto,3,1,MG,alta,4
2021,adulto,3,1,MS,media,3
2021,adulto,3,1,MS,alta,1
2021,adulto,3,1,MT,baixa,1
2021,adulto,3,1,MT,media,3
2021,adulto,3,1,MT,alta,8
2021,adulto,3,1,PA,media,4
2021,adulto,3,1,PA,alta,6
2021,adulto,3,1,PB,media,1
2021,adulto,3,1,PB,alta,1
2021,adulto,3,1,PE,media,6
2021,adulto,3,1,PE,alta,1
2021,adulto,3,1,PI,media,2
2021,adulto,3,1,PI,alta,2
2021,adulto,3,1,PR,baixa,1
2021,adulto,3,1,PR,media,22
2021,adulto,3,1,PR,alta,7
2021,adulto,3,1,RJ,media,2
2021,adulto,3,1,RJ,alta,3
2021,adulto,3,1,RN,media,1
2021,adulto,3,1,RO,media,1
2021,adulto,3,1,RO,alta,1
2021,adulto,3,1,RR,media,2
2021,adulto,3,1,RR,alta,1
2021,adulto,3,1,RS,alta,2
2021,adulto,3,1,SC,media,4
2021,adulto,3,1,SE,media,2
2021,adulto,3,1,SP,media,39
2021,adulto,3,1,SP,alta,34
2021,adulto,3,1,TO,baixa,1
2021,adulto,3,1,TO,media,1
2021,adulto,3,1,TO,alta,3
2021,adulto,3,2,AL,media,1
2021,adulto,3,2,AM,media,1
2021,adulto,3,2,AP,media,1
2021,adulto,3,2,BA,media,1
2021,adulto,3,2,BA,alta,1
2021,adulto,3,2,CE,baixa,1
2021,adulto,3,2,CE,media,6
2021,adulto,3,2,CE,alta,1
2021,adulto,3,2,DF,media,1
2021,adulto,3,2,ES,media,1
2021,adulto,3,2,GO,media,4
2021,adulto,3,2,GO,alta,2
2021,adulto,3,2,MA,media,4
2021,adulto,3,2,MA,alta,6
2021,adulto,3,2,MG,media,4
2021,adulto,3,2,MG,alta,1
2021,adulto,3,2,MS,media,2
2021,adulto,3,2,MS,alta,1
2021,adulto,3,2,MT,media,1
2021,adulto,3,2,MT,alta,2
2021,adulto,3,2,PA,media,1
2021,adulto,3,2,PB,media,1
2021,adulto,3,2,PE,media,1
2021,adulto,3,2,PE,alta,5
2021,adulto,3,2,PI,media,2
2021,adulto,3,2,PR,baixa,1
2021,adulto,3,2,PR,media,2
2021,adulto,3,2,PR,alta,8
2021,adulto,3,2,RJ,media,1
2021,adulto,3,2,RJ,alta,3
2021,adulto,3,2,RN,baixa,1
2021,adulto,3,2,RN,media,1
2021,adulto,3,2,RN,alta,1
2021,adulto,3,2,RO,media,2
2021,adulto,3,2,RO,alta,1
2021,adulto,3,2,RS,media,3
2021,adulto,3,2,RS,alta,1
2021,adulto,3,2,SC,media,2
2021,adulto,3,2,SE,alta,1
2021,adulto,3,2,SP,media,18
2021,adulto,3,2,SP,alta,16
2021,adulto,4,0,MG,media,1
2021,adulto,4,0,RN,media,1
2021,adulto,4,0,SP,alta,1
2021,adulto,4,1,AC,baixa,14
2021,adulto,4,1,AC,media,38
2021,adulto,4,1,AC,alta,27
2021,adulto,4,1,AL,baixa,85
2021,adulto,4,1,AL,media,466
2021,adulto,4,1,AL,alta,317
2021,adulto,4,1,AM,baixa,89
2021,adulto,4,1,AM,media,833
2021,adulto,4,1,AM,alta,1041
2021,adulto,4,1,AP,baixa,13
2021,adulto,4,1,AP,media,164
2021,adulto,4,1,AP,alta,112
2021,adulto,4,1,BA,baixa,246
2021,adulto,4,1,BA,media,2408
2021,adulto,4,1,BA,alta,1279
2021,adulto,4,1,CE,baixa,279
2021,adulto,4,1,CE,media,2097
2021,adulto,4,1,CE,alta,1034
2021,adulto,4,1,DF,baixa,12
2021,adulto,4,1,DF,media,370
2021,adulto,4,1,DF,alta,213
2021,adulto,4,1,ES,baixa,25
2021,adulto,4,1,ES,media,245
2021,adulto,4,1,ES,alta,193
2021,adulto,4,1,GO,baixa,70
2021,adulto,4,1,GO,media,1131
2021,adulto,4,1,GO,alta,960
2021,adulto,4,1,MA,baixa,215
2021,adulto,4,1,MA,media,1098
2021,adulto,4,1,MA,alta,969
2021,adulto,4,1,MG,baixa,138
2021,adulto,4,1,MG,media,1761
2021,adulto,4,1,MG,alta,1387
2021,adulto,4,1,MS,baixa,45
2021,adulto,4,1,MS,media,341
2021,adulto,4,1,MS,alta,365
2021,adulto,4,1,MT,baixa,36
2021,adulto,4,1,MT,media,533
2021,adulto,4,1,MT,alta,579
2021,adulto,4,1,PA,baixa,140
2021,adulto,4,1,PA,media,1470
2021,adulto,4,1,PA,alta,783
2021,adulto,4,1,PB,baixa,44
2021,adulto,4,1,PB,media,335
2021,adulto,4,1,PB,alta,105
2021,adulto,4,1,PE,baixa,275
2021,adulto,4,1,PE,media,2182
2021,adulto,4,1,PE,alta,818
2021,adulto,4,1,PI,baixa,106
2021,adulto,4,1,PI,media,580
2021,adulto,4,1,PI,alta,273
2021,adulto,4,1,PR,baixa,59
2021,adulto,4,1,PR,media,760
2021,adulto,4,1,PR,alta,833
2021,adulto,4,1,RJ,baixa,62
2021,adulto,4,1,RJ,media,1332
2021,adulto,4,1,RJ,alta,983
2021,adulto,4,1,RN,baixa,60
2021,adulto,4,1,RN,media,391
2021,adulto,4,1,RN,alta,163
2021,adulto,4,1,RO,baixa,15
2021,adulto,4,1,RO,media,236
2021,adulto,4,1,RO,alta,231
2021,adulto,4,1,RR,baixa,9
2021,adulto,4,1,RR,media,121
2021,adulto,4,1,RR,alta,167
2021,adulto,4,1,RS,baixa,11
2021,adulto,4,1,RS,media,117
2021,adulto,4,1,RS,alta,104
2021,adulto,4,1,SC,baixa,5
2021,adulto,4,1,SC,media,146
2021,adulto,4,1,SC,alta,130
2021,adulto,4,1,SE,baixa,60
2021,adulto,4,1,SE,media,609
2021,adulto,4,1,SE,alta,290
2021,adulto,4,1,SP,baixa,134
2021,adulto,4,1,SP,media,2373
2021,adulto,4,1,SP,alta,2934
2021,adulto,4,1,TO,baixa,32
2021,adulto,4,1,TO,media,276
2021,adulto,4,1,TO,alta,218
2021,adulto,4,2,AC,baixa,7
2021,adulto,4,2,AC,media,49
2021,adulto,4,2,AC,alta,33
2021,adulto,4,2,AL,baixa,30
2021,adulto,4,2,AL,media,157
2021,adulto,4,2,AL,alta,114
2021,adulto,4,2,AM,baixa,28
2021,adulto,4,2,AM,media,305
2021,adulto,4,2,AM,alta,428
2021,adulto,4,2,AP,baixa,4
2021,adulto,4,2,AP,media,63
2021,adulto,4,2,AP,alta,52
2021,adulto,4,2,BA,baixa,98
2021,adulto,4,2,BA,media,768
2021,adulto,4,2,BA,alta,628
2021,adulto,4,2,CE,baixa,93
2021,adulto,4,2,CE,media,749
2021,adulto,4,2,CE,alta,473
2021,adulto,4,2,DF,baixa,8
2021,adulto,4,2,DF,media,129
2021,adulto,4,2,DF,alta,97
2021,adulto,4,2,ES,baixa,8
2021,adulto,4,2,ES,media,112
2021,adulto,4,2,ES,alta,117
2021,adulto,4,2,GO,baixa,31
2021,adulto,4,2,GO,media,433
2021,adulto,4,2,GO,alta,492
2021,adulto,4,2,MA,baixa,77
2021,adulto,4,2,MA,media,387
2021,adulto,4,2,MA,alta,397
2021,adulto,4,2,MG,baixa,73
2021,adulto,4,2,MG,media,777
2021,adulto,4,2,MG,alta,778
2021,adulto,4,2,MS,baixa,16
2021,adulto,4,2,MS,media,185
2021,adulto,4,2,MS,alta,212
2021,adulto,4,2,MT,baixa,21
2021,adulto,4,2,MT,media,228
2021,adulto,4,2,MT,alta,286
2021,adulto,4,2,PA,baixa,58
2021,adulto,4,2,PA,media,577
2021,adulto,4,2,PA,alta,484
2021,adulto,4,2,PB,baixa,17
2021,adulto,4,2,PB,media,185
2021,adulto,4,2,PB,alta,79
2021,adulto,4,2,PE,baixa,92
2021,adulto,4,2,PE,media,688
2021,adulto,4,2,PE,alta,434
2021,adulto,4,2,PI,baixa,34
2021,adulto,4,2,PI,media,198
2021,adulto,4,2,PI,alta,122
2021,adulto,4,2,PR,baixa,31
2021,adulto,4,2,PR,media,307
2021,adulto,4,2,PR,alta,340
2021,adulto,4,2,RJ,baixa,50
2021,adulto,4,2,RJ,media,798
2021,adulto,4,2,RJ,alta,675
2021,adulto,4,2,RN,baixa,16
2021,adulto,4,2,RN,media,146
2021,adulto,4,2,RN,alta,97
2021,adulto,4,2,RO,baixa,6
2021,adulto,4,2,RO,media,89
2021,adulto,4,2,RO,alta,96
2021,adulto,4,2,RR,baixa,3
2021,adulto,4,2,RR,media,53
2021,adulto,4,2,RR,alta,71
2021,adulto,4,2,RS,baixa,4
2021,adulto,4,2,RS,media,78
2021,adulto,4,2,RS,alta,77
2021,adulto,4,2,SC,baixa,4
2021,adulto,4,2,SC,media,63
2021,adulto,4,2,SC,alta,63
2021,adulto,4,2,SE,baixa,15
2021,adulto,4,2,SE,media,147
2021,adulto,4,2,SE,alta,134
2021,adulto,4,2,SP,baixa,67
2021,adulto,4,2,SP,media,1081
2021,adulto,4,2,SP,alta,1577
2021,adulto,4,2,TO,baixa,12
2021,adulto,4,2,TO,media,134
2021,adulto,4,2,TO,alta,84
2021,adulto,5,1,AC,baixa,1
2021,adulto,5,1,AC,media,1
2021,adulto,5,1,AC,alta,1
2021,adulto,5,1,AL,media,1
2021,adulto,5,1,AM,baixa,10
2021,adulto,5,1,AM,media,24
2021,adulto,5,1,AM,alta,26
2021,adulto,5,1,AP,baixa,1
2021,adulto,5,1,AP,media,2
2021,adulto,5,1,BA,baixa,2
2021,adulto,5,1,BA,media,5
2021,adulto,5,1,BA,alta,1
2021,adulto,5,1,CE,baixa,4
2021,adulto,5,1,CE,media,2
2021,adulto,5,1,CE,alta,1
2021,adulto,5,1,DF,media,2
2021,adulto,5,1,ES,media,1
2021,adulto,5,1,GO,media,4
2021,adulto,5,1,MA,baixa,3
2021,adulto,5,1,MA,media,5
2021,adulto,5,1,MA,alta,5
2021,adulto,5,1,MG,baixa,3
2021,adulto,5,1,MG,media,4
2021,adulto,5,1,MG,alta,1
2021,adulto,5,1,MS,baixa,5
2021,adulto,5,1,MS,media,28
2021,adulto,5,1,MS,alta,13
2021,adulto,5,1,MT,media,2
2021,adulto,5,1,MT,alta,6
2021,adulto,5,1,PA,baixa,2
2021,adulto,5,1,PA,media,4
2021,adulto,5,1,PB,media,1
2021,adulto,5,1,PB,alta,1
2021,adulto,5,1,PE,baixa,2
2021,adulto,5,1,PE,media,3
2021,adulto,5,1,PE,alta,5
2021,adulto,5,1,PR,baixa,2
2021,adulto,5,1,PR,media,6
2021,adulto,5,1,PR,alta,3
2021,adulto,5,1,RJ,media,2
2021,adulto,5,1,RJ,alta,2
2021,adulto,5,1,RN,media,2
2021,adulto,5,1,RO,media,2
2021,adulto,5,1,RO,alta,2
2021,adulto,5,1,RR,baixa,13
2021,adulto,5,1,RR,media,13
2021,adulto,5,1,RR,alta,6
2021,adulto,5,1,RS,baixa,2
2021,adulto,5,1,RS,media,3
2021,adulto,5,1,RS,alta,2
2021,adulto,5,1,SC,media,2
2021,adulto,5,1,SP,media,6
2021,adulto,5,1,SP,alta,4
2021,adulto,5,1,TO,media,1
2021,adulto,5,1,TO,alta,1
2021,adulto,5,2,AC,media,1
2021,adulto,5,2,AM,baixa,12
2021,adulto,5,2,AM,media,11
2021,adulto,5,2,AM,alta,18
2021,adulto,5,2,BA,media,4
2021,adulto,5,2,BA,alta,1
2021,adulto,5,2,CE,media,2
2021,adulto,5,2,CE,alta,1
2021,adulto,5,2,ES,alta,1
2021,adulto,5,2,MA,baixa,3
2021,adulto,5,2,MA,media,9
2021,adulto,5,2,MA,alta,1
2021,adulto,5,2,MG,media,2
2021,adulto,5,2,MS,baixa,3
2021,adulto,5,2,MS,media,15
2021,adulto,5,2,MS,alta,6
2021,adulto,5,2,MT,baixa,1
2021,adulto,5,2,MT,media,5
2021,adulto,5,2,PA,media,1
2021,adulto,5,2,PA,alta,1
2021,adulto,5,2,PE,baixa,2
2021,adulto,5,2,PE,media,5
2021,adulto,5,2,PE,alta,3
2021,adulto,5,2,PR,baixa,2
2021,adulto,5,2,PR,media,6
2021,adulto,5,2,PR,alta,1
2021,adulto,5,2,RJ,media,2
2021,adulto,5,2,RJ,alta,2
2021,adulto,5,2,RO,media,2
2021,adulto,5,2,RR,baixa,9
2021,adulto,5,2,RR,media,9
2021,adulto,5,2,RR,alta,4
2021,adulto,5,2,RS,baixa,1
2021,adulto,5,2,RS,media,2
2021,adulto,5,2,SC,baixa,1
2021,adulto,5,2,SC,media,4
2021,adulto,5,2,SC,alta,3
2021,adulto,5,2,SP,media,4
2021,adulto,5,2,SP,alta,1
2021,adulto,5,2,TO,media,1
2021,adulto,5,2,TO,alta,3
2021,idoso,1,0,PE,media,1
2021,idoso,1,0,SP,media,2
2021,idoso,1,1,AC,baixa,11
2021,idoso,1,1,AC,media,40
2021,idoso,1,1,AC,alta,14
2021,idoso,1,1,AL,baixa,96
2021,idoso,1,1,AL,media,186
2021,idoso,1,1,AL,alta,92
2021,idoso,1,1,AM,baixa,51
2021,idoso,1,1,AM,media,382
2021,idoso,1,1,AM,alta,260
2021,idoso,1,1,AP,baixa,7
2021,idoso,1,1,AP,media,41
2021,idoso,1,1,AP,alta,38
2021,idoso,1,1,BA,baixa,317
2021,idoso,1,1,BA,media,1169
2021,idoso,1,1,BA,alta,542
2021,idoso,1,1,CE,baixa,370
2021,idoso,1,1,CE,media,1084
2021,idoso,1,1,CE,alta,487
2021,idoso,1,1,DF,baixa,60
2021,idoso,1,1,DF,media,725
2021,idoso,1,1,DF,alta,333
2021,idoso,1,1,ES,baixa,96
2021,idoso,1,1,ES,media,772
2021,idoso,1,1,ES,alta,345
2021,idoso,1,1,GO,baixa,334
2021,idoso,1,1,GO,media,2180
2021,idoso,1,1,GO,alta,895
2021,idoso,1,1,MA,baixa,216
2021,idoso,1,1,MA,media,585
2021,idoso,1,1,MA,alta,256
2021,idoso,1,1,MG,baixa,830
2021,idoso,1,1,MG,media,7700
2021,idoso,1,1,MG,alta,3103
2021,idoso,1,1,MS,baixa,129
2021,idoso,1,1,MS,media,1081
2021,idoso,1,1,MS,alta,550
2021,idoso,1,1,MT,baixa,146
2021,idoso,1,1,MT,media,935
2021,idoso,1,1,MT,alta,416
2021,idoso,1,1,PA,baixa,147
2021,idoso,1,1,PA,media,720
2021,idoso,1,1,PA,alta,301
2021,idoso,1,1,PB,baixa,100
2021,idoso,1,1,PB,media,456
2021,idoso,1,1,PB,alta,81
2021,idoso,1,1,PE,baixa,465
2021,idoso,1,1,PE,media,1777
2021,idoso,1,1,PE,alta,768
2021,idoso,1,1,PI,baixa,123
2021,idoso,1,1,PI,media,286
2021,idoso,1,1,PI,alta,87
2021,idoso,1,1,PR,baixa,899
2021,idoso,1,1,PR,media,8218
2021,idoso,1,1,PR,alta,3336
2021,idoso,1,1,RJ,baixa,498
2021,idoso,1,1,RJ,media,7076
2021,idoso,1,1,RJ,alta,3518
2021,idoso,1,1,RN,baixa,190
2021,idoso,1,1,RN,media,464
2021,idoso,1,1,RN,alta,177
2021,idoso,1,1,RO,baixa,55
2021,idoso,1,1,RO,media,399
2021,idoso,1,1,RO,alta,135
2021,idoso,1,1,RR,baixa,8
2021,idoso,1,1,RR,media,58
2021,idoso,1,1,RR,alta,42
2021,idoso,1,1,RS,baixa,599
2021,idoso,1,1,RS,media,7776
2021,idoso,1,1,RS,alta,3235
2021,idoso,1,1,SC,baixa,309
2021,idoso,1,1,SC,media,5862
2021,idoso,1,1,SC,alta,2295
2021,idoso,1,1,SE,baixa,77
2021,idoso,1,1,SE,media,270
2021,idoso,1,1,SE,alta,168
2021,idoso,1,1,SP,baixa,1486
2021,idoso,1,1,SP,media,26322
2021,idoso,1,1,SP,alta,12482
2021,idoso,1,1,TO,baixa,56
2021,idoso,1,1,TO,media,211
2021,idoso,1,1,TO,alta,76
2021,idoso,1,2,AC,baixa,17
2021,idoso,1,2,AC,media,42
2021,idoso,1,2,AC,alta,10
2021,idoso,1,2,AL,baixa,118
2021,idoso,1,2,AL,media,181
2021,idoso,1,2,AL,alta,63
2021,idoso,1,2,AM,baixa,50
2021,idoso,1,2,AM,media,300
2021,idoso,1,2,AM,alta,212
2021,idoso,1,2,AP,baixa,11
2021,idoso,1,2,AP,media,36
2021,idoso,1,2,AP,alta,26
2021,idoso,1,2,BA,baixa,379
2021,idoso,1,2,BA,media,945
2021,idoso,1,2,BA,alta,430
2021,idoso,1,2,CE,baixa,354
2021,idoso,1,2,CE,media,1104
2021,idoso,1,2,CE,alta,442
2021,idoso,1,2,DF,baixa,84
2021,idoso,1,2,DF,media,653
2021,idoso,1,2,DF,alta,298
2021,idoso,1,2,ES,baixa,109
2021,idoso,1,2,ES,media,527
2021,idoso,1,2,ES,alta,224
2021,idoso,1,2,GO,baixa,392
2021,idoso,1,2,GO,media,1677
2021,idoso,1,2,GO,alta,661
2021,idoso,1,2,MA,baixa,231
2021,idoso,1,2,MA,media,453
2021,idoso,1,2,MA,alta,223
2021,idoso,1,2,MG,baixa,915
2021,idoso,1,2,MG,media,6029
2021,idoso,1,2,MG,alta,2013
2021,idoso,1,2,MS,baixa,163
2021,idoso,1,2,MS,media,813
2021,idoso,1,2,MS,alta,381
2021,idoso,1,2,MT,baixa,145
2021,idoso,1,2,MT,media,598
2021,idoso,1,2,MT,alta,263
2021,idoso,1,2,PA,baixa,143
2021,idoso,1,2,PA,media,601
2021,idoso,1,2,PA,alta,279
2021,idoso,1,2,PB,baixa,81
2021,idoso,1,2,PB,media,415
2021,idoso,1,2,PB,alta,92
2021,idoso,1,2,PE,baixa,589
2021,idoso,1,2,PE,media,1692
2021,idoso,1,2,PE,alta,699
2021,idoso,1,2,PI,baixa,134
2021,idoso,1,2,PI,media,224
2021,idoso,1,2,PI,alta,86
2021,idoso,1,2,PR,baixa,1252
2021,idoso,1,2,PR,media,5972
2021,idoso,1,2,PR,alta,2131
2021,idoso,1,2,RJ,baixa,618
2021,idoso,1,2,RJ,media,6627
2021,idoso,1,2,RJ,alta,2938
2021,idoso,1,2,RN,baixa,158
2021,idoso,1,2,RN,media,502
2021,idoso,1,2,RN,alta,183
2021,idoso,1,2,RO,baixa,75
2021,idoso,1,2,RO,media,241
2021,idoso,1,2,RO,alta,79
2021,idoso,1,2,RR,baixa,14
2021,idoso,1,2,RR,media,42
2021,idoso,1,2,RR,alta,29
2021,idoso,1,2,RS,baixa,651
2021,idoso,1,2,RS,media,5506
2021,idoso,1,2,RS,alta,2334
2021,idoso,1,2,SC,baixa,347
2021,idoso,1,2,SC,media,4124
2021,idoso,1,2,SC,alta,1259
2021,idoso,1,2,SE,baixa,84
2021,idoso,1,2,SE,media,258
2021,idoso,1,2,SE,alta,113
2021,idoso,1,2,SP,baixa,2252
2021,idoso,1,2,SP,media,20212
2021,idoso,1,2,SP,alta,8069
2021,idoso,1,2,TO,baixa,52
2021,idoso,1,2,TO,media,144
2021,idoso,1,2,TO,alta,68
2021,idoso,2,0,PR,baixa,1
2021,idoso,2,0,PR,media,1
2021,idoso,2,1,AC,baixa,4
2021,idoso,2,1,AC,media,7
2021,idoso,2,1,AC,alta,2
2021,idoso,2,1,AL,baixa,53
2021,idoso,2,1,AL,media,32
2021,idoso,2,1,AL,alta,11
2021,idoso,2,1,AM,baixa,27
2021,idoso,2,1,AM,media,50
2021,idoso,2,1,AM,alta,42
2021,idoso,2,1,AP,baixa,18
2021,idoso,2,1,AP,media,26
2021,idoso,2,1,AP,alta,7
2021,idoso,2,1,BA,baixa,479
2021,idoso,2,1,BA,media,1070
2021,idoso,2,1,BA,alta,397
2021,idoso,2,1,CE,baixa,138
2021,idoso,2,1,CE,media,167
2021,idoso,2,1,CE,alta,49
2021,idoso,2,1,DF,baixa,31
2021,idoso,2,1,DF,media,120
2021,idoso,2,1,DF,alta,52
2021,idoso,2,1,ES,baixa,70
2021,idoso,2,1,ES,media,198
2021,idoso,2,1,ES,alta,64
2021,idoso,2,1,GO,baixa,159
2021,idoso,2,1,GO,media,361
2021,idoso,2,1,GO,alta,107
2021,idoso,2,1,MA,baixa,261
2021,idoso,2,1,MA,media,310
2021,idoso,2,1,MA,alta,98
2021,idoso,2,1,MG,baixa,438
2021,idoso,2,1,MG,media,1802
2021,idoso,2,1,MG,alta,453
2021,idoso,2,1,MS,baixa,42
2021,idoso,2,1,MS,media,122
2021,idoso,2,1,MS,alta,41
2021,idoso,2,1,MT,baixa,87
2021,idoso,2,1,MT,media,198
2021,idoso,2,1,MT,alta,68
2021,idoso,2,1,PA,baixa,134
2021,idoso,2,1,PA,media,280
2021,idoso,2,1,PA,alta,59
2021,idoso,2,1,PB,baixa,45
2021,idoso,2,1,PB,media,37
2021,idoso,2,1,PB,alta,9
2021,idoso,2,1,PE,baixa,182
2021,idoso,2,1,PE,media,475
2021,idoso,2,1,PE,alta,124
2021,idoso,2,1,PI,baixa,154
2021,idoso,2,1,PI,media,137
2021,idoso,2,1,PI,alta,28
2021,idoso,2,1,PR,baixa,126
2021,idoso,2,1,PR,media,483
2021,idoso,2,1,PR,alta,167
2021,idoso,2,1,RJ,baixa,289
2021,idoso,2,1,RJ,media,2284
2021,idoso,2,1,RJ,alta,841
2021,idoso,2,1,RN,baixa,54
2021,idoso,2,1,RN,media,58
2021,idoso,2,1,RN,alta,14
2021,idoso,2,1,RO,baixa,26
2021,idoso,2,1,RO,media,59
2021,idoso,2,1,RO,alta,23
2021,idoso,2,1,RR,baixa,10
2021,idoso,2,1,RR,media,13
2021,idoso,2,1,RR,alta,2
2021,idoso,2,1,RS,baixa,80
2021,idoso,2,1,RS,media,524
2021,idoso,2,1,RS,alta,211
2021,idoso,2,1,SC,baixa,11
2021,idoso,2,1,SC,media,162
2021,idoso,2,1,SC,alta,67
2021,idoso,2,1,SE,baixa,72
2021,idoso,2,1,SE,media,111
2021,idoso,2,1,SE,alta,45
2021,idoso,2,1,SP,baixa,352
2021,idoso,2,1,SP,media,3104
2021,idoso,2,1,SP,alta,1221
2021,idoso,2,1,TO,baixa,57
2021,idoso,2,1,TO,media,92
2021,idoso,2,1,TO,alta,20
2021,idoso,2,2,AC,baixa,3
2021,idoso,2,2,AC,media,5
2021,idoso,2,2,AL,baixa,45
2021,idoso,2,2,AL,media,31
2021,idoso,2,2,AL,alta,3
2021,idoso,2,2,AM,baixa,18
2021,idoso,2,2,AM,media,31
2021,idoso,2,2,AM,alta,19
2021,idoso,2,2,AP,baixa,10
2021,idoso,2,2,AP,media,14
2021,idoso,2,2,AP,alta,8
2021,idoso,2,2,BA,baixa,455
2021,idoso,2,2,BA,media,757
2021,idoso,2,2,BA,alta,241
2021,idoso,2,2,CE,baixa,87
2021,idoso,2,2,CE,media,131
2021,idoso,2,2,CE,alta,20
2021,idoso,2,2,DF,baixa,35
2021,idoso,2,2,DF,media,112
2021,idoso,2,2,DF,alta,32
2021,idoso,2,2,ES,baixa,60
2021,idoso,2,2,ES,media,127
2021,idoso,2,2,ES,alta,51
2021,idoso,2,2,GO,baixa,140
2021,idoso,2,2,GO,media,252
2021,idoso,2,2,GO,alta,61
2021,idoso,2,2,MA,baixa,189
2021,idoso,2,2,MA,media,183
2021,idoso,2,2,MA,alta,66
2021,idoso,2,2,MG,baixa,437
2021,idoso,2,2,MG,media,1326
2021,idoso,2,2,MG,alta,258
2021,idoso,2,2,MS,baixa,29
2021,idoso,2,2,MS,media,93
2021,idoso,2,2,MS,alta,34
2021,idoso,2,2,MT,baixa,68
2021,idoso,2,2,MT,media,109
2021,idoso,2,2,MT,alta,46
2021,idoso,2,2,PA,baixa,99
2021,idoso,2,2,PA,media,149
2021,idoso,2,2,PA,alta,38
2021,idoso,2,2,PB,baixa,29
2021,idoso,2,2,PB,media,45
2021,idoso,2,2,PB,alta,4
2021,idoso,2,2,PE,baixa,168
2021,idoso,2,2,PE,media,296
2021,idoso,2,2,PE,alta,72
2021,idoso,2,2,PI,baixa,96
2021,idoso,2,2,PI,media,75
2021,idoso,2,2,PI,alta,16
2021,idoso,2,2,PR,baixa,134
2021,idoso,2,2,PR,media,288
2021,idoso,2,2,PR,alta,75
2021,idoso,2,2,RJ,baixa,441
2021,idoso,2,2,RJ,media,2418
2021,idoso,2,2,RJ,alta,714
2021,idoso,2,2,RN,baixa,48
2021,idoso,2,2,RN,media,42
2021,idoso,2,2,RN,alta,11
2021,idoso,2,2,RO,baixa,26
2021,idoso,2,2,RO,media,47
2021,idoso,2,2,RO,alta,8
2021,idoso,2,2,RR,baixa,2
2021,idoso,2,2,RR,media,9
2021,idoso,2,2,RR,alta,3
2021,idoso,2,2,RS,baixa,93
2021,idoso,2,2,RS,media,432
2021,idoso,2,2,RS,alta,181
2021,idoso,2,2,SC,baixa,19
2021,idoso,2,2,SC,media,137
2021,idoso,2,2,SC,alta,46
2021,idoso,2,2,SE,baixa,56
2021,idoso,2,2,SE,media,69
2021,idoso,2,2,SE,alta,24
2021,idoso,2,2,SP,baixa,401
2021,idoso,2,2,SP,media,2398
2021,idoso,2,2,SP,alta,790
2021,idoso,2,2,TO,baixa,37
2021,idoso,2,2,TO,media,44
2021,idoso,2,2,TO,alta,7
2021,idoso,3,0,SP,alta,1
2021,idoso,3,1,AC,media,2
2021,idoso,3,1,AL,baixa,1
2021,idoso,3,1,AL,media,1
2021,idoso,3,1,AM,baixa,2
2021,idoso,3,1,AM,media,10
2021,idoso,3,1,AM,alta,3
2021,idoso,3,1,AP,baixa,3
2021,idoso,3,1,AP,media,1
2021,idoso,3,1,BA,baixa,7
2021,idoso,3,1,BA,media,15
2021,idoso,3,1,BA,alta,7
2021,idoso,3,1,CE,baixa,7
2021,idoso,3,1,CE,media,13
2021,idoso,3,1,CE,alta,3
2021,idoso,3,1,DF,baixa,4
2021,idoso,3,1,DF,media,19
2021,idoso,3,1,DF,alta,4
2021,idoso,3,1,ES,media,8
2021,idoso,3,1,GO,baixa,4
2021,idoso,3,1,GO,media,20
2021,idoso,3,1,GO,alta,13
2021,idoso,3,1,MA,baixa,8
2021,idoso,3,1,MA,media,4
2021,idoso,3,1,MA,alta,1
2021,idoso,3,1,MG,baixa,10
2021,idoso,3,1,MG,media,50
2021,idoso,3,1,MG,alta,22
2021,idoso,3,1,MS,baixa,3
2021,idoso,3,1,MS,media,20
2021,idoso,3,1,MS,alta,9
2021,idoso,3,1,MT,baixa,3
2021,idoso,3,1,MT,media,27
2021,idoso,3,1,MT,alta,14
2021,idoso,3,1,PA,baixa,3
2021,idoso,3,1,PA,media,16
2021,idoso,3,1,PA,alta,2
2021,idoso,3,1,PB,media,4
2021,idoso,3,1,PB,alta,3
2021,idoso,3,1,PE,baixa,1
2021,idoso,3,1,PE,media,6
2021,idoso,3,1,PE,alta,5
2021,idoso,3,1,PI,baixa,2
2021,idoso,3,1,PI,media,2
2021,idoso,3,1,PI,alta,2
2021,idoso,3,1,PR,baixa,6
2021,idoso,3,1,PR,media,75
2021,idoso,3,1,PR,alta,70
2021,idoso,3,1,RJ,baixa,6
2021,idoso,3,1,RJ,media,24
2021,idoso,3,1,RJ,alta,15
2021,idoso,3,1,RN,baixa,2
2021,idoso,3,1,RN,media,1
2021,idoso,3,1,RN,alta,1
2021,idoso,3,1,RO,baixa,1
2021,idoso,3,1,RO,media,4
2021,idoso,3,1,RO,alta,1
2021,idoso,3,1,RR,media,1
2021,idoso,3,1,RS,media,2
2021,idoso,3,1,RS,alta,2
2021,idoso,3,1,SC,baixa,1
2021,idoso,3,1,SC,media,13
2021,idoso,3,1,SC,alta,5
2021,idoso,3,1,SE,media,3
2021,idoso,3,1,SP,baixa,8
2021,idoso,3,1,SP,media,514
2021,idoso,3,1,SP,alta,277
2021,idoso,3,1,TO,baixa,6
2021,idoso,3,1,TO,media,9
2021,idoso,3,1,TO,alta,1
2021,idoso,3,2,AL,baixa,1
2021,idoso,3,2,AL,media,2
2021,idoso,3,2,AL,alta,1
2021,idoso,3,2,AM,baixa,2
2021,idoso,3,2,AM,media,3
2021,idoso,3,2,AM,alta,3
2021,idoso,3,2,AP,baixa,4
2021,idoso,3,2,AP,media,4
2021,idoso,3,2,BA,baixa,6
2021,idoso,3,2,BA,media,13
2021,idoso,3,2,BA,alta,2
2021,idoso,3,2,CE,baixa,5
2021,idoso,3,2,CE,media,3
2021,idoso,3,2,CE,alta,4
2021,idoso,3,2,DF,baixa,1
2021,idoso,3,2,DF,media,10
2021,idoso,3,2,DF,alta,3
2021,idoso,3,2,ES,media,4
2021,idoso,3,2,ES,alta,2
2021,idoso,3,2,GO,baixa,7
2021,idoso,3,2,GO,media,26
2021,idoso,3,2,GO,alta,7
2021,idoso,3,2,MA,baixa,3
2021,idoso,3,2,MA,media,8
2021,idoso,3,2,MA,alta,1
2021,idoso,3,2,MG,baixa,4
2021,idoso,3,2,MG,media,28
2021,idoso,3,2,MG,alta,12
2021,idoso,3,2,MS,baixa,3
2021,idoso,3,2,MS,media,12
2021,idoso,3,2,MS,alta,15
2021,idoso,3,2,MT,baixa,4
2021,idoso,3,2,MT,media,15
2021,idoso,3,2,MT,alta,4
2021,idoso,3,2,PA,baixa,2
2021,idoso,3,2,PA,media,5
2021,idoso,3,2,PA,alta,3
2021,idoso,3,2,PB,baixa,3
2021,idoso,3,2,PB,media,9
2021,idoso,3,2,PE,baixa,3
2021,idoso,3,2,PE,media,8
2021,idoso,3,2,PE,alta,5
2021,idoso,3,2,PI,baixa,5
2021,idoso,3,2,PI,media,5
2021,idoso,3,2,PI,alta,2
2021,idoso,3,2,PR,baixa,8
2021,idoso,3,2,PR,media,48
2021,idoso,3,2,PR,alta,22
2021,idoso,3,2,RJ,baixa,5
2021,idoso,3,2,RJ,media,31
2021,idoso,3,2,RJ,alta,8
2021,idoso,3,2,RN,baixa,4
2021,idoso,3,2,RN,media,2
2021,idoso,3,2,RN,alta,5
2021,idoso,3,2,RO,baixa,1
2021,idoso,3,2,RO,media,4
2021,idoso,3,2,RO,alta,1
2021,idoso,3,2,RR,media,1
2021,idoso,3,2,RS,media,4
2021,idoso,3,2,RS,alta,1
2021,idoso,3,2,SC,baixa,1
2021,idoso,3,2,SC,media,11
2021,idoso,3,2,SC,alta,4
2021,idoso,3,2,SE,media,1
2021,idoso,3,2,SP,baixa,11
2021,idoso,3,2,SP,media,298
2021,idoso,3,2,SP,alta,133
2021,idoso,3,2,TO,baixa,2
2021,idoso,3,2,TO,media,3
2021,idoso,4,0,DF,media,1
2021,idoso,4,0,PE,media,1
2021,idoso,4,0,RJ,media,1
2021,idoso,4,0,RS,media,1
2021,idoso,4,0,SP,alta,1
2021,idoso,4,1,AC,baixa,91
2021,idoso,4,1,AC,media,100
2021,idoso,4,1,AC,alta,28
2021,idoso,4,1,AL,baixa,427
2021,idoso,4,1,AL,media,542
2021,idoso,4,1,AL,alta,189
2021,idoso,4,1,AM,baixa,496
2021,idoso,4,1,AM,media,1329
2021,idoso,4,1,AM,alta,896
2021,idoso,4,1,AP,baixa,66
2021,idoso,4,1,AP,media,177
2021,idoso,4,1,AP,alta,39
2021,idoso,4,1,BA,baixa,1436
2021,idoso,4,1,BA,media,3502
2021,idoso,4,1,BA,alta,1190
2021,idoso,4,1,CE,baixa,1933
2021,idoso,4,1,CE,media,3307
2021,idoso,4,1,CE,alta,969
2021,idoso,4,1,DF,baixa,106
2021,idoso,4,1,DF,media,660
2021,idoso,4,1,DF,alta,262
2021,idoso,4,1,ES,baixa,155
2021,idoso,4,1,ES,media,694
2021,idoso,4,1,ES,alta,268
2021,idoso,4,1,GO,baixa,633
2021,idoso,4,1,GO,media,2262
2021,idoso,4,1,GO,alta,847
2021,idoso,4,1,MA,baixa,1193
2021,idoso,4,1,MA,media,1826
2021,idoso,4,1,MA,alta,598
2021,idoso,4,1,MG,baixa,1171
2021,idoso,4,1,MG,media,5944
2021,idoso,4,1,MG,alta,1614
2021,idoso,4,1,MS,baixa,223
2021,idoso,4,1,MS,media,1017
2021,idoso,4,1,MS,alta,465
2021,idoso,4,1,MT,baixa,344
2021,idoso,4,1,MT,media,1061
2021,idoso,4,1,MT,alta,417
2021,idoso,4,1,PA,baixa,934
2021,idoso,4,1,PA,media,2539
2021,idoso,4,1,PA,alta,813
2021,idoso,4,1,PB,baixa,357
2021,idoso,4,1,PB,media,796
2021,idoso,4,1,PB,alta,128
2021,idoso,4,1,PE,baixa,1376
2021,idoso,4,1,PE,media,3550
2021,idoso,4,1,PE,alta,937
2021,idoso,4,1,PI,baixa,631
2021,idoso,4,1,PI,media,911
2021,idoso,4,1,PI,alta,176
2021,idoso,4,1,PR,baixa,433
2021,idoso,4,1,PR,media,2011
2021,idoso,4,1,PR,alta,562
2021,idoso,4,1,RJ,baixa,499
2021,idoso,4,1,RJ,media,4579
2021,idoso,4,1,RJ,alta,1795
2021,idoso,4,1,RN,baixa,403
2021,idoso,4,1,RN,media,609
2021,idoso,4,1,RN,alta,182
2021,idoso,4,1,RO,baixa,156
2021,idoso,4,1,RO,media,517
2021,idoso,4,1,RO,alta,179
2021,idoso,4,1,RR,baixa,71
2021,idoso,4,1,RR,media,200
2021,idoso,4,1,RR,alta,92
2021,idoso,4,1,RS,baixa,83
2021,idoso,4,1,RS,media,489
2021,idoso,4,1,RS,alta,202
2021,idoso,4,1,SC,baixa,54
2021,idoso,4,1,SC,media,294
2021,idoso,4,1,SC,alta,90
2021,idoso,4,1,SE,baixa,342
2021,idoso,4,1,SE,media,709
2021,idoso,4,1,SE,alta,303
2021,idoso,4,1,SP,baixa,1048
2021,idoso,4,1,SP,media,8476
2021,idoso,4,1,SP,alta,3200
2021,idoso,4,1,TO,baixa,266
2021,idoso,4,1,TO,media,509
2021,idoso,4,1,TO,alta,114
2021,idoso,4,2,AC,baixa,86
2021,idoso,4,2,AC,media,100
2021,idoso,4,2,AC,alta,22
2021,idoso,4,2,AL,baixa,399
2021,idoso,4,2,AL,media,375
2021,idoso,4,2,AL,alta,93
2021,idoso,4,2,AM,baixa,392
2021,idoso,4,2,AM,media,1020
2021,idoso,4,2,AM,alta,573
2021,idoso,4,2,AP,baixa,56
2021,idoso,4,2,AP,media,119
2021,idoso,4,2,AP,alta,43
2021,idoso,4,2,BA,baixa,1356
2021,idoso,4,2,BA,media,2381
2021,idoso,4,2,BA,alta,829
2021,idoso,4,2,CE,baixa,1396
2021,idoso,4,2,CE,media,2663
2021,idoso,4,2,CE,alta,706
2021,idoso,4,2,DF,baixa,145
2021,idoso,4,2,DF,media,516
2021,idoso,4,2,DF,alta,201
2021,idoso,4,2,ES,baixa,204
2021,idoso,4,2,ES,media,490
2021,idoso,4,2,ES,alta,148
2021,idoso,4,2,GO,baixa,546
2021,idoso,4,2,GO,media,1449
2021,idoso,4,2,GO,alta,453
2021,idoso,4,2,MA,baixa,1005
2021,idoso,4,2,MA,media,1256
2021,idoso,4,2,MA,alta,406
2021,idoso,4,2,MG,baixa,1204
2021,idoso,4,2,MG,media,4096
2021,idoso,4,2,MG,alta,950
2021,idoso,4,2,MS,baixa,204
2021,idoso,4,2,MS,media,757
2021,idoso,4,2,MS,alta,282
2021,idoso,4,2,MT,baixa,339
2021,idoso,4,2,MT,media,725
2021,idoso,4,2,MT,alta,285
2021,idoso,4,2,PA,baixa,731
2021,idoso,4,2,PA,media,1756
2021,idoso,4,2,PA,alta,577
2021,idoso,4,2,PB,baixa,317
2021,idoso,4,2,PB,media,703
2021,idoso,4,2,PB,alta,116
2021,idoso,4,2,PE,baixa,1323
2021,idoso,4,2,PE,media,2589
2021,idoso,4,2,PE,alta,679
2021,idoso,4,2,PI,baixa,497
2021,idoso,4,2,PI,media,621
2021,idoso,4,2,PI,alta,151
2021,idoso,4,2,PR,baixa,594
2021,idoso,4,2,PR,media,1201
2021,idoso,4,2,PR,alta,281
2021,idoso,4,2,RJ,baixa,727
2021,idoso,4,2,RJ,media,4480
2021,idoso,4,2,RJ,alta,1425
2021,idoso,4,2,RN,baixa,289
2021,idoso,4,2,RN,media,488
2021,idoso,4,2,RN,alta,140
2021,idoso,4,2,RO,baixa,139
2021,idoso,4,2,RO,media,323
2021,idoso,4,2,RO,alta,136
2021,idoso,4,2,RR,baixa,46
2021,idoso,4,2,RR,media,140
2021,idoso,4,2,RR,alta,73
2021,idoso,4,2,RS,baixa,107
2021,idoso,4,2,RS,media,382
2021,idoso,4,2,RS,alta,118
2021,idoso,4,2,SC,baixa,62
2021,idoso,4,2,SC,media,209
2021,idoso,4,2,SC,alta,60
2021,idoso,4,2,SE,baixa,272
2021,idoso,4,2,SE,media,469
2021,idoso,4,2,SE,alta,168
2021,idoso,4,2,SP,baixa,1442
2021,idoso,4,2,SP,media,6451
2021,idoso,4,2,SP,alta,1892
2021,idoso,4,2,TO,baixa,205
2021,idoso,4,2,TO,media,353
2021,idoso,4,2,TO,alta,61
2021,idoso,5,1,AC,baixa,2
2021,idoso,5,1,AL,baixa,2
2021,idoso,5,1,AL,media,2
2021,idoso,5,1,AM,baixa,35
2021,idoso,5,1,AM,media,44
2021,idoso,5,1,AM,alta,8
2021,idoso,5,1,AP,baixa,1
2021,idoso,5,1,BA,baixa,5
2021,idoso,5,1,BA,media,12
2021,idoso,5,1,BA,alta,2
2021,idoso,5,1,CE,baixa,5
2021,idoso,5,1,CE,media,4
2021,idoso,5,1,CE,alta,3
2021,idoso,5,1,DF,media,2
2021,idoso,5,1,DF,alta,2
2021,idoso,5,1,ES,baixa,1
2021,idoso,5,1,ES,media,2
2021,idoso,5,1,GO,media,1
2021,idoso,5,1,MA,baixa,4
2021,idoso,5,1,MA,media,4
2021,idoso,5,1,MA,alta,3
2021,idoso,5,1,MG,baixa,3
2021,idoso,5,1,MG,media,6
2021,idoso,5,1,MG,alta,1
2021,idoso,5,1,MS,baixa,19
2021,idoso,5,1,MS,media,28
2021,idoso,5,1,MS,alta,6
2021,idoso,5,1,MT,baixa,4
2021,idoso,5,1,MT,media,3
2021,idoso,5,1,MT,alta,2
2021,idoso,5,1,PA,baixa,5
2021,idoso,5,1,PA,media,10
2021,idoso,5,1,PB,baixa,7
2021,idoso,5,1,PE,baixa,5
2021,idoso,5,1,PE,media,16
2021,idoso,5,1,PE,alta,2
2021,idoso,5,1,PI,media,1
2021,idoso,5,1,PR,baixa,6
2021,idoso,5,1,PR,media,8
2021,idoso,5,1,PR,alta,1
2021,idoso,5,1,RJ,media,5
2021,idoso,5,1,RJ,alta,4
2021,idoso,5,1,RN,baixa,3
2021,idoso,5,1,RN,media,2
2021,idoso,5,1,RO,baixa,4
2021,idoso,5,1,RO,media,2
2021,idoso,5,1,RR,baixa,13
2021,idoso,5,1,RR,media,16
2021,idoso,5,1,RS,baixa,4
2021,idoso,5,1,RS,media,13
2021,idoso,5,1,RS,alta,1
2021,idoso,5,1,SC,baixa,1
2021,idoso,5,1,SC,media,7
2021,idoso,5,1,SC,alta,2
2021,idoso,5,1,SP,baixa,4
2021,idoso,5,1,SP,media,23
2021,idoso,5,1,SP,alta,5
2021,idoso,5,1,TO,baixa,3
2021,idoso,5,1,TO,media,3
2021,idoso,5,1,TO,alta,1
2021,idoso,5,2,AC,baixa,1
2021,idoso,5,2,AL,baixa,3
2021,idoso,5,2,AL,media,1
2021,idoso,5,2,AM,baixa,39
2021,idoso,5,2,AM,media,21
2021,idoso,5,2,AM,alta,3
2021,idoso,5,2,AP,media,1
2021,idoso,5,2,BA,baixa,6
2021,idoso,5,2,BA,media,5
2021,idoso,5,2,CE,baixa,5
2021,idoso,5,2,CE,media,6
2021,idoso,5,2,CE,alta,1
2021,idoso,5,2,DF,baixa,1
2021,idoso,5,2,DF,media,1
2021,idoso,5,2,ES,baixa,1
2021,idoso,5,2,ES,media,1
2021,idoso,5,2,ES,alta,1
2021,idoso,5,2,GO,baixa,2
2021,idoso,5,2,GO,media,5
2021,idoso,5,2,MA,baixa,2
2021,idoso,5,2,MA,media,4
2021,idoso,5,2,MG,baixa,8
2021,idoso,5,2,MG,media,9
2021,idoso,5,2,MS,baixa,16
2021,idoso,5,2,MS,media,17
2021,idoso,5,2,MS,alta,2
2021,idoso,5,2,MT,baixa,5
2021,idoso,5,2,MT,media,1
2021,idoso,5,2,PA,baixa,4
2021,idoso,5,2,PA,media,2
2021,idoso,5,2,PA,alta,1
2021,idoso,5,2,PB,media,3
2021,idoso,5,2,PE,baixa,6
2021,idoso,5,2,PE,media,7
2021,idoso,5,2,PE,alta,3
2021,idoso,5,2,PI,media,1
2021,idoso,5,2,PR,baixa,7
2021,idoso,5,2,PR,media,3
2021,idoso,5,2,PR,alta,2
2021,idoso,5,2,RJ,baixa,2
2021,idoso,5,2,RJ,media,7
2021,idoso,5,2,RJ,alta,5
2021,idoso,5,2,RN,baixa,2
2021,idoso,5,2,RN,media,2
2021,idoso,5,2,RO,baixa,4
2021,idoso,5,2,RO,media,1
2021,idoso,5,2,RO,alta,3
2021,idoso,5,2,RR,baixa,18
2021,idoso,5,2,RR,media,10
2021,idoso,5,2,RR,alta,4
2021,idoso,5,2,RS,baixa,7
2021,idoso,5,2,RS,media,10
2021,idoso,5,2,RS,alta,1
2021,idoso,5,2,SC,baixa,1
2021,idoso,5,2,SC,media,7
2021,idoso,5,2,SC,alta,1
2021,idoso,5,2,SE,media,1
2021,idoso,5,2,SP,baixa,4
2021,idoso,5,2,SP,media,15
2021,idoso,5,2,SP,alta,7
2021,idoso,5,2,TO,media,2
2021,jovem,1,0,PE,media,1
2021,jovem,1,1,AC,baixa,1
2021,jovem,1,1,AC,media,3
2021,jovem,1,1,AC,alta,4
2021,jovem,1,1,AL,baixa,2
2021,jovem,1,1,AL,media,5
2021,jovem,1,1,AL,alta,6
2021,jovem,1,1,AM,baixa,11
2021,jovem,1,1,AM,media,27
2021,jovem,1,1,AM,alta,59
2021,jovem,1,1,AP,baixa,1
2021,jovem,1,1,AP,media,8
2021,jovem,1,1,AP,alta,2
2021,jovem,1,1,BA,baixa,15
2021,jovem,1,1,BA,media,106
2021,jovem,1,1,BA,alta,59
2021,jovem,1,1,CE,baixa,16
2021,jovem,1,1,CE,media,84
2021,jovem,1,1,CE,alta,50
2021,jovem,1,1,DF,media,33
2021,jovem,1,1,DF,alta,27
2021,jovem,1,1,ES,baixa,3
2021,jovem,1,1,ES,media,12
2021,jovem,1,1,ES,alta,19
2021,jovem,1,1,GO,baixa,10
2021,jovem,1,1,GO,media,117
2021,jovem,1,1,GO,alta,146
2021,jovem,1,1,MA,baixa,7
2021,jovem,1,1,MA,media,55
2021,jovem,1,1,MA,alta,60
2021,jovem,1,1,MG,baixa,24
2021,jovem,1,1,MG,media,178
2021,jovem,1,1,MG,alta,292
2021,jovem,1,1,MS,baixa,5
2021,jovem,1,1,MS,media,34
2021,jovem,1,1,MS,alta,62
2021,jovem,1,1,MT,baixa,4
2021,jovem,1,1,MT,media,58
2021,jovem,1,1,MT,alta,80
2021,jovem,1,1,PA,baixa,7
2021,jovem,1,1,PA,media,61
2021,jovem,1,1,PA,alta,34
2021,jovem,1,1,PB,baixa,1
2021,jovem,1,1,PB,media,20
2021,jovem,1,1,PB,alta,12
2021,jovem,1,1,PE,baixa,17
2021,jovem,1,1,PE,media,249
2021,jovem,1,1,PE,alta,114
2021,jovem,1,1,PI,baixa,6
2021,jovem,1,1,PI,media,37
2021,jovem,1,1,PI,alta,20
2021,jovem,1,1,PR,baixa,53
2021,jovem,1,1,PR,media,355
2021,jovem,1,1,PR,alta,622
2021,jovem,1,1,RJ,baixa,23
2021,jovem,1,1,RJ,media,248
2021,jovem,1,1,RJ,alta,194
2021,jovem,1,1,RN,baixa,7
2021,jovem,1,1,RN,media,19
2021,jovem,1,1,RN,alta,18
2021,jovem,1,1,RO,baixa,5
2021,jovem,1,1,RO,media,16
2021,jovem,1,1,RO,alta,40
2021,jovem,1,1,RR,media,7
2021,jovem,1,1,RR,alta,11
2021,jovem,1,1,RS,baixa,22
2021,jovem,1,1,RS,media,210
2021,jovem,1,1,RS,alta,230
2021,jovem,1,1,SC,baixa,13
2021,jovem,1,1,SC,media,178
2021,jovem,1,1,SC,alta,297
2021,jovem,1,1,SE,baixa,6
2021,jovem,1,1,SE,media,16
2021,jovem,1,1,SE,alta,12
2021,jovem,1,1,SP,baixa,99
2021,jovem,1,1,SP,media,502
2021,jovem,1,1,SP,alta,862
2021,jovem,1,1,TO,baixa,2
2021,jovem,1,1,TO,media,15
2021,jovem,1,1,TO,alta,11
2021,jovem,1,2,AC,baixa,1
2021,jovem,1,2,AC,media,5
2021,jovem,1,2,AC,alta,4
2021,jovem,1,2,AL,media,2
2021,jovem,1,2,AL,alta,4
2021,jovem,1,2,AM,baixa,4
2021,jovem,1,2,AM,media,11
2021,jovem,1,2,AM,alta,21
2021,jovem,1,2,AP,media,6
2021,jovem,1,2,AP,alta,2
2021,jovem,1,2,BA,baixa,14
2021,jovem,1,2,BA,media,39
2021,jovem,1,2,BA,alta,25
2021,jovem,1,2,CE,baixa,8
2021,jovem,1,2,CE,media,32
2021,jovem,1,2,CE,alta,37
2021,jovem,1,2,DF,baixa,2
2021,jovem,1,2,DF,media,16
2021,jovem,1,2,DF,alta,13
2021,jovem,1,2,ES,baixa,6
2021,jovem,1,2,ES,media,11
2021,jovem,1,2,ES,alta,21
2021,jovem,1,2,GO,baixa,8
2021,jovem,1,2,GO,media,41
2021,jovem,1,2,GO,alta,49
2021,jovem,1,2,MA,baixa,3
2021,jovem,1,2,MA,media,18
2021,jovem,1,2,MA,alta,28
2021,jovem,1,2,MG,baixa,24
2021,jovem,1,2,MG,media,98
2021,jovem,1,2,MG,alta,128
2021,jovem,1,2,MS,baixa,2
2021,jovem,1,2,MS,media,20
2021,jovem,1,2,MS,alta,23
2021,jovem,1,2,MT,baixa,6
2021,jovem,1,2,MT,media,21
2021,jovem,1,2,MT,alta,29
2021,jovem,1,2,PA,baixa,8
2021,jovem,1,2,PA,media,35
2021,jovem,1,2,PA,alta,29
2021,jovem,1,2,PB,media,15
2021,jovem,1,2,PB,alta,4
2021,jovem,1,2,PE,baixa,17
2021,jovem,1,2,PE,media,52
2021,jovem,1,2,PE,alta,34
2021,jovem,1,2,PI,baixa,5
2021,jovem,1,2,PI,media,13
2021,jovem,1,2,PI,alta,14
2021,jovem,1,2,PR,baixa,38
2021,jovem,1,2,PR,media,130
2021,jovem,1,2,PR,alta,214
2021,jovem,1,2,RJ,baixa,11
2021,jovem,1,2,RJ,media,146
2021,jovem,1,2,RJ,alta,111
2021,jovem,1,2,RN,media,15
2021,jovem,1,2,RN,alta,17
2021,jovem,1,2,RO,media,5
2021,jovem,1,2,RO,alta,21
2021,jovem,1,2,RR,alta,5
2021,jovem,1,2,RS,baixa,25
2021,jovem,1,2,RS,media,82
2021,jovem,1,2,RS,alta,103
2021,jovem,1,2,SC,baixa,13
2021,jovem,1,2,SC,media,81
2021,jovem,1,2,SC,alta,98
2021,jovem,1,2,SE,baixa,6
2021,jovem,1,2,SE,media,8
2021,jovem,1,2,SE,alta,9
2021,jovem,1,2,SP,baixa,72
2021,jovem,1,2,SP,media,277
2021,jovem,1,2,SP,alta,429
2021,jovem,1,2,TO,baixa,2
2021,jovem,1,2,TO,media,8
2021,jovem,1,2,TO,alta,5
2021,jovem,2,1,AC,media,2
2021,jovem,2,1,AL,media,3
2021,jovem,2,1,AL,alta,2
2021,jovem,2,1,AM,media,3
2021,jovem,2,1,AM,alta,6
2021,jovem,2,1,AP,media,2
2021,jovem,2,1,AP,alta,3
2021,jovem,2,1,BA,baixa,14
2021,jovem,2,1,BA,media,304
2021,jovem,2,1,BA,alta,118
2021,jovem,2,1,CE,baixa,2
2021,jovem,2,1,CE,media,10
2021,jovem,2,1,CE,alta,5
2021,jovem,2,1,DF,media,13
2021,jovem,2,1,DF,alta,5
2021,jovem,2,1,ES,media,13
2021,jovem,2,1,ES,alta,11
2021,jovem,2,1,GO,baixa,1
2021,jovem,2,1,GO,media,44
2021,jovem,2,1,GO,alta,34
2021,jovem,2,1,MA,baixa,4
2021,jovem,2,1,MA,media,54
2021,jovem,2,1,MA,alta,42
2021,jovem,2,1,MG,baixa,8
2021,jovem,2,1,MG,media,90
2021,jovem,2,1,MG,alta,92
2021,jovem,2,1,MS,baixa,2
2021,jovem,2,1,MS,media,5
2021,jovem,2,1,MS,alta,5
2021,jovem,2,1,MT,media,13
2021,jovem,2,1,MT,alta,22
2021,jovem,2,1,PA,baixa,1
2021,jovem,2,1,PA,media,51
2021,jovem,2,1,PA,alta,9
2021,jovem,2,1,PB,media,3
2021,jovem,2,1,PB,alta,1
2021,jovem,2,1,PE,baixa,4
2021,jovem,2,1,PE,media,50
2021,jovem,2,1,PE,alta,21
2021,jovem,2,1,PI,baixa,3
2021,jovem,2,1,PI,media,17
2021,jovem,2,1,PI,alta,14
2021,jovem,2,1,PR,baixa,4
2021,jovem,2,1,PR,media,18
2021,jovem,2,1,PR,alta,33
2021,jovem,2,1,RJ,baixa,6
2021,jovem,2,1,RJ,media,207
2021,jovem,2,1,RJ,alta,119
2021,jovem,2,1,RN,media,5
2021,jovem,2,1,RO,media,3
2021,jovem,2,1,RO,alta,6
2021,jovem,2,1,RR,media,1
2021,jovem,2,1,RR,alta,2
2021,jovem,2,1,RS,baixa,1
2021,jovem,2,1,RS,media,39
2021,jovem,2,1,RS,alta,23
2021,jovem,2,1,SC,media,13
2021,jovem,2,1,SC,alta,9
2021,jovem,2,1,SE,baixa,5
2021,jovem,2,1,SE,media,25
2021,jovem,2,1,SE,alta,9
2021,jovem,2,1,SP,baixa,7
2021,jovem,2,1,SP,media,86
2021,jovem,2,1,SP,alta,117
2021,jovem,2,1,TO,baixa,1
2021,jovem,2,1,TO,media,19
2021,jovem,2,1,TO,alta,11
2021,jovem,2,2,AL,alta,1
2021,jovem,2,2,AM,media,1
2021,jovem,2,2,AM,alta,2
2021,jovem,2,2,AP,baixa,1
2021,jovem,2,2,AP,media,1
2021,jovem,2,2,BA,baixa,4
2021,jovem,2,2,BA,media,39
2021,jovem,2,2,BA,alta,36
2021,jovem,2,2,CE,media,4
2021,jovem,2,2,CE,alta,3
2021,jovem,2,2,DF,media,5
2021,jovem,2,2,DF,alta,2
2021,jovem,2,2,ES,media,2
2021,jovem,2,2,ES,alta,3
2021,jovem,2,2,GO,baixa,2
2021,jovem,2,2,GO,media,8
2021,jovem,2,2,GO,alta,13
2021,jovem,2,2,MA,baixa,1
2021,jovem,2,2,MA,media,17
2021,jovem,2,2,MA,alta,21
2021,jovem,2,2,MG,baixa,3
2021,jovem,2,2,MG,media,25
2021,jovem,2,2,MG,alta,35
2021,jovem,2,2,MS,media,1
2021,jovem,2,2,MS,alta,1
2021,jovem,2,2,MT,baixa,1
2021,jovem,2,2,MT,media,4
2021,jovem,2,2,MT,alta,6
2021,jovem,2,2,PA,media,9
2021,jovem,2,2,PA,alta,7
2021,jovem,2,2,PE,media,11
2021,jovem,2,2,PE,alta,4
2021,jovem,2,2,PI,baixa,1
2021,jovem,2,2,PI,media,2
2021,jovem,2,2,PI,alta,5
2021,jovem,2,2,PR,media,3
2021,jovem,2,2,PR,alta,11
2021,jovem,2,2,RJ,baixa,6
2021,jovem,2,2,RJ,media,67
2021,jovem,2,2,RJ,alta,59
2021,jovem,2,2,RN,media,3
2021,jovem,2,2,RO,media,2
2021,jovem,2,2,RO,alta,3
2021,jovem,2,2,RS,baixa,1
2021,jovem,2,2,RS,media,13
2021,jovem,2,2,RS,alta,12
2021,jovem,2,2,SC,alta,6
2021,jovem,2,2,SE,media,2
2021,jovem,2,2,SE,alta,2
2021,jovem,2,2,SP,baixa,5
2021,jovem,2,2,SP,media,35
2021,jovem,2,2,SP,alta,52
2021,jovem,2,2,TO,media,2
2021,jovem,2,2,TO,alta,3
2021,jovem,3,1,AL,media,1
2021,jovem,3,1,AM,baixa,1
2021,jovem,3,1,AM,media,2
2021,jovem,3,1,AM,alta,1
2021,jovem,3,1,AP,media,2
2021,jovem,3,1,BA,media,1
2021,jovem,3,1,BA,alta,2
2021,jovem,3,1,CE,media,1
2021,jovem,3,1,CE,alta,1
2021,jovem,3,1,GO,media,2
2021,jovem,3,1,GO,alta,2
2021,jovem,3,1,MA,media,3
2021,jovem,3,1,MA,alta,1
2021,jovem,3,1,MG,alta,1
2021,jovem,3,1,MT,alta,2
2021,jovem,3,1,PA,media,1
2021,jovem,3,1,PB,media,1
2021,jovem,3,1,PE,media,1
2021,jovem,3,1,PE,alta,1
2021,jovem,3,1,PR,media,1
2021,jovem,3,1,PR,alta,2
2021,jovem,3,1,RJ,media,3
2021,jovem,3,1,RJ,alta,1
2021,jovem,3,1,RR,alta,1
2021,jovem,3,1,RS,media,1
2021,jovem,3,1,SP,baixa,1
2021,jovem,3,1,SP,media,5
2021,jovem,3,1,SP,alta,5
2021,jovem,3,2,BA,alta,1
2021,jovem,3,2,DF,alta,1
2021,jovem,3,2,MA,media,1
2021,jovem,3,2,MA,alta,1
2021,jovem,3,2,PE,media,1
2021,jovem,3,2,PR,media,1
2021,jovem,3,2,RJ,media,1
2021,jovem,3,2,RJ,alta,1
2021,jovem,3,2,RS,media,1
2021,jovem,3,2,SP,media,3
2021,jovem,3,2,SP,alta,4
2021,jovem,3,2,TO,alta,2
2021,jovem,4,0,ES,media,1
2021,jovem,4,0,GO,alta,1
2021,jovem,4,0,SE,media,1
2021,jovem,4,1,AC,baixa,5
2021,jovem,4,1,AC,media,13
2021,jovem,4,1,AC,alta,17
2021,jovem,4,1,AL,baixa,14
2021,jovem,4,1,AL,media,243
2021,jovem,4,1,AL,alta,214
2021,jovem,4,1,AM,baixa,27
2021,jovem,4,1,AM,media,266
2021,jovem,4,1,AM,alta,520
2021,jovem,4,1,AP,baixa,1
2021,jovem,4,1,AP,media,153
2021,jovem,4,1,AP,alta,52
2021,jovem,4,1,BA,baixa,46
2021,jovem,4,1,BA,media,1393
2021,jovem,4,1,BA,alta,569
2021,jovem,4,1,CE,baixa,49
2021,jovem,4,1,CE,media,655
2021,jovem,4,1,CE,alta,350
2021,jovem,4,1,DF,baixa,1
2021,jovem,4,1,DF,media,68
2021,jovem,4,1,DF,alta,49
2021,jovem,4,1,ES,baixa,2
2021,jovem,4,1,ES,media,95
2021,jovem,4,1,ES,alta,76
2021,jovem,4,1,GO,baixa,7
2021,jovem,4,1,GO,media,292
2021,jovem,4,1,GO,alta,346
2021,jovem,4,1,MA,baixa,33
2021,jovem,4,1,MA,media,399
2021,jovem,4,1,MA,alta,450
2021,jovem,4,1,MG,baixa,25
2021,jovem,4,1,MG,media,385
2021,jovem,4,1,MG,alta,416
2021,jovem,4,1,MS,baixa,12
2021,jovem,4,1,MS,media,83
2021,jovem,4,1,MS,alta,104
2021,jovem,4,1,MT,baixa,2
2021,jovem,4,1,MT,media,151
2021,jovem,4,1,MT,alta,197
2021,jovem,4,1,PA,baixa,33
2021,jovem,4,1,PA,media,667
2021,jovem,4,1,PA,alta,333
2021,jovem,4,1,PB,baixa,4
2021,jovem,4,1,PB,media,84
2021,jovem,4,1,PB,alta,39
2021,jovem,4,1,PE,baixa,47
2021,jovem,4,1,PE,media,842
2021,jovem,4,1,PE,alta,349
2021,jovem,4,1,PI,baixa,12
2021,jovem,4,1,PI,media,172
2021,jovem,4,1,PI,alta,109
2021,jovem,4,1,PR,baixa,14
2021,jovem,4,1,PR,media,204
2021,jovem,4,1,PR,alta,287
2021,jovem,4,1,RJ,baixa,21
2021,jovem,4,1,RJ,media,685
2021,jovem,4,1,RJ,alta,351
2021,jovem,4,1,RN,baixa,8
2021,jovem,4,1,RN,media,136
2021,jovem,4,1,RN,alta,34
2021,jovem,4,1,RO,baixa,3
2021,jovem,4,1,RO,media,44
2021,jovem,4,1,RO,alta,99
2021,jovem,4,1,RR,baixa,2
2021,jovem,4,1,RR,media,31
2021,jovem,4,1,RR,alta,67
2021,jovem,4,1,RS,baixa,1
2021,jovem,4,1,RS,media,44
2021,jovem,4,1,RS,alta,38
2021,jovem,4,1,SC,baixa,1
2021,jovem,4,1,SC,media,49
2021,jovem,4,1,SC,alta,41
2021,jovem,4,1,SE,baixa,16
2021,jovem,4,1,SE,media,258
2021,jovem,4,1,SE,alta,112
2021,jovem,4,1,SP,baixa,36
2021,jovem,4,1,SP,media,501
2021,jovem,4,1,SP,alta,657
2021,jovem,4,1,TO,baixa,4
2021,jovem,4,1,TO,media,82
2021,jovem,4,1,TO,alta,80
2021,jovem,4,2,AC,baixa,2
2021,jovem,4,2,AC,media,9
2021,jovem,4,2,AC,alta,14
2021,jovem,4,2,AL,baixa,2
2021,jovem,4,2,AL,media,41
2021,jovem,4,2,AL,alta,32
2021,jovem,4,2,AM,baixa,11
2021,jovem,4,2,AM,media,67
2021,jovem,4,2,AM,alta,137
2021,jovem,4,2,AP,baixa,2
2021,jovem,4,2,AP,media,17
2021,jovem,4,2,AP,alta,10
2021,jovem,4,2,BA,baixa,24
2021,jovem,4,2,BA,media,178
2021,jovem,4,2,BA,alta,129
2021,jovem,4,2,CE,baixa,15
2021,jovem,4,2,CE,media,165
2021,jovem,4,2,CE,alta,97
2021,jovem,4,2,DF,baixa,1
2021,jovem,4,2,DF,media,18
2021,jovem,4,2,DF,alta,22
2021,jovem,4,2,ES,baixa,3
2021,jovem,4,2,ES,media,19
2021,jovem,4,2,ES,alta,23
2021,jovem,4,2,GO,baixa,3
2021,jovem,4,2,GO,media,65
2021,jovem,4,2,GO,alta,73
2021,jovem,4,2,MA,baixa,17
2021,jovem,4,2,MA,media,91
2021,jovem,4,2,MA,alta,120
2021,jovem,4,2,MG,baixa,14
2021,jovem,4,2,MG,media,125
2021,jovem,4,2,MG,alta,147
2021,jovem,4,2,MS,baixa,7
2021,jovem,4,2,MS,media,25
2021,jovem,4,2,MS,alta,47
2021,jovem,4,2,MT,baixa,2
2021,jovem,4,2,MT,media,30
2021,jovem,4,2,MT,alta,56
2021,jovem,4,2,PA,baixa,17
2021,jovem,4,2,PA,media,167
2021,jovem,4,2,PA,alta,125
2021,jovem,4,2,PB,baixa,3
2021,jovem,4,2,PB,media,23
2021,jovem,4,2,PB,alta,19
2021,jovem,4,2,PE,baixa,13
2021,jovem,4,2,PE,media,142
2021,jovem,4,2,PE,alta,97
2021,jovem,4,2,PI,baixa,2
2021,jovem,4,2,PI,media,61
2021,jovem,4,2,PI,alta,36
2021,jovem,4,2,PR,baixa,6
2021,jovem,4,2,PR,media,49
2021,jovem,4,2,PR,alta,96
2021,jovem,4,2,RJ,baixa,9
2021,jovem,4,2,RJ,media,154
2021,jovem,4,2,RJ,alta,108
2021,jovem,4,2,RN,baixa,2
2021,jovem,4,2,RN,media,25
2021,jovem,4,2,RN,alta,15
2021,jovem,4,2,RO,baixa,2
2021,jovem,4,2,RO,media,17
2021,jovem,4,2,RO,alta,31
2021,jovem,4,2,RR,media,12
2021,jovem,4,2,RR,alta,20
2021,jovem,4,2,RS,baixa,3
2021,jovem,4,2,RS,media,13
2021,jovem,4,2,RS,alta,13
2021,jovem,4,2,SC,baixa,1
2021,jovem,4,2,SC,media,13
2021,jovem,4,2,SC,alta,17
2021,jovem,4,2,SE,baixa,5
2021,jovem,4,2,SE,media,30
2021,jovem,4,2,SE,alta,23
2021,jovem,4,2,SP,baixa,23
2021,jovem,4,2,SP,media,149
2021,jovem,4,2,SP,alta,241
2021,jovem,4,2,TO,baixa,2
2021,jovem,4,2,TO,media,29
2021,jovem,4,2,TO,alta,24
2021,jovem,5,1,AC,media,1
2021,jovem,5,1,AC,alta,1
2021,jovem,5,1,AL,media,1
2021,jovem,5,1,AM,baixa,10
2021,jovem,5,1,AM,media,31
2021,jovem,5,1,AM,alta,21
2021,jovem,5,1,AP,baixa,1
2021,jovem,5,1,BA,media,2
2021,jovem,5,1,CE,media,1
2021,jovem,5,1,DF,media,2
2021,jovem,5,1,ES,baixa,1
2021,jovem,5,1,ES,media,2
2021,jovem,5,1,GO,media,2
2021,jovem,5,1,MA,baixa,4
2021,jovem,5,1,MA,media,6
2021,jovem,5,1,MA,alta,2
2021,jovem,5,1,MG,baixa,1
2021,jovem,5,1,MG,media,2
2021,jovem,5,1,MS,baixa,1
2021,jovem,5,1,MS,media,16
2021,jovem,5,1,MS,alta,16
2021,jovem,5,1,MT,media,7
2021,jovem,5,1,MT,alta,3
2021,jovem,5,1,PA,media,6
2021,jovem,5,1,PA,alta,2
2021,jovem,5,1,PB,media,1
2021,jovem,5,1,PE,media,1
2021,jovem,5,1,PR,baixa,1
2021,jovem,5,1,PR,media,5
2021,jovem,5,1,PR,alta,5
2021,jovem,5,1,RN,media,1
2021,jovem,5,1,RO,media,1
2021,jovem,5,1,RO,alta,1
2021,jovem,5,1,RR,baixa,18
2021,jovem,5,1,RR,media,5
2021,jovem,5,1,RR,alta,10
2021,jovem,5,1,RS,media,2
2021,jovem,5,1,RS,alta,1
2021,jovem,5,1,SC,alta,4
2021,jovem,5,1,SP,alta,3
2021,jovem,5,1,TO,baixa,1
2021,jovem,5,1,TO,media,1
2021,jovem,5,1,TO,alta,2
2021,jovem,5,2,AC,baixa,2
2021,jovem,5,2,AM,baixa,6
2021,jovem,5,2,AM,media,13
2021,jovem,5,2,AM,alta,17
2021,jovem,5,2,BA,baixa,1
2021,jovem,5,2,BA,media,2
2021,jovem,5,2,BA,alta,1
2021,jovem,5,2,CE,baixa,1
2021,jovem,5,2,CE,media,1
2021,jovem,5,2,CE,alta,1
2021,jovem,5,2,MA,media,3
2021,jovem,5,2,MA,alta,1
2021,jovem,5,2,MG,media,1
2021,jovem,5,2,MS,media,10
2021,jovem,5,2,MS,alta,2
2021,jovem,5,2,MT,media,5
2021,jovem,5,2,PA,media,5
2021,jovem,5,2,PB,baixa,1
2021,jovem,5,2,PE,alta,3
2021,jovem,5,2,PR,media,1
2021,jovem,5,2,PR,alta,3
2021,jovem,5,2,RJ,media,1
2021,jovem,5,2,RR,baixa,10
2021,jovem,5,2,RR,media,4
2021,jovem,5,2,RR,alta,2
2021,jovem,5,2,RS,baixa,1
2021,jovem,5,2,RS,media,2
2021,jovem,5,2,SC,alta,1
2021,jovem,5,2,SP,alta,1
2021,meia-idade,1,0,SP,alta,2
2021,meia-idade,1,1,AC,baixa,2
2021,meia-idade,1,1,AC,media,12
2021,meia-idade,1,1,AC,alta,9
2021,meia-idade,1,1,AL,baixa,28
2021,meia-idade,1,1,AL,media,110
2021,meia-idade,1,1,AL,alta,48
2021,meia-idade,1,1,AM,baixa,14
2021,meia-idade,1,1,AM,media,201
2021,meia-idade,1,1,AM,alta,174
2021,meia-idade,1,1,AP,baixa,7
2021,meia-idade,1,1,AP,media,37
2021,meia-idade,1,1,AP,alta,17
2021,meia-idade,1,1,BA,baixa,103
2021,meia-idade,1,1,BA,media,546
2021,meia-idade,1,1,BA,alta,321
2021,meia-idade,1,1,CE,baixa,126
2021,meia-idade,1,1,CE,media,582
2021,meia-idade,1,1,CE,alta,308
2021,meia-idade,1,1,DF,baixa,22
2021,meia-idade,1,1,DF,media,384
2021,meia-idade,1,1,DF,alta,222
2021,meia-idade,1,1,ES,baixa,22
2021,meia-idade,1,1,ES,media,329
2021,meia-idade,1,1,ES,alta,211
2021,meia-idade,1,1,GO,baixa,108
2021,meia-idade,1,1,GO,media,1177
2021,meia-idade,1,1,GO,alta,743
2021,meia-idade,1,1,MA,baixa,55
2021,meia-idade,1,1,MA,media,268
2021,meia-idade,1,1,MA,alta,217
2021,meia-idade,1,1,MG,baixa,253
2021,meia-idade,1,1,MG,media,3396
2021,meia-idade,1,1,MG,alta,2209
2021,meia-idade,1,1,MS,baixa,52
2021,meia-idade,1,1,MS,media,504
2021,meia-idade,1,1,MS,alta,481
2021,meia-idade,1,1,MT,baixa,44
2021,meia-idade,1,1,MT,media,537
2021,meia-idade,1,1,MT,alta,372
2021,meia-idade,1,1,PA,baixa,32
2021,meia-idade,1,1,PA,media,361
2021,meia-idade,1,1,PA,alta,173
2021,meia-idade,1,1,PB,baixa,34
2021,meia-idade,1,1,PB,media,196
2021,meia-idade,1,1,PB,alta,57
2021,meia-idade,1,1,PE,baixa,167
2021,meia-idade,1,1,PE,media,965
2021,meia-idade,1,1,PE,alta,482
2021,meia-idade,1,1,PI,baixa,28
2021,meia-idade,1,1,PI,media,160
2021,meia-idade,1,1,PI,alta,57
2021,meia-idade,1,1,PR,baixa,288
2021,meia-idade,1,1,PR,media,4345
2021,meia-idade,1,1,PR,alta,3229
2021,meia-idade,1,1,RJ,baixa,143
2021,meia-idade,1,1,RJ,media,2612
2021,meia-idade,1,1,RJ,alta,1645
2021,meia-idade,1,1,RN,baixa,54
2021,meia-idade,1,1,RN,media,264
2021,meia-idade,1,1,RN,alta,121
2021,meia-idade,1,1,RO,baixa,12
2021,meia-idade,1,1,RO,media,208
2021,meia-idade,1,1,RO,alta,130
2021,meia-idade,1,1,RR,baixa,4
2021,meia-idade,1,1,RR,media,39
2021,meia-idade,1,1,RR,alta,29
2021,meia-idade,1,1,RS,baixa,190
2021,meia-idade,1,1,RS,media,3034
2021,meia-idade,1,1,RS,alta,1966
2021,meia-idade,1,1,SC,baixa,145
2021,meia-idade,1,1,SC,media,2720
2021,meia-idade,1,1,SC,alta,1832
2021,meia-idade,1,1,SE,baixa,34
2021,meia-idade,1,1,SE,media,121
2021,meia-idade,1,1,SE,alta,101
2021,meia-idade,1,1,SP,baixa,536
2021,meia-idade,1,1,SP,media,11037
2021,meia-idade,1,1,SP,alta,9510
2021,meia-idade,1,1,TO,baixa,18
2021,meia-idade,1,1,TO,media,124
2021,meia-idade,1,1,TO,alta,71
2021,meia-idade,1,2,AC,baixa,2
2021,meia-idade,1,2,AC,media,18
2021,meia-idade,1,2,AC,alta,5
2021,meia-idade,1,2,AL,baixa,42
2021,meia-idade,1,2,AL,media,77
2021,meia-idade,1,2,AL,alta,48
2021,meia-idade,1,2,AM,baixa,13
2021,meia-idade,1,2,AM,media,182
2021,meia-idade,1,2,AM,alta,172
2021,meia-idade,1,2,AP,baixa,4
2021,meia-idade,1,2,AP,media,16
2021,meia-idade,1,2,AP,alta,6
2021,meia-idade,1,2,BA,baixa,79
2021,meia-idade,1,2,BA,media,436
2021,meia-idade,1,2,BA,alta,250
2021,meia-idade,1,2,CE,baixa,108
2021,meia-idade,1,2,CE,media,486
2021,meia-idade,1,2,CE,alta,266
2021,meia-idade,1,2,DF,baixa,17
2021,meia-idade,1,2,DF,media,278
2021,meia-idade,1,2,DF,alta,160
2021,meia-idade,1,2,ES,baixa,22
2021,meia-idade,1,2,ES,media,200
2021,meia-idade,1,2,ES,alta,131
2021,meia-idade,1,2,GO,baixa,78
2021,meia-idade,1,2,GO,media,824
2021,meia-idade,1,2,GO,alta,528
2021,meia-idade,1,2,MA,baixa,46
2021,meia-idade,1,2,MA,media,212
2021,meia-idade,1,2,MA,alta,151
2021,meia-idade,1,2,MG,baixa,230
2021,meia-idade,1,2,MG,media,2383
2021,meia-idade,1,2,MG,alta,1410
2021,meia-idade,1,2,MS,baixa,30
2021,meia-idade,1,2,MS,media,371
2021,meia-idade,1,2,MS,alta,300
2021,meia-idade,1,2,MT,baixa,29
2021,meia-idade,1,2,MT,media,348
2021,meia-idade,1,2,MT,alta,200
2021,meia-idade,1,2,PA,baixa,38
2021,meia-idade,1,2,PA,media,269
2021,meia-idade,1,2,PA,alta,156
2021,meia-idade,1,2,PB,baixa,27
2021,meia-idade,1,2,PB,media,201
2021,meia-idade,1,2,PB,alta,53
2021,meia-idade,1,2,PE,baixa,154
2021,meia-idade,1,2,PE,media,788
2021,meia-idade,1,2,PE,alta,415
2021,meia-idade,1,2,PI,baixa,23
2021,meia-idade,1,2,PI,media,133
2021,meia-idade,1,2,PI,alta,53
2021,meia-idade,1,2,PR,baixa,299
2021,meia-idade,1,2,PR,media,2820
2021,meia-idade,1,2,PR,alta,1854
2021,meia-idade,1,2,RJ,baixa,119
2021,meia-idade,1,2,RJ,media,2272
2021,meia-idade,1,2,RJ,alta,1506
2021,meia-idade,1,2,RN,baixa,52
2021,meia-idade,1,2,RN,media,215
2021,meia-idade,1,2,RN,alta,105
2021,meia-idade,1,2,RO,baixa,8
2021,meia-idade,1,2,RO,media,130
2021,meia-idade,1,2,RO,alta,75
2021,meia-idade,1,2,RR,baixa,1
2021,meia-idade,1,2,RR,media,18
2021,meia-idade,1,2,RR,alta,22
2021,meia-idade,1,2,RS,baixa,147
2021,meia-idade,1,2,RS,media,2075
2021,meia-idade,1,2,RS,alta,1307
2021,meia-idade,1,2,SC,baixa,91
2021,meia-idade,1,2,SC,media,1669
2021,meia-idade,1,2,SC,alta,1055
2021,meia-idade,1,2,SE,baixa,26
2021,meia-idade,1,2,SE,media,142
2021,meia-idade,1,2,SE,alta,76
2021,meia-idade,1,2,SP,baixa,482
2021,meia-idade,1,2,SP,media,7681
2021,meia-idade,1,2,SP,alta,5945
2021,meia-idade,1,2,TO,baixa,7
2021,meia-idade,1,2,TO,media,83
2021,meia-idade,1,2,TO,alta,34
2021,meia-idade,2,0,SP,media,1
2021,meia-idade,2,1,AC,baixa,2
2021,meia-idade,2,1,AC,media,3
2021,meia-idade,2,1,AC,alta,3
2021,meia-idade,2,1,AL,baixa,25
2021,meia-idade,2,1,AL,media,29
2021,meia-idade,2,1,AL,alta,12
2021,meia-idade,2,1,AM,baixa,7
2021,meia-idade,2,1,AM,media,35
2021,meia-idade,2,1,AM,alta,31
2021,meia-idade,2,1,AP,baixa,8
2021,meia-idade,2,1,AP,media,13
2021,meia-idade,2,1,AP,alta,14
2021,meia-idade,2,1,BA,baixa,216
2021,meia-idade,2,1,BA,media,802
2021,meia-idade,2,1,BA,alta,321
2021,meia-idade,2,1,CE,baixa,49
2021,meia-idade,2,1,CE,media,133
2021,meia-idade,2,1,CE,alta,52
2021,meia-idade,2,1,DF,baixa,10
2021,meia-idade,2,1,DF,media,116
2021,meia-idade,2,1,DF,alta,58
2021,meia-idade,2,1,ES,baixa,22
2021,meia-idade,2,1,ES,media,123
2021,meia-idade,2,1,ES,alta,71
2021,meia-idade,2,1,GO,baixa,70
2021,meia-idade,2,1,GO,media,296
2021,meia-idade,2,1,GO,alta,149
2021,meia-idade,2,1,MA,baixa,102
2021,meia-idade,2,1,MA,media,224
2021,meia-idade,2,1,MA,alta,86
2021,meia-idade,2,1,MG,baixa,153
2021,meia-idade,2,1,MG,media,1192
2021,meia-idade,2,1,MG,alta,431
2021,meia-idade,2,1,MS,baixa,13
2021,meia-idade,2,1,MS,media,65
2021,meia-idade,2,1,MS,alta,48
2021,meia-idade,2,1,MT,baixa,29
2021,meia-idade,2,1,MT,media,143
2021,meia-idade,2,1,MT,alta,78
2021,meia-idade,2,1,PA,baixa,42
2021,meia-idade,2,1,PA,media,158
2021,meia-idade,2,1,PA,alta,45
2021,meia-idade,2,1,PB,baixa,21
2021,meia-idade,2,1,PB,media,26
2021,meia-idade,2,1,PB,alta,8
2021,meia-idade,2,1,PE,baixa,98
2021,meia-idade,2,1,PE,media,310
2021,meia-idade,2,1,PE,alta,108
2021,meia-idade,2,1,PI,baixa,60
2021,meia-idade,2,1,PI,media,90
2021,meia-idade,2,1,PI,alta,18
2021,meia-idade,2,1,PR,baixa,37
2021,meia-idade,2,1,PR,media,299
2021,meia-idade,2,1,PR,alta,186
2021,meia-idade,2,1,RJ,baixa,101
2021,meia-idade,2,1,RJ,media,1256
2021,meia-idade,2,1,RJ,alta,614
2021,meia-idade,2,1,RN,baixa,24
2021,meia-idade,2,1,RN,media,57
2021,meia-idade,2,1,RN,alta,14
2021,meia-idade,2,1,RO,baixa,7
2021,meia-idade,2,1,RO,media,40
2021,meia-idade,2,1,RO,alta,18
2021,meia-idade,2,1,RR,baixa,1
2021,meia-idade,2,1,RR,media,16
2021,meia-idade,2,1,RR,alta,6
2021,meia-idade,2,1,RS,baixa,39
2021,meia-idade,2,1,RS,media,313
2021,meia-idade,2,1,RS,alta,146
2021,meia-idade,2,1,SC,baixa,9
2021,meia-idade,2,1,SC,media,113
2021,meia-idade,2,1,SC,alta,49
2021,meia-idade,2,1,SE,baixa,41
2021,meia-idade,2,1,SE,media,90
2021,meia-idade,2,1,SE,alta,46
2021,meia-idade,2,1,SP,baixa,132
2021,meia-idade,2,1,SP,media,1682
2021,meia-idade,2,1,SP,alta,1189
2021,meia-idade,2,1,TO,baixa,20
2021,meia-idade,2,1,TO,media,73
2021,meia-idade,2,1,TO,alta,16
2021,meia-idade,2,2,AC,baixa,1
2021,meia-idade,2,2,AC,media,4
2021,meia-idade,2,2,AC,alta,2
2021,meia-idade,2,2,AL,baixa,18
2021,meia-idade,2,2,AL,media,19
2021,meia-idade,2,2,AL,alta,11
2021,meia-idade,2,2,AM,baixa,3
2021,meia-idade,2,2,AM,media,17
2021,meia-idade,2,2,AM,alta,21
2021,meia-idade,2,2,AP,baixa,2
2021,meia-idade,2,2,AP,media,9
2021,meia-idade,2,2,AP,alta,5
2021,meia-idade,2,2,BA,baixa,128
2021,meia-idade,2,2,BA,media,481
2021,meia-idade,2,2,BA,alta,235
2021,meia-idade,2,2,CE,baixa,28
2021,meia-idade,2,2,CE,media,86
2021,meia-idade,2,2,CE,alta,19
2021,meia-idade,2,2,DF,baixa,6
2021,meia-idade,2,2,DF,media,72
2021,meia-idade,2,2,DF,alta,22
2021,meia-idade,2,2,ES,baixa,15
2021,meia-idade,2,2,ES,media,65
2021,meia-idade,2,2,ES,alta,35
2021,meia-idade,2,2,GO,baixa,34
2021,meia-idade,2,2,GO,media,181
2021,meia-idade,2,2,GO,alta,81
2021,meia-idade,2,2,MA,baixa,58
2021,meia-idade,2,2,MA,media,136
2021,meia-idade,2,2,MA,alta,44
2021,meia-idade,2,2,MG,baixa,104
2021,meia-idade,2,2,MG,media,745
2021,meia-idade,2,2,MG,alta,284
2021,meia-idade,2,2,MS,baixa,8
2021,meia-idade,2,2,MS,media,62
2021,meia-idade,2,2,MS,alta,30
2021,meia-idade,2,2,MT,baixa,20
2021,meia-idade,2,2,MT,media,79
2021,meia-idade,2,2,MT,alta,47
2021,meia-idade,2,2,PA,baixa,34
2021,meia-idade,2,2,PA,media,94
2021,meia-idade,2,2,PA,alta,25
2021,meia-idade,2,2,PB,baixa,5
2021,meia-idade,2,2,PB,media,33
2021,meia-idade,2,2,PB,alta,8
2021,meia-idade,2,2,PE,baixa,42
2021,meia-idade,2,2,PE,media,187
2021,meia-idade,2,2,PE,alta,81
2021,meia-idade,2,2,PI,baixa,18
2021,meia-idade,2,2,PI,media,55
2021,meia-idade,2,2,PI,alta,15
2021,meia-idade,2,2,PR,baixa,27
2021,meia-idade,2,2,PR,media,166
2021,meia-idade,2,2,PR,alta,90
2021,meia-idade,2,2,RJ,baixa,126
2021,meia-idade,2,2,RJ,media,1115
2021,meia-idade,2,2,RJ,alta,519
2021,meia-idade,2,2,RN,baixa,15
2021,meia-idade,2,2,RN,media,33
2021,meia-idade,2,2,RN,alta,19
2021,meia-idade,2,2,RO,baixa,5
2021,meia-idade,2,2,RO,media,25
2021,meia-idade,2,2,RO,alta,10
2021,meia-idade,2,2,RR,baixa,1
2021,meia-idade,2,2,RR,media,5
2021,meia-idade,2,2,RR,alta,2
2021,meia-idade,2,2,RS,baixa,22
2021,meia-idade,2,2,RS,media,246
2021,meia-idade,2,2,RS,alta,108
2021,meia-idade,2,2,SC,baixa,8
2021,meia-idade,2,2,SC,media,77
2021,meia-idade,2,2,SC,alta,38
2021,meia-idade,2,2,SE,baixa,18
2021,meia-idade,2,2,SE,media,52
2021,meia-idade,2,2,SE,alta,35
2021,meia-idade,2,2,SP,baixa,108
2021,meia-idade,2,2,SP,media,1044
2021,meia-idade,2,2,SP,alta,685
2021,meia-idade,2,2,TO,baixa,12
2021,meia-idade,2,2,TO,media,43
2021,meia-idade,2,2,TO,alta,11
2021,meia-idade,3,1,AL,baixa,1
2021,meia-idade,3,1,AL,media,2
2021,meia-idade,3,1,AL,alta,3
2021,meia-idade,3,1,AM,media,4
2021,meia-idade,3,1,AM,alta,3
2021,meia-idade,3,1,BA,media,10
2021,meia-idade,3,1,BA,alta,3
2021,meia-idade,3,1,CE,baixa,5
2021,meia-idade,3,1,CE,media,11
2021,meia-idade,3,1,CE,alta,5
2021,meia-idade,3,1,DF,media,8
2021,meia-idade,3,1,DF,alta,3
2021,meia-idade,3,1,GO,baixa,1
2021,meia-idade,3,1,GO,media,17
2021,meia-idade,3,1,GO,alta,12
2021,meia-idade,3,1,MA,baixa,2
2021,meia-idade,3,1,MA,media,7
2021,meia-idade,3,1,MA,alta,6
2021,meia-idade,3,1,MG,baixa,1
2021,meia-idade,3,1,MG,media,24
2021,meia-idade,3,1,MG,alta,7
2021,meia-idade,3,1,MS,media,14
2021,meia-idade,3,1,MS,alta,4
2021,meia-idade,3,1,MT,baixa,1
2021,meia-idade,3,1,MT,media,12
2021,meia-idade,3,1,MT,alta,15
2021,meia-idade,3,1,PA,media,3
2021,meia-idade,3,1,PA,alta,3
2021,meia-idade,3,1,PB,media,4
2021,meia-idade,3,1,PE,baixa,1
2021,meia-idade,3,1,PE,media,7
2021,meia-idade,3,1,PE,alta,2
2021,meia-idade,3,1,PI,media,5
2021,meia-idade,3,1,PR,baixa,4
2021,meia-idade,3,1,PR,media,25
2021,meia-idade,3,1,PR,alta,29
2021,meia-idade,3,1,RJ,media,8
2021,meia-idade,3,1,RJ,alta,7
2021,meia-idade,3,1,RN,baixa,1
2021,meia-idade,3,1,RN,media,3
2021,meia-idade,3,1,RO,media,3
2021,meia-idade,3,1,RO,alta,1
2021,meia-idade,3,1,RR,media,1
2021,meia-idade,3,1,RR,alta,2
2021,meia-idade,3,1,RS,media,4
2021,meia-idade,3,1,RS,alta,3
2021,meia-idade,3,1,SC,media,4
2021,meia-idade,3,1,SC,alta,1
2021,meia-idade,3,1,SE,media,1
2021,meia-idade,3,1,SE,alta,1
2021,meia-idade,3,1,SP,baixa,3
2021,meia-idade,3,1,SP,media,117
2021,meia-idade,3,1,SP,alta,104
2021,meia-idade,3,1,TO,baixa,2
2021,meia-idade,3,1,TO,media,4
2021,meia-idade,3,1,TO,alta,1
2021,meia-idade,3,2,AM,baixa,1
2021,meia-idade,3,2,AM,media,5
2021,meia-idade,3,2,AM,alta,1
2021,meia-idade,3,2,AP,media,1
2021,meia-idade,3,2,BA,baixa,4
2021,meia-idade,3,2,BA,media,3
2021,meia-idade,3,2,BA,alta,2
2021,meia-idade,3,2,CE,baixa,3
2021,meia-idade,3,2,CE,media,8
2021,meia-idade,3,2,DF,baixa,1
2021,meia-idade,3,2,DF,media,3
2021,meia-idade,3,2,DF,alta,5
2021,meia-idade,3,2,ES,media,1
2021,meia-idade,3,2,GO,baixa,1
2021,meia-idade,3,2,GO,media,20
2021,meia-idade,3,2,GO,alta,8
2021,meia-idade,3,2,MA,baixa,2
2021,meia-idade,3,2,MA,media,8
2021,meia-idade,3,2,MA,alta,2
2021,meia-idade,3,2,MG,media,13
2021,meia-idade,3,2,MG,alta,8
2021,meia-idade,3,2,MS,baixa,1
2021,meia-idade,3,2,MS,media,6
2021,meia-idade,3,2,MS,alta,4
2021,meia-idade,3,2,MT,media,11
2021,meia-idade,3,2,MT,alta,8
2021,meia-idade,3,2,PA,media,1
2021,meia-idade,3,2,PA,alta,1
2021,meia-idade,3,2,PB,baixa,1
2021,meia-idade,3,2,PB,media,4
2021,meia-idade,3,2,PB,alta,1
2021,meia-idade,3,2,PE,baixa,2
2021,meia-idade,3,2,PE,media,8
2021,meia-idade,3,2,PE,alta,3
2021,meia-idade,3,2,PI,alta,1
2021,meia-idade,3,2,PR,media,14
2021,meia-idade,3,2,PR,alta,7
2021,meia-idade,3,2,RJ,media,12
2021,meia-idade,3,2,RJ,alta,5
2021,meia-idade,3,2,RN,media,3
2021,meia-idade,3,2,RO,media,3
2021,meia-idade,3,2,RO,alta,1
2021,meia-idade,3,2,RS,baixa,1
2021,meia-idade,3,2,RS,media,2
2021,meia-idade,3,2,RS,alta,1
2021,meia-idade,3,2,SC,media,4
2021,meia-idade,3,2,SC,alta,2
2021,meia-idade,3,2,SP,baixa,3
2021,meia-idade,3,2,SP,media,75
2021,meia-idade,3,2,SP,alta,52
2021,meia-idade,3,2,TO,media,2
2021,meia-idade,4,0,SP,media,1
2021,meia-idade,4,0,SP,alta,2
2021,meia-idade,4,1,AC,baixa,33
2021,meia-idade,4,1,AC,media,66
2021,meia-idade,4,1,AC,alta,33
2021,meia-idade,4,1,AL,baixa,214
2021,meia-idade,4,1,AL,media,434
2021,meia-idade,4,1,AL,alta,228
2021,meia-idade,4,1,AM,baixa,178
2021,meia-idade,4,1,AM,media,972
2021,meia-idade,4,1,AM,alta,811
2021,meia-idade,4,1,AP,baixa,28
2021,meia-idade,4,1,AP,media,135
2021,meia-idade,4,1,AP,alta,79
2021,meia-idade,4,1,BA,baixa,698
2021,meia-idade,4,1,BA,media,2542
2021,meia-idade,4,1,BA,alta,1061
2021,meia-idade,4,1,CE,baixa,817
2021,meia-idade,4,1,CE,media,2559
2021,meia-idade,4,1,CE,alta,930
2021,meia-idade,4,1,DF,baixa,42
2021,meia-idade,4,1,DF,media,566
2021,meia-idade,4,1,DF,alta,308
2021,meia-idade,4,1,ES,baixa,84
2021,meia-idade,4,1,ES,media,466
2021,meia-idade,4,1,ES,alta,287
2021,meia-idade,4,1,GO,baixa,245
2021,meia-idade,4,1,GO,media,1879
2021,meia-idade,4,1,GO,alta,945
2021,meia-idade,4,1,MA,baixa,485
2021,meia-idade,4,1,MA,media,1257
2021,meia-idade,4,1,MA,alta,616
2021,meia-idade,4,1,MG,baixa,509
2021,meia-idade,4,1,MG,media,3794
2021,meia-idade,4,1,MG,alta,1573
2021,meia-idade,4,1,MS,baixa,107
2021,meia-idade,4,1,MS,media,676
2021,meia-idade,4,1,MS,alta,504
2021,meia-idade,4,1,MT,baixa,128
2021,meia-idade,4,1,MT,media,901
2021,meia-idade,4,1,MT,alta,518
2021,meia-idade,4,1,PA,baixa,371
2021,meia-idade,4,1,PA,media,1548
2021,meia-idade,4,1,PA,alta,740
2021,meia-idade,4,1,PB,baixa,168
2021,meia-idade,4,1,PB,media,489
2021,meia-idade,4,1,PB,alta,124
2021,meia-idade,4,1,PE,baixa,725
2021,meia-idade,4,1,PE,media,2615
2021,meia-idade,4,1,PE,alta,852
2021,meia-idade,4,1,PI,baixa,247
2021,meia-idade,4,1,PI,media,691
2021,meia-idade,4,1,PI,alta,198
2021,meia-idade,4,1,PR,baixa,168
2021,meia-idade,4,1,PR,media,1414
2021,meia-idade,4,1,PR,alta,827
2021,meia-idade,4,1,RJ,baixa,178
2021,meia-idade,4,1,RJ,media,2482
2021,meia-idade,4,1,RJ,alta,1200
2021,meia-idade,4,1,RN,baixa,170
2021,meia-idade,4,1,RN,media,484
2021,meia-idade,4,1,RN,alta,195
2021,meia-idade,4,1,RO,baixa,50
2021,meia-idade,4,1,RO,media,392
2021,meia-idade,4,1,RO,alta,205
2021,meia-idade,4,1,RR,baixa,19
2021,meia-idade,4,1,RR,media,175
2021,meia-idade,4,1,RR,alta,114
2021,meia-idade,4,1,RS,baixa,40
2021,meia-idade,4,1,RS,media,328
2021,meia-idade,4,1,RS,alta,147
2021,meia-idade,4,1,SC,baixa,23
2021,meia-idade,4,1,SC,media,251
2021,meia-idade,4,1,SC,alta,114
2021,meia-idade,4,1,SE,baixa,155
2021,meia-idade,4,1,SE,media,568
2021,meia-idade,4,1,SE,alta,302
2021,meia-idade,4,1,SP,baixa,409
2021,meia-idade,4,1,SP,media,5420
2021,meia-idade,4,1,SP,alta,3495
2021,meia-idade,4,1,TO,baixa,96
2021,meia-idade,4,1,TO,media,379
2021,meia-idade,4,1,TO,alta,137
2021,meia-idade,4,2,AC,baixa,28
2021,meia-idade,4,2,AC,media,65
2021,meia-idade,4,2,AC,alta,33
2021,meia-idade,4,2,AL,baixa,128
2021,meia-idade,4,2,AL,media,268
2021,meia-idade,4,2,AL,alta,123
2021,meia-idade,4,2,AM,baixa,113
2021,meia-idade,4,2,AM,media,555
2021,meia-idade,4,2,AM,alta,605
2021,meia-idade,4,2,AP,baixa,23
2021,meia-idade,4,2,AP,media,101
2021,meia-idade,4,2,AP,alta,46
2021,meia-idade,4,2,BA,baixa,424
2021,meia-idade,4,2,BA,media,1489
2021,meia-idade,4,2,BA,alta,737
2021,meia-idade,4,2,CE,baixa,435
2021,meia-idade,4,2,CE,media,1641
2021,meia-idade,4,2,CE,alta,570
2021,meia-idade,4,2,DF,baixa,42
2021,meia-idade,4,2,DF,media,332
2021,meia-idade,4,2,DF,alta,168
2021,meia-idade,4,2,ES,baixa,52
2021,meia-idade,4,2,ES,media,259
2021,meia-idade,4,2,ES,alta,176
2021,meia-idade,4,2,GO,baixa,165
2021,meia-idade,4,2,GO,media,1026
2021,meia-idade,4,2,GO,alta,570
2021,meia-idade,4,2,MA,baixa,319
2021,meia-idade,4,2,MA,media,776
2021,meia-idade,4,2,MA,alta,368
2021,meia-idade,4,2,MG,baixa,331
2021,meia-idade,4,2,MG,media,2301
2021,meia-idade,4,2,MG,alta,982
2021,meia-idade,4,2,MS,baixa,78
2021,meia-idade,4,2,MS,media,438
2021,meia-idade,4,2,MS,alta,304
2021,meia-idade,4,2,MT,baixa,77
2021,meia-idade,4,2,MT,media,482
2021,meia-idade,4,2,MT,alta,343
2021,meia-idade,4,2,PA,baixa,208
2021,meia-idade,4,2,PA,media,1049
2021,meia-idade,4,2,PA,alta,508
2021,meia-idade,4,2,PB,baixa,84
2021,meia-idade,4,2,PB,media,398
2021,meia-idade,4,2,PB,alta,125
2021,meia-idade,4,2,PE,baixa,446
2021,meia-idade,4,2,PE,media,1586
2021,meia-idade,4,2,PE,alta,625
2021,meia-idade,4,2,PI,baixa,126
2021,meia-idade,4,2,PI,media,404
2021,meia-idade,4,2,PI,alta,106
2021,meia-idade,4,2,PR,baixa,165
2021,meia-idade,4,2,PR,media,828
2021,meia-idade,4,2,PR,alta,400
2021,meia-idade,4,2,RJ,baixa,169
2021,meia-idade,4,2,RJ,media,2087
2021,meia-idade,4,2,RJ,alta,1013
2021,meia-idade,4,2,RN,baixa,88
2021,meia-idade,4,2,RN,media,321
2021,meia-idade,4,2,RN,alta,123
2021,meia-idade,4,2,RO,baixa,35
2021,meia-idade,4,2,RO,media,219
2021,meia-idade,4,2,RO,alta,130
2021,meia-idade,4,2,RR,baixa,10
2021,meia-idade,4,2,RR,media,97
2021,meia-idade,4,2,RR,alta,67
2021,meia-idade,4,2,RS,baixa,24
2021,meia-idade,4,2,RS,media,220
2021,meia-idade,4,2,RS,alta,100
2021,meia-idade,4,2,SC,baixa,22
2021,meia-idade,4,2,SC,media,152
2021,meia-idade,4,2,SC,alta,54
2021,meia-idade,4,2,SE,baixa,86
2021,meia-idade,4,2,SE,media,367
2021,meia-idade,4,2,SE,alta,184
2021,meia-idade,4,2,SP,baixa,325
2021,meia-idade,4,2,SP,media,3324
2021,meia-idade,4,2,SP,alta,2174
2021,meia-idade,4,2,TO,baixa,41
2021,meia-idade,4,2,TO,media,204
2021,meia-idade,4,2,TO,alta,108
2021,meia-idade,5,1,AC,media,1
2021,meia-idade,5,1,AL,media,2
2021,meia-idade,5,1,AL,alta,1
2021,meia-idade,5,1,AM,baixa,16
2021,meia-idade,5,1,AM,media,22
2021,meia-idade,5,1,AM,alta,13
2021,meia-idade,5,1,AP,media,2
2021,meia-idade,5,1,BA,baixa,1
2021,meia-idade,5,1,BA,media,7
2021,meia-idade,5,1,CE,baixa,4
2021,meia-idade,5,1,CE,media,7
2021,meia-idade,5,1,CE,alta,1
2021,meia-idade,5,1,DF,alta,1
2021,meia-idade,5,1,ES,alta,2
2021,meia-idade,5,1,GO,baixa,1
2021,meia-idade,5,1,GO,media,4
2021,meia-idade,5,1,MA,baixa,1
2021,meia-idade,5,1,MA,media,5
2021,meia-idade,5,1,MA,alta,3
2021,meia-idade,5,1,MG,baixa,3
2021,meia-idade,5,1,MG,media,8
2021,meia-idade,5,1,MG,alta,3
2021,meia-idade,5,1,MS,baixa,11
2021,meia-idade,5,1,MS,media,27
2021,meia-idade,5,1,MS,alta,6
2021,meia-idade,5,1,MT,baixa,5
2021,meia-idade,5,1,MT,media,6
2021,meia-idade,5,1,MT,alta,1
2021,meia-idade,5,1,PA,media,5
2021,meia-idade,5,1,PB,baixa,1
2021,meia-idade,5,1,PE,baixa,3
2021,meia-idade,5,1,PE,media,9
2021,meia-idade,5,1,PE,alta,1
2021,meia-idade,5,1,PI,media,1
2021,meia-idade,5,1,PR,baixa,4
2021,meia-idade,5,1,PR,media,7
2021,meia-idade,5,1,PR,alta,4
2021,meia-idade,5,1,RJ,media,4
2021,meia-idade,5,1,RN,baixa,2
2021,meia-idade,5,1,RN,media,1
2021,meia-idade,5,1,RN,alta,1
2021,meia-idade,5,1,RO,baixa,2
2021,meia-idade,5,1,RO,media,1
2021,meia-idade,5,1,RO,alta,1
2021,meia-idade,5,1,RR,baixa,14
2021,meia-idade,5,1,RR,media,18
2021,meia-idade,5,1,RR,alta,6
2021,meia-idade,5,1,RS,baixa,1
2021,meia-idade,5,1,RS,media,9
2021,meia-idade,5,1,RS,alta,1
2021,meia-idade,5,1,SC,media,3
2021,meia-idade,5,1,SC,alta,4
2021,meia-idade,5,1,SE,baixa,1
2021,meia-idade,5,1,SP,media,11
2021,meia-idade,5,1,SP,alta,7
2021,meia-idade,5,1,TO,baixa,1
2021,meia-idade,5,1,TO,media,3
2021,meia-idade,5,2,AC,media,2
2021,meia-idade,5,2,AC,alta,1
2021,meia-idade,5,2,AL,baixa,1
2021,meia-idade,5,2,AM,baixa,15
2021,meia-idade,5,2,AM,media,19
2021,meia-idade,5,2,AM,alta,5
2021,meia-idade,5,2,AP,baixa,1
2021,meia-idade,5,2,AP,media,2
2021,meia-idade,5,2,BA,baixa,5
2021,meia-idade,5,2,BA,media,7
2021,meia-idade,5,2,BA,alta,3
2021,meia-idade,5,2,CE,media,4
2021,meia-idade,5,2,CE,alta,1
2021,meia-idade,5,2,DF,media,1
2021,meia-idade,5,2,ES,alta,1
2021,meia-idade,5,2,GO,media,2
2021,meia-idade,5,2,MA,baixa,2
2021,meia-idade,5,2,MA,media,1
2021,meia-idade,5,2,MA,alta,1
2021,meia-idade,5,2,MG,baixa,3
2021,meia-idade,5,2,MG,media,6
2021,meia-idade,5,2,MG,alta,3
2021,meia-idade,5,2,MS,baixa,6
2021,meia-idade,5,2,MS,media,19
2021,meia-idade,5,2,MS,alta,2
2021,meia-idade,5,2,MT,baixa,1
2021,meia-idade,5,2,MT,media,4
2021,meia-idade,5,2,MT,alta,4
2021,meia-idade,5,2,PA,baixa,2
2021,meia-idade,5,2,PA,media,2
2021,meia-idade,5,2,PA,alta,3
2021,meia-idade,5,2,PB,media,1
2021,meia-idade,5,2,PE,baixa,2
2021,meia-idade,5,2,PE,media,5
2021,meia-idade,5,2,PE,alta,3
2021,meia-idade,5,2,PI,media,1
2021,meia-idade,5,2,PR,baixa,1
2021,meia-idade,5,2,PR,media,3
2021,meia-idade,5,2,PR,alta,1
2021,meia-idade,5,2,RJ,media,1
2021,meia-idade,5,2,RN,baixa,1
2021,meia-idade,5,2,RO,baixa,2
2021,meia-idade,5,2,RO,alta,2
2021,meia-idade,5,2,RR,baixa,7
2021,meia-idade,5,2,RR,media,6
2021,meia-idade,5,2,RR,alta,4
2021,meia-idade,5,2,RS,baixa,2
2021,meia-idade,5,2,RS,media,5
2021,meia-idade,5,2,SC,baixa,1
2021,meia-idade,5,2,SC,media,6
2021,meia-idade,5,2,SE,baixa,1
2021,meia-idade,5,2,SE,media,1
2021,meia-idade,5,2,SP,baixa,1
2021,meia-idade,5,2,SP,media,7
2021,meia-idade,5,2,SP,alta,3
2021,meia-idade,5,2,TO,baixa,3
2021,meia-idade,5,2,TO,media,2
2022,adulto,1,0,DF,media,1
2022,adulto,1,0,RS,media,1
2022,adulto,1,1,AC,baixa,2
2022,adulto,1,1,AC,media,4
2022,adulto,1,1,AC,alta,4
2022,adulto,1,1,AL,baixa,14
2022,adulto,1,1,AL,media,42
2022,adulto,1,1,AL,alta,19
2022,adulto,1,1,AM,baixa,6
2022,adulto,1,1,AM,media,61
2022,adulto,1,1,AM,alta,74
2022,adulto,1,1,AP,baixa,1
2022,adulto,1,1,AP,media,10
2022,adulto,1,1,AP,alta,6
2022,adulto,1,1,BA,baixa,33
2022,adulto,1,1,BA,media,194
2022,adulto,1,1,BA,alta,130
2022,adulto,1,1,CE,baixa,41
2022,adulto,1,1,CE,media,234
2022,adulto,1,1,CE,alta,182
2022,adulto,1,1,DF,baixa,5
2022,adulto,1,1,DF,media,95
2022,adulto,1,1,DF,alta,51
2022,adulto,1,1,ES,baixa,11
2022,adulto,1,1,ES,media,84
2022,adulto,1,1,ES,alta,74
2022,adulto,1,1,GO,baixa,24
2022,adulto,1,1,GO,media,310
2022,adulto,1,1,GO,alta,280
2022,adulto,1,1,MA,baixa,24
2022,adulto,1,1,MA,media,135
2022,adulto,1,1,MA,alta,130
2022,adulto,1,1,MG,baixa,89
2022,adulto,1,1,MG,media,721
2022,adulto,1,1,MG,alta,754
2022,adulto,1,1,MS,baixa,28
2022,adulto,1,1,MS,media,115
2022,adulto,1,1,MS,alta,177
2022,adulto,1,1,MT,baixa,6
2022,adulto,1,1,MT,media,159
2022,adulto,1,1,MT,alta,167
2022,adulto,1,1,PA,baixa,16
2022,adulto,1,1,PA,media,127
2022,adulto,1,1,PA,alta,89
2022,adulto,1,1,PB,baixa,13
2022,adulto,1,1,PB,media,53
2022,adulto,1,1,PB,alta,15
2022,adulto,1,1,PE,baixa,49
2022,adulto,1,1,PE,media,466
2022,adulto,1,1,PE,alta,257
2022,adulto,1,1,PI,baixa,14
2022,adulto,1,1,PI,media,76
2022,adulto,1,1,PI,alta,47
2022,adulto,1,1,PR,baixa,90
2022,adulto,1,1,PR,media,1234
2022,adulto,1,1,PR,alta,1429
2022,adulto,1,1,RJ,baixa,45
2022,adulto,1,1,RJ,media,711
2022,adulto,1,1,RJ,alta,529
2022,adulto,1,1,RN,baixa,16
2022,adulto,1,1,RN,media,80
2022,adulto,1,1,RN,alta,47
2022,adulto,1,1,RO,baixa,7
2022,adulto,1,1,RO,media,48
2022,adulto,1,1,RO,alta,94
2022,adulto,1,1,RR,baixa,2
2022,adulto,1,1,RR,media,18
2022,adulto,1,1,RR,alta,15
2022,adulto,1,1,RS,baixa,62
2022,adulto,1,1,RS,media,768
2022,adulto,1,1,RS,alta,762
2022,adulto,1,1,SC,baixa,39
2022,adulto,1,1,SC,media,761
2022,adulto,1,1,SC,alta,681
2022,adulto,1,1,SE,baixa,12
2022,adulto,1,1,SE,media,54
2022,adulto,1,1,SE,alta,30
2022,adulto,1,1,SP,baixa,196
2022,adulto,1,1,SP,media,2530
2022,adulto,1,1,SP,alta,3132
2022,adulto,1,1,TO,baixa,6
2022,adulto,1,1,TO,media,56
2022,adulto,1,1,TO,alta,40
2022,adulto,1,2,AC,baixa,2
2022,adulto,1,2,AC,media,3
2022,adulto,1,2,AC,alta,4
2022,adulto,1,2,AL,baixa,5
2022,adulto,1,2,AL,media,30
2022,adulto,1,2,AL,alta,16
2022,adulto,1,2,AM,baixa,4
2022,adulto,1,2,AM,media,50
2022,adulto,1,2,AM,alta,53
2022,adulto,1,2,AP,baixa,1
2022,adulto,1,2,AP,media,9
2022,adulto,1,2,AP,alta,6
2022,adulto,1,2,BA,baixa,28
2022,adulto,1,2,BA,media,123
2022,adulto,1,2,BA,alta,114
2022,adulto,1,2,CE,baixa,29
2022,adulto,1,2,CE,media,160
2022,adulto,1,2,CE,alta,116
2022,adulto,1,2,DF,baixa,2
2022,adulto,1,2,DF,media,74
2022,adulto,1,2,DF,alta,55
2022,adulto,1,2,ES,baixa,9
2022,adulto,1,2,ES,media,48
2022,adulto,1,2,ES,alta,49
2022,adulto,1,2,GO,baixa,16
2022,adulto,1,2,GO,media,160
2022,adulto,1,2,GO,alta,165
2022,adulto,1,2,MA,baixa,8
2022,adulto,1,2,MA,media,76
2022,adulto,1,2,MA,alta,67
2022,adulto,1,2,MG,baixa,53
2022,adulto,1,2,MG,media,453
2022,adulto,1,2,MG,alta,448
2022,adulto,1,2,MS,baixa,7
2022,adulto,1,2,MS,media,81
2022,adulto,1,2,MS,alta,92
2022,adulto,1,2,MT,baixa,6
2022,adulto,1,2,MT,media,80
2022,adulto,1,2,MT,alta,59
2022,adulto,1,2,PA,baixa,9
2022,adulto,1,2,PA,media,83
2022,adulto,1,2,PA,alta,79
2022,adulto,1,2,PB,baixa,4
2022,adulto,1,2,PB,media,30
2022,adulto,1,2,PB,alta,26
2022,adulto,1,2,PE,baixa,28
2022,adulto,1,2,PE,media,223
2022,adulto,1,2,PE,alta,116
2022,adulto,1,2,PI,baixa,4
2022,adulto,1,2,PI,media,45
2022,adulto,1,2,PI,alta,37
2022,adulto,1,2,PR,baixa,57
2022,adulto,1,2,PR,media,554
2022,adulto,1,2,PR,alta,587
2022,adulto,1,2,RJ,baixa,33
2022,adulto,1,2,RJ,media,490
2022,adulto,1,2,RJ,alta,428
2022,adulto,1,2,RN,baixa,7
2022,adulto,1,2,RN,media,52
2022,adulto,1,2,RN,alta,63
2022,adulto,1,2,RO,baixa,8
2022,adulto,1,2,RO,media,49
2022,adulto,1,2,RO,alta,32
2022,adulto,1,2,RR,media,3
2022,adulto,1,2,RR,alta,12
2022,adulto,1,2,RS,baixa,54
2022,adulto,1,2,RS,media,422
2022,adulto,1,2,RS,alta,422
2022,adulto,1,2,SC,baixa,31
2022,adulto,1,2,SC,media,426
2022,adulto,1,2,SC,alta,388
2022,adulto,1,2,SE,baixa,7
2022,adulto,1,2,SE,media,35
2022,adulto,1,2,SE,alta,41
2022,adulto,1,2,SP,baixa,130
2022,adulto,1,2,SP,media,1539
2022,adulto,1,2,SP,alta,1800
2022,adulto,1,2,TO,baixa,5
2022,adulto,1,2,TO,media,22
2022,adulto,1,2,TO,alta,17
2022,adulto,2,1,AC,baixa,2
2022,adulto,2,1,AC,media,3
2022,adulto,2,1,AC,alta,1
2022,adulto,2,1,AL,baixa,3
2022,adulto,2,1,AL,media,25
2022,adulto,2,1,AL,alta,7
2022,adulto,2,1,AM,baixa,5
2022,adulto,2,1,AM,media,18
2022,adulto,2,1,AM,alta,14
2022,adulto,2,1,AP,media,8
2022,adulto,2,1,AP,alta,5
2022,adulto,2,1,BA,baixa,67
2022,adulto,2,1,BA,media,469
2022,adulto,2,1,BA,alta,230
2022,adulto,2,1,CE,baixa,16
2022,adulto,2,1,CE,media,43
2022,adulto,2,1,CE,alta,26
2022,adulto,2,1,DF,baixa,1
2022,adulto,2,1,DF,media,51
2022,adulto,2,1,DF,alta,28
2022,adulto,2,1,ES,baixa,7
2022,adulto,2,1,ES,media,49
2022,adulto,2,1,ES,alta,33
2022,adulto,2,1,GO,baixa,13
2022,adulto,2,1,GO,media,124
2022,adulto,2,1,GO,alta,71
2022,adulto,2,1,MA,baixa,35
2022,adulto,2,1,MA,media,171
2022,adulto,2,1,MA,alta,91
2022,adulto,2,1,MG,baixa,27
2022,adulto,2,1,MG,media,403
2022,adulto,2,1,MG,alta,294
2022,adulto,2,1,MS,baixa,3
2022,adulto,2,1,MS,media,15
2022,adulto,2,1,MS,alta,19
2022,adulto,2,1,MT,baixa,12
2022,adulto,2,1,MT,media,45
2022,adulto,2,1,MT,alta,51
2022,adulto,2,1,PA,baixa,16
2022,adulto,2,1,PA,media,123
2022,adulto,2,1,PA,alta,54
2022,adulto,2,1,PB,baixa,4
2022,adulto,2,1,PB,media,11
2022,adulto,2,1,PB,alta,6
2022,adulto,2,1,PE,baixa,23
2022,adulto,2,1,PE,media,200
2022,adulto,2,1,PE,alta,58
2022,adulto,2,1,PI,baixa,17
2022,adulto,2,1,PI,media,73
2022,adulto,2,1,PI,alta,17
2022,adulto,2,1,PR,baixa,6
2022,adulto,2,1,PR,media,107
2022,adulto,2,1,PR,alta,97
2022,adulto,2,1,RJ,baixa,27
2022,adulto,2,1,RJ,media,498
2022,adulto,2,1,RJ,alta,279
2022,adulto,2,1,RN,baixa,5
2022,adulto,2,1,RN,media,24
2022,adulto,2,1,RN,alta,8
2022,adulto,2,1,RO,baixa,4
2022,adulto,2,1,RO,media,18
2022,adulto,2,1,RO,alta,20
2022,adulto,2,1,RR,media,9
2022,adulto,2,1,RR,alta,7
2022,adulto,2,1,RS,baixa,11
2022,adulto,2,1,RS,media,152
2022,adulto,2,1,RS,alta,72
2022,adulto,2,1,SC,baixa,3
2022,adulto,2,1,SC,media,60
2022,adulto,2,1,SC,alta,55
2022,adulto,2,1,SE,baixa,10
2022,adulto,2,1,SE,media,50
2022,adulto,2,1,SE,alta,28
2022,adulto,2,1,SP,baixa,37
2022,adulto,2,1,SP,media,490
2022,adulto,2,1,SP,alta,553
2022,adulto,2,1,TO,baixa,4
2022,adulto,2,1,TO,media,48
2022,adulto,2,1,TO,alta,20
2022,adulto,2,2,AC,media,1
2022,adulto,2,2,AC,alta,1
2022,adulto,2,2,AL,baixa,5
2022,adulto,2,2,AL,media,6
2022,adulto,2,2,AL,alta,4
2022,adulto,2,2,AM,baixa,1
2022,adulto,2,2,AM,media,4
2022,adulto,2,2,AM,alta,3
2022,adulto,2,2,AP,media,2
2022,adulto,2,2,AP,alta,3
2022,adulto,2,2,BA,baixa,20
2022,adulto,2,2,BA,media,172
2022,adulto,2,2,BA,alta,132
2022,adulto,2,2,CE,baixa,2
2022,adulto,2,2,CE,media,22
2022,adulto,2,2,CE,alta,15
2022,adulto,2,2,DF,media,22
2022,adulto,2,2,DF,alta,18
2022,adulto,2,2,ES,baixa,7
2022,adulto,2,2,ES,media,16
2022,adulto,2,2,ES,alta,19
2022,adulto,2,2,GO,baixa,9
2022,adulto,2,2,GO,media,30
2022,adulto,2,2,GO,alta,39
2022,adulto,2,2,MA,baixa,15
2022,adulto,2,2,MA,media,55
2022,adulto,2,2,MA,alta,49
2022,adulto,2,2,MG,baixa,17
2022,adulto,2,2,MG,media,182
2022,adulto,2,2,MG,alta,154
2022,adulto,2,2,MS,baixa,1
2022,adulto,2,2,MS,media,18
2022,adulto,2,2,MS,alta,13
2022,adulto,2,2,MT,baixa,3
2022,adulto,2,2,MT,media,12
2022,adulto,2,2,MT,alta,27
2022,adulto,2,2,PA,baixa,8
2022,adulto,2,2,PA,media,43
2022,adulto,2,2,PA,alta,23
2022,adulto,2,2,PB,baixa,4
2022,adulto,2,2,PB,media,2
2022,adulto,2,2,PB,alta,1
2022,adulto,2,2,PE,baixa,3
2022,adulto,2,2,PE,media,48
2022,adulto,2,2,PE,alta,34
2022,adulto,2,2,PI,baixa,10
2022,adulto,2,2,PI,media,25
2022,adulto,2,2,PI,alta,13
2022,adulto,2,2,PR,baixa,3
2022,adulto,2,2,PR,media,40
2022,adulto,2,2,PR,alta,46
2022,adulto,2,2,RJ,baixa,15
2022,adulto,2,2,RJ,media,313
2022,adulto,2,2,RJ,alta,247
2022,adulto,2,2,RN,baixa,2
2022,adulto,2,2,RN,media,7
2022,adulto,2,2,RN,alta,4
2022,adulto,2,2,RO,media,12
2022,adulto,2,2,RO,alta,12
2022,adulto,2,2,RR,baixa,1
2022,adulto,2,2,RR,media,1
2022,adulto,2,2,RR,alta,3
2022,adulto,2,2,RS,baixa,10
2022,adulto,2,2,RS,media,65
2022,adulto,2,2,RS,alta,47
2022,adulto,2,2,SC,baixa,2
2022,adulto,2,2,SC,media,19
2022,adulto,2,2,SC,alta,24
2022,adulto,2,2,SE,baixa,4
2022,adulto,2,2,SE,media,19
2022,adulto,2,2,SE,alta,14
2022,adulto,2,2,SP,baixa,13
2022,adulto,2,2,SP,media,239
2022,adulto,2,2,SP,alta,294
2022,adulto,2,2,TO,baixa,1
2022,adulto,2,2,TO,media,13
2022,adulto,2,2,TO,alta,6
2022,adulto,3,1,AL,alta,1
2022,adulto,3,1,AM,baixa,1
2022,adulto,3,1,AM,media,14
2022,adulto,3,1,AM,alta,1
2022,adulto,3,1,BA,baixa,1
2022,adulto,3,1,BA,media,3
2022,adulto,3,1,BA,alta,3
2022,adulto,3,1,CE,baixa,1
2022,adulto,3,1,CE,media,3
2022,adulto,3,1,DF,media,2
2022,adulto,3,1,DF,alta,1
2022,adulto,3,1,ES,alta,2
2022,adulto,3,1,GO,baixa,2
2022,adulto,3,1,GO,alta,3
2022,adulto,3,1,MA,media,9
2022,adulto,3,1,MA,alta,2
2022,adulto,3,1,MG,media,3
2022,adulto,3,1,MG,alta,4
2022,adulto,3,1,MS,media,1
2022,adulto,3,1,MT,media,6
2022,adulto,3,1,MT,alta,3
2022,adulto,3,1,PA,media,4
2022,adulto,3,1,PA,alta,1
2022,adulto,3,1,PB,media,2
2022,adulto,3,1,PE,media,1
2022,adulto,3,1,PE,alta,1
2022,adulto,3,1,PR,media,2
2022,adulto,3,1,PR,alta,4
2022,adulto,3,1,RJ,media,2
2022,adulto,3,1,RJ,alta,2
2022,adulto,3,1,RO,media,1
2022,adulto,3,1,SC,media,1
2022,adulto,3,1,SE,alta,1
2022,adulto,3,1,SP,baixa,2
2022,adulto,3,1,SP,media,32
2022,adulto,3,1,SP,alta,18
2022,adulto,3,1,TO,media,2
2022,adulto,3,1,TO,alta,2
2022,adulto,3,2,AL,media,2
2022,adulto,3,2,AP,media,1
2022,adulto,3,2,AP,alta,1
2022,adulto,3,2,BA,media,1
2022,adulto,3,2,BA,alta,2
2022,adulto,3,2,CE,baixa,2
2022,adulto,3,2,CE,media,1
2022,adulto,3,2,CE,alta,1
2022,adulto,3,2,ES,alta,1
2022,adulto,3,2,GO,media,3
2022,adulto,3,2,GO,alta,1
2022,adulto,3,2,MA,media,1
2022,adulto,3,2,MG,alta,2
2022,adulto,3,2,MS,media,1
2022,adulto,3,2,MS,alta,1
2022,adulto,3,2,MT,media,3
2022,adulto,3,2,MT,alta,1
2022,adulto,3,2,PA,media,3
2022,adulto,3,2,PA,alta,1
2022,adulto,3,2,PI,baixa,1
2022,adulto,3,2,PI,media,1
2022,adulto,3,2,PI,alta,1
2022,adulto,3,2,PR,baixa,1
2022,adulto,3,2,PR,media,5
2022,adulto,3,2,PR,alta,4
2022,adulto,3,2,RJ,media,1
2022,adulto,3,2,RJ,alta,1
2022,adulto,3,2,RO,media,1
2022,adulto,3,2,RO,alta,2
2022,adulto,3,2,RS,media,1
2022,adulto,3,2,SC,media,1
2022,adulto,3,2,SP,baixa,1
2022,adulto,3,2,SP,media,17
2022,adulto,3,2,SP,alta,11
2022,adulto,3,2,TO,media,1
2022,adulto,4,0,AL,media,1
2022,adulto,4,1,AC,baixa,14
2022,adulto,4,1,AC,media,35
2022,adulto,4,1,AC,alta,20
2022,adulto,4,1,AL,baixa,84
2022,adulto,4,1,AL,media,416
2022,adulto,4,1,AL,alta,245
2022,adulto,4,1,AM,baixa,78
2022,adulto,4,1,AM,media,608
2022,adulto,4,1,AM,alta,686
2022,adulto,4,1,AP,baixa,9
2022,adulto,4,1,AP,media,143
2022,adulto,4,1,AP,alta,68
2022,adulto,4,1,BA,baixa,207
2022,adulto,4,1,BA,media,1831
2022,adulto,4,1,BA,alta,961
2022,adulto,4,1,CE,baixa,268
2022,adulto,4,1,CE,media,1600
2022,adulto,4,1,CE,alta,874
2022,adulto,4,1,DF,baixa,13
2022,adulto,4,1,DF,media,219
2022,adulto,4,1,DF,alta,108
2022,adulto,4,1,ES,baixa,24
2022,adulto,4,1,ES,media,214
2022,adulto,4,1,ES,alta,169
2022,adulto,4,1,GO,baixa,59
2022,adulto,4,1,GO,media,752
2022,adulto,4,1,GO,alta,792
2022,adulto,4,1,MA,baixa,183
2022,adulto,4,1,MA,media,1070
2022,adulto,4,1,MA,alta,777
2022,adulto,4,1,MG,baixa,98
2022,adulto,4,1,MG,media,1211
2022,adulto,4,1,MG,alta,981
2022,adulto,4,1,MS,baixa,48
2022,adulto,4,1,MS,media,196
2022,adulto,4,1,MS,alta,249
2022,adulto,4,1,MT,baixa,18
2022,adulto,4,1,MT,media,394
2022,adulto,4,1,MT,alta,414
2022,adulto,4,1,PA,baixa,140
2022,adulto,4,1,PA,media,1334
2022,adulto,4,1,PA,alta,648
2022,adulto,4,1,PB,baixa,49
2022,adulto,4,1,PB,media,236
2022,adulto,4,1,PB,alta,86
2022,adulto,4,1,PE,baixa,212
2022,adulto,4,1,PE,media,2007
2022,adulto,4,1,PE,alta,681
2022,adulto,4,1,PI,baixa,73
2022,adulto,4,1,PI,media,529
2022,adulto,4,1,PI,alta,246
2022,adulto,4,1,PR,baixa,41
2022,adulto,4,1,PR,media,574
2022,adulto,4,1,PR,alta,650
2022,adulto,4,1,RJ,baixa,48
2022,adulto,4,1,RJ,media,1112
2022,adulto,4,1,RJ,alta,725
2022,adulto,4,1,RN,baixa,37
2022,adulto,4,1,RN,media,220
2022,adulto,4,1,RN,alta,86
2022,adulto,4,1,RO,baixa,10
2022,adulto,4,1,RO,media,165
2022,adulto,4,1,RO,alta,162
2022,adulto,4,1,RR,baixa,6
2022,adulto,4,1,RR,media,76
2022,adulto,4,1,RR,alta,131
2022,adulto,4,1,RS,baixa,17
2022,adulto,4,1,RS,media,136
2022,adulto,4,1,RS,alta,67
2022,adulto,4,1,SC,baixa,4
2022,adulto,4,1,SC,media,148
2022,adulto,4,1,SC,alta,102
2022,adulto,4,1,SE,baixa,61
2022,adulto,4,1,SE,media,467
2022,adulto,4,1,SE,alta,241
2022,adulto,4,1,SP,baixa,117
2022,adulto,4,1,SP,media,1761
2022,adulto,4,1,SP,alta,2076
2022,adulto,4,1,TO,baixa,25
2022,adulto,4,1,TO,media,233
2022,adulto,4,1,TO,alta,173
2022,adulto,4,2,AC,baixa,9
2022,adulto,4,2,AC,media,16
2022,adulto,4,2,AC,alta,12
2022,adulto,4,2,AL,baixa,31
2022,adulto,4,2,AL,media,123
2022,adulto,4,2,AL,alta,96
2022,adulto,4,2,AM,baixa,28
2022,adulto,4,2,AM,media,179
2022,adulto,4,2,AM,alta,282
2022,adulto,4,2,AP,baixa,4
2022,adulto,4,2,AP,media,39
2022,adulto,4,2,AP,alta,38
2022,adulto,4,2,BA,baixa,92
2022,adulto,4,2,BA,media,553
2022,adulto,4,2,BA,alta,515
2022,adulto,4,2,CE,baixa,81
2022,adulto,4,2,CE,media,516
2022,adulto,4,2,CE,alta,382
2022,adulto,4,2,DF,baixa,9
2022,adulto,4,2,DF,media,116
2022,adulto,4,2,DF,alta,78
2022,adulto,4,2,ES,baixa,10
2022,adulto,4,2,ES,media,86
2022,adulto,4,2,ES,alta,101
2022,adulto,4,2,GO,baixa,18
2022,adulto,4,2,GO,media,247
2022,adulto,4,2,GO,alta,291
2022,adulto,4,2,MA,baixa,65
2022,adulto,4,2,MA,media,400
2022,adulto,4,2,MA,alta,326
2022,adulto,4,2,MG,baixa,45
2022,adulto,4,2,MG,media,489
2022,adulto,4,2,MG,alta,477
2022,adulto,4,2,MS,baixa,14
2022,adulto,4,2,MS,media,99
2022,adulto,4,2,MS,alta,123
2022,adulto,4,2,MT,baixa,10
2022,adulto,4,2,MT,media,152
2022,adulto,4,2,MT,alta,149
2022,adulto,4,2,PA,baixa,50
2022,adulto,4,2,PA,media,483
2022,adulto,4,2,PA,alta,390
2022,adulto,4,2,PB,baixa,21
2022,adulto,4,2,PB,media,87
2022,adulto,4,2,PB,alta,52
2022,adulto,4,2,PE,baixa,76
2022,adulto,4,2,PE,media,555
2022,adulto,4,2,PE,alta,315
2022,adulto,4,2,PI,baixa,21
2022,adulto,4,2,PI,media,164
2022,adulto,4,2,PI,alta,112
2022,adulto,4,2,PR,baixa,16
2022,adulto,4,2,PR,media,209
2022,adulto,4,2,PR,alta,226
2022,adulto,4,2,RJ,baixa,29
2022,adulto,4,2,RJ,media,577
2022,adulto,4,2,RJ,alta,416
2022,adulto,4,2,RN,baixa,15
2022,adulto,4,2,RN,media,83
2022,adulto,4,2,RN,alta,67
2022,adulto,4,2,RO,baixa,10
2022,adulto,4,2,RO,media,66
2022,adulto,4,2,RO,alta,54
2022,adulto,4,2,RR,baixa,1
2022,adulto,4,2,RR,media,38
2022,adulto,4,2,RR,alta,42
2022,adulto,4,2,RS,baixa,6
2022,adulto,4,2,RS,media,55
2022,adulto,4,2,RS,alta,43
2022,adulto,4,2,SC,baixa,5
2022,adulto,4,2,SC,media,49
2022,adulto,4,2,SC,alta,51
2022,adulto,4,2,SE,baixa,11
2022,adulto,4,2,SE,media,126
2022,adulto,4,2,SE,alta,110
2022,adulto,4,2,SP,baixa,59
2022,adulto,4,2,SP,media,778
2022,adulto,4,2,SP,alta,1097
2022,adulto,4,2,TO,baixa,7
2022,adulto,4,2,TO,media,89
2022,adulto,4,2,TO,alta,65
2022,adulto,5,1,AC,media,1
2022,adulto,5,1,AC,alta,1
2022,adulto,5,1,AL,baixa,1
2022,adulto,5,1,AL,media,4
2022,adulto,5,1,AM,baixa,5
2022,adulto,5,1,AM,media,22
2022,adulto,5,1,AM,alta,22
2022,adulto,5,1,AP,baixa,1
2022,adulto,5,1,AP,media,1
2022,adulto,5,1,BA,baixa,1
2022,adulto,5,1,BA,media,6
2022,adulto,5,1,CE,baixa,2
2022,adulto,5,1,CE,media,3
2022,adulto,5,1,CE,alta,1
2022,adulto,5,1,DF,media,1
2022,adulto,5,1,DF,alta,1
2022,adulto,5,1,ES,media,3
2022,adulto,5,1,ES,alta,1
2022,adulto,5,1,MA,baixa,3
2022,adulto,5,1,MA,media,9
2022,adulto,5,1,MA,alta,4
2022,adulto,5,1,MG,baixa,2
2022,adulto,5,1,MG,media,5
2022,adulto,5,1,MS,baixa,4
2022,adulto,5,1,MS,media,22
2022,adulto,5,1,MS,alta,8
2022,adulto,5,1,MT,baixa,1
2022,adulto,5,1,MT,media,2
2022,adulto,5,1,MT,alta,6
2022,adulto,5,1,PA,baixa,1
2022,adulto,5,1,PA,media,5
2022,adulto,5,1,PA,alta,3
2022,adulto,5,1,PB,media,2
2022,adulto,5,1,PB,alta,1
2022,adulto,5,1,PE,baixa,1
2022,adulto,5,1,PE,media,7
2022,adulto,5,1,PE,alta,3
2022,adulto,5,1,PR,baixa,2
2022,adulto,5,1,PR,media,6
2022,adulto,5,1,PR,alta,6
2022,adulto,5,1,RJ,media,2
2022,adulto,5,1,RO,baixa,2
2022,adulto,5,1,RO,media,1
2022,adulto,5,1,RO,alta,2
2022,adulto,5,1,RR,baixa,3
2022,adulto,5,1,RR,media,13
2022,adulto,5,1,RR,alta,16
2022,adulto,5,1,RS,baixa,1
2022,adulto,5,1,RS,media,6
2022,adulto,5,1,SC,media,2
2022,adulto,5,1,SC,alta,4
2022,adulto,5,1,SP,media,4
2022,adulto,5,1,SP,alta,5
2022,adulto,5,1,TO,media,4
2022,adulto,5,2,AC,baixa,1
2022,adulto,5,2,AC,media,1
2022,adulto,5,2,AM,baixa,7
2022,adulto,5,2,AM,media,5
2022,adulto,5,2,AM,alta,14
2022,adulto,5,2,BA,media,2
2022,adulto,5,2,BA,alta,2
2022,adulto,5,2,CE,media,1
2022,adulto,5,2,ES,media,1
2022,adulto,5,2,GO,media,1
2022,adulto,5,2,MA,baixa,4
2022,adulto,5,2,MA,media,4
2022,adulto,5,2,MA,alta,2
2022,adulto,5,2,MG,baixa,1
2022,adulto,5,2,MG,media,1
2022,adulto,5,2,MS,baixa,1
2022,adulto,5,2,MS,media,15
2022,adulto,5,2,MS,alta,7
2022,adulto,5,2,MT,baixa,1
2022,adulto,5,2,MT,media,5
2022,adulto,5,2,MT,alta,3
2022,adulto,5,2,PA,media,3
2022,adulto,5,2,PA,alta,1
2022,adulto,5,2,PE,media,2
2022,adulto,5,2,PE,alta,1
2022,adulto,5,2,PR,media,4
2022,adulto,5,2,PR,alta,1
2022,adulto,5,2,RJ,media,2
2022,adulto,5,2,RJ,alta,1
2022,adulto,5,2,RO,alta,1
2022,adulto,5,2,RR,baixa,11
2022,adulto,5,2,RR,media,5
2022,adulto,5,2,RR,alta,9
2022,adulto,5,2,RS,baixa,2
2022,adulto,5,2,RS,media,5
2022,adulto,5,2,SC,media,2
2022,adulto,5,2,SP,media,2
2022,adulto,5,2,SP,alta,3
2022,adulto,5,2,TO,baixa,1
2022,adulto,5,2,TO,media,2
2022,adulto,5,2,TO,alta,1
2022,idoso,1,0,RJ,media,1
2022,idoso,1,0,SP,media,1
2022,idoso,1,1,AC,baixa,10
2022,idoso,1,1,AC,media,25
2022,idoso,1,1,AC,alta,9
2022,idoso,1,1,AL,baixa,116
2022,idoso,1,1,AL,media,180
2022,idoso,1,1,AL,alta,76
2022,idoso,1,1,AM,baixa,39
2022,idoso,1,1,AM,media,182
2022,idoso,1,1,AM,alta,132
2022,idoso,1,1,AP,baixa,5
2022,idoso,1,1,AP,media,27
2022,idoso,1,1,AP,alta,17
2022,idoso,1,1,BA,baixa,281
2022,idoso,1,1,BA,media,855
2022,idoso,1,1,BA,alta,375
2022,idoso,1,1,CE,baixa,354
2022,idoso,1,1,CE,media,864
2022,idoso,1,1,CE,alta,328
2022,idoso,1,1,DF,baixa,37
2022,idoso,1,1,DF,media,451
2022,idoso,1,1,DF,alta,148
2022,idoso,1,1,ES,baixa,74
2022,idoso,1,1,ES,media,626
2022,idoso,1,1,ES,alta,256
2022,idoso,1,1,GO,baixa,245
2022,idoso,1,1,GO,media,1310
2022,idoso,1,1,GO,alta,693
2022,idoso,1,1,MA,baixa,192
2022,idoso,1,1,MA,media,431
2022,idoso,1,1,MA,alta,187
2022,idoso,1,1,MG,baixa,621
2022,idoso,1,1,MG,media,5364
2022,idoso,1,1,MG,alta,2077
2022,idoso,1,1,MS,baixa,101
2022,idoso,1,1,MS,media,738
2022,idoso,1,1,MS,alta,366
2022,idoso,1,1,MT,baixa,110
2022,idoso,1,1,MT,media,627
2022,idoso,1,1,MT,alta,223
2022,idoso,1,1,PA,baixa,99
2022,idoso,1,1,PA,media,485
2022,idoso,1,1,PA,alta,211
2022,idoso,1,1,PB,baixa,100
2022,idoso,1,1,PB,media,254
2022,idoso,1,1,PB,alta,81
2022,idoso,1,1,PE,baixa,385
2022,idoso,1,1,PE,media,1393
2022,idoso,1,1,PE,alta,504
2022,idoso,1,1,PI,baixa,124
2022,idoso,1,1,PI,media,230
2022,idoso,1,1,PI,alta,69
2022,idoso,1,1,PR,baixa,651
2022,idoso,1,1,PR,media,6121
2022,idoso,1,1,PR,alta,2353
2022,idoso,1,1,RJ,baixa,355
2022,idoso,1,1,RJ,media,5052
2022,idoso,1,1,RJ,alta,2495
2022,idoso,1,1,RN,baixa,153
2022,idoso,1,1,RN,media,392
2022,idoso,1,1,RN,alta,136
2022,idoso,1,1,RO,baixa,45
2022,idoso,1,1,RO,media,263
2022,idoso,1,1,RO,alta,108
2022,idoso,1,1,RR,baixa,8
2022,idoso,1,1,RR,media,44
2022,idoso,1,1,RR,alta,40
2022,idoso,1,1,RS,baixa,567
2022,idoso,1,1,RS,media,6289
2022,idoso,1,1,RS,alta,2593
2022,idoso,1,1,SC,baixa,291
2022,idoso,1,1,SC,media,4594
2022,idoso,1,1,SC,alta,1553
2022,idoso,1,1,SE,baixa,81
2022,idoso,1,1,SE,media,244
2022,idoso,1,1,SE,alta,121
2022,idoso,1,1,SP,baixa,1255
2022,idoso,1,1,SP,media,19911
2022,idoso,1,1,SP,alta,9521
2022,idoso,1,1,TO,baixa,38
2022,idoso,1,1,TO,media,147
2022,idoso,1,1,TO,alta,43
2022,idoso,1,2,AC,baixa,7
2022,idoso,1,2,AC,media,21
2022,idoso,1,2,AC,alta,7
2022,idoso,1,2,AL,baixa,125
2022,idoso,1,2,AL,media,160
2022,idoso,1,2,AL,alta,63
2022,idoso,1,2,AM,baixa,33
2022,idoso,1,2,AM,media,138
2022,idoso,1,2,AM,alta,81
2022,idoso,1,2,AP,baixa,7
2022,idoso,1,2,AP,media,24
2022,idoso,1,2,AP,alta,11
2022,idoso,1,2,BA,baixa,274
2022,idoso,1,2,BA,media,661
2022,idoso,1,2,BA,alta,297
2022,idoso,1,2,CE,baixa,314
2022,idoso,1,2,CE,media,855
2022,idoso,1,2,CE,alta,322
2022,idoso,1,2,DF,baixa,57
2022,idoso,1,2,DF,media,395
2022,idoso,1,2,DF,alta,175
2022,idoso,1,2,ES,baixa,87
2022,idoso,1,2,ES,media,404
2022,idoso,1,2,ES,alta,184
2022,idoso,1,2,GO,baixa,287
2022,idoso,1,2,GO,media,998
2022,idoso,1,2,GO,alta,501
2022,idoso,1,2,MA,baixa,181
2022,idoso,1,2,MA,media,348
2022,idoso,1,2,MA,alta,127
2022,idoso,1,2,MG,baixa,688
2022,idoso,1,2,MG,media,4227
2022,idoso,1,2,MG,alta,1454
2022,idoso,1,2,MS,baixa,103
2022,idoso,1,2,MS,media,518
2022,idoso,1,2,MS,alta,215
2022,idoso,1,2,MT,baixa,122
2022,idoso,1,2,MT,media,368
2022,idoso,1,2,MT,alta,143
2022,idoso,1,2,PA,baixa,134
2022,idoso,1,2,PA,media,396
2022,idoso,1,2,PA,alta,179
2022,idoso,1,2,PB,baixa,100
2022,idoso,1,2,PB,media,247
2022,idoso,1,2,PB,alta,67
2022,idoso,1,2,PE,baixa,481
2022,idoso,1,2,PE,media,1279
2022,idoso,1,2,PE,alta,503
2022,idoso,1,2,PI,baixa,125
2022,idoso,1,2,PI,media,186
2022,idoso,1,2,PI,alta,49
2022,idoso,1,2,PR,baixa,951
2022,idoso,1,2,PR,media,4364
2022,idoso,1,2,PR,alta,1422
2022,idoso,1,2,RJ,baixa,463
2022,idoso,1,2,RJ,media,4635
2022,idoso,1,2,RJ,alta,2062
2022,idoso,1,2,RN,baixa,139
2022,idoso,1,2,RN,media,366
2022,idoso,1,2,RN,alta,116
2022,idoso,1,2,RO,baixa,65
2022,idoso,1,2,RO,media,141
2022,idoso,1,2,RO,alta,51
2022,idoso,1,2,RR,baixa,6
2022,idoso,1,2,RR,media,22
2022,idoso,1,2,RR,alta,15
2022,idoso,1,2,RS,baixa,507
2022,idoso,1,2,RS,media,4400
2022,idoso,1,2,RS,alta,1784
2022,idoso,1,2,SC,baixa,295
2022,idoso,1,2,SC,media,3074
2022,idoso,1,2,SC,alta,940
2022,idoso,1,2,SE,baixa,81
2022,idoso,1,2,SE,media,193
2022,idoso,1,2,SE,alta,60
2022,idoso,1,2,SP,baixa,1687
2022,idoso,1,2,SP,media,15032
2022,idoso,1,2,SP,alta,6171
2022,idoso,1,2,TO,baixa,37
2022,idoso,1,2,TO,media,111
2022,idoso,1,2,TO,alta,34
2022,idoso,2,1,AC,baixa,6
2022,idoso,2,1,AC,media,8
2022,idoso,2,1,AC,alta,1
2022,idoso,2,1,AL,baixa,51
2022,idoso,2,1,AL,media,45
2022,idoso,2,1,AL,alta,10
2022,idoso,2,1,AM,baixa,21
2022,idoso,2,1,AM,media,29
2022,idoso,2,1,AM,alta,13
2022,idoso,2,1,AP,baixa,7
2022,idoso,2,1,AP,media,12
2022,idoso,2,1,AP,alta,5
2022,idoso,2,1,BA,baixa,436
2022,idoso,2,1,BA,media,871
2022,idoso,2,1,BA,alta,241
2022,idoso,2,1,CE,baixa,113
2022,idoso,2,1,CE,media,181
2022,idoso,2,1,CE,alta,34
2022,idoso,2,1,DF,baixa,25
2022,idoso,2,1,DF,media,101
2022,idoso,2,1,DF,alta,35
2022,idoso,2,1,ES,baixa,58
2022,idoso,2,1,ES,media,163
2022,idoso,2,1,ES,alta,56
2022,idoso,2,1,GO,baixa,125
2022,idoso,2,1,GO,media,249
2022,idoso,2,1,GO,alta,79
2022,idoso,2,1,MA,baixa,209
2022,idoso,2,1,MA,media,273
2022,idoso,2,1,MA,alta,74
2022,idoso,2,1,MG,baixa,368
2022,idoso,2,1,MG,media,1376
2022,idoso,2,1,MG,alta,305
2022,idoso,2,1,MS,baixa,35
2022,idoso,2,1,MS,media,85
2022,idoso,2,1,MS,alta,27
2022,idoso,2,1,MT,baixa,73
2022,idoso,2,1,MT,media,125
2022,idoso,2,1,MT,alta,42
2022,idoso,2,1,PA,baixa,144
2022,idoso,2,1,PA,media,203
2022,idoso,2,1,PA,alta,46
2022,idoso,2,1,PB,baixa,33
2022,idoso,2,1,PB,media,36
2022,idoso,2,1,PB,alta,4
2022,idoso,2,1,PE,baixa,175
2022,idoso,2,1,PE,media,383
2022,idoso,2,1,PE,alta,99
2022,idoso,2,1,PI,baixa,144
2022,idoso,2,1,PI,media,126
2022,idoso,2,1,PI,alta,18
2022,idoso,2,1,PR,baixa,85
2022,idoso,2,1,PR,media,356
2022,idoso,2,1,PR,alta,114
2022,idoso,2,1,RJ,baixa,242
2022,idoso,2,1,RJ,media,1743
2022,idoso,2,1,RJ,alta,653
2022,idoso,2,1,RN,baixa,49
2022,idoso,2,1,RN,media,65
2022,idoso,2,1,RN,alta,16
2022,idoso,2,1,RO,baixa,29
2022,idoso,2,1,RO,media,50
2022,idoso,2,1,RO,alta,10
2022,idoso,2,1,RR,baixa,4
2022,idoso,2,1,RR,media,10
2022,idoso,2,1,RR,alta,5
2022,idoso,2,1,RS,baixa,75
2022,idoso,2,1,RS,media,436
2022,idoso,2,1,RS,alta,172
2022,idoso,2,1,SC,baixa,14
2022,idoso,2,1,SC,media,122
2022,idoso,2,1,SC,alta,54
2022,idoso,2,1,SE,baixa,73
2022,idoso,2,1,SE,media,109
2022,idoso,2,1,SE,alta,52
2022,idoso,2,1,SP,baixa,319
2022,idoso,2,1,SP,media,2397
2022,idoso,2,1,SP,alta,913
2022,idoso,2,1,TO,baixa,48
2022,idoso,2,1,TO,media,70
2022,idoso,2,1,TO,alta,8
2022,idoso,2,2,AC,baixa,4
2022,idoso,2,2,AC,media,4
2022,idoso,2,2,AL,baixa,44
2022,idoso,2,2,AL,media,19
2022,idoso,2,2,AL,alta,6
2022,idoso,2,2,AM,baixa,4
2022,idoso,2,2,AM,media,18
2022,idoso,2,2,AM,alta,11
2022,idoso,2,2,AP,baixa,7
2022,idoso,2,2,AP,media,12
2022,idoso,2,2,AP,alta,4
2022,idoso,2,2,BA,baixa,410
2022,idoso,2,2,BA,media,563
2022,idoso,2,2,BA,alta,176
2022,idoso,2,2,CE,baixa,72
2022,idoso,2,2,CE,media,97
2022,idoso,2,2,CE,alta,13
2022,idoso,2,2,DF,baixa,17
2022,idoso,2,2,DF,media,71
2022,idoso,2,2,DF,alta,17
2022,idoso,2,2,ES,baixa,55
2022,idoso,2,2,ES,media,80
2022,idoso,2,2,ES,alta,26
2022,idoso,2,2,GO,baixa,103
2022,idoso,2,2,GO,media,163
2022,idoso,2,2,GO,alta,66
2022,idoso,2,2,MA,baixa,146
2022,idoso,2,2,MA,media,182
2022,idoso,2,2,MA,alta,39
2022,idoso,2,2,MG,baixa,334
2022,idoso,2,2,MG,media,1001
2022,idoso,2,2,MG,alta,206
2022,idoso,2,2,MS,baixa,25
2022,idoso,2,2,MS,media,62
2022,idoso,2,2,MS,alta,21
2022,idoso,2,2,MT,baixa,44
2022,idoso,2,2,MT,media,96
2022,idoso,2,2,MT,alta,24
2022,idoso,2,2,PA,baixa,77
2022,idoso,2,2,PA,media,116
2022,idoso,2,2,PA,alta,33
2022,idoso,2,2,PB,baixa,27
2022,idoso,2,2,PB,media,31
2022,idoso,2,2,PB,alta,5
2022,idoso,2,2,PE,baixa,151
2022,idoso,2,2,PE,media,234
2022,idoso,2,2,PE,alta,58
2022,idoso,2,2,PI,baixa,79
2022,idoso,2,2,PI,media,61
2022,idoso,2,2,PI,alta,10
2022,idoso,2,2,PR,baixa,95
2022,idoso,2,2,PR,media,178
2022,idoso,2,2,PR,alta,58
2022,idoso,2,2,RJ,baixa,333
2022,idoso,2,2,RJ,media,1819
2022,idoso,2,2,RJ,alta,525
2022,idoso,2,2,RN,baixa,20
2022,idoso,2,2,RN,media,45
2022,idoso,2,2,RN,alta,7
2022,idoso,2,2,RO,baixa,27
2022,idoso,2,2,RO,media,23
2022,idoso,2,2,RO,alta,13
2022,idoso,2,2,RR,baixa,6
2022,idoso,2,2,RR,media,5
2022,idoso,2,2,RR,alta,2
2022,idoso,2,2,RS,baixa,70
2022,idoso,2,2,RS,media,360
2022,idoso,2,2,RS,alta,118
2022,idoso,2,2,SC,baixa,31
2022,idoso,2,2,SC,media,110
2022,idoso,2,2,SC,alta,38
2022,idoso,2,2,SE,baixa,38
2022,idoso,2,2,SE,media,62
2022,idoso,2,2,SE,alta,19
2022,idoso,2,2,SP,baixa,338
2022,idoso,2,2,SP,media,1731
2022,idoso,2,2,SP,alta,616
2022,idoso,2,2,TO,baixa,21
2022,idoso,2,2,TO,media,32
2022,idoso,2,2,TO,alta,6
2022,idoso,3,0,SP,media,1
2022,idoso,3,1,AC,baixa,2
2022,idoso,3,1,AL,baixa,3
2022,idoso,3,1,AL,media,3
2022,idoso,3,1,AM,media,5
2022,idoso,3,1,AM,alta,1
2022,idoso,3,1,BA,baixa,2
2022,idoso,3,1,BA,media,8
2022,idoso,3,1,BA,alta,4
2022,idoso,3,1,CE,baixa,4
2022,idoso,3,1,CE,media,6
2022,idoso,3,1,DF,baixa,1
2022,idoso,3,1,DF,media,5
2022,idoso,3,1,DF,alta,3
2022,idoso,3,1,ES,media,5
2022,idoso,3,1,ES,alta,4
2022,idoso,3,1,GO,baixa,5
2022,idoso,3,1,GO,media,13
2022,idoso,3,1,GO,alta,8
2022,idoso,3,1,MA,baixa,3
2022,idoso,3,1,MA,media,4
2022,idoso,3,1,MA,alta,5
2022,idoso,3,1,MG,baixa,4
2022,idoso,3,1,MG,media,32
2022,idoso,3,1,MG,alta,14
2022,idoso,3,1,MS,baixa,1
2022,idoso,3,1,MS,media,18
2022,idoso,3,1,MS,alta,9
2022,idoso,3,1,MT,baixa,4
2022,idoso,3,1,MT,media,13
2022,idoso,3,1,MT,alta,8
2022,idoso,3,1,PA,baixa,4
2022,idoso,3,1,PA,media,8
2022,idoso,3,1,PA,alta,7
2022,idoso,3,1,PB,baixa,5
2022,idoso,3,1,PB,media,1
2022,idoso,3,1,PE,media,10
2022,idoso,3,1,PE,alta,3
2022,idoso,3,1,PI,baixa,1
2022,idoso,3,1,PI,media,2
2022,idoso,3,1,PR,baixa,2
2022,idoso,3,1,PR,media,67
2022,idoso,3,1,PR,alta,34
2022,idoso,3,1,RJ,media,20
2022,idoso,3,1,RJ,alta,6
2022,idoso,3,1,RN,baixa,2
2022,idoso,3,1,RN,media,1
2022,idoso,3,1,RN,alta,1
2022,idoso,3,1,RO,media,1
2022,idoso,3,1,RO,alta,4
2022,idoso,3,1,RS,media,5
2022,idoso,3,1,RS,alta,3
2022,idoso,3,1,SC,baixa,1
2022,idoso,3,1,SC,media,7
2022,idoso,3,1,SC,alta,4
2022,idoso,3,1,SE,baixa,4
2022,idoso,3,1,SE,media,2
2022,idoso,3,1,SE,alta,2
2022,idoso,3,1,SP,baixa,6
2022,idoso,3,1,SP,media,324
2022,idoso,3,1,SP,alta,207
2022,idoso,3,1,TO,media,3
2022,idoso,3,1,TO,alta,2
2022,idoso,3,2,AL,media,2
2022,idoso,3,2,AL,alta,2
2022,idoso,3,2,AM,baixa,2
2022,idoso,3,2,AM,media,2
2022,idoso,3,2,AP,baixa,1
2022,idoso,3,2,AP,media,1
2022,idoso,3,2,BA,baixa,5
2022,idoso,3,2,BA,media,10
2022,idoso,3,2,BA,alta,5
2022,idoso,3,2,CE,baixa,5
2022,idoso,3,2,CE,media,9
2022,idoso,3,2,DF,media,2
2022,idoso,3,2,DF,alta,2
2022,idoso,3,2,ES,media,1
2022,idoso,3,2,ES,alta,1
2022,idoso,3,2,GO,baixa,7
2022,idoso,3,2,GO,media,6
2022,idoso,3,2,GO,alta,5
2022,idoso,3,2,MA,baixa,4
2022,idoso,3,2,MA,media,2
2022,idoso,3,2,MA,alta,1
2022,idoso,3,2,MG,baixa,5
2022,idoso,3,2,MG,media,22
2022,idoso,3,2,MG,alta,2
2022,idoso,3,2,MS,media,6
2022,idoso,3,2,MS,alta,3
2022,idoso,3,2,MT,baixa,5
2022,idoso,3,2,MT,media,12
2022,idoso,3,2,MT,alta,3
2022,idoso,3,2,PA,baixa,1
2022,idoso,3,2,PA,media,3
2022,idoso,3,2,PA,alta,3
2022,idoso,3,2,PB,baixa,1
2022,idoso,3,2,PB,media,2
2022,idoso,3,2,PE,baixa,4
2022,idoso,3,2,PE,media,3
2022,idoso,3,2,PE,alta,1
2022,idoso,3,2,PI,baixa,3
2022,idoso,3,2,PI,media,2
2022,idoso,3,2,PR,baixa,7
2022,idoso,3,2,PR,media,33
2022,idoso,3,2,PR,alta,24
2022,idoso,3,2,RJ,baixa,2
2022,idoso,3,2,RJ,media,15
2022,idoso,3,2,RJ,alta,5
2022,idoso,3,2,RN,baixa,1
2022,idoso,3,2,RN,media,3
2022,idoso,3,2,RN,alta,3
2022,idoso,3,2,RO,baixa,1
2022,idoso,3,2,RO,alta,2
2022,idoso,3,2,RS,baixa,3
2022,idoso,3,2,RS,media,4
2022,idoso,3,2,SC,media,7
2022,idoso,3,2,SC,alta,1
2022,idoso,3,2,SE,baixa,1
2022,idoso,3,2,SP,baixa,10
2022,idoso,3,2,SP,media,239
2022,idoso,3,2,SP,alta,105
2022,idoso,3,2,TO,baixa,2
2022,idoso,3,2,TO,media,3
2022,idoso,3,2,TO,alta,1
2022,idoso,4,0,ES,alta,1
2022,idoso,4,0,GO,media,1
2022,idoso,4,0,PA,baixa,1
2022,idoso,4,0,PA,alta,1
2022,idoso,4,0,RJ,baixa,1
2022,idoso,4,0,RS,alta,1
2022,idoso,4,0,SP,alta,2
2022,idoso,4,1,AC,baixa,68
2022,idoso,4,1,AC,media,71
2022,idoso,4,1,AC,alta,19
2022,idoso,4,1,AL,baixa,439
2022,idoso,4,1,AL,media,504
2022,idoso,4,1,AL,alta,219
2022,idoso,4,1,AM,baixa,336
2022,idoso,4,1,AM,media,888
2022,idoso,4,1,AM,alta,452
2022,idoso,4,1,AP,baixa,49
2022,idoso,4,1,AP,media,108
2022,idoso,4,1,AP,alta,43
2022,idoso,4,1,BA,baixa,1277
2022,idoso,4,1,BA,media,2861
2022,idoso,4,1,BA,alta,833
2022,idoso,4,1,CE,baixa,1693
2022,idoso,4,1,CE,media,2687
2022,idoso,4,1,CE,alta,775
2022,idoso,4,1,DF,baixa,84
2022,idoso,4,1,DF,media,419
2022,idoso,4,1,DF,alta,168
2022,idoso,4,1,ES,baixa,147
2022,idoso,4,1,ES,media,537
2022,idoso,4,1,ES,alta,231
2022,idoso,4,1,GO,baixa,496
2022,idoso,4,1,GO,media,1508
2022,idoso,4,1,GO,alta,593
2022,idoso,4,1,MA,baixa,994
2022,idoso,4,1,MA,media,1599
2022,idoso,4,1,MA,alta,436
2022,idoso,4,1,MG,baixa,949
2022,idoso,4,1,MG,media,4395
2022,idoso,4,1,MG,alta,1065
2022,idoso,4,1,MS,baixa,183
2022,idoso,4,1,MS,media,797
2022,idoso,4,1,MS,alta,305
2022,idoso,4,1,MT,baixa,259
2022,idoso,4,1,MT,media,765
2022,idoso,4,1,MT,alta,288
2022,idoso,4,1,PA,baixa,824
2022,idoso,4,1,PA,media,2013
2022,idoso,4,1,PA,alta,570
2022,idoso,4,1,PB,baixa,288
2022,idoso,4,1,PB,media,479
2022,idoso,4,1,PB,alta,99
2022,idoso,4,1,PE,baixa,1223
2022,idoso,4,1,PE,media,2871
2022,idoso,4,1,PE,alta,771
2022,idoso,4,1,PI,baixa,559
2022,idoso,4,1,PI,media,798
2022,idoso,4,1,PI,alta,154
2022,idoso,4,1,PR,baixa,354
2022,idoso,4,1,PR,media,1482
2022,idoso,4,1,PR,alta,411
2022,idoso,4,1,RJ,baixa,412
2022,idoso,4,1,RJ,media,3616
2022,idoso,4,1,RJ,alta,1372
2022,idoso,4,1,RN,baixa,353
2022,idoso,4,1,RN,media,497
2022,idoso,4,1,RN,alta,135
2022,idoso,4,1,RO,baixa,127
2022,idoso,4,1,RO,media,368
2022,idoso,4,1,RO,alta,135
2022,idoso,4,1,RR,baixa,44
2022,idoso,4,1,RR,media,118
2022,idoso,4,1,RR,alta,84
2022,idoso,4,1,RS,baixa,70
2022,idoso,4,1,RS,media,506
2022,idoso,4,1,RS,alta,141
2022,idoso,4,1,SC,baixa,47
2022,idoso,4,1,SC,media,274
2022,idoso,4,1,SC,alta,75
2022,idoso,4,1,SE,baixa,279
2022,idoso,4,1,SE,media,585
2022,idoso,4,1,SE,alta,223
2022,idoso,4,1,SP,baixa,899
2022,idoso,4,1,SP,media,6808
2022,idoso,4,1,SP,alta,2505
2022,idoso,4,1,TO,baixa,179
2022,idoso,4,1,TO,media,410
2022,idoso,4,1,TO,alta,89
2022,idoso,4,2,AC,baixa,54
2022,idoso,4,2,AC,media,49
2022,idoso,4,2,AC,alta,14
2022,idoso,4,2,AL,baixa,389
2022,idoso,4,2,AL,media,379
2022,idoso,4,2,AL,alta,122
2022,idoso,4,2,AM,baixa,249
2022,idoso,4,2,AM,media,596
2022,idoso,4,2,AM,alta,315
2022,idoso,4,2,AP,baixa,41
2022,idoso,4,2,AP,media,71
2022,idoso,4,2,AP,alta,26
2022,idoso,4,2,BA,baixa,1148
2022,idoso,4,2,BA,media,1932
2022,idoso,4,2,BA,alta,632
2022,idoso,4,2,CE,baixa,1221
2022,idoso,4,2,CE,media,2011
2022,idoso,4,2,CE,alta,501
2022,idoso,4,2,DF,baixa,94
2022,idoso,4,2,DF,media,347
2022,idoso,4,2,DF,alta,110
2022,idoso,4,2,ES,baixa,132
2022,idoso,4,2,ES,media,334
2022,idoso,4,2,ES,alta,107
2022,idoso,4,2,GO,baixa,438
2022,idoso,4,2,GO,media,987
2022,idoso,4,2,GO,alta,372
2022,idoso,4,2,MA,baixa,921
2022,idoso,4,2,MA,media,1058
2022,idoso,4,2,MA,alta,318
2022,idoso,4,2,MG,baixa,891
2022,idoso,4,2,MG,media,2944
2022,idoso,4,2,MG,alta,621
2022,idoso,4,2,MS,baixa,140
2022,idoso,4,2,MS,media,512
2022,idoso,4,2,MS,alta,180
2022,idoso,4,2,MT,baixa,220
2022,idoso,4,2,MT,media,504
2022,idoso,4,2,MT,alta,161
2022,idoso,4,2,PA,baixa,619
2022,idoso,4,2,PA,media,1359
2022,idoso,4,2,PA,alta,410
2022,idoso,4,2,PB,baixa,249
2022,idoso,4,2,PB,media,381
2022,idoso,4,2,PB,alta,79
2022,idoso,4,2,PE,baixa,1210
2022,idoso,4,2,PE,media,1938
2022,idoso,4,2,PE,alta,495
2022,idoso,4,2,PI,baixa,475
2022,idoso,4,2,PI,media,579
2022,idoso,4,2,PI,alta,100
2022,idoso,4,2,PR,baixa,405
2022,idoso,4,2,PR,media,942
2022,idoso,4,2,PR,alta,236
2022,idoso,4,2,RJ,baixa,483
2022,idoso,4,2,RJ,media,3279
2022,idoso,4,2,RJ,alta,1005
2022,idoso,4,2,RN,baixa,230
2022,idoso,4,2,RN,media,401
2022,idoso,4,2,RN,alta,106
2022,idoso,4,2,RO,baixa,118
2022,idoso,4,2,RO,media,214
2022,idoso,4,2,RO,alta,72
2022,idoso,4,2,RR,baixa,22
2022,idoso,4,2,RR,media,48
2022,idoso,4,2,RR,alta,44
2022,idoso,4,2,RS,baixa,72
2022,idoso,4,2,RS,media,351
2022,idoso,4,2,RS,alta,81
2022,idoso,4,2,SC,baixa,48
2022,idoso,4,2,SC,media,197
2022,idoso,4,2,SC,alta,47
2022,idoso,4,2,SE,baixa,249
2022,idoso,4,2,SE,media,424
2022,idoso,4,2,SE,alta,123
2022,idoso,4,2,SP,baixa,1013
2022,idoso,4,2,SP,media,4814
2022,idoso,4,2,SP,alta,1578
2022,idoso,4,2,TO,baixa,137
2022,idoso,4,2,TO,media,229
2022,idoso,4,2,TO,alta,63
2022,idoso,5,1,AC,baixa,1
2022,idoso,5,1,AL,baixa,4
2022,idoso,5,1,AM,baixa,25
2022,idoso,5,1,AM,media,27
2022,idoso,5,1,AM,alta,12
2022,idoso,5,1,AP,media,3
2022,idoso,5,1,BA,baixa,9
2022,idoso,5,1,BA,media,10
2022,idoso,5,1,CE,baixa,8
2022,idoso,5,1,CE,media,2
2022,idoso,5,1,DF,media,2
2022,idoso,5,1,DF,alta,1
2022,idoso,5,1,ES,baixa,2
2022,idoso,5,1,ES,media,2
2022,idoso,5,1,GO,baixa,1
2022,idoso,5,1,GO,media,2
2022,idoso,5,1,MA,baixa,9
2022,idoso,5,1,MA,media,5
2022,idoso,5,1,MA,alta,1
2022,idoso,5,1,MG,baixa,1
2022,idoso,5,1,MG,media,9
2022,idoso,5,1,MG,alta,3
2022,idoso,5,1,MS,baixa,12
2022,idoso,5,1,MS,media,17
2022,idoso,5,1,MS,alta,4
2022,idoso,5,1,MT,baixa,2
2022,idoso,5,1,MT,media,5
2022,idoso,5,1,MT,alta,3
2022,idoso,5,1,PA,media,4
2022,idoso,5,1,PA,alta,2
2022,idoso,5,1,PB,media,3
2022,idoso,5,1,PE,baixa,8
2022,idoso,5,1,PE,media,22
2022,idoso,5,1,PI,baixa,1
2022,idoso,5,1,PR,baixa,1
2022,idoso,5,1,PR,media,7
2022,idoso,5,1,RJ,baixa,1
2022,idoso,5,1,RJ,media,9
2022,idoso,5,1,RN,baixa,1
2022,idoso,5,1,RN,media,2
2022,idoso,5,1,RN,alta,1
2022,idoso,5,1,RO,baixa,1
2022,idoso,5,1,RR,baixa,10
2022,idoso,5,1,RR,media,13
2022,idoso,5,1,RR,alta,5
2022,idoso,5,1,RS,baixa,2
2022,idoso,5,1,RS,media,2
2022,idoso,5,1,RS,alta,2
2022,idoso,5,1,SC,baixa,4
2022,idoso,5,1,SC,media,3
2022,idoso,5,1,SE,media,1
2022,idoso,5,1,SE,alta,1
2022,idoso,5,1,SP,baixa,6
2022,idoso,5,1,SP,media,13
2022,idoso,5,1,SP,alta,6
2022,idoso,5,1,TO,media,2
2022,idoso,5,1,TO,alta,1
2022,idoso,5,2,AC,baixa,1
2022,idoso,5,2,AC,media,2
2022,idoso,5,2,AL,media,1
2022,idoso,5,2,AM,baixa,23
2022,idoso,5,2,AM,media,9
2022,idoso,5,2,AM,alta,1
2022,idoso,5,2,AP,baixa,2
2022,idoso,5,2,BA,baixa,3
2022,idoso,5,2,BA,media,6
2022,idoso,5,2,BA,alta,4
2022,idoso,5,2,CE,baixa,2
2022,idoso,5,2,CE,media,1
2022,idoso,5,2,DF,baixa,1
2022,idoso,5,2,DF,alta,1
2022,idoso,5,2,GO,baixa,2
2022,idoso,5,2,GO,media,2
2022,idoso,5,2,MA,baixa,8
2022,idoso,5,2,MA,media,1
2022,idoso,5,2,MA,alta,4
2022,idoso,5,2,MG,baixa,3
2022,idoso,5,2,MG,media,10
2022,idoso,5,2,MS,baixa,11
2022,idoso,5,2,MS,media,16
2022,idoso,5,2,MS,alta,2
2022,idoso,5,2,MT,baixa,6
2022,idoso,5,2,MT,media,3
2022,idoso,5,2,PA,baixa,5
2022,idoso,5,2,PA,media,2
2022,idoso,5,2,PB,baixa,2
2022,idoso,5,2,PE,baixa,14
2022,idoso,5,2,PE,media,8
2022,idoso,5,2,PE,alta,3
2022,idoso,5,2,PR,baixa,6
2022,idoso,5,2,RJ,media,5
2022,idoso,5,2,RN,media,2
2022,idoso,5,2,RN,alta,1
2022,idoso,5,2,RO,baixa,5
2022,idoso,5,2,RO,media,1
2022,idoso,5,2,RR,baixa,15
2022,idoso,5,2,RR,media,14
2022,idoso,5,2,RR,alta,8
2022,idoso,5,2,RS,baixa,4
2022,idoso,5,2,RS,media,4
2022,idoso,5,2,RS,alta,1
2022,idoso,5,2,SC,baixa,1
2022,idoso,5,2,SC,media,3
2022,idoso,5,2,SE,media,2
2022,idoso,5,2,SE,alta,1
2022,idoso,5,2,SP,baixa,2
2022,idoso,5,2,SP,media,12
2022,idoso,5,2,SP,alta,6
2022,idoso,5,2,TO,baixa,5
2022,jovem,1,1,AC,baixa,1
2022,jovem,1,1,AC,media,3
2022,jovem,1,1,AC,alta,2
2022,jovem,1,1,AL,baixa,1
2022,jovem,1,1,AL,media,11
2022,jovem,1,1,AL,alta,3
2022,jovem,1,1,AM,media,23
2022,jovem,1,1,AM,alta,33
2022,jovem,1,1,AP,baixa,1
2022,jovem,1,1,AP,media,3
2022,jovem,1,1,AP,alta,2
2022,jovem,1,1,BA,baixa,16
2022,jovem,1,1,BA,media,112
2022,jovem,1,1,BA,alta,56
2022,jovem,1,1,CE,baixa,9
2022,jovem,1,1,CE,media,83
2022,jovem,1,1,CE,alta,57
2022,jovem,1,1,DF,baixa,2
2022,jovem,1,1,DF,media,33
2022,jovem,1,1,DF,alta,10
2022,jovem,1,1,ES,baixa,4
2022,jovem,1,1,ES,media,21
2022,jovem,1,1,ES,alta,19
2022,jovem,1,1,GO,baixa,7
2022,jovem,1,1,GO,media,54
2022,jovem,1,1,GO,alta,124
2022,jovem,1,1,MA,baixa,19
2022,jovem,1,1,MA,media,43
2022,jovem,1,1,MA,alta,53
2022,jovem,1,1,MG,baixa,34
2022,jovem,1,1,MG,media,156
2022,jovem,1,1,MG,alta,222
2022,jovem,1,1,MS,baixa,10
2022,jovem,1,1,MS,media,22
2022,jovem,1,1,MS,alta,51
2022,jovem,1,1,MT,baixa,9
2022,jovem,1,1,MT,media,42
2022,jovem,1,1,MT,alta,91
2022,jovem,1,1,PA,baixa,14
2022,jovem,1,1,PA,media,67
2022,jovem,1,1,PA,alta,66
2022,jovem,1,1,PB,baixa,5
2022,jovem,1,1,PB,media,11
2022,jovem,1,1,PB,alta,14
2022,jovem,1,1,PE,baixa,29
2022,jovem,1,1,PE,media,204
2022,jovem,1,1,PE,alta,110
2022,jovem,1,1,PI,baixa,7
2022,jovem,1,1,PI,media,28
2022,jovem,1,1,PI,alta,22
2022,jovem,1,1,PR,baixa,50
2022,jovem,1,1,PR,media,308
2022,jovem,1,1,PR,alta,561
2022,jovem,1,1,RJ,baixa,21
2022,jovem,1,1,RJ,media,235
2022,jovem,1,1,RJ,alta,183
2022,jovem,1,1,RN,baixa,3
2022,jovem,1,1,RN,media,11
2022,jovem,1,1,RN,alta,13
2022,jovem,1,1,RO,baixa,3
2022,jovem,1,1,RO,media,20
2022,jovem,1,1,RO,alta,35
2022,jovem,1,1,RR,media,5
2022,jovem,1,1,RR,alta,4
2022,jovem,1,1,RS,baixa,28
2022,jovem,1,1,RS,media,202
2022,jovem,1,1,RS,alta,196
2022,jovem,1,1,SC,baixa,19
2022,jovem,1,1,SC,media,180
2022,jovem,1,1,SC,alta,251
2022,jovem,1,1,SE,baixa,6
2022,jovem,1,1,SE,media,20
2022,jovem,1,1,SE,alta,12
2022,jovem,1,1,SP,baixa,101
2022,jovem,1,1,SP,media,442
2022,jovem,1,1,SP,alta,813
2022,jovem,1,1,TO,baixa,1
2022,jovem,1,1,TO,media,12
2022,jovem,1,1,TO,alta,28
2022,jovem,1,2,AC,media,2
2022,jovem,1,2,AC,alta,1
2022,jovem,1,2,AL,baixa,1
2022,jovem,1,2,AL,media,8
2022,jovem,1,2,AL,alta,4
2022,jovem,1,2,AM,baixa,4
2022,jovem,1,2,AM,media,13
2022,jovem,1,2,AM,alta,25
2022,jovem,1,2,AP,baixa,1
2022,jovem,1,2,AP,media,3
2022,jovem,1,2,AP,alta,1
2022,jovem,1,2,BA,baixa,18
2022,jovem,1,2,BA,media,36
2022,jovem,1,2,BA,alta,23
2022,jovem,1,2,CE,baixa,10
2022,jovem,1,2,CE,media,28
2022,jovem,1,2,CE,alta,28
2022,jovem,1,2,DF,baixa,1
2022,jovem,1,2,DF,media,12
2022,jovem,1,2,DF,alta,12
2022,jovem,1,2,ES,baixa,3
2022,jovem,1,2,ES,media,13
2022,jovem,1,2,ES,alta,12
2022,jovem,1,2,GO,baixa,10
2022,jovem,1,2,GO,media,40
2022,jovem,1,2,GO,alta,47
2022,jovem,1,2,MA,baixa,8
2022,jovem,1,2,MA,media,17
2022,jovem,1,2,MA,alta,23
2022,jovem,1,2,MG,baixa,30
2022,jovem,1,2,MG,media,71
2022,jovem,1,2,MG,alta,100
2022,jovem,1,2,MS,baixa,5
2022,jovem,1,2,MS,media,17
2022,jovem,1,2,MS,alta,21
2022,jovem,1,2,MT,baixa,6
2022,jovem,1,2,MT,media,20
2022,jovem,1,2,MT,alta,17
2022,jovem,1,2,PA,baixa,4
2022,jovem,1,2,PA,media,35
2022,jovem,1,2,PA,alta,19
2022,jovem,1,2,PB,baixa,3
2022,jovem,1,2,PB,media,13
2022,jovem,1,2,PB,alta,7
2022,jovem,1,2,PE,baixa,19
2022,jovem,1,2,PE,media,48
2022,jovem,1,2,PE,alta,38
2022,jovem,1,2,PI,baixa,4
2022,jovem,1,2,PI,media,8
2022,jovem,1,2,PI,alta,8
2022,jovem,1,2,PR,baixa,51
2022,jovem,1,2,PR,media,100
2022,jovem,1,2,PR,alta,178
2022,jovem,1,2,RJ,baixa,14
2022,jovem,1,2,RJ,media,115
2022,jovem,1,2,RJ,alta,90
2022,jovem,1,2,RN,baixa,2
2022,jovem,1,2,RN,media,10
2022,jovem,1,2,RN,alta,12
2022,jovem,1,2,RO,baixa,4
2022,jovem,1,2,RO,media,10
2022,jovem,1,2,RO,alta,10
2022,jovem,1,2,RR,media,1
2022,jovem,1,2,RR,alta,3
2022,jovem,1,2,RS,baixa,26
2022,jovem,1,2,RS,media,64
2022,jovem,1,2,RS,alta,69
2022,jovem,1,2,SC,baixa,14
2022,jovem,1,2,SC,media,49
2022,jovem,1,2,SC,alta,80
2022,jovem,1,2,SE,baixa,4
2022,jovem,1,2,SE,media,5
2022,jovem,1,2,SE,alta,11
2022,jovem,1,2,SP,baixa,78
2022,jovem,1,2,SP,media,247
2022,jovem,1,2,SP,alta,339
2022,jovem,1,2,TO,baixa,2
2022,jovem,1,2,TO,media,10
2022,jovem,1,2,TO,alta,6
2022,jovem,2,1,AL,baixa,1
2022,jovem,2,1,AL,media,4
2022,jovem,2,1,AL,alta,3
2022,jovem,2,1,AM,media,9
2022,jovem,2,1,AM,alta,1
2022,jovem,2,1,AP,media,2
2022,jovem,2,1,BA,baixa,8
2022,jovem,2,1,BA,media,234
2022,jovem,2,1,BA,alta,102
2022,jovem,2,1,CE,baixa,2
2022,jovem,2,1,CE,media,8
2022,jovem,2,1,CE,alta,8
2022,jovem,2,1,DF,media,9
2022,jovem,2,1,DF,alta,8
2022,jovem,2,1,ES,media,13
2022,jovem,2,1,ES,alta,6
2022,jovem,2,1,GO,media,28
2022,jovem,2,1,GO,alta,28
2022,jovem,2,1,MA,baixa,2
2022,jovem,2,1,MA,media,44
2022,jovem,2,1,MA,alta,33
2022,jovem,2,1,MG,baixa,6
2022,jovem,2,1,MG,media,70
2022,jovem,2,1,MG,alta,70
2022,jovem,2,1,MS,baixa,2
2022,jovem,2,1,MS,media,2
2022,jovem,2,1,MS,alta,7
2022,jovem,2,1,MT,media,13
2022,jovem,2,1,MT,alta,21
2022,jovem,2,1,PA,baixa,3
2022,jovem,2,1,PA,media,49
2022,jovem,2,1,PA,alta,30
2022,jovem,2,1,PB,baixa,1
2022,jovem,2,1,PB,media,3
2022,jovem,2,1,PB,alta,1
2022,jovem,2,1,PE,baixa,1
2022,jovem,2,1,PE,media,39
2022,jovem,2,1,PE,alta,20
2022,jovem,2,1,PI,media,18
2022,jovem,2,1,PI,alta,17
2022,jovem,2,1,PR,baixa,4
2022,jovem,2,1,PR,media,19
2022,jovem,2,1,PR,alta,22
2022,jovem,2,1,RJ,baixa,4
2022,jovem,2,1,RJ,media,204
2022,jovem,2,1,RJ,alta,105
2022,jovem,2,1,RN,media,2
2022,jovem,2,1,RN,alta,2
2022,jovem,2,1,RO,media,4
2022,jovem,2,1,RO,alta,5
2022,jovem,2,1,RR,media,4
2022,jovem,2,1,RS,baixa,2
2022,jovem,2,1,RS,media,45
2022,jovem,2,1,RS,alta,25
2022,jovem,2,1,SC,media,10
2022,jovem,2,1,SC,alta,10
2022,jovem,2,1,SE,media,19
2022,jovem,2,1,SE,alta,15
2022,jovem,2,1,SP,baixa,9
2022,jovem,2,1,SP,media,82
2022,jovem,2,1,SP,alta,130
2022,jovem,2,1,TO,media,12
2022,jovem,2,1,TO,alta,16
2022,jovem,2,2,AC,baixa,1
2022,jovem,2,2,AL,alta,1
2022,jovem,2,2,AM,media,1
2022,jovem,2,2,AP,media,1
2022,jovem,2,2,AP,alta,1
2022,jovem,2,2,BA,baixa,6
2022,jovem,2,2,BA,media,28
2022,jovem,2,2,BA,alta,31
2022,jovem,2,2,CE,media,4
2022,jovem,2,2,DF,media,4
2022,jovem,2,2,DF,alta,1
2022,jovem,2,2,ES,baixa,2
2022,jovem,2,2,ES,media,3
2022,jovem,2,2,ES,alta,5
2022,jovem,2,2,GO,baixa,2
2022,jovem,2,2,GO,media,4
2022,jovem,2,2,GO,alta,5
2022,jovem,2,2,MA,baixa,1
2022,jovem,2,2,MA,media,11
2022,jovem,2,2,MA,alta,12
2022,jovem,2,2,MG,baixa,3
2022,jovem,2,2,MG,media,23
2022,jovem,2,2,MG,alta,29
2022,jovem,2,2,MS,media,2
2022,jovem,2,2,MS,alta,1
2022,jovem,2,2,MT,media,2
2022,jovem,2,2,MT,alta,4
2022,jovem,2,2,PA,baixa,2
2022,jovem,2,2,PA,media,13
2022,jovem,2,2,PA,alta,10
2022,jovem,2,2,PE,baixa,2
2022,jovem,2,2,PE,media,12
2022,jovem,2,2,PE,alta,9
2022,jovem,2,2,PI,media,5
2022,jovem,2,2,PI,alta,4
2022,jovem,2,2,PR,baixa,1
2022,jovem,2,2,PR,media,6
2022,jovem,2,2,PR,alta,10
2022,jovem,2,2,RJ,baixa,2
2022,jovem,2,2,RJ,media,57
2022,jovem,2,2,RJ,alta,42
2022,jovem,2,2,RN,baixa,1
2022,jovem,2,2,RN,media,1
2022,jovem,2,2,RN,alta,3
2022,jovem,2,2,RO,media,1
2022,jovem,2,2,RO,alta,2
2022,jovem,2,2,RR,media,1
2022,jovem,2,2,RS,baixa,2
2022,jovem,2,2,RS,media,10
2022,jovem,2,2,RS,alta,4
2022,jovem,2,2,SC,media,2
2022,jovem,2,2,SC,alta,8
2022,jovem,2,2,SE,media,3
2022,jovem,2,2,SE,alta,5
2022,jovem,2,2,SP,baixa,6
2022,jovem,2,2,SP,media,25
2022,jovem,2,2,SP,alta,42
2022,jovem,2,2,TO,baixa,2
2022,jovem,2,2,TO,media,2
2022,jovem,2,2,TO,alta,3
2022,jovem,3,1,AL,media,1
2022,jovem,3,1,AL,alta,1
2022,jovem,3,1,AM,media,6
2022,jovem,3,1,AM,alta,7
2022,jovem,3,1,BA,media,1
2022,jovem,3,1,CE,baixa,1
2022,jovem,3,1,CE,media,1
2022,jovem,3,1,GO,media,1
2022,jovem,3,1,MA,media,2
2022,jovem,3,1,MA,alta,2
2022,jovem,3,1,MG,baixa,1
2022,jovem,3,1,MS,alta,1
2022,jovem,3,1,MT,alta,3
2022,jovem,3,1,PA,alta,1
2022,jovem,3,1,PR,media,2
2022,jovem,3,1,PR,alta,1
2022,jovem,3,1,RJ,media,1
2022,jovem,3,1,RS,alta,1
2022,jovem,3,1,SC,alta,1
2022,jovem,3,1,SP,baixa,1
2022,jovem,3,1,SP,media,6
2022,jovem,3,1,SP,alta,9
2022,jovem,3,1,TO,media,1
2022,jovem,3,2,AL,media,2
2022,jovem,3,2,AL,alta,1
2022,jovem,3,2,BA,alta,1
2022,jovem,3,2,DF,baixa,1
2022,jovem,3,2,GO,media,1
2022,jovem,3,2,GO,alta,1
2022,jovem,3,2,MA,alta,2
2022,jovem,3,2,MT,alta,1
2022,jovem,3,2,PR,baixa,1
2022,jovem,3,2,PR,media,1
2022,jovem,3,2,PR,alta,1
2022,jovem,3,2,RN,media,1
2022,jovem,3,2,SP,baixa,1
2022,jovem,3,2,SP,media,1
2022,jovem,3,2,TO,baixa,1
2022,jovem,4,0,PA,media,1
2022,jovem,4,1,AC,baixa,2
2022,jovem,4,1,AC,media,23
2022,jovem,4,1,AC,alta,18
2022,jovem,4,1,AL,baixa,9
2022,jovem,4,1,AL,media,212
2022,jovem,4,1,AL,alta,191
2022,jovem,4,1,AM,baixa,23
2022,jovem,4,1,AM,media,253
2022,jovem,4,1,AM,alta,389
2022,jovem,4,1,AP,baixa,1
2022,jovem,4,1,AP,media,84
2022,jovem,4,1,AP,alta,40
2022,jovem,4,1,BA,baixa,56
2022,jovem,4,1,BA,media,1058
2022,jovem,4,1,BA,alta,494
2022,jovem,4,1,CE,baixa,35
2022,jovem,4,1,CE,media,574
2022,jovem,4,1,CE,alta,344
2022,jovem,4,1,DF,baixa,3
2022,jovem,4,1,DF,media,55
2022,jovem,4,1,DF,alta,52
2022,jovem,4,1,ES,baixa,8
2022,jovem,4,1,ES,media,98
2022,jovem,4,1,ES,alta,90
2022,jovem,4,1,GO,baixa,11
2022,jovem,4,1,GO,media,201
2022,jovem,4,1,GO,alta,314
2022,jovem,4,1,MA,baixa,34
2022,jovem,4,1,MA,media,394
2022,jovem,4,1,MA,alta,347
2022,jovem,4,1,MG,baixa,23
2022,jovem,4,1,MG,media,326
2022,jovem,4,1,MG,alta,371
2022,jovem,4,1,MS,baixa,14
2022,jovem,4,1,MS,media,47
2022,jovem,4,1,MS,alta,101
2022,jovem,4,1,MT,baixa,4
2022,jovem,4,1,MT,media,128
2022,jovem,4,1,MT,alta,231
2022,jovem,4,1,PA,baixa,32
2022,jovem,4,1,PA,media,631
2022,jovem,4,1,PA,alta,371
2022,jovem,4,1,PB,baixa,5
2022,jovem,4,1,PB,media,78
2022,jovem,4,1,PB,alta,32
2022,jovem,4,1,PE,baixa,35
2022,jovem,4,1,PE,media,816
2022,jovem,4,1,PE,alta,331
2022,jovem,4,1,PI,baixa,18
2022,jovem,4,1,PI,media,152
2022,jovem,4,1,PI,alta,108
2022,jovem,4,1,PR,baixa,11
2022,jovem,4,1,PR,media,183
2022,jovem,4,1,PR,alta,282
2022,jovem,4,1,RJ,baixa,16
2022,jovem,4,1,RJ,media,515
2022,jovem,4,1,RJ,alta,313
2022,jovem,4,1,RN,baixa,7
2022,jovem,4,1,RN,media,96
2022,jovem,4,1,RN,alta,23
2022,jovem,4,1,RO,baixa,2
2022,jovem,4,1,RO,media,40
2022,jovem,4,1,RO,alta,90
2022,jovem,4,1,RR,baixa,2
2022,jovem,4,1,RR,media,17
2022,jovem,4,1,RR,alta,48
2022,jovem,4,1,RS,baixa,3
2022,jovem,4,1,RS,media,58
2022,jovem,4,1,RS,alta,27
2022,jovem,4,1,SC,baixa,2
2022,jovem,4,1,SC,media,40
2022,jovem,4,1,SC,alta,38
2022,jovem,4,1,SE,baixa,17
2022,jovem,4,1,SE,media,218
2022,jovem,4,1,SE,alta,138
2022,jovem,4,1,SP,baixa,49
2022,jovem,4,1,SP,media,448
2022,jovem,4,1,SP,alta,630
2022,jovem,4,1,TO,baixa,11
2022,jovem,4,1,TO,media,85
2022,jovem,4,1,TO,alta,71
2022,jovem,4,2,AC,baixa,2
2022,jovem,4,2,AC,media,3
2022,jovem,4,2,AC,alta,9
2022,jovem,4,2,AL,baixa,4
2022,jovem,4,2,AL,media,37
2022,jovem,4,2,AL,alta,25
2022,jovem,4,2,AM,baixa,9
2022,jovem,4,2,AM,media,39
2022,jovem,4,2,AM,alta,104
2022,jovem,4,2,AP,media,17
2022,jovem,4,2,AP,alta,15
2022,jovem,4,2,BA,baixa,32
2022,jovem,4,2,BA,media,125
2022,jovem,4,2,BA,alta,142
2022,jovem,4,2,CE,baixa,21
2022,jovem,4,2,CE,media,122
2022,jovem,4,2,CE,alta,101
2022,jovem,4,2,DF,media,14
2022,jovem,4,2,DF,alta,19
2022,jovem,4,2,ES,media,24
2022,jovem,4,2,ES,alta,21
2022,jovem,4,2,GO,baixa,5
2022,jovem,4,2,GO,media,38
2022,jovem,4,2,GO,alta,71
2022,jovem,4,2,MA,baixa,23
2022,jovem,4,2,MA,media,107
2022,jovem,4,2,MA,alta,105
2022,jovem,4,2,MG,baixa,19
2022,jovem,4,2,MG,media,88
2022,jovem,4,2,MG,alta,121
2022,jovem,4,2,MS,baixa,6
2022,jovem,4,2,MS,media,27
2022,jovem,4,2,MS,alta,28
2022,jovem,4,2,MT,baixa,1
2022,jovem,4,2,MT,media,28
2022,jovem,4,2,MT,alta,56
2022,jovem,4,2,PA,baixa,16
2022,jovem,4,2,PA,media,157
2022,jovem,4,2,PA,alta,116
2022,jovem,4,2,PB,baixa,1
2022,jovem,4,2,PB,media,19
2022,jovem,4,2,PB,alta,12
2022,jovem,4,2,PE,baixa,12
2022,jovem,4,2,PE,media,140
2022,jovem,4,2,PE,alta,91
2022,jovem,4,2,PI,baixa,5
2022,jovem,4,2,PI,media,55
2022,jovem,4,2,PI,alta,35
2022,jovem,4,2,PR,baixa,9
2022,jovem,4,2,PR,media,49
2022,jovem,4,2,PR,alta,69
2022,jovem,4,2,RJ,baixa,4
2022,jovem,4,2,RJ,media,122
2022,jovem,4,2,RJ,alta,109
2022,jovem,4,2,RN,baixa,4
2022,jovem,4,2,RN,media,16
2022,jovem,4,2,RN,alta,10
2022,jovem,4,2,RO,baixa,2
2022,jovem,4,2,RO,media,12
2022,jovem,4,2,RO,alta,26
2022,jovem,4,2,RR,baixa,3
2022,jovem,4,2,RR,media,12
2022,jovem,4,2,RR,alta,20
2022,jovem,4,2,RS,baixa,3
2022,jovem,4,2,RS,media,10
2022,jovem,4,2,RS,alta,12
2022,jovem,4,2,SC,media,14
2022,jovem,4,2,SC,alta,11
2022,jovem,4,2,SE,baixa,5
2022,jovem,4,2,SE,media,20
2022,jovem,4,2,SE,alta,38
2022,jovem,4,2,SP,baixa,25
2022,jovem,4,2,SP,media,149
2022,jovem,4,2,SP,alta,229
2022,jovem,4,2,TO,baixa,3
2022,jovem,4,2,TO,media,31
2022,jovem,4,2,TO,alta,21
2022,jovem,5,1,AC,media,1
2022,jovem,5,1,AC,alta,1
2022,jovem,5,1,AL,baixa,1
2022,jovem,5,1,AL,media,1
2022,jovem,5,1,AM,baixa,4
2022,jovem,5,1,AM,media,19
2022,jovem,5,1,AM,alta,22
2022,jovem,5,1,BA,media,3
2022,jovem,5,1,CE,alta,2
2022,jovem,5,1,DF,alta,1
2022,jovem,5,1,ES,media,1
2022,jovem,5,1,MA,baixa,2
2022,jovem,5,1,MA,media,5
2022,jovem,5,1,MG,baixa,1
2022,jovem,5,1,MG,media,2
2022,jovem,5,1,MS,baixa,2
2022,jovem,5,1,MS,media,12
2022,jovem,5,1,MS,alta,9
2022,jovem,5,1,MT,media,2
2022,jovem,5,1,MT,alta,2
2022,jovem,5,1,PA,baixa,2
2022,jovem,5,1,PA,media,8
2022,jovem,5,1,PA,alta,1
2022,jovem,5,1,PE,media,2
2022,jovem,5,1,PE,alta,1
2022,jovem,5,1,PR,baixa,2
2022,jovem,5,1,PR,media,6
2022,jovem,5,1,PR,alta,4
2022,jovem,5,1,RO,media,2
2022,jovem,5,1,RO,alta,2
2022,jovem,5,1,RR,baixa,6
2022,jovem,5,1,RR,media,5
2022,jovem,5,1,RR,alta,12
2022,jovem,5,1,RS,media,5
2022,jovem,5,1,RS,alta,2
2022,jovem,5,1,SC,alta,1
2022,jovem,5,1,SE,media,1
2022,jovem,5,1,SP,media,1
2022,jovem,5,1,TO,media,1
2022,jovem,5,1,TO,alta,1
2022,jovem,5,2,AL,alta,2
2022,jovem,5,2,AM,baixa,3
2022,jovem,5,2,AM,media,14
2022,jovem,5,2,AM,alta,4
2022,jovem,5,2,MA,baixa,2
2022,jovem,5,2,MA,media,5
2022,jovem,5,2,MS,media,11
2022,jovem,5,2,MS,alta,8
2022,jovem,5,2,MT,baixa,2
2022,jovem,5,2,MT,media,2
2022,jovem,5,2,MT,alta,2
2022,jovem,5,2,PA,alta,1
2022,jovem,5,2,PE,media,1
2022,jovem,5,2,PR,media,2
2022,jovem,5,2,PR,alta,1
2022,jovem,5,2,RJ,baixa,1
2022,jovem,5,2,RJ,alta,1
2022,jovem,5,2,RO,media,1
2022,jovem,5,2,RR,baixa,5
2022,jovem,5,2,RR,media,1
2022,jovem,5,2,RR,alta,9
2022,jovem,5,2,RS,media,2
2022,jovem,5,2,SC,media,3
2022,jovem,5,2,SC,alta,1
2022,jovem,5,2,SP,baixa,1
2022,jovem,5,2,SP,media,1
2022,jovem,5,2,SP,alta,2
2022,jovem,5,2,TO,alta,1
2022,meia-idade,1,0,DF,media,1
2022,meia-idade,1,1,AC,baixa,2
2022,meia-idade,1,1,AC,media,7
2022,meia-idade,1,1,AC,alta,2
2022,meia-idade,1,1,AL,baixa,25
2022,meia-idade,1,1,AL,media,67
2022,meia-idade,1,1,AL,alta,38
2022,meia-idade,1,1,AM,baixa,16
2022,meia-idade,1,1,AM,media,67
2022,meia-idade,1,1,AM,alta,60
2022,meia-idade,1,1,AP,baixa,1
2022,meia-idade,1,1,AP,media,16
2022,meia-idade,1,1,AP,alta,7
2022,meia-idade,1,1,BA,baixa,84
2022,meia-idade,1,1,BA,media,370
2022,meia-idade,1,1,BA,alta,189
2022,meia-idade,1,1,CE,baixa,93
2022,meia-idade,1,1,CE,media,372
2022,meia-idade,1,1,CE,alta,182
2022,meia-idade,1,1,DF,baixa,15
2022,meia-idade,1,1,DF,media,197
2022,meia-idade,1,1,DF,alta,92
2022,meia-idade,1,1,ES,baixa,25
2022,meia-idade,1,1,ES,media,227
2022,meia-idade,1,1,ES,alta,131
2022,meia-idade,1,1,GO,baixa,66
2022,meia-idade,1,1,GO,media,573
2022,meia-idade,1,1,GO,alta,404
2022,meia-idade,1,1,MA,baixa,47
2022,meia-idade,1,1,MA,media,165
2022,meia-idade,1,1,MA,alta,124
2022,meia-idade,1,1,MG,baixa,183
2022,meia-idade,1,1,MG,media,2059
2022,meia-idade,1,1,MG,alta,1108
2022,meia-idade,1,1,MS,baixa,41
2022,meia-idade,1,1,MS,media,304
2022,meia-idade,1,1,MS,alta,230
2022,meia-idade,1,1,MT,baixa,32
2022,meia-idade,1,1,MT,media,274
2022,meia-idade,1,1,MT,alta,170
2022,meia-idade,1,1,PA,baixa,27
2022,meia-idade,1,1,PA,media,207
2022,meia-idade,1,1,PA,alta,96
2022,meia-idade,1,1,PB,baixa,32
2022,meia-idade,1,1,PB,media,72
2022,meia-idade,1,1,PB,alta,37
2022,meia-idade,1,1,PE,baixa,158
2022,meia-idade,1,1,PE,media,649
2022,meia-idade,1,1,PE,alta,284
2022,meia-idade,1,1,PI,baixa,35
2022,meia-idade,1,1,PI,media,110
2022,meia-idade,1,1,PI,alta,35
2022,meia-idade,1,1,PR,baixa,209
2022,meia-idade,1,1,PR,media,2622
2022,meia-idade,1,1,PR,alta,1711
2022,meia-idade,1,1,RJ,baixa,126
2022,meia-idade,1,1,RJ,media,1579
2022,meia-idade,1,1,RJ,alta,919
2022,meia-idade,1,1,RN,baixa,62
2022,meia-idade,1,1,RN,media,168
2022,meia-idade,1,1,RN,alta,75
2022,meia-idade,1,1,RO,baixa,13
2022,meia-idade,1,1,RO,media,113
2022,meia-idade,1,1,RO,alta,70
2022,meia-idade,1,1,RR,baixa,1
2022,meia-idade,1,1,RR,media,16
2022,meia-idade,1,1,RR,alta,26
2022,meia-idade,1,1,RS,baixa,160
2022,meia-idade,1,1,RS,media,2064
2022,meia-idade,1,1,RS,alta,1295
2022,meia-idade,1,1,SC,baixa,102
2022,meia-idade,1,1,SC,media,1834
2022,meia-idade,1,1,SC,alta,1067
2022,meia-idade,1,1,SE,baixa,23
2022,meia-idade,1,1,SE,media,87
2022,meia-idade,1,1,SE,alta,62
2022,meia-idade,1,1,SP,baixa,419
2022,meia-idade,1,1,SP,media,6852
2022,meia-idade,1,1,SP,alta,5603
2022,meia-idade,1,1,TO,baixa,12
2022,meia-idade,1,1,TO,media,84
2022,meia-idade,1,1,TO,alta,35
2022,meia-idade,1,2,AC,baixa,4
2022,meia-idade,1,2,AC,media,5
2022,meia-idade,1,2,AC,alta,6
2022,meia-idade,1,2,AL,baixa,22
2022,meia-idade,1,2,AL,media,64
2022,meia-idade,1,2,AL,alta,38
2022,meia-idade,1,2,AM,baixa,11
2022,meia-idade,1,2,AM,media,72
2022,meia-idade,1,2,AM,alta,73
2022,meia-idade,1,2,AP,baixa,3
2022,meia-idade,1,2,AP,media,11
2022,meia-idade,1,2,AP,alta,11
2022,meia-idade,1,2,BA,baixa,59
2022,meia-idade,1,2,BA,media,329
2022,meia-idade,1,2,BA,alta,147
2022,meia-idade,1,2,CE,baixa,62
2022,meia-idade,1,2,CE,media,364
2022,meia-idade,1,2,CE,alta,151
2022,meia-idade,1,2,DF,baixa,10
2022,meia-idade,1,2,DF,media,165
2022,meia-idade,1,2,DF,alta,86
2022,meia-idade,1,2,ES,baixa,26
2022,meia-idade,1,2,ES,media,133
2022,meia-idade,1,2,ES,alta,73
2022,meia-idade,1,2,GO,baixa,58
2022,meia-idade,1,2,GO,media,363
2022,meia-idade,1,2,GO,alta,300
2022,meia-idade,1,2,MA,baixa,46
2022,meia-idade,1,2,MA,media,136
2022,meia-idade,1,2,MA,alta,99
2022,meia-idade,1,2,MG,baixa,144
2022,meia-idade,1,2,MG,media,1368
2022,meia-idade,1,2,MG,alta,791
2022,meia-idade,1,2,MS,baixa,28
2022,meia-idade,1,2,MS,media,189
2022,meia-idade,1,2,MS,alta,144
2022,meia-idade,1,2,MT,baixa,16
2022,meia-idade,1,2,MT,media,159
2022,meia-idade,1,2,MT,alta,99
2022,meia-idade,1,2,PA,baixa,20
2022,meia-idade,1,2,PA,media,158
2022,meia-idade,1,2,PA,alta,85
2022,meia-idade,1,2,PB,baixa,26
2022,meia-idade,1,2,PB,media,81
2022,meia-idade,1,2,PB,alta,30
2022,meia-idade,1,2,PE,baixa,120
2022,meia-idade,1,2,PE,media,520
2022,meia-idade,1,2,PE,alta,243
2022,meia-idade,1,2,PI,baixa,32
2022,meia-idade,1,2,PI,media,87
2022,meia-idade,1,2,PI,alta,38
2022,meia-idade,1,2,PR,baixa,180
2022,meia-idade,1,2,PR,media,1586
2022,meia-idade,1,2,PR,alta,934
2022,meia-idade,1,2,RJ,baixa,90
2022,meia-idade,1,2,RJ,media,1449
2022,meia-idade,1,2,RJ,alta,884
2022,meia-idade,1,2,RN,baixa,31
2022,meia-idade,1,2,RN,media,137
2022,meia-idade,1,2,RN,alta,82
2022,meia-idade,1,2,RO,baixa,11
2022,meia-idade,1,2,RO,media,69
2022,meia-idade,1,2,RO,alta,37
2022,meia-idade,1,2,RR,media,14
2022,meia-idade,1,2,RR,alta,11
2022,meia-idade,1,2,RS,baixa,119
2022,meia-idade,1,2,RS,media,1373
2022,meia-idade,1,2,RS,alta,846
2022,meia-idade,1,2,SC,baixa,72
2022,meia-idade,1,2,SC,media,1201
2022,meia-idade,1,2,SC,alta,647
2022,meia-idade,1,2,SE,baixa,25
2022,meia-idade,1,2,SE,media,94
2022,meia-idade,1,2,SE,alta,54
2022,meia-idade,1,2,SP,baixa,338
2022,meia-idade,1,2,SP,media,4649
2022,meia-idade,1,2,SP,alta,3397
2022,meia-idade,1,2,TO,baixa,8
2022,meia-idade,1,2,TO,media,51
2022,meia-idade,1,2,TO,alta,24
2022,meia-idade,2,1,AC,baixa,2
2022,meia-idade,2,1,AC,media,5
2022,meia-idade,2,1,AL,baixa,21
2022,meia-idade,2,1,AL,media,33
2022,meia-idade,2,1,AL,alta,16
2022,meia-idade,2,1,AM,baixa,11
2022,meia-idade,2,1,AM,media,27
2022,meia-idade,2,1,AM,alta,19
2022,meia-idade,2,1,AP,baixa,2
2022,meia-idade,2,1,AP,media,19
2022,meia-idade,2,1,AP,alta,5
2022,meia-idade,2,1,BA,baixa,191
2022,meia-idade,2,1,BA,media,578
2022,meia-idade,2,1,BA,alta,181
2022,meia-idade,2,1,CE,baixa,62
2022,meia-idade,2,1,CE,media,107
2022,meia-idade,2,1,CE,alta,33
2022,meia-idade,2,1,DF,baixa,17
2022,meia-idade,2,1,DF,media,77
2022,meia-idade,2,1,DF,alta,29
2022,meia-idade,2,1,ES,baixa,25
2022,meia-idade,2,1,ES,media,116
2022,meia-idade,2,1,ES,alta,40
2022,meia-idade,2,1,GO,baixa,41
2022,meia-idade,2,1,GO,media,166
2022,meia-idade,2,1,GO,alta,83
2022,meia-idade,2,1,MA,baixa,92
2022,meia-idade,2,1,MA,media,206
2022,meia-idade,2,1,MA,alta,51
2022,meia-idade,2,1,MG,baixa,144
2022,meia-idade,2,1,MG,media,857
2022,meia-idade,2,1,MG,alta,272
2022,meia-idade,2,1,MS,baixa,13
2022,meia-idade,2,1,MS,media,46
2022,meia-idade,2,1,MS,alta,25
2022,meia-idade,2,1,MT,baixa,29
2022,meia-idade,2,1,MT,media,80
2022,meia-idade,2,1,MT,alta,50
2022,meia-idade,2,1,PA,baixa,35
2022,meia-idade,2,1,PA,media,133
2022,meia-idade,2,1,PA,alta,39
2022,meia-idade,2,1,PB,baixa,10
2022,meia-idade,2,1,PB,media,22
2022,meia-idade,2,1,PB,alta,3
2022,meia-idade,2,1,PE,baixa,97
2022,meia-idade,2,1,PE,media,275
2022,meia-idade,2,1,PE,alta,75
2022,meia-idade,2,1,PI,baixa,51
2022,meia-idade,2,1,PI,media,94
2022,meia-idade,2,1,PI,alta,17
2022,meia-idade,2,1,PR,baixa,28
2022,meia-idade,2,1,PR,media,208
2022,meia-idade,2,1,PR,alta,109
2022,meia-idade,2,1,RJ,baixa,82
2022,meia-idade,2,1,RJ,media,947
2022,meia-idade,2,1,RJ,alta,379
2022,meia-idade,2,1,RN,baixa,29
2022,meia-idade,2,1,RN,media,38
2022,meia-idade,2,1,RN,alta,10
2022,meia-idade,2,1,RO,baixa,9
2022,meia-idade,2,1,RO,media,27
2022,meia-idade,2,1,RO,alta,14
2022,meia-idade,2,1,RR,baixa,1
2022,meia-idade,2,1,RR,media,7
2022,meia-idade,2,1,RR,alta,5
2022,meia-idade,2,1,RS,baixa,30
2022,meia-idade,2,1,RS,media,252
2022,meia-idade,2,1,RS,alta,117
2022,meia-idade,2,1,SC,baixa,12
2022,meia-idade,2,1,SC,media,90
2022,meia-idade,2,1,SC,alta,44
2022,meia-idade,2,1,SE,baixa,37
2022,meia-idade,2,1,SE,media,77
2022,meia-idade,2,1,SE,alta,27
2022,meia-idade,2,1,SP,baixa,99
2022,meia-idade,2,1,SP,media,1238
2022,meia-idade,2,1,SP,alta,727
2022,meia-idade,2,1,TO,baixa,28
2022,meia-idade,2,1,TO,media,45
2022,meia-idade,2,1,TO,alta,10
2022,meia-idade,2,2,AC,media,1
2022,meia-idade,2,2,AC,alta,1
2022,meia-idade,2,2,AL,baixa,13
2022,meia-idade,2,2,AL,media,23
2022,meia-idade,2,2,AL,alta,7
2022,meia-idade,2,2,AM,baixa,4
2022,meia-idade,2,2,AM,media,18
2022,meia-idade,2,2,AM,alta,8
2022,meia-idade,2,2,AP,media,10
2022,meia-idade,2,2,AP,alta,2
2022,meia-idade,2,2,BA,baixa,118
2022,meia-idade,2,2,BA,media,345
2022,meia-idade,2,2,BA,alta,153
2022,meia-idade,2,2,CE,baixa,22
2022,meia-idade,2,2,CE,media,67
2022,meia-idade,2,2,CE,alta,16
2022,meia-idade,2,2,DF,baixa,11
2022,meia-idade,2,2,DF,media,62
2022,meia-idade,2,2,DF,alta,22
2022,meia-idade,2,2,ES,baixa,10
2022,meia-idade,2,2,ES,media,65
2022,meia-idade,2,2,ES,alta,30
2022,meia-idade,2,2,GO,baixa,27
2022,meia-idade,2,2,GO,media,81
2022,meia-idade,2,2,GO,alta,46
2022,meia-idade,2,2,MA,baixa,37
2022,meia-idade,2,2,MA,media,108
2022,meia-idade,2,2,MA,alta,38
2022,meia-idade,2,2,MG,baixa,78
2022,meia-idade,2,2,MG,media,535
2022,meia-idade,2,2,MG,alta,183
2022,meia-idade,2,2,MS,baixa,7
2022,meia-idade,2,2,MS,media,23
2022,meia-idade,2,2,MS,alta,11
2022,meia-idade,2,2,MT,baixa,9
2022,meia-idade,2,2,MT,media,57
2022,meia-idade,2,2,MT,alta,22
2022,meia-idade,2,2,PA,baixa,20
2022,meia-idade,2,2,PA,media,71
2022,meia-idade,2,2,PA,alta,36
2022,meia-idade,2,2,PB,baixa,10
2022,meia-idade,2,2,PB,media,16
2022,meia-idade,2,2,PB,alta,5
2022,meia-idade,2,2,PE,baixa,32
2022,meia-idade,2,2,PE,media,143
2022,meia-idade,2,2,PE,alta,44
2022,meia-idade,2,2,PI,baixa,25
2022,meia-idade,2,2,PI,media,50
2022,meia-idade,2,2,PI,alta,13
2022,meia-idade,2,2,PR,baixa,14
2022,meia-idade,2,2,PR,media,128
2022,meia-idade,2,2,PR,alta,64
2022,meia-idade,2,2,RJ,baixa,85
2022,meia-idade,2,2,RJ,media,777
2022,meia-idade,2,2,RJ,alta,370
2022,meia-idade,2,2,RN,baixa,8
2022,meia-idade,2,2,RN,media,34
2022,meia-idade,2,2,RN,alta,11
2022,meia-idade,2,2,RO,baixa,9
2022,meia-idade,2,2,RO,media,19
2022,meia-idade,2,2,RO,alta,5
2022,meia-idade,2,2,RR,baixa,2
2022,meia-idade,2,2,RR,media,2
2022,meia-idade,2,2,RR,alta,4
2022,meia-idade,2,2,RS,baixa,23
2022,meia-idade,2,2,RS,media,158
2022,meia-idade,2,2,RS,alta,73
2022,meia-idade,2,2,SC,baixa,8
2022,meia-idade,2,2,SC,media,48
2022,meia-idade,2,2,SC,alta,35
2022,meia-idade,2,2,SE,baixa,25
2022,meia-idade,2,2,SE,media,39
2022,meia-idade,2,2,SE,alta,9
2022,meia-idade,2,2,SP,baixa,81
2022,meia-idade,2,2,SP,media,676
2022,meia-idade,2,2,SP,alta,474
2022,meia-idade,2,2,TO,baixa,2
2022,meia-idade,2,2,TO,media,29
2022,meia-idade,2,2,TO,alta,5
2022,meia-idade,3,1,AL,baixa,1
2022,meia-idade,3,1,AL,media,1
2022,meia-idade,3,1,AM,media,5
2022,meia-idade,3,1,AM,alta,3
2022,meia-idade,3,1,AP,alta,1
2022,meia-idade,3,1,BA,baixa,2
2022,meia-idade,3,1,BA,media,11
2022,meia-idade,3,1,BA,alta,1
2022,meia-idade,3,1,CE,baixa,2
2022,meia-idade,3,1,CE,media,9
2022,meia-idade,3,1,CE,alta,1
2022,meia-idade,3,1,DF,baixa,1
2022,meia-idade,3,1,DF,media,3
2022,meia-idade,3,1,DF,alta,1
2022,meia-idade,3,1,ES,media,1
2022,meia-idade,3,1,GO,baixa,1
2022,meia-idade,3,1,GO,media,6
2022,meia-idade,3,1,GO,alta,2
2022,meia-idade,3,1,MA,media,3
2022,meia-idade,3,1,MG,baixa,1
2022,meia-idade,3,1,MG,media,15
2022,meia-idade,3,1,MG,alta,5
2022,meia-idade,3,1,MS,media,7
2022,meia-idade,3,1,MS,alta,7
2022,meia-idade,3,1,MT,baixa,1
2022,meia-idade,3,1,MT,media,9
2022,meia-idade,3,1,PA,baixa,3
2022,meia-idade,3,1,PA,media,3
2022,meia-idade,3,1,PB,media,1
2022,meia-idade,3,1,PB,alta,1
2022,meia-idade,3,1,PE,baixa,2
2022,meia-idade,3,1,PE,media,4
2022,meia-idade,3,1,PE,alta,1
2022,meia-idade,3,1,PI,media,2
2022,meia-idade,3,1,PI,alta,1
2022,meia-idade,3,1,PR,baixa,2
2022,meia-idade,3,1,PR,media,13
2022,meia-idade,3,1,PR,alta,12
2022,meia-idade,3,1,RJ,media,5
2022,meia-idade,3,1,RJ,alta,2
2022,meia-idade,3,1,RN,baixa,1
2022,meia-idade,3,1,RN,media,2
2022,meia-idade,3,1,RN,alta,1
2022,meia-idade,3,1,RO,media,2
2022,meia-idade,3,1,RO,alta,1
2022,meia-idade,3,1,RS,baixa,1
2022,meia-idade,3,1,RS,media,2
2022,meia-idade,3,1,RS,alta,1
2022,meia-idade,3,1,SC,alta,1
2022,meia-idade,3,1,SP,baixa,4
2022,meia-idade,3,1,SP,media,78
2022,meia-idade,3,1,SP,alta,64
2022,meia-idade,3,1,TO,baixa,2
2022,meia-idade,3,1,TO,media,4
2022,meia-idade,3,2,AL,alta,1
2022,meia-idade,3,2,AM,media,2
2022,meia-idade,3,2,AM,alta,1
2022,meia-idade,3,2,AP,media,2
2022,meia-idade,3,2,BA,media,3
2022,meia-idade,3,2,BA,alta,2
2022,meia-idade,3,2,CE,baixa,2
2022,meia-idade,3,2,CE,media,2
2022,meia-idade,3,2,CE,alta,2
2022,meia-idade,3,2,DF,media,4
2022,meia-idade,3,2,DF,alta,1
2022,meia-idade,3,2,GO,alta,4
2022,meia-idade,3,2,MA,media,3
2022,meia-idade,3,2,MA,alta,2
2022,meia-idade,3,2,MG,baixa,2
2022,meia-idade,3,2,MG,media,8
2022,meia-idade,3,2,MG,alta,2
2022,meia-idade,3,2,MS,media,2
2022,meia-idade,3,2,MS,alta,1
2022,meia-idade,3,2,MT,baixa,1
2022,meia-idade,3,2,MT,media,3
2022,meia-idade,3,2,MT,alta,3
2022,meia-idade,3,2,PA,baixa,2
2022,meia-idade,3,2,PA,media,1
2022,meia-idade,3,2,PA,alta,1
2022,meia-idade,3,2,PB,media,2
2022,meia-idade,3,2,PB,alta,1
2022,meia-idade,3,2,PE,media,2
2022,meia-idade,3,2,PI,media,2
2022,meia-idade,3,2,PR,media,15
2022,meia-idade,3,2,PR,alta,7
2022,meia-idade,3,2,RJ,baixa,1
2022,meia-idade,3,2,RJ,media,5
2022,meia-idade,3,2,RJ,alta,1
2022,meia-idade,3,2,RN,baixa,1
2022,meia-idade,3,2,RN,media,2
2022,meia-idade,3,2,RO,baixa,1
2022,meia-idade,3,2,RO,alta,1
2022,meia-idade,3,2,RS,media,1
2022,meia-idade,3,2,RS,alta,3
2022,meia-idade,3,2,SC,media,2
2022,meia-idade,3,2,SC,alta,2
2022,meia-idade,3,2,SP,baixa,2
2022,meia-idade,3,2,SP,media,65
2022,meia-idade,3,2,SP,alta,23
2022,meia-idade,3,2,TO,baixa,1
2022,meia-idade,3,2,TO,media,3
2022,meia-idade,3,2,TO,alta,2
2022,meia-idade,4,0,DF,media,4
2022,meia-idade,4,0,ES,media,2
2022,meia-idade,4,0,PA,media,1
2022,meia-idade,4,1,AC,baixa,40
2022,meia-idade,4,1,AC,media,40
2022,meia-idade,4,1,AC,alta,11
2022,meia-idade,4,1,AL,baixa,206
2022,meia-idade,4,1,AL,media,447
2022,meia-idade,4,1,AL,alta,169
2022,meia-idade,4,1,AM,baixa,134
2022,meia-idade,4,1,AM,media,566
2022,meia-idade,4,1,AM,alta,423
2022,meia-idade,4,1,AP,baixa,21
2022,meia-idade,4,1,AP,media,101
2022,meia-idade,4,1,AP,alta,46
2022,meia-idade,4,1,BA,baixa,557
2022,meia-idade,4,1,BA,media,1900
2022,meia-idade,4,1,BA,alta,688
2022,meia-idade,4,1,CE,baixa,712
2022,meia-idade,4,1,CE,media,2041
2022,meia-idade,4,1,CE,alta,673
2022,meia-idade,4,1,DF,baixa,44
2022,meia-idade,4,1,DF,media,380
2022,meia-idade,4,1,DF,alta,156
2022,meia-idade,4,1,ES,baixa,52
2022,meia-idade,4,1,ES,media,377
2022,meia-idade,4,1,ES,alta,178
2022,meia-idade,4,1,GO,baixa,208
2022,meia-idade,4,1,GO,media,1071
2022,meia-idade,4,1,GO,alta,615
2022,meia-idade,4,1,MA,baixa,436
2022,meia-idade,4,1,MA,media,1076
2022,meia-idade,4,1,MA,alta,472
2022,meia-idade,4,1,MG,baixa,340
2022,meia-idade,4,1,MG,media,2602
2022,meia-idade,4,1,MG,alta,923
2022,meia-idade,4,1,MS,baixa,92
2022,meia-idade,4,1,MS,media,427
2022,meia-idade,4,1,MS,alta,292
2022,meia-idade,4,1,MT,baixa,98
2022,meia-idade,4,1,MT,media,564
2022,meia-idade,4,1,MT,alta,340
2022,meia-idade,4,1,PA,baixa,335
2022,meia-idade,4,1,PA,media,1319
2022,meia-idade,4,1,PA,alta,483
2022,meia-idade,4,1,PB,baixa,153
2022,meia-idade,4,1,PB,media,309
2022,meia-idade,4,1,PB,alta,83
2022,meia-idade,4,1,PE,baixa,655
2022,meia-idade,4,1,PE,media,2242
2022,meia-idade,4,1,PE,alta,598
2022,meia-idade,4,1,PI,baixa,230
2022,meia-idade,4,1,PI,media,588
2022,meia-idade,4,1,PI,alta,142
2022,meia-idade,4,1,PR,baixa,135
2022,meia-idade,4,1,PR,media,1012
2022,meia-idade,4,1,PR,alta,458
2022,meia-idade,4,1,RJ,baixa,148
2022,meia-idade,4,1,RJ,media,1800
2022,meia-idade,4,1,RJ,alta,688
2022,meia-idade,4,1,RN,baixa,137
2022,meia-idade,4,1,RN,media,339
2022,meia-idade,4,1,RN,alta,115
2022,meia-idade,4,1,RO,baixa,55
2022,meia-idade,4,1,RO,media,252
2022,meia-idade,4,1,RO,alta,127
2022,meia-idade,4,1,RR,baixa,13
2022,meia-idade,4,1,RR,media,84
2022,meia-idade,4,1,RR,alta,89
2022,meia-idade,4,1,RS,baixa,29
2022,meia-idade,4,1,RS,media,238
2022,meia-idade,4,1,RS,alta,123
2022,meia-idade,4,1,SC,baixa,22
2022,meia-idade,4,1,SC,media,184
2022,meia-idade,4,1,SC,alta,70
2022,meia-idade,4,1,SE,baixa,140
2022,meia-idade,4,1,SE,media,477
2022,meia-idade,4,1,SE,alta,193
2022,meia-idade,4,1,SP,baixa,348
2022,meia-idade,4,1,SP,media,3968
2022,meia-idade,4,1,SP,alta,2254
2022,meia-idade,4,1,TO,baixa,85
2022,meia-idade,4,1,TO,media,290
2022,meia-idade,4,1,TO,alta,86
2022,meia-idade,4,2,AC,baixa,21
2022,meia-idade,4,2,AC,media,26
2022,meia-idade,4,2,AC,alta,16
2022,meia-idade,4,2,AL,baixa,136
2022,meia-idade,4,2,AL,media,209
2022,meia-idade,4,2,AL,alta,100
2022,meia-idade,4,2,AM,baixa,87
2022,meia-idade,4,2,AM,media,311
2022,meia-idade,4,2,AM,alta,284
2022,meia-idade,4,2,AP,baixa,14
2022,meia-idade,4,2,AP,media,57
2022,meia-idade,4,2,AP,alta,20
2022,meia-idade,4,2,BA,baixa,334
2022,meia-idade,4,2,BA,media,1133
2022,meia-idade,4,2,BA,alta,527
2022,meia-idade,4,2,CE,baixa,336
2022,meia-idade,4,2,CE,media,1148
2022,meia-idade,4,2,CE,alta,433
2022,meia-idade,4,2,DF,baixa,17
2022,meia-idade,4,2,DF,media,221
2022,meia-idade,4,2,DF,alta,89
2022,meia-idade,4,2,ES,baixa,43
2022,meia-idade,4,2,ES,media,206
2022,meia-idade,4,2,ES,alta,112
2022,meia-idade,4,2,GO,baixa,99
2022,meia-idade,4,2,GO,media,514
2022,meia-idade,4,2,GO,alta,404
2022,meia-idade,4,2,MA,baixa,261
2022,meia-idade,4,2,MA,media,669
2022,meia-idade,4,2,MA,alta,314
2022,meia-idade,4,2,MG,baixa,223
2022,meia-idade,4,2,MG,media,1479
2022,meia-idade,4,2,MG,alta,522
2022,meia-idade,4,2,MS,baixa,56
2022,meia-idade,4,2,MS,media,243
2022,meia-idade,4,2,MS,alta,144
2022,meia-idade,4,2,MT,baixa,36
2022,meia-idade,4,2,MT,media,279
2022,meia-idade,4,2,MT,alta,176
2022,meia-idade,4,2,PA,baixa,175
2022,meia-idade,4,2,PA,media,775
2022,meia-idade,4,2,PA,alta,419
2022,meia-idade,4,2,PB,baixa,68
2022,meia-idade,4,2,PB,media,200
2022,meia-idade,4,2,PB,alta,72
2022,meia-idade,4,2,PE,baixa,397
2022,meia-idade,4,2,PE,media,1178
2022,meia-idade,4,2,PE,alta,463
2022,meia-idade,4,2,PI,baixa,135
2022,meia-idade,4,2,PI,media,354
2022,meia-idade,4,2,PI,alta,93
2022,meia-idade,4,2,PR,baixa,108
2022,meia-idade,4,2,PR,media,536
2022,meia-idade,4,2,PR,alta,237
2022,meia-idade,4,2,RJ,baixa,121
2022,meia-idade,4,2,RJ,media,1406
2022,meia-idade,4,2,RJ,alta,706
2022,meia-idade,4,2,RN,baixa,56
2022,meia-idade,4,2,RN,media,225
2022,meia-idade,4,2,RN,alta,86
2022,meia-idade,4,2,RO,baixa,23
2022,meia-idade,4,2,RO,media,135
2022,meia-idade,4,2,RO,alta,79
2022,meia-idade,4,2,RR,baixa,10
2022,meia-idade,4,2,RR,media,36
2022,meia-idade,4,2,RR,alta,49
2022,meia-idade,4,2,RS,baixa,17
2022,meia-idade,4,2,RS,media,161
2022,meia-idade,4,2,RS,alta,61
2022,meia-idade,4,2,SC,baixa,14
2022,meia-idade,4,2,SC,media,104
2022,meia-idade,4,2,SC,alta,45
2022,meia-idade,4,2,SE,baixa,72
2022,meia-idade,4,2,SE,media,218
2022,meia-idade,4,2,SE,alta,125
2022,meia-idade,4,2,SP,baixa,226
2022,meia-idade,4,2,SP,media,2241
2022,meia-idade,4,2,SP,alta,1444
2022,meia-idade,4,2,TO,baixa,37
2022,meia-idade,4,2,TO,media,177
2022,meia-idade,4,2,TO,alta,50
2022,meia-idade,5,1,AL,baixa,1
2022,meia-idade,5,1,AL,media,3
2022,meia-idade,5,1,AM,baixa,10
2022,meia-idade,5,1,AM,media,23
2022,meia-idade,5,1,AM,alta,6
2022,meia-idade,5,1,AP,baixa,2
2022,meia-idade,5,1,BA,media,3
2022,meia-idade,5,1,BA,alta,1
2022,meia-idade,5,1,CE,baixa,2
2022,meia-idade,5,1,CE,media,1
2022,meia-idade,5,1,CE,alta,3
2022,meia-idade,5,1,GO,media,1
2022,meia-idade,5,1,MA,baixa,4
2022,meia-idade,5,1,MA,media,9
2022,meia-idade,5,1,MA,alta,2
2022,meia-idade,5,1,MG,baixa,1
2022,meia-idade,5,1,MS,baixa,4
2022,meia-idade,5,1,MS,media,14
2022,meia-idade,5,1,MS,alta,5
2022,meia-idade,5,1,MT,baixa,2
2022,meia-idade,5,1,MT,media,2
2022,meia-idade,5,1,MT,alta,1
2022,meia-idade,5,1,PA,baixa,2
2022,meia-idade,5,1,PA,media,7
2022,meia-idade,5,1,PA,alta,1
2022,meia-idade,5,1,PB,baixa,1
2022,meia-idade,5,1,PB,media,2
2022,meia-idade,5,1,PB,alta,1
2022,meia-idade,5,1,PE,baixa,3
2022,meia-idade,5,1,PE,media,10
2022,meia-idade,5,1,PE,alta,3
2022,meia-idade,5,1,PI,media,2
2022,meia-idade,5,1,PR,media,7
2022,meia-idade,5,1,PR,alta,4
2022,meia-idade,5,1,RJ,media,4
2022,meia-idade,5,1,RN,baixa,1
2022,meia-idade,5,1,RN,media,1
2022,meia-idade,5,1,RN,alta,1
2022,meia-idade,5,1,RO,media,1
2022,meia-idade,5,1,RR,baixa,4
2022,meia-idade,5,1,RR,media,6
2022,meia-idade,5,1,RR,alta,6
2022,meia-idade,5,1,RS,baixa,2
2022,meia-idade,5,1,RS,media,5
2022,meia-idade,5,1,RS,alta,1
2022,meia-idade,5,1,SC,baixa,1
2022,meia-idade,5,1,SC,media,2
2022,meia-idade,5,1,SC,alta,1
2022,meia-idade,5,1,SP,media,7
2022,meia-idade,5,1,SP,alta,3
2022,meia-idade,5,1,TO,media,2
2022,meia-idade,5,1,TO,alta,3
2022,meia-idade,5,2,AC,baixa,1
2022,meia-idade,5,2,AL,media,3
2022,meia-idade,5,2,AM,baixa,13
2022,meia-idade,5,2,AM,media,10
2022,meia-idade,5,2,AM,alta,7
2022,meia-idade,5,2,BA,baixa,1
2022,meia-idade,5,2,BA,media,8
2022,meia-idade,5,2,BA,alta,1
2022,meia-idade,5,2,CE,baixa,2
2022,meia-idade,5,2,CE,media,3
2022,meia-idade,5,2,CE,alta,1
2022,meia-idade,5,2,MA,baixa,4
2022,meia-idade,5,2,MA,media,3
2022,meia-idade,5,2,MA,alta,2
2022,meia-idade,5,2,MG,media,3
2022,meia-idade,5,2,MG,alta,2
2022,meia-idade,5,2,MS,baixa,8
2022,meia-idade,5,2,MS,media,14
2022,meia-idade,5,2,MT,baixa,3
2022,meia-idade,5,2,MT,media,4
2022,meia-idade,5,2,MT,alta,1
2022,meia-idade,5,2,PA,baixa,2
2022,meia-idade,5,2,PA,media,2
2022,meia-idade,5,2,PA,alta,2
2022,meia-idade,5,2,PB,baixa,2
2022,meia-idade,5,2,PE,baixa,1
2022,meia-idade,5,2,PE,media,12
2022,meia-idade,5,2,PE,alta,1
2022,meia-idade,5,2,PI,alta,1
2022,meia-idade,5,2,PR,baixa,9
2022,meia-idade,5,2,RJ,baixa,1
2022,meia-idade,5,2,RJ,media,3
2022,meia-idade,5,2,RJ,alta,1
2022,meia-idade,5,2,RN,media,1
2022,meia-idade,5,2,RO,baixa,3
2022,meia-idade,5,2,RR,baixa,1
2022,meia-idade,5,2,RR,media,14
2022,meia-idade,5,2,RR,alta,4
2022,meia-idade,5,2,RS,media,4
2022,meia-idade,5,2,SC,baixa,1
2022,meia-idade,5,2,SC,media,4
2022,meia-idade,5,2,SE,alta,1
2022,meia-idade,5,2,SP,media,5
2022,meia-idade,5,2,SP,alta,1
2022,meia-idade,5,2,TO,baixa,1
