outcome_label,n,share
Avoidable,1881110,0.6340738293831035
Ill-defined,148019,0.049893400253816944
Non-avoidable,937576,0.3160327703630796
