bootstrap_iteration,bootstrap_sample_size,bootstrap_evaluation_sample_size,contrast,treated_level,reference_level,n_used,n_removed_no_common_support,risk_treated,risk_reference,risk_difference,risk_ratio,model_type,support_type,crossfit_folds
1,100000,100000,media_vs_baixa,media,baixa,93339,6661,0.6656839851597334,0.6759320459439158,-0.010248060784182389,0.9848386226904343,xgb_3class,global_three_level_common_support_min_cell_20,1
1,100000,100000,alta_vs_baixa,alta,baixa,93339,6661,0.6390864212616394,0.6759320459439158,-0.03684562468227637,0.9454891584096701,xgb_3class,global_three_level_common_support_min_cell_20,1
1,100000,100000,alta_vs_media,alta,media,93339,6661,0.6390864212616394,0.6656839851597334,-0.02659756389809398,0.960044759238557,xgb_3class,global_three_level_common_support_min_cell_20,1
2,100000,100000,media_vs_baixa,media,baixa,93339,6661,0.6658243857690331,0.6762809200945671,-0.01045653432553395,0.9845381793056179,xgb_3class,global_three_level_common_support_min_cell_20,1
2,100000,100000,alta_vs_baixa,alta,baixa,93339,6661,0.638727533101506,0.6762809200945671,-0.0375533869930611,0.9444707282473533,xgb_3class,global_three_level_common_support_min_cell_20,1
2,100000,100000,alta_vs_media,alta,media,93339,6661,0.638727533101506,0.6658243857690331,-0.02709685266752715,0.9593033039241571,xgb_3class,global_three_level_common_support_min_cell_20,1
3,100000,100000,media_vs_baixa,media,baixa,93339,6661,0.6658912205211176,0.6749592939747202,-0.00906807345360261,0.9865650069055242,xgb_3class,global_three_level_common_support_min_cell_20,1
3,100000,100000,alta_vs_baixa,alta,baixa,93339,6661,0.6387893131686099,0.6749592939747202,-0.036169980806110336,0.9464116115905131,xgb_3class,global_three_level_common_support_min_cell_20,1
3,100000,100000,alta_vs_media,alta,media,93339,6661,0.6387893131686099,0.6658912205211176,-0.027101907352507726,0.9592997977488003,xgb_3class,global_three_level_common_support_min_cell_20,1
4,100000,100000,media_vs_baixa,media,baixa,93339,6661,0.6658288177276535,0.6767180823426173,-0.010889264614963867,0.9839087133932226,xgb_3class,global_three_level_common_support_min_cell_20,1
4,100000,100000,alta_vs_baixa,alta,baixa,93339,6661,0.6390168612762851,0.6767180823426173,-0.037701221066332224,0.9442881429504283,xgb_3class,global_three_level_common_support_min_cell_20,1
4,100000,100000,alta_vs_media,alta,media,93339,6661,0.6390168612762851,0.6658288177276535,-0.026811956451368357,0.9597314568887654,xgb_3class,global_three_level_common_support_min_cell_20,1
5,100000,100000,media_vs_baixa,media,baixa,93339,6661,0.6655222535365253,0.6766858028163654,-0.01116354927984009,0.9835026104679936,xgb_3class,global_three_level_common_support_min_cell_20,1
5,100000,100000,alta_vs_baixa,alta,baixa,93339,6661,0.6390252254711838,0.6766858028163654,-0.03766057734518158,0.9443455482759675,xgb_3class,global_three_level_common_support_min_cell_20,1
5,100000,100000,alta_vs_media,alta,media,93339,6661,0.6390252254711838,0.6655222535365253,-0.026497028065341488,0.9601861125987318,xgb_3class,global_three_level_common_support_min_cell_20,1
6,100000,100000,media_vs_baixa,media,baixa,93339,6661,0.66573886915067,0.6750955452525252,-0.0093566761018552,0.9861402194583357,xgb_3class,global_three_level_common_support_min_cell_20,1
6,100000,100000,alta_vs_baixa,alta,baixa,93339,6661,0.6386885953751763,0.6750955452525252,-0.03640694987734894,0.9460714114714968,xgb_3class,global_three_level_common_support_min_cell_20,1
6,100000,100000,alta_vs_media,alta,media,93339,6661,0.6386885953751763,0.66573886915067,-0.02705027377549374,0.9593680419921948,xgb_3class,global_three_level_common_support_min_cell_20,1
7,100000,100000,media_vs_baixa,media,baixa,93339,6661,0.6657784469873234,0.6756463565607,-0.009867909573376688,0.9853948600809332,xgb_3class,global_three_level_common_support_min_cell_20,1
7,100000,100000,alta_vs_baixa,alta,baixa,93339,6661,0.639081965838935,0.6756463565607,-0.036564390721765094,0.9458823534431653,xgb_3class,global_three_level_common_support_min_cell_20,1
7,100000,100000,alta_vs_media,alta,media,93339,6661,0.639081965838935,0.6657784469873234,-0.026696481148388407,0.9599018543342892,xgb_3class,global_three_level_common_support_min_cell_20,1
8,100000,100000,media_vs_baixa,media,baixa,93339,6661,0.6657475740071215,0.6769085464248572,-0.011160972417735726,0.9835118459108203,xgb_3class,global_three_level_common_support_min_cell_20,1
8,100000,100000,alta_vs_baixa,alta,baixa,93339,6661,0.6391861737820634,0.6769085464248572,-0.03772237264279377,0.9442725714691781,xgb_3class,global_three_level_common_support_min_cell_20,1
8,100000,100000,alta_vs_media,alta,media,93339,6661,0.6391861737820634,0.6657475740071215,-0.02656140022505804,0.9601028959592215,xgb_3class,global_three_level_common_support_min_cell_20,1
9,100000,100000,media_vs_baixa,media,baixa,93339,6661,0.665749210262331,0.6760667542879185,-0.010317544025587488,0.9847388679296105,xgb_3class,global_three_level_common_support_min_cell_20,1
9,100000,100000,alta_vs_baixa,alta,baixa,93339,6661,0.6384380383684735,0.6760667542879185,-0.037628715919445055,0.9443417152510653,xgb_3class,global_three_level_common_support_min_cell_20,1
9,100000,100000,alta_vs_media,alta,media,93339,6661,0.6384380383684735,0.665749210262331,-0.027311171893857566,0.9589767866444845,xgb_3class,global_three_level_common_support_min_cell_20,1
10,100000,100000,media_vs_baixa,media,baixa,93339,6661,0.6657124191908861,0.675920338293676,-0.010207919102789953,0.9848977482634133,xgb_3class,global_three_level_common_support_min_cell_20,1
10,100000,100000,alta_vs_baixa,alta,baixa,93339,6661,0.6389189779727458,0.675920338293676,-0.037001360320930266,0.9452578089093484,xgb_3class,global_three_level_common_support_min_cell_20,1
10,100000,100000,alta_vs_media,alta,media,93339,6661,0.6389189779727458,0.6657124191908861,-0.026793441218140313,0.9597522286714955,xgb_3class,global_three_level_common_support_min_cell_20,1
11,100000,100000,media_vs_baixa,media,baixa,93339,6661,0.6657194424430369,0.6738089394320708,-0.008089496989033829,0.9879943756818481,xgb_3class,global_three_level_common_support_min_cell_20,1
11,100000,100000,alta_vs_baixa,alta,baixa,93339,6661,0.6389349976118581,0.6738089394320708,-0.03487394182021264,0.9482435750264657,xgb_3class,global_three_level_common_support_min_cell_20,1
11,100000,100000,alta_vs_media,alta,media,93339,6661,0.6389349976118581,0.6657194424430369,-0.02678444483117881,0.9597661670614785,xgb_3class,global_three_level_common_support_min_cell_20,1
12,100000,100000,media_vs_baixa,media,baixa,93339,6661,0.6657379701983991,0.6763803157215506,-0.010642345523151464,0.9842657373732138,xgb_3class,global_three_level_common_support_min_cell_20,1
12,100000,100000,alta_vs_baixa,alta,baixa,93339,6661,0.638516912758357,0.6763803157215506,-0.03786340296319357,0.9440205427581057,xgb_3class,global_three_level_common_support_min_cell_20,1
12,100000,100000,alta_vs_media,alta,media,93339,6661,0.638516912758357,0.6657379701983991,-0.027221057440042107,0.9591114542679159,xgb_3class,global_three_level_common_support_min_cell_20,1
13,100000,100000,media_vs_baixa,media,baixa,93339,6661,0.6657986956500516,0.6759962864359185,-0.010197590785866906,0.9849147236597525,xgb_3class,global_three_level_common_support_min_cell_20,1
13,100000,100000,alta_vs_baixa,alta,baixa,93339,6661,0.6387542955929966,0.6759962864359185,-0.0372419908429219,0.9449079949251286,xgb_3class,global_three_level_common_support_min_cell_20,1
13,100000,100000,alta_vs_media,alta,media,93339,6661,0.6387542955929966,0.6657986956500516,-0.027044400057054996,0.9593805151110273,xgb_3class,global_three_level_common_support_min_cell_20,1
14,100000,100000,media_vs_baixa,media,baixa,93339,6661,0.6657497676025496,0.6754445573026243,-0.009694789700074757,0.985646801657873,xgb_3class,global_three_level_common_support_min_cell_20,1
14,100000,100000,alta_vs_baixa,alta,baixa,93339,6661,0.6390558156561045,0.6754445573026243,-0.03638874164651984,0.9461262345619638,xgb_3class,global_three_level_common_support_min_cell_20,1
14,100000,100000,alta_vs_media,alta,media,93339,6661,0.6390558156561045,0.6657497676025496,-0.026693951946445083,0.9599039260012461,xgb_3class,global_three_level_common_support_min_cell_20,1
15,100000,100000,media_vs_baixa,media,baixa,93339,6661,0.6656491363114555,0.675073390620642,-0.009424254309186475,0.9860396596279375,xgb_3class,global_three_level_common_support_min_cell_20,1
15,100000,100000,alta_vs_baixa,alta,baixa,93339,6661,0.6388080410720699,0.675073390620642,-0.03626534954857208,0.9462793970960242,xgb_3class,global_three_level_common_support_min_cell_20,1
15,100000,100000,alta_vs_media,alta,media,93339,6661,0.6388080410720699,0.6656491363114555,-0.026841095239385604,0.9596768120392682,xgb_3class,global_three_level_common_support_min_cell_20,1
16,100000,100000,media_vs_baixa,media,baixa,93339,6661,0.6657679653475534,0.6774113962937167,-0.011643430946163269,0.9828118761953706,xgb_3class,global_three_level_common_support_min_cell_20,1
16,100000,100000,alta_vs_baixa,alta,baixa,93339,6661,0.6388965352790232,0.6774113962937167,-0.03851486101469348,0.9431440610160713,xgb_3class,global_three_level_common_support_min_cell_20,1
16,100000,100000,alta_vs_media,alta,media,93339,6661,0.6388965352790232,0.6657679653475534,-0.02687143006853021,0.9596384454236959,xgb_3class,global_three_level_common_support_min_cell_20,1
17,100000,100000,media_vs_baixa,media,baixa,93339,6661,0.6656988432651759,0.6753142348786567,-0.009615391613480795,0.9857616038329052,xgb_3class,global_three_level_common_support_min_cell_20,1
17,100000,100000,alta_vs_baixa,alta,baixa,93339,6661,0.638779746848383,0.6753142348786567,-0.036534488030273704,0.9459000178830255,xgb_3class,global_three_level_common_support_min_cell_20,1
17,100000,100000,alta_vs_media,alta,media,93339,6661,0.638779746848383,0.6656988432651759,-0.02691909641679291,0.9595626510559071,xgb_3class,global_three_level_common_support_min_cell_20,1
18,100000,100000,media_vs_baixa,media,baixa,93339,6661,0.6655983885009426,0.6757945903528332,-0.01019620185189063,0.9849122766038018,xgb_3class,global_three_level_common_support_min_cell_20,1
18,100000,100000,alta_vs_baixa,alta,baixa,93339,6661,0.6390685710524461,0.6757945903528332,-0.0367260193003871,0.9456550558044384,xgb_3class,global_three_level_common_support_min_cell_20,1
18,100000,100000,alta_vs_media,alta,media,93339,6661,0.6390685710524461,0.6655983885009426,-0.026529817448496473,0.96014140372508,xgb_3class,global_three_level_common_support_min_cell_20,1
19,100000,100000,media_vs_baixa,media,baixa,93339,6661,0.6657967131292056,0.6766081730245688,-0.01081145989536314,0.9840210917833968,xgb_3class,global_three_level_common_support_min_cell_20,1
19,100000,100000,alta_vs_baixa,alta,baixa,93339,6661,0.6385046420766837,0.6766081730245688,-0.0381035309478851,0.9436844950046125,xgb_3class,global_three_level_common_support_min_cell_20,1
19,100000,100000,alta_vs_media,alta,media,93339,6661,0.6385046420766837,0.6657967131292056,-0.02729207105252196,0.9590084022430048,xgb_3class,global_three_level_common_support_min_cell_20,1
20,100000,100000,media_vs_baixa,media,baixa,93339,6661,0.6656320481192927,0.6769944235252736,-0.011362375405980951,0.9832164416557313,xgb_3class,global_three_level_common_support_min_cell_20,1
20,100000,100000,alta_vs_baixa,alta,baixa,93339,6661,0.6392148244949754,0.6769944235252736,-0.03777959903029826,0.944195110450732,xgb_3class,global_three_level_common_support_min_cell_20,1
20,100000,100000,alta_vs_media,alta,media,93339,6661,0.6392148244949754,0.6656320481192927,-0.02641722362431731,0.9603125725407036,xgb_3class,global_three_level_common_support_min_cell_20,1
21,100000,100000,media_vs_baixa,media,baixa,93339,6661,0.6657547480312944,0.6758202755390434,-0.010065527507749028,0.9851062066764412,xgb_3class,global_three_level_common_support_min_cell_20,1
21,100000,100000,alta_vs_baixa,alta,baixa,93339,6661,0.6387705958546033,0.6758202755390434,-0.03704967968444017,0.9451782063583564,xgb_3class,global_three_level_common_support_min_cell_20,1
21,100000,100000,alta_vs_media,alta,media,93339,6661,0.6387705958546033,0.6657547480312944,-0.026984152176691145,0.9594683293562891,xgb_3class,global_three_level_common_support_min_cell_20,1
22,100000,100000,media_vs_baixa,media,baixa,93339,6661,0.6656524064971393,0.6756532319444304,-0.010000825447291084,0.9851982866736089,xgb_3class,global_three_level_common_support_min_cell_20,1
22,100000,100000,alta_vs_baixa,alta,baixa,93339,6661,0.6390926607275216,0.6756532319444304,-0.03656057121690881,0.9458885571942091,xgb_3class,global_three_level_common_support_min_cell_20,1
22,100000,100000,alta_vs_media,alta,media,93339,6661,0.6390926607275216,0.6656524064971393,-0.026559745769617726,0.9600996773836018,xgb_3class,global_three_level_common_support_min_cell_20,1
23,100000,100000,media_vs_baixa,media,baixa,93339,6661,0.6656892462668027,0.6754505918139038,-0.009761345547101064,0.9855483944119625,xgb_3class,global_three_level_common_support_min_cell_20,1
23,100000,100000,alta_vs_baixa,alta,baixa,93339,6661,0.6386732098637249,0.6754505918139038,-0.03677738195017888,0.9455513365508879,xgb_3class,global_three_level_common_support_min_cell_20,1
23,100000,100000,alta_vs_media,alta,media,93339,6661,0.6386732098637249,0.6656892462668027,-0.027016036403077814,0.9594164446029672,xgb_3class,global_three_level_common_support_min_cell_20,1
24,100000,100000,media_vs_baixa,media,baixa,93339,6661,0.6656353159985003,0.677440046550151,-0.011804730551650655,0.9825745014458976,xgb_3class,global_three_level_common_support_min_cell_20,1
24,100000,100000,alta_vs_baixa,alta,baixa,93339,6661,0.6384056658879365,0.677440046550151,-0.03903438066221454,0.9423795790328661,xgb_3class,global_three_level_common_support_min_cell_20,1
24,100000,100000,alta_vs_media,alta,media,93339,6661,0.6384056658879365,0.6656353159985003,-0.027229650110563886,0.9590922394649126,xgb_3class,global_three_level_common_support_min_cell_20,1
25,100000,100000,media_vs_baixa,media,baixa,93339,6661,0.6656938064035939,0.6769425136926414,-0.011248707289047477,0.9833830686335726,xgb_3class,global_three_level_common_support_min_cell_20,1
25,100000,100000,alta_vs_baixa,alta,baixa,93339,6661,0.6388424147647106,0.6769425136926414,-0.03810009892793076,0.9437173790133239,xgb_3class,global_three_level_common_support_min_cell_20,1
25,100000,100000,alta_vs_media,alta,media,93339,6661,0.6388424147647106,0.6656938064035939,-0.026851391638883282,0.9596640506782724,xgb_3class,global_three_level_common_support_min_cell_20,1
26,100000,100000,media_vs_baixa,media,baixa,93339,6661,0.665680356719627,0.6767065222446393,-0.011026165525012344,0.98370613380755,xgb_3class,global_three_level_common_support_min_cell_20,1
26,100000,100000,alta_vs_baixa,alta,baixa,93339,6661,0.6390779830339836,0.6767065222446393,-0.03762853921065579,0.9443945965145397,xgb_3class,global_three_level_common_support_min_cell_20,1
26,100000,100000,alta_vs_media,alta,media,93339,6661,0.6390779830339836,0.665680356719627,-0.026602373685643443,0.9600373160825476,xgb_3class,global_three_level_common_support_min_cell_20,1
27,100000,100000,media_vs_baixa,media,baixa,93339,6661,0.6656648696720477,0.6755919414554957,-0.009927071783447983,0.9853061127963411,xgb_3class,global_three_level_common_support_min_cell_20,1
27,100000,100000,alta_vs_baixa,alta,baixa,93339,6661,0.6388122649835751,0.6755919414554957,-0.0367796764719206,0.9455593321721949,xgb_3class,global_three_level_common_support_min_cell_20,1
27,100000,100000,alta_vs_media,alta,media,93339,6661,0.6388122649835751,0.6656648696720477,-0.026852604688472614,0.9596604749448442,xgb_3class,global_three_level_common_support_min_cell_20,1
28,100000,100000,media_vs_baixa,media,baixa,93339,6661,0.6656286427806809,0.6762009124174541,-0.010572269636773157,0.9843651946594145,xgb_3class,global_three_level_common_support_min_cell_20,1
28,100000,100000,alta_vs_baixa,alta,baixa,93339,6661,0.6393007135772063,0.6762009124174541,-0.036900198840247755,0.945430125628894,xgb_3class,global_three_level_common_support_min_cell_20,1
28,100000,100000,alta_vs_media,alta,media,93339,6661,0.6393007135772063,0.6656286427806809,-0.026327929203474598,0.9604465200092818,xgb_3class,global_three_level_common_support_min_cell_20,1
29,100000,100000,media_vs_baixa,media,baixa,93339,6661,0.6656349401151979,0.6782312885279349,-0.012596348412737046,0.9814276506763987,xgb_3class,global_three_level_common_support_min_cell_20,1
29,100000,100000,alta_vs_baixa,alta,baixa,93339,6661,0.6392674719797671,0.6782312885279349,-0.03896381654816783,0.9425508418629038,xgb_3class,global_three_level_common_support_min_cell_20,1
29,100000,100000,alta_vs_media,alta,media,93339,6661,0.6392674719797671,0.6656349401151979,-0.026367468135430783,0.9603874938853608,xgb_3class,global_three_level_common_support_min_cell_20,1
30,100000,100000,media_vs_baixa,media,baixa,93339,6661,0.6657251334751021,0.6773235601705792,-0.01159842669547706,0.9828760914612861,xgb_3class,global_three_level_common_support_min_cell_20,1
30,100000,100000,alta_vs_baixa,alta,baixa,93339,6661,0.6387840937715341,0.6773235601705792,-0.03853946639904504,0.9431003604992876,xgb_3class,global_three_level_common_support_min_cell_20,1
30,100000,100000,alta_vs_media,alta,media,93339,6661,0.6387840937715341,0.6657251334751021,-0.02694103970356798,0.9595312864891624,xgb_3class,global_three_level_common_support_min_cell_20,1
31,100000,100000,media_vs_baixa,media,baixa,93339,6661,0.6655883274251782,0.6773188284026419,-0.011730500977463754,0.9826809760993528,xgb_3class,global_three_level_common_support_min_cell_20,1
31,100000,100000,alta_vs_baixa,alta,baixa,93339,6661,0.6386476247456276,0.6773188284026419,-0.038671203657014264,0.9429054648484899,xgb_3class,global_three_level_common_support_min_cell_20,1
31,100000,100000,alta_vs_media,alta,media,93339,6661,0.6386476247456276,0.6655883274251782,-0.02694070267955051,0.9595234748425197,xgb_3class,global_three_level_common_support_min_cell_20,1
32,100000,100000,media_vs_baixa,media,baixa,93339,6661,0.6655564034597702,0.6761714358183224,-0.010615032358552212,0.9843012706597024,xgb_3class,global_three_level_common_support_min_cell_20,1
32,100000,100000,alta_vs_baixa,alta,baixa,93339,6661,0.6389524864413779,0.6761714358183224,-0.03721894937694448,0.9449563418308243,xgb_3class,global_three_level_common_support_min_cell_20,1
32,100000,100000,alta_vs_media,alta,media,93339,6661,0.6389524864413779,0.6655564034597702,-0.026603917018392265,0.9600275545692344,xgb_3class,global_three_level_common_support_min_cell_20,1
33,100000,100000,media_vs_baixa,media,baixa,93339,6661,0.6657340943233429,0.6757503499893583,-0.010016255666015494,0.9851775797583039,xgb_3class,global_three_level_common_support_min_cell_20,1
33,100000,100000,alta_vs_baixa,alta,baixa,93339,6661,0.6390865425543605,0.6757503499893583,-0.036663807434997864,0.94574356130844,xgb_3class,global_three_level_common_support_min_cell_20,1
33,100000,100000,alta_vs_media,alta,media,93339,6661,0.6390865425543605,0.6657340943233429,-0.02664755176898237,0.959972679788817,xgb_3class,global_three_level_common_support_min_cell_20,1
34,100000,100000,media_vs_baixa,media,baixa,93339,6661,0.6657623528979083,0.6782224649444003,-0.012460112046492,0.9816282817356787,xgb_3class,global_three_level_common_support_min_cell_20,1
34,100000,100000,alta_vs_baixa,alta,baixa,93339,6661,0.6387830501958672,0.6782224649444003,-0.039439414748533075,0.9418488522762716,xgb_3class,global_three_level_common_support_min_cell_20,1
34,100000,100000,alta_vs_media,alta,media,93339,6661,0.6387830501958672,0.6657623528979083,-0.026979302702041075,0.9594760764338709,xgb_3class,global_three_level_common_support_min_cell_20,1
35,100000,100000,media_vs_baixa,media,baixa,93339,6661,0.6656737956572503,0.6761405973488146,-0.010466801691564331,0.9845197851857953,xgb_3class,global_three_level_common_support_min_cell_20,1
35,100000,100000,alta_vs_baixa,alta,baixa,93339,6661,0.6386760560649256,0.6761405973488146,-0.037464541283888986,0.9445906052220654,xgb_3class,global_three_level_common_support_min_cell_20,1
35,100000,100000,alta_vs_media,alta,media,93339,6661,0.6386760560649256,0.6656737956572503,-0.026997739592324654,0.9594429887905254,xgb_3class,global_three_level_common_support_min_cell_20,1
36,100000,100000,media_vs_baixa,media,baixa,93339,6661,0.6656973027901291,0.6768167526649844,-0.011119449874855358,0.9835709594494045,xgb_3class,global_three_level_common_support_min_cell_20,1
36,100000,100000,alta_vs_baixa,alta,baixa,93339,6661,0.6387718755805988,0.6768167526649844,-0.03804487708438564,0.9437885115364197,xgb_3class,global_three_level_common_support_min_cell_20,1
36,100000,100000,alta_vs_media,alta,media,93339,6661,0.6387718755805988,0.6656973027901291,-0.026925427209530284,0.9595530474636474,xgb_3class,global_three_level_common_support_min_cell_20,1
37,100000,100000,media_vs_baixa,media,baixa,93339,6661,0.6656491926363514,0.6768222624314743,-0.011173069795122892,0.9834918701477345,xgb_3class,global_three_level_common_support_min_cell_20,1
37,100000,100000,alta_vs_baixa,alta,baixa,93339,6661,0.6391842325990268,0.6768222624314743,-0.03763802983244746,0.9443900830075633,xgb_3class,global_three_level_common_support_min_cell_20,1
37,100000,100000,alta_vs_media,alta,media,93339,6661,0.6391842325990268,0.6656491926363514,-0.02646496003732457,0.960241880663134,xgb_3class,global_three_level_common_support_min_cell_20,1
38,100000,100000,media_vs_baixa,media,baixa,93339,6661,0.6658142043948494,0.6760958571403242,-0.010281652745474767,0.984792610933954,xgb_3class,global_three_level_common_support_min_cell_20,1
38,100000,100000,alta_vs_baixa,alta,baixa,93339,6661,0.638523931392839,0.6760958571403242,-0.037571925747485135,0.9444281083064128,xgb_3class,global_three_level_common_support_min_cell_20,1
38,100000,100000,alta_vs_media,alta,media,93339,6661,0.638523931392839,0.6658142043948494,-0.027290273002010368,0.9590121796412947,xgb_3class,global_three_level_common_support_min_cell_20,1
39,100000,100000,media_vs_baixa,media,baixa,93339,6661,0.6656959040173733,0.6767686003122932,-0.011072696294919915,0.9836388740703832,xgb_3class,global_three_level_common_support_min_cell_20,1
39,100000,100000,alta_vs_baixa,alta,baixa,93339,6661,0.6386873708529571,0.6767686003122932,-0.03808122945933612,0.9437307974368734,xgb_3class,global_three_level_common_support_min_cell_20,1
39,100000,100000,alta_vs_media,alta,media,93339,6661,0.6386873708529571,0.6656959040173733,-0.027008533164416204,0.9594281217573613,xgb_3class,global_three_level_common_support_min_cell_20,1
40,100000,100000,media_vs_baixa,media,baixa,93339,6661,0.665593561699835,0.6767852174819576,-0.011191655782122667,0.9834635043836178,xgb_3class,global_three_level_common_support_min_cell_20,1
40,100000,100000,alta_vs_baixa,alta,baixa,93339,6661,0.6389638153877903,0.6767852174819576,-0.03782140209416729,0.9441160930865403,xgb_3class,global_three_level_common_support_min_cell_20,1
40,100000,100000,alta_vs_media,alta,media,93339,6661,0.6389638153877903,0.665593561699835,-0.026629746312044622,0.9599909797143532,xgb_3class,global_three_level_common_support_min_cell_20,1
41,100000,100000,media_vs_baixa,media,baixa,93339,6661,0.6656206262466697,0.676069545275052,-0.010448919028382297,0.9845446092026949,xgb_3class,global_three_level_common_support_min_cell_20,1
41,100000,100000,alta_vs_baixa,alta,baixa,93339,6661,0.638969094040407,0.676069545275052,-0.037100451234645004,0.9451233212708153,xgb_3class,global_three_level_common_support_min_cell_20,1
41,100000,100000,alta_vs_media,alta,media,93339,6661,0.638969094040407,0.6656206262466697,-0.026651532206262707,0.9599598763089021,xgb_3class,global_three_level_common_support_min_cell_20,1
42,100000,100000,media_vs_baixa,media,baixa,93339,6661,0.6657795617975986,0.6766591321032349,-0.010879570305636355,0.9839216382526017,xgb_3class,global_three_level_common_support_min_cell_20,1
42,100000,100000,alta_vs_baixa,alta,baixa,93339,6661,0.6383901718801517,0.6766591321032349,-0.03826896022308324,0.9434442566316467,xgb_3class,global_three_level_common_support_min_cell_20,1
42,100000,100000,alta_vs_media,alta,media,93339,6661,0.6383901718801517,0.6657795617975986,-0.027389389917446882,0.958861173443811,xgb_3class,global_three_level_common_support_min_cell_20,1
43,100000,100000,media_vs_baixa,media,baixa,93339,6661,0.665651694035493,0.6774992912293315,-0.011847597193838544,0.9825127533752236,xgb_3class,global_three_level_common_support_min_cell_20,1
43,100000,100000,alta_vs_baixa,alta,baixa,93339,6661,0.6387158669380647,0.6774992912293315,-0.0387834242912668,0.9427550334098598,xgb_3class,global_three_level_common_support_min_cell_20,1
43,100000,100000,alta_vs_media,alta,media,93339,6661,0.6387158669380647,0.665651694035493,-0.026935827097428255,0.9595346525235583,xgb_3class,global_three_level_common_support_min_cell_20,1
44,100000,100000,media_vs_baixa,media,baixa,93339,6661,0.6656854390013365,0.676139010175599,-0.010453571174262488,0.9845393165947524,xgb_3class,global_three_level_common_support_min_cell_20,1
44,100000,100000,alta_vs_baixa,alta,baixa,93339,6661,0.6390651108216107,0.676139010175599,-0.037073899353988304,0.9451682290238513,xgb_3class,global_three_level_common_support_min_cell_20,1
44,100000,100000,alta_vs_media,alta,media,93339,6661,0.6390651108216107,0.6656854390013365,-0.026620328179725816,0.9600106497452284,xgb_3class,global_three_level_common_support_min_cell_20,1
45,100000,100000,media_vs_baixa,media,baixa,93339,6661,0.6657077628111762,0.6775544422091943,-0.01184667939801809,0.9825155313580537,xgb_3class,global_three_level_common_support_min_cell_20,1
45,100000,100000,alta_vs_baixa,alta,baixa,93339,6661,0.6382648026143337,0.6775544422091943,-0.03928963959486054,0.9420125717621228,xgb_3class,global_three_level_common_support_min_cell_20,1
45,100000,100000,alta_vs_media,alta,media,93339,6661,0.6382648026143337,0.6657077628111762,-0.027442960196842447,0.9587762653075348,xgb_3class,global_three_level_common_support_min_cell_20,1
46,100000,100000,media_vs_baixa,media,baixa,93339,6661,0.6656670900185844,0.6769916101706929,-0.011324520152108497,0.9832722887817573,xgb_3class,global_three_level_common_support_min_cell_20,1
46,100000,100000,alta_vs_baixa,alta,baixa,93339,6661,0.6384504506685184,0.6769916101706929,-0.038541159502174516,0.9430699599180307,xgb_3class,global_three_level_common_support_min_cell_20,1
46,100000,100000,alta_vs_media,alta,media,93339,6661,0.6384504506685184,0.6656670900185844,-0.02721663935006602,0.9591137375451351,xgb_3class,global_three_level_common_support_min_cell_20,1
47,100000,100000,media_vs_baixa,media,baixa,93339,6661,0.6657009531908564,0.6769707550374027,-0.011269801846546246,0.983352601626161,xgb_3class,global_three_level_common_support_min_cell_20,1
47,100000,100000,alta_vs_baixa,alta,baixa,93339,6661,0.6388768277700827,0.6769707550374027,-0.03809392726731997,0.9437288435521631,xgb_3class,global_three_level_common_support_min_cell_20,1
47,100000,100000,alta_vs_media,alta,media,93339,6661,0.6388768277700827,0.6657009531908564,-0.026824125420773726,0.9597054423728859,xgb_3class,global_three_level_common_support_min_cell_20,1
48,100000,100000,media_vs_baixa,media,baixa,93339,6661,0.6657905783857696,0.6770602808142796,-0.011269702428509998,0.9833549497026228,xgb_3class,global_three_level_common_support_min_cell_20,1
48,100000,100000,alta_vs_baixa,alta,baixa,93339,6661,0.6388737199345056,0.6770602808142796,-0.03818656087977401,0.9435994667508065,xgb_3class,global_three_level_common_support_min_cell_20,1
48,100000,100000,alta_vs_media,alta,media,93339,6661,0.6388737199345056,0.6657905783857696,-0.026916858451264014,0.9595715840309353,xgb_3class,global_three_level_common_support_min_cell_20,1
49,100000,100000,media_vs_baixa,media,baixa,93339,6661,0.6658118293538583,0.677903599380269,-0.012091770026410709,0.98216299480123,xgb_3class,global_three_level_common_support_min_cell_20,1
49,100000,100000,alta_vs_baixa,alta,baixa,93339,6661,0.6388193497930383,0.677903599380269,-0.03908424958723067,0.9423454166300916,xgb_3class,global_three_level_common_support_min_cell_20,1
49,100000,100000,alta_vs_media,alta,media,93339,6661,0.6388193497930383,0.6658118293538583,-0.02699247956081996,0.9594592971004811,xgb_3class,global_three_level_common_support_min_cell_20,1
50,100000,100000,media_vs_baixa,media,baixa,93339,6661,0.6656476611055505,0.676585470870844,-0.01093780976529346,0.9838338092728843,xgb_3class,global_three_level_common_support_min_cell_20,1
50,100000,100000,alta_vs_baixa,alta,baixa,93339,6661,0.6388074769072242,0.676585470870844,-0.037777993963619805,0.9441637522676992,xgb_3class,global_three_level_common_support_min_cell_20,1
50,100000,100000,alta_vs_media,alta,media,93339,6661,0.6388074769072242,0.6656476611055505,-0.026840184198326345,0.9596780913287543,xgb_3class,global_three_level_common_support_min_cell_20,1
51,100000,100000,media_vs_baixa,media,baixa,93339,6661,0.6656133028714312,0.6755557783621706,-0.009942475490739455,0.9852825246867932,xgb_3class,global_three_level_common_support_min_cell_20,1
51,100000,100000,alta_vs_baixa,alta,baixa,93339,6661,0.6385524665127151,0.6755557783621706,-0.03700331184945549,0.9452253788145119,xgb_3class,global_three_level_common_support_min_cell_20,1
51,100000,100000,alta_vs_media,alta,media,93339,6661,0.6385524665127151,0.6656133028714312,-0.027060836358716034,0.9593445079267848,xgb_3class,global_three_level_common_support_min_cell_20,1
52,100000,100000,media_vs_baixa,media,baixa,93339,6661,0.6657383792003704,0.6750417030410044,-0.009303323840634037,0.9862181494880636,xgb_3class,global_three_level_common_support_min_cell_20,1
52,100000,100000,alta_vs_baixa,alta,baixa,93339,6661,0.638621125793809,0.6750417030410044,-0.036420577247195385,0.9460469226077087,xgb_3class,global_three_level_common_support_min_cell_20,1
52,100000,100000,alta_vs_media,alta,media,93339,6661,0.638621125793809,0.6657383792003704,-0.027117253406561348,0.959267402550635,xgb_3class,global_three_level_common_support_min_cell_20,1
53,100000,100000,media_vs_baixa,media,baixa,93339,6661,0.6656376146972582,0.6779869718832123,-0.01234935718595409,0.9817852588647067,xgb_3class,global_three_level_common_support_min_cell_20,1
53,100000,100000,alta_vs_baixa,alta,baixa,93339,6661,0.6390049714991144,0.6779869718832123,-0.03898200038409794,0.9425033193841181,xgb_3class,global_three_level_common_support_min_cell_20,1
53,100000,100000,alta_vs_media,alta,media,93339,6661,0.6390049714991144,0.6656376146972582,-0.026632643198143846,0.9599892755305651,xgb_3class,global_three_level_common_support_min_cell_20,1
54,100000,100000,media_vs_baixa,media,baixa,93339,6661,0.6656560444445412,0.6770182658896406,-0.011362221445099463,0.9832172601278802,xgb_3class,global_three_level_common_support_min_cell_20,1
54,100000,100000,alta_vs_baixa,alta,baixa,93339,6661,0.638849988798627,0.6770182658896406,-0.03816827709101367,0.943622972947623,xgb_3class,global_three_level_common_support_min_cell_20,1
54,100000,100000,alta_vs_media,alta,media,93339,6661,0.638849988798627,0.6656560444445412,-0.026806055645914206,0.9597298696982725,xgb_3class,global_three_level_common_support_min_cell_20,1
55,100000,100000,media_vs_baixa,media,baixa,93339,6661,0.6657534321427396,0.6772777743396469,-0.011524342196907233,0.9829843195310173,xgb_3class,global_three_level_common_support_min_cell_20,1
55,100000,100000,alta_vs_baixa,alta,baixa,93339,6661,0.638963787806248,0.6772777743396469,-0.0383139865333989,0.9434294347385672,xgb_3class,global_three_level_common_support_min_cell_20,1
55,100000,100000,alta_vs_media,alta,media,93339,6661,0.638963787806248,0.6657534321427396,-0.02678964433649167,0.9597604112227124,xgb_3class,global_three_level_common_support_min_cell_20,1
56,100000,100000,media_vs_baixa,media,baixa,93339,6661,0.665712322932619,0.6759982981403809,-0.010285975207761977,0.9847840220366562,xgb_3class,global_three_level_common_support_min_cell_20,1
56,100000,100000,alta_vs_baixa,alta,baixa,93339,6661,0.638790986207468,0.6759982981403809,-0.037207311932912934,0.9449594591654041,xgb_3class,global_three_level_common_support_min_cell_20,1
56,100000,100000,alta_vs_media,alta,media,93339,6661,0.638790986207468,0.665712322932619,-0.026921336725150957,0.9595601045710613,xgb_3class,global_three_level_common_support_min_cell_20,1
57,100000,100000,media_vs_baixa,media,baixa,93339,6661,0.6657291164286656,0.6748422209576429,-0.00911310452897729,0.9864959478734967,xgb_3class,global_three_level_common_support_min_cell_20,1
57,100000,100000,alta_vs_baixa,alta,baixa,93339,6661,0.6387508134677427,0.6748422209576429,-0.03609140748990025,0.946518747095159,xgb_3class,global_three_level_common_support_min_cell_20,1
57,100000,100000,alta_vs_media,alta,media,93339,6661,0.6387508134677427,0.6657291164286656,-0.026978302960922962,0.9594755550040394,xgb_3class,global_three_level_common_support_min_cell_20,1
58,100000,100000,media_vs_baixa,media,baixa,93339,6661,0.665570551771084,0.6761763401917598,-0.010605788420675721,0.9843150554222764,xgb_3class,global_three_level_common_support_min_cell_20,1
58,100000,100000,alta_vs_baixa,alta,baixa,93339,6661,0.638972968012429,0.6761763401917598,-0.037203372179330785,0.9449797782501823,xgb_3class,global_three_level_common_support_min_cell_20,1
58,100000,100000,alta_vs_media,alta,media,93339,6661,0.638972968012429,0.665570551771084,-0.026597583758655063,0.9600379198149935,xgb_3class,global_three_level_common_support_min_cell_20,1
59,100000,100000,media_vs_baixa,media,baixa,93339,6661,0.6657769196870528,0.676463844942784,-0.010686925255731228,0.9842017790963609,xgb_3class,global_three_level_common_support_min_cell_20,1
59,100000,100000,alta_vs_baixa,alta,baixa,93339,6661,0.6386072578487401,0.676463844942784,-0.037856587094043936,0.9440375307903619,xgb_3class,global_three_level_common_support_min_cell_20,1
59,100000,100000,alta_vs_media,alta,media,93339,6661,0.6386072578487401,0.6657769196870528,-0.02716966183831271,0.9591910427728799,xgb_3class,global_three_level_common_support_min_cell_20,1
60,100000,100000,media_vs_baixa,media,baixa,93339,6661,0.6657243775676525,0.677403794008173,-0.011679416440520507,0.9827585606342506,xgb_3class,global_three_level_common_support_min_cell_20,1
60,100000,100000,alta_vs_baixa,alta,baixa,93339,6661,0.6387274132439761,0.677403794008173,-0.03867638076419688,0.942904983547036,xgb_3class,global_three_level_common_support_min_cell_20,1
60,100000,100000,alta_vs_media,alta,media,93339,6661,0.6387274132439761,0.6657243775676525,-0.026996964323676376,0.9594472348717126,xgb_3class,global_three_level_common_support_min_cell_20,1
61,100000,100000,media_vs_baixa,media,baixa,93339,6661,0.6656109183196909,0.6764664150066968,-0.010855496687005917,0.9839526450298373,xgb_3class,global_three_level_common_support_min_cell_20,1
61,100000,100000,alta_vs_baixa,alta,baixa,93339,6661,0.6387425515405608,0.6764664150066968,-0.03772386346613599,0.9442339447616738,xgb_3class,global_three_level_common_support_min_cell_20,1
61,100000,100000,alta_vs_media,alta,media,93339,6661,0.6387425515405608,0.6656109183196909,-0.02686836677913007,0.959633524571745,xgb_3class,global_three_level_common_support_min_cell_20,1
62,100000,100000,media_vs_baixa,media,baixa,93339,6661,0.6657555951692499,0.6763941550295527,-0.01063855986030282,0.9842716561324543,xgb_3class,global_three_level_common_support_min_cell_20,1
62,100000,100000,alta_vs_baixa,alta,baixa,93339,6661,0.6390992397161602,0.6763941550295527,-0.03729491531339246,0.9448621561317854,xgb_3class,global_three_level_common_support_min_cell_20,1
62,100000,100000,alta_vs_media,alta,media,93339,6661,0.6390992397161602,0.6657555951692499,-0.026656355453089642,0.9599607488896688,xgb_3class,global_three_level_common_support_min_cell_20,1
63,100000,100000,media_vs_baixa,media,baixa,93339,6661,0.6656710231315599,0.6766744431113831,-0.011003419979823237,0.9837389750834553,xgb_3class,global_three_level_common_support_min_cell_20,1
63,100000,100000,alta_vs_baixa,alta,baixa,93339,6661,0.6386946997663312,0.6766744431113831,-0.03797974334505194,0.9438729455032775,xgb_3class,global_three_level_common_support_min_cell_20,1
63,100000,100000,alta_vs_media,alta,media,93339,6661,0.6386946997663312,0.6656710231315599,-0.026976323365228705,0.9594749922592061,xgb_3class,global_three_level_common_support_min_cell_20,1
64,100000,100000,media_vs_baixa,media,baixa,93339,6661,0.6658010510230693,0.6775541958800839,-0.011753144857014619,0.9826535723216232,xgb_3class,global_three_level_common_support_min_cell_20,1
64,100000,100000,alta_vs_baixa,alta,baixa,93339,6661,0.6393201143032274,0.6775541958800839,-0.03823408157685648,0.9435704452730992,xgb_3class,global_three_level_common_support_min_cell_20,1
64,100000,100000,alta_vs_media,alta,media,93339,6661,0.6393201143032274,0.6658010510230693,-0.026480936719841863,0.9602269526622836,xgb_3class,global_three_level_common_support_min_cell_20,1
65,100000,100000,media_vs_baixa,media,baixa,93339,6661,0.6657829194190349,0.6758115772342245,-0.010028657815189579,0.9851605711517519,xgb_3class,global_three_level_common_support_min_cell_20,1
65,100000,100000,alta_vs_baixa,alta,baixa,93339,6661,0.6387082560822618,0.6758115772342245,-0.03710332115196269,0.9450981273451856,xgb_3class,global_three_level_common_support_min_cell_20,1
65,100000,100000,alta_vs_media,alta,media,93339,6661,0.6387082560822618,0.6657829194190349,-0.027074663336773108,0.9593340974256315,xgb_3class,global_three_level_common_support_min_cell_20,1
66,100000,100000,media_vs_baixa,media,baixa,93339,6661,0.6656089705633043,0.6748614751660562,-0.009252504602751954,0.9862897721336438,xgb_3class,global_three_level_common_support_min_cell_20,1
66,100000,100000,alta_vs_baixa,alta,baixa,93339,6661,0.6389284727836452,0.6748614751660562,-0.03593300238241104,0.9467549953513507,xgb_3class,global_three_level_common_support_min_cell_20,1
66,100000,100000,alta_vs_media,alta,media,93339,6661,0.6389284727836452,0.6656089705633043,-0.026680497779659085,0.9599156577516084,xgb_3class,global_three_level_common_support_min_cell_20,1
67,100000,100000,media_vs_baixa,media,baixa,93339,6661,0.6656887757305019,0.6764787001517816,-0.010789924421279684,0.9840498682089196,xgb_3class,global_three_level_common_support_min_cell_20,1
67,100000,100000,alta_vs_baixa,alta,baixa,93339,6661,0.6387773034814117,0.6764787001517816,-0.03770139667036987,0.9442681688840894,xgb_3class,global_three_level_common_support_min_cell_20,1
67,100000,100000,alta_vs_media,alta,media,93339,6661,0.6387773034814117,0.6656887757305019,-0.026911472249090185,0.9595734925535457,xgb_3class,global_three_level_common_support_min_cell_20,1
68,100000,100000,media_vs_baixa,media,baixa,93339,6661,0.6657898973345957,0.6758955400011266,-0.010105642666530912,0.9850485140551245,xgb_3class,global_three_level_common_support_min_cell_20,1
68,100000,100000,alta_vs_baixa,alta,baixa,93339,6661,0.6385979576301495,0.6758955400011266,-0.037297582370977134,0.9448175344211992,xgb_3class,global_three_level_common_support_min_cell_20,1
68,100000,100000,alta_vs_media,alta,media,93339,6661,0.6385979576301495,0.6657898973345957,-0.027191939704446222,0.9591583774201056,xgb_3class,global_three_level_common_support_min_cell_20,1
69,100000,100000,media_vs_baixa,media,baixa,93339,6661,0.6656613141636103,0.6774030555333839,-0.011741741369773573,0.9826665361576673,xgb_3class,global_three_level_common_support_min_cell_20,1
69,100000,100000,alta_vs_baixa,alta,baixa,93339,6661,0.6388776954561401,0.6774030555333839,-0.03852536007724372,0.9431278619685158,xgb_3class,global_three_level_common_support_min_cell_20,1
69,100000,100000,alta_vs_media,alta,media,93339,6661,0.6388776954561401,0.6656613141636103,-0.026783618707470147,0.9597638947350828,xgb_3class,global_three_level_common_support_min_cell_20,1
70,100000,100000,media_vs_baixa,media,baixa,93339,6661,0.6657207807082773,0.6773964117653954,-0.011675631057118108,0.9827639608738262,xgb_3class,global_three_level_common_support_min_cell_20,1
70,100000,100000,alta_vs_baixa,alta,baixa,93339,6661,0.6387670538013598,0.6773964117653954,-0.03862935796403566,0.9429737782883115,xgb_3class,global_three_level_common_support_min_cell_20,1
70,100000,100000,alta_vs_media,alta,media,93339,6661,0.6387670538013598,0.6657207807082773,-0.026953726906917552,0.9595119640425813,xgb_3class,global_three_level_common_support_min_cell_20,1
71,100000,100000,media_vs_baixa,media,baixa,93339,6661,0.6656368244260746,0.6778368100079815,-0.012199985581906825,0.9820015888754062,xgb_3class,global_three_level_common_support_min_cell_20,1
71,100000,100000,alta_vs_baixa,alta,baixa,93339,6661,0.6384642941177983,0.6778368100079815,-0.0393725158901832,0.9419144618455885,xgb_3class,global_three_level_common_support_min_cell_20,1
71,100000,100000,alta_vs_media,alta,media,93339,6661,0.6384642941177983,0.6656368244260746,-0.027172530308276377,0.9591781444307786,xgb_3class,global_three_level_common_support_min_cell_20,1
72,100000,100000,media_vs_baixa,media,baixa,93339,6661,0.6657192761574104,0.675536923487087,-0.009817647329676604,0.9854668975324126,xgb_3class,global_three_level_common_support_min_cell_20,1
72,100000,100000,alta_vs_baixa,alta,baixa,93339,6661,0.6385857197306785,0.675536923487087,-0.03695120375640859,0.9453009858207774,xgb_3class,global_three_level_common_support_min_cell_20,1
72,100000,100000,alta_vs_media,alta,media,93339,6661,0.6385857197306785,0.6657192761574104,-0.027133556426731986,0.9592417443830841,xgb_3class,global_three_level_common_support_min_cell_20,1
73,100000,100000,media_vs_baixa,media,baixa,93339,6661,0.6658047471034314,0.6774127568109899,-0.011608009707558486,0.9828641997204116,xgb_3class,global_three_level_common_support_min_cell_20,1
73,100000,100000,alta_vs_baixa,alta,baixa,93339,6661,0.6391165248126883,0.6774127568109899,-0.038296231998301566,0.943466916420963,xgb_3class,global_three_level_common_support_min_cell_20,1
73,100000,100000,alta_vs_media,alta,media,93339,6661,0.6391165248126883,0.6658047471034314,-0.02668822229074308,0.9599158425847073,xgb_3class,global_three_level_common_support_min_cell_20,1
74,100000,100000,media_vs_baixa,media,baixa,93339,6661,0.6658557619613634,0.6742904337546544,-0.008434671793290938,0.9874910404017982,xgb_3class,global_three_level_common_support_min_cell_20,1
74,100000,100000,alta_vs_baixa,alta,baixa,93339,6661,0.6388610504297881,0.6742904337546544,-0.035429383324866226,0.947456790796238,xgb_3class,global_three_level_common_support_min_cell_20,1
74,100000,100000,alta_vs_media,alta,media,93339,6661,0.6388610504297881,0.6658557619613634,-0.02699471153157529,0.959458619908824,xgb_3class,global_three_level_common_support_min_cell_20,1
75,100000,100000,media_vs_baixa,media,baixa,93339,6661,0.6656631361891556,0.676470742331671,-0.010807606142515414,0.9840235423851983,xgb_3class,global_three_level_common_support_min_cell_20,1
75,100000,100000,alta_vs_baixa,alta,baixa,93339,6661,0.6386915517442687,0.676470742331671,-0.03777919058740231,0.9441525135925549,xgb_3class,global_three_level_common_support_min_cell_20,1
75,100000,100000,alta_vs_media,alta,media,93339,6661,0.6386915517442687,0.6656631361891556,-0.026971584444886898,0.9594816312056935,xgb_3class,global_three_level_common_support_min_cell_20,1
76,100000,100000,media_vs_baixa,media,baixa,93339,6661,0.6656703927401445,0.6797737204606409,-0.014103327720496384,0.9792529082899242,xgb_3class,global_three_level_common_support_min_cell_20,1
76,100000,100000,alta_vs_baixa,alta,baixa,93339,6661,0.6385029255717799,0.6797737204606409,-0.041270794888860984,0.9392874516230278,xgb_3class,global_three_level_common_support_min_cell_20,1
76,100000,100000,alta_vs_media,alta,media,93339,6661,0.6385029255717799,0.6656703927401445,-0.0271674671683646,0.9591878090648838,xgb_3class,global_three_level_common_support_min_cell_20,1
77,100000,100000,media_vs_baixa,media,baixa,93339,6661,0.665662538188436,0.6772677093613556,-0.011605171172919593,0.982864720977377,xgb_3class,global_three_level_common_support_min_cell_20,1
77,100000,100000,alta_vs_baixa,alta,baixa,93339,6661,0.6387817589366022,0.6772677093613556,-0.038485950424753446,0.9431746857368343,xgb_3class,global_three_level_common_support_min_cell_20,1
77,100000,100000,alta_vs_media,alta,media,93339,6661,0.6387817589366022,0.665662538188436,-0.026880779251833853,0.9596180080600774,xgb_3class,global_three_level_common_support_min_cell_20,1
78,100000,100000,media_vs_baixa,media,baixa,93339,6661,0.6656045789854532,0.6765958920636425,-0.010991313078189235,0.9837549810645978,xgb_3class,global_three_level_common_support_min_cell_20,1
78,100000,100000,alta_vs_baixa,alta,baixa,93339,6661,0.6388110265240878,0.6765958920636425,-0.037784865539554624,0.9441544561786956,xgb_3class,global_three_level_common_support_min_cell_20,1
78,100000,100000,alta_vs_media,alta,media,93339,6661,0.6388110265240878,0.6656045789854532,-0.02679355246136539,0.9597455406598834,xgb_3class,global_three_level_common_support_min_cell_20,1
79,100000,100000,media_vs_baixa,media,baixa,93339,6661,0.66583319855143,0.6771701148133423,-0.011336916261912355,0.9832583925162773,xgb_3class,global_three_level_common_support_min_cell_20,1
79,100000,100000,alta_vs_baixa,alta,baixa,93339,6661,0.6383725787139687,0.6771701148133423,-0.03879753609937364,0.9427063669074234,xgb_3class,global_three_level_common_support_min_cell_20,1
79,100000,100000,alta_vs_media,alta,media,93339,6661,0.6383725787139687,0.66583319855143,-0.027460619837461286,0.9587575087916855,xgb_3class,global_three_level_common_support_min_cell_20,1
80,100000,100000,media_vs_baixa,media,baixa,93339,6661,0.6656534950455848,0.6764834089692042,-0.010829913923619428,0.9839908654373039,xgb_3class,global_three_level_common_support_min_cell_20,1
80,100000,100000,alta_vs_baixa,alta,baixa,93339,6661,0.638544368994765,0.6764834089692042,-0.03793903997443926,0.9439172646787464,xgb_3class,global_three_level_common_support_min_cell_20,1
80,100000,100000,alta_vs_media,alta,media,93339,6661,0.638544368994765,0.6656534950455848,-0.02710912605081983,0.9592744179177436,xgb_3class,global_three_level_common_support_min_cell_20,1
81,100000,100000,media_vs_baixa,media,baixa,93339,6661,0.66564704403643,0.6763530450348924,-0.010706000998462306,0.9841709872128838,xgb_3class,global_three_level_common_support_min_cell_20,1
81,100000,100000,alta_vs_baixa,alta,baixa,93339,6661,0.6390774170402876,0.6763530450348924,-0.03727562799460471,0.9448873213948764,xgb_3class,global_three_level_common_support_min_cell_20,1
81,100000,100000,alta_vs_media,alta,media,93339,6661,0.6390774170402876,0.66564704403643,-0.026569626996142404,0.9600845114025801,xgb_3class,global_three_level_common_support_min_cell_20,1
82,100000,100000,media_vs_baixa,media,baixa,93339,6661,0.6658051465928707,0.6762594794753766,-0.010454332882505857,0.9845409444158683,xgb_3class,global_three_level_common_support_min_cell_20,1
82,100000,100000,alta_vs_baixa,alta,baixa,93339,6661,0.6386606988695694,0.6762594794753766,-0.037598780605807125,0.9444018431579322,xgb_3class,global_three_level_common_support_min_cell_20,1
82,100000,100000,alta_vs_media,alta,media,93339,6661,0.6386606988695694,0.6658051465928707,-0.027144447723301268,0.9592306429858529,xgb_3class,global_three_level_common_support_min_cell_20,1
83,100000,100000,media_vs_baixa,media,baixa,93339,6661,0.6657525409494838,0.6763299331474456,-0.010577392197961832,0.9843606031914961,xgb_3class,global_three_level_common_support_min_cell_20,1
83,100000,100000,alta_vs_baixa,alta,baixa,93339,6661,0.6390259547554886,0.6763299331474456,-0.03730397839195698,0.9448435200577994,xgb_3class,global_three_level_common_support_min_cell_20,1
83,100000,100000,alta_vs_media,alta,media,93339,6661,0.6390259547554886,0.6657525409494838,-0.02672658619399515,0.9598550744457119,xgb_3class,global_three_level_common_support_min_cell_20,1
84,100000,100000,media_vs_baixa,media,baixa,93339,6661,0.6657664853643662,0.6773749088304623,-0.01160842346609603,0.9828626314397461,xgb_3class,global_three_level_common_support_min_cell_20,1
84,100000,100000,alta_vs_baixa,alta,baixa,93339,6661,0.6390052094417217,0.6773749088304623,-0.038369699388740575,0.9433552986853488,xgb_3class,global_three_level_common_support_min_cell_20,1
84,100000,100000,alta_vs_media,alta,media,93339,6661,0.6390052094417217,0.6657664853643662,-0.026761275922644545,0.9598038103284842,xgb_3class,global_three_level_common_support_min_cell_20,1
85,100000,100000,media_vs_baixa,media,baixa,93339,6661,0.6657714293500293,0.6765126774563719,-0.010741248106342582,0.984122621106335,xgb_3class,global_three_level_common_support_min_cell_20,1
85,100000,100000,alta_vs_baixa,alta,baixa,93339,6661,0.638403981862071,0.6765126774563719,-0.038108695594300857,0.9436689113682448,xgb_3class,global_three_level_common_support_min_cell_20,1
85,100000,100000,alta_vs_media,alta,media,93339,6661,0.638403981862071,0.6657714293500293,-0.027367447487958274,0.9588936288319307,xgb_3class,global_three_level_common_support_min_cell_20,1
86,100000,100000,media_vs_baixa,media,baixa,93339,6661,0.6658345549496747,0.6767206605400482,-0.010886105590373507,0.9839134428352077,xgb_3class,global_three_level_common_support_min_cell_20,1
86,100000,100000,alta_vs_baixa,alta,baixa,93339,6661,0.6384751701556546,0.6767206605400482,-0.03824549038439362,0.9434840804862197,xgb_3class,global_three_level_common_support_min_cell_20,1
86,100000,100000,alta_vs_media,alta,media,93339,6661,0.6384751701556546,0.6658345549496747,-0.027359384794020114,0.9589096351478965,xgb_3class,global_three_level_common_support_min_cell_20,1
87,100000,100000,media_vs_baixa,media,baixa,93339,6661,0.6656214470335095,0.6790909287142903,-0.013469481680780881,0.9801654224622285,xgb_3class,global_three_level_common_support_min_cell_20,1
87,100000,100000,alta_vs_baixa,alta,baixa,93339,6661,0.638792694480015,0.6790909287142903,-0.040298234234275365,0.9406585590672353,xgb_3class,global_three_level_common_support_min_cell_20,1
87,100000,100000,alta_vs_media,alta,media,93339,6661,0.638792694480015,0.6656214470335095,-0.026828752553494484,0.9596936777306939,xgb_3class,global_three_level_common_support_min_cell_20,1
88,100000,100000,media_vs_baixa,media,baixa,93339,6661,0.665760443923315,0.675197813793063,-0.009437369869747969,0.9860228074247878,xgb_3class,global_three_level_common_support_min_cell_20,1
88,100000,100000,alta_vs_baixa,alta,baixa,93339,6661,0.6384817358690239,0.675197813793063,-0.03671607792403908,0.945621746436383,xgb_3class,global_three_level_common_support_min_cell_20,1
88,100000,100000,alta_vs_media,alta,media,93339,6661,0.6384817358690239,0.665760443923315,-0.027278708054291112,0.9590262408899841,xgb_3class,global_three_level_common_support_min_cell_20,1
89,100000,100000,media_vs_baixa,media,baixa,93339,6661,0.6657673302353204,0.6773938141503723,-0.011626483915051833,0.9828364480569778,xgb_3class,global_three_level_common_support_min_cell_20,1
89,100000,100000,alta_vs_baixa,alta,baixa,93339,6661,0.6390366869411449,0.6773938141503723,-0.03835712720922735,0.9433754392083766,xgb_3class,global_three_level_common_support_min_cell_20,1
89,100000,100000,alta_vs_media,alta,media,93339,6661,0.6390366869411449,0.6657673302353204,-0.026730643294175516,0.9598498723499584,xgb_3class,global_three_level_common_support_min_cell_20,1
90,100000,100000,media_vs_baixa,media,baixa,93339,6661,0.6657606752478783,0.6770563149787107,-0.011295639730832363,0.9833165432757428,xgb_3class,global_three_level_common_support_min_cell_20,1
90,100000,100000,alta_vs_baixa,alta,baixa,93339,6661,0.6385200102561676,0.6770563149787107,-0.0385363047225431,0.9430825710210607,xgb_3class,global_three_level_common_support_min_cell_20,1
90,100000,100000,alta_vs_media,alta,media,93339,6661,0.6385200102561676,0.6657606752478783,-0.02724066499171074,0.9590833973761391,xgb_3class,global_three_level_common_support_min_cell_20,1
91,100000,100000,media_vs_baixa,media,baixa,93339,6661,0.665794140123348,0.6753657243704244,-0.009571584247076381,0.9858275540174932,xgb_3class,global_three_level_common_support_min_cell_20,1
91,100000,100000,alta_vs_baixa,alta,baixa,93339,6661,0.6393444268935158,0.6753657243704244,-0.03602129747690863,0.9466640130271822,xgb_3class,global_three_level_common_support_min_cell_20,1
91,100000,100000,alta_vs_media,alta,media,93339,6661,0.6393444268935158,0.665794140123348,-0.02644971322983225,0.9602734364334716,xgb_3class,global_three_level_common_support_min_cell_20,1
92,100000,100000,media_vs_baixa,media,baixa,93339,6661,0.6655935259335611,0.678015278185931,-0.012421752252369855,0.9816792443297074,xgb_3class,global_three_level_common_support_min_cell_20,1
92,100000,100000,alta_vs_baixa,alta,baixa,93339,6661,0.6390602436108853,0.678015278185931,-0.03895503457504568,0.9425454914832124,xgb_3class,global_three_level_common_support_min_cell_20,1
92,100000,100000,alta_vs_media,alta,media,93339,6661,0.6390602436108853,0.6655935259335611,-0.026533282322675822,0.9601359068427532,xgb_3class,global_three_level_common_support_min_cell_20,1
93,100000,100000,media_vs_baixa,media,baixa,93339,6661,0.6657116670411249,0.6760665312846336,-0.010354864243508621,0.984683660905632,xgb_3class,global_three_level_common_support_min_cell_20,1
93,100000,100000,alta_vs_baixa,alta,baixa,93339,6661,0.638659334321379,0.6760665312846336,-0.03740719696325456,0.9446693554077068,xgb_3class,global_three_level_common_support_min_cell_20,1
93,100000,100000,alta_vs_media,alta,media,93339,6661,0.638659334321379,0.6657116670411249,-0.027052332719745942,0.9593632888544903,xgb_3class,global_three_level_common_support_min_cell_20,1
94,100000,100000,media_vs_baixa,media,baixa,93339,6661,0.6657380349769032,0.6781106857571567,-0.012372650780253514,0.9817542312189954,xgb_3class,global_three_level_common_support_min_cell_20,1
94,100000,100000,alta_vs_baixa,alta,baixa,93339,6661,0.6390103446781719,0.6781106857571567,-0.03910034107898486,0.9423392937167379,xgb_3class,global_three_level_common_support_min_cell_20,1
94,100000,100000,alta_vs_media,alta,media,93339,6661,0.6390103446781719,0.6657380349769032,-0.026727690298731344,0.9598525412482124,xgb_3class,global_three_level_common_support_min_cell_20,1
95,100000,100000,media_vs_baixa,media,baixa,93339,6661,0.6655373565168847,0.6768253325221225,-0.011287976005237788,0.9833221727041831,xgb_3class,global_three_level_common_support_min_cell_20,1
95,100000,100000,alta_vs_baixa,alta,baixa,93339,6661,0.6386606167534155,0.6768253325221225,-0.03816471576870706,0.9436121641214432,xgb_3class,global_three_level_common_support_min_cell_20,1
95,100000,100000,alta_vs_media,alta,media,93339,6661,0.6386606167534155,0.6655373565168847,-0.02687673976346927,0.9596164820797893,xgb_3class,global_three_level_common_support_min_cell_20,1
96,100000,100000,media_vs_baixa,media,baixa,93339,6661,0.6657660024581683,0.6759214782447632,-0.010155475786594925,0.9849753616160168,xgb_3class,global_three_level_common_support_min_cell_20,1
96,100000,100000,alta_vs_baixa,alta,baixa,93339,6661,0.6389535383487096,0.6759214782447632,-0.036967939896053625,0.9453073454744297,xgb_3class,global_three_level_common_support_min_cell_20,1
96,100000,100000,alta_vs_media,alta,media,93339,6661,0.6389535383487096,0.6657660024581683,-0.0268124641094587,0.9597268950194804,xgb_3class,global_three_level_common_support_min_cell_20,1
97,100000,100000,media_vs_baixa,media,baixa,93339,6661,0.6656437199202364,0.6777115206764877,-0.012067800756251246,0.9821933073467525,xgb_3class,global_three_level_common_support_min_cell_20,1
97,100000,100000,alta_vs_baixa,alta,baixa,93339,6661,0.6388154683082302,0.6777115206764877,-0.03889605236825744,0.9426067711975272,xgb_3class,global_three_level_common_support_min_cell_20,1
97,100000,100000,alta_vs_media,alta,media,93339,6661,0.6388154683082302,0.6656437199202364,-0.026828251612006193,0.9596957789743423,xgb_3class,global_three_level_common_support_min_cell_20,1
98,100000,100000,media_vs_baixa,media,baixa,93339,6661,0.6656868930267096,0.6779778600633862,-0.012290967036676648,0.9818711380405143,xgb_3class,global_three_level_common_support_min_cell_20,1
98,100000,100000,alta_vs_baixa,alta,baixa,93339,6661,0.6389556971568848,0.6779778600633862,-0.0390221629065014,0.9424433079527802,xgb_3class,global_three_level_common_support_min_cell_20,1
98,100000,100000,alta_vs_media,alta,media,93339,6661,0.6389556971568848,0.6656868930267096,-0.026731195869824753,0.9598441907902305,xgb_3class,global_three_level_common_support_min_cell_20,1
99,100000,100000,media_vs_baixa,media,baixa,93339,6661,0.6656916656493961,0.6782531664834401,-0.01256150083404406,0.981479628176051,xgb_3class,global_three_level_common_support_min_cell_20,1
99,100000,100000,alta_vs_baixa,alta,baixa,93339,6661,0.6391539373871997,0.6782531664834401,-0.03909922909624042,0.9423530459887723,xgb_3class,global_three_level_common_support_min_cell_20,1
99,100000,100000,alta_vs_media,alta,media,93339,6661,0.6391539373871997,0.6656916656493961,-0.02653772826219636,0.9601351051371384,xgb_3class,global_three_level_common_support_min_cell_20,1
100,100000,100000,media_vs_baixa,media,baixa,93339,6661,0.6657679392298205,0.6784460006517192,-0.012678061421898756,0.9813130869520638,xgb_3class,global_three_level_common_support_min_cell_20,1
100,100000,100000,alta_vs_baixa,alta,baixa,93339,6661,0.6383018837660333,0.6784460006517192,-0.040144116885685976,0.9408293116222614,xgb_3class,global_three_level_common_support_min_cell_20,1
100,100000,100000,alta_vs_media,alta,media,93339,6661,0.6383018837660333,0.6657679392298205,-0.02746605546378722,0.9587453017104417,xgb_3class,global_three_level_common_support_min_cell_20,1
101,100000,100000,media_vs_baixa,media,baixa,93339,6661,0.6656930988624087,0.6771434684465769,-0.01145036958416823,0.9830901867658322,xgb_3class,global_three_level_common_support_min_cell_20,1
101,100000,100000,alta_vs_baixa,alta,baixa,93339,6661,0.638458292001276,0.6771434684465769,-0.038685176445300895,0.9428700441664927,xgb_3class,global_three_level_common_support_min_cell_20,1
101,100000,100000,alta_vs_media,alta,media,93339,6661,0.638458292001276,0.6656930988624087,-0.027234806861132665,0.9590880438633452,xgb_3class,global_three_level_common_support_min_cell_20,1
102,100000,100000,media_vs_baixa,media,baixa,93339,6661,0.6657771532244804,0.6770744765606644,-0.01129732333618405,0.9833145041981628,xgb_3class,global_three_level_common_support_min_cell_20,1
102,100000,100000,alta_vs_baixa,alta,baixa,93339,6661,0.638835732526143,0.6770744765606644,-0.03823874403452143,0.943523577747661,xgb_3class,global_three_level_common_support_min_cell_20,1
102,100000,100000,alta_vs_media,alta,media,93339,6661,0.638835732526143,0.6657771532244804,-0.02694142069833738,0.9595338762108986,xgb_3class,global_three_level_common_support_min_cell_20,1
103,100000,100000,media_vs_baixa,media,baixa,93339,6661,0.6658155544526281,0.6759434179841396,-0.010127863531511516,0.9850166992353949,xgb_3class,global_three_level_common_support_min_cell_20,1
103,100000,100000,alta_vs_baixa,alta,baixa,93339,6661,0.6383762808346,0.6759434179841396,-0.03756713714953963,0.9444226600185326,xgb_3class,global_three_level_common_support_min_cell_20,1
103,100000,100000,alta_vs_media,alta,media,93339,6661,0.6383762808346,0.6658155544526281,-0.027439273618028115,0.9587884761259653,xgb_3class,global_three_level_common_support_min_cell_20,1
104,100000,100000,media_vs_baixa,media,baixa,93339,6661,0.6657287508809927,0.6771729380128185,-0.011444187131825823,0.9831000524542385,xgb_3class,global_three_level_common_support_min_cell_20,1
104,100000,100000,alta_vs_baixa,alta,baixa,93339,6661,0.6389088840990345,0.6771729380128185,-0.03826405391378407,0.9434944136632646,xgb_3class,global_three_level_common_support_min_cell_20,1
104,100000,100000,alta_vs_media,alta,media,93339,6661,0.6389088840990345,0.6657287508809927,-0.026819866781958246,0.9597135218413413,xgb_3class,global_three_level_common_support_min_cell_20,1
105,100000,100000,media_vs_baixa,media,baixa,93339,6661,0.6657257018772714,0.6768305092193085,-0.011104807342037115,0.9835929273418157,xgb_3class,global_three_level_common_support_min_cell_20,1
105,100000,100000,alta_vs_baixa,alta,baixa,93339,6661,0.6386047810529476,0.6768305092193085,-0.03822572816636094,0.9435224511222869,xgb_3class,global_three_level_common_support_min_cell_20,1
105,100000,100000,alta_vs_media,alta,media,93339,6661,0.6386047810529476,0.6657257018772714,-0.027120920824323824,0.9592611179832086,xgb_3class,global_three_level_common_support_min_cell_20,1
106,100000,100000,media_vs_baixa,media,baixa,93339,6661,0.6657724372759998,0.6760672240010698,-0.010294786725070004,0.9847725398309596,xgb_3class,global_three_level_common_support_min_cell_20,1
106,100000,100000,alta_vs_baixa,alta,baixa,93339,6661,0.6389911759040706,0.6760672240010698,-0.03707604809699916,0.9451592285785171,xgb_3class,global_three_level_common_support_min_cell_20,1
106,100000,100000,alta_vs_media,alta,media,93339,6661,0.6389911759040706,0.6657724372759998,-0.026781261371929155,0.9597741512377647,xgb_3class,global_three_level_common_support_min_cell_20,1
107,100000,100000,media_vs_baixa,media,baixa,93339,6661,0.66581501247925,0.6771265832758089,-0.011311570796558867,0.9832947471330462,xgb_3class,global_three_level_common_support_min_cell_20,1
107,100000,100000,alta_vs_baixa,alta,baixa,93339,6661,0.638395464669238,0.6771265832758089,-0.03873111860657086,0.9428007708408122,xgb_3class,global_three_level_common_support_min_cell_20,1
107,100000,100000,alta_vs_media,alta,media,93339,6661,0.638395464669238,0.66581501247925,-0.02741954781001199,0.9588180691391868,xgb_3class,global_three_level_common_support_min_cell_20,1
108,100000,100000,media_vs_baixa,media,baixa,93339,6661,0.665656661373232,0.676089483595243,-0.010432822222011029,0.9845688736843939,xgb_3class,global_three_level_common_support_min_cell_20,1
108,100000,100000,alta_vs_baixa,alta,baixa,93339,6661,0.6388772536209792,0.676089483595243,-0.037212229974263766,0.9449596083400378,xgb_3class,global_three_level_common_support_min_cell_20,1
108,100000,100000,alta_vs_media,alta,media,93339,6661,0.6388772536209792,0.665656661373232,-0.026779407752252737,0.9597699395105466,xgb_3class,global_three_level_common_support_min_cell_20,1
109,100000,100000,media_vs_baixa,media,baixa,93339,6661,0.6656414695642718,0.6778792243903857,-0.012237754826113889,0.9819469982471889,xgb_3class,global_three_level_common_support_min_cell_20,1
109,100000,100000,alta_vs_baixa,alta,baixa,93339,6661,0.6388663765650044,0.6778792243903857,-0.03901284782538128,0.9424486745991288,xgb_3class,global_three_level_common_support_min_cell_20,1
109,100000,100000,alta_vs_media,alta,media,93339,6661,0.6388663765650044,0.6656414695642718,-0.02677509299926739,0.9597755034451289,xgb_3class,global_three_level_common_support_min_cell_20,1
110,100000,100000,media_vs_baixa,media,baixa,93339,6661,0.665660237053027,0.6764290534944678,-0.010768816441440787,0.9840799025621261,xgb_3class,global_three_level_common_support_min_cell_20,1
110,100000,100000,alta_vs_baixa,alta,baixa,93339,6661,0.6387039756731343,0.6764290534944678,-0.0377250778213335,0.9442290693658947,xgb_3class,global_three_level_common_support_min_cell_20,1
110,100000,100000,alta_vs_media,alta,media,93339,6661,0.6387039756731343,0.665660237053027,-0.02695626137989271,0.9595044740854104,xgb_3class,global_three_level_common_support_min_cell_20,1
111,100000,100000,media_vs_baixa,media,baixa,93339,6661,0.6657628517148136,0.67544952085971,-0.009686669144896354,0.9856589295783833,xgb_3class,global_three_level_common_support_min_cell_20,1
111,100000,100000,alta_vs_baixa,alta,baixa,93339,6661,0.6386965487398795,0.67544952085971,-0.03675297211983053,0.9455873888650458,xgb_3class,global_three_level_common_support_min_cell_20,1
111,100000,100000,alta_vs_media,alta,media,93339,6661,0.6386965487398795,0.6657628517148136,-0.027066302974934175,0.9593454292242063,xgb_3class,global_three_level_common_support_min_cell_20,1
112,100000,100000,media_vs_baixa,media,baixa,93339,6661,0.6656938969758547,0.6767427738381255,-0.011048876862270851,0.9836734468554315,xgb_3class,global_three_level_common_support_min_cell_20,1
112,100000,100000,alta_vs_baixa,alta,baixa,93339,6661,0.6388756459263233,0.6767427738381255,-0.037867127911802245,0.9440450206848312,xgb_3class,global_three_level_common_support_min_cell_20,1
112,100000,100000,alta_vs_media,alta,media,93339,6661,0.6388756459263233,0.6656938969758547,-0.026818251049531394,0.9597138396921429,xgb_3class,global_three_level_common_support_min_cell_20,1
113,100000,100000,media_vs_baixa,media,baixa,93339,6661,0.6656348569511418,0.6776231376950662,-0.01198828074392444,0.9823083361871282,xgb_3class,global_three_level_common_support_min_cell_20,1
113,100000,100000,alta_vs_baixa,alta,baixa,93339,6661,0.6387513132101618,0.6776231376950662,-0.03887182448490445,0.9426350395632491,xgb_3class,global_three_level_common_support_min_cell_20,1
113,100000,100000,alta_vs_media,alta,media,93339,6661,0.6387513132101618,0.6656348569511418,-0.02688354374098001,0.9596121755640671,xgb_3class,global_three_level_common_support_min_cell_20,1
114,100000,100000,media_vs_baixa,media,baixa,93339,6661,0.6656571543159621,0.6768351337766515,-0.011177979460689436,0.9834849302247096,xgb_3class,global_three_level_common_support_min_cell_20,1
114,100000,100000,alta_vs_baixa,alta,baixa,93339,6661,0.6393224470192375,0.6768351337766515,-0.03751268675741404,0.9445763305044492,xgb_3class,global_three_level_common_support_min_cell_20,1
114,100000,100000,alta_vs_media,alta,media,93339,6661,0.6393224470192375,0.6656571543159621,-0.026334707296724602,0.9604380316113533,xgb_3class,global_three_level_common_support_min_cell_20,1
115,100000,100000,media_vs_baixa,media,baixa,93339,6661,0.6658563844170053,0.6763872147307628,-0.010530830313757455,0.9844307667495619,xgb_3class,global_three_level_common_support_min_cell_20,1
115,100000,100000,alta_vs_baixa,alta,baixa,93339,6661,0.63917773817142,0.6763872147307628,-0.03720947655934281,0.9449879067064357,xgb_3class,global_three_level_common_support_min_cell_20,1
115,100000,100000,alta_vs_media,alta,media,93339,6661,0.63917773817142,0.6658563844170053,-0.026678646245585358,0.9599333326676082,xgb_3class,global_three_level_common_support_min_cell_20,1
116,100000,100000,media_vs_baixa,media,baixa,93339,6661,0.6657850754377789,0.6774393179539351,-0.01165424251615621,0.9827966251628922,xgb_3class,global_three_level_common_support_min_cell_20,1
116,100000,100000,alta_vs_baixa,alta,baixa,93339,6661,0.6387478434124115,0.6774393179539351,-0.03869147454152355,0.9428856968940287,xgb_3class,global_three_level_common_support_min_cell_20,1
116,100000,100000,alta_vs_media,alta,media,93339,6661,0.6387478434124115,0.6657850754377789,-0.02703723202536734,0.9593904504278812,xgb_3class,global_three_level_common_support_min_cell_20,1
117,100000,100000,media_vs_baixa,media,baixa,93339,6661,0.6658189182065601,0.6757326121262696,-0.009913693919709421,0.9853289692671264,xgb_3class,global_three_level_common_support_min_cell_20,1
117,100000,100000,alta_vs_baixa,alta,baixa,93339,6661,0.6387900905177483,0.6757326121262696,-0.036942521608521295,0.9453296748661021,xgb_3class,global_three_level_common_support_min_cell_20,1
117,100000,100000,alta_vs_media,alta,media,93339,6661,0.6387900905177483,0.6658189182065601,-0.027028827688811874,0.9594051371180375,xgb_3class,global_three_level_common_support_min_cell_20,1
118,100000,100000,media_vs_baixa,media,baixa,93339,6661,0.6657058531924008,0.6760969215183409,-0.010391068325940056,0.9846308007103414,xgb_3class,global_three_level_common_support_min_cell_20,1
118,100000,100000,alta_vs_baixa,alta,baixa,93339,6661,0.6387960253461658,0.6760969215183409,-0.037300896172175135,0.9448290696422535,xgb_3class,global_three_level_common_support_min_cell_20,1
118,100000,100000,alta_vs_media,alta,media,93339,6661,0.6387960253461658,0.6657058531924008,-0.02690982784623508,0.9595769997857332,xgb_3class,global_three_level_common_support_min_cell_20,1
119,100000,100000,media_vs_baixa,media,baixa,93339,6661,0.6656812029777027,0.6774231995015856,-0.011741996523882858,0.982666674934484,xgb_3class,global_three_level_common_support_min_cell_20,1
119,100000,100000,alta_vs_baixa,alta,baixa,93339,6661,0.6390730746871743,0.6774231995015856,-0.038350124814411246,0.9433882322857744,xgb_3class,global_three_level_common_support_min_cell_20,1
119,100000,100000,alta_vs_media,alta,media,93339,6661,0.6390730746871743,0.6656812029777027,-0.026608128290528388,0.9600287221998972,xgb_3class,global_three_level_common_support_min_cell_20,1
120,100000,100000,media_vs_baixa,media,baixa,93339,6661,0.6657328197939425,0.6758092137903104,-0.01007639399636795,0.985089883667235,xgb_3class,global_three_level_common_support_min_cell_20,1
120,100000,100000,alta_vs_baixa,alta,baixa,93339,6661,0.6387354295379817,0.6758092137903104,-0.03707378425232877,0.9451416413156036,xgb_3class,global_three_level_common_support_min_cell_20,1
120,100000,100000,alta_vs_media,alta,media,93339,6661,0.6387354295379817,0.6657328197939425,-0.026997390255960818,0.9594471093308619,xgb_3class,global_three_level_common_support_min_cell_20,1
121,100000,100000,media_vs_baixa,media,baixa,93339,6661,0.66559126917557,0.6779052797448378,-0.012314010569267841,0.9818352048033867,xgb_3class,global_three_level_common_support_min_cell_20,1
121,100000,100000,alta_vs_baixa,alta,baixa,93339,6661,0.6386570009134352,0.6779052797448378,-0.03924827883140258,0.9421035946995787,xgb_3class,global_three_level_common_support_min_cell_20,1
121,100000,100000,alta_vs_media,alta,media,93339,6661,0.6386570009134352,0.66559126917557,-0.026934268262134742,0.9595333209591276,xgb_3class,global_three_level_common_support_min_cell_20,1
122,100000,100000,media_vs_baixa,media,baixa,93339,6661,0.6658066006680325,0.6767603672709772,-0.01095376660294467,0.9838144088621568,xgb_3class,global_three_level_common_support_min_cell_20,1
122,100000,100000,alta_vs_baixa,alta,baixa,93339,6661,0.6387513916784855,0.6767603672709772,-0.03800897559249172,0.9438368772306184,xgb_3class,global_three_level_common_support_min_cell_20,1
122,100000,100000,alta_vs_media,alta,media,93339,6661,0.6387513916784855,0.6658066006680325,-0.027055208989547053,0.9593647630371922,xgb_3class,global_three_level_common_support_min_cell_20,1
123,100000,100000,media_vs_baixa,media,baixa,93339,6661,0.6657575675829133,0.6781684730758625,-0.012410905492949209,0.9816993770933364,xgb_3class,global_three_level_common_support_min_cell_20,1
123,100000,100000,alta_vs_baixa,alta,baixa,93339,6661,0.6383508464633563,0.6781684730758625,-0.03981762661250621,0.9412865265884277,xgb_3class,global_three_level_common_support_min_cell_20,1
123,100000,100000,alta_vs_media,alta,media,93339,6661,0.6383508464633563,0.6657575675829133,-0.027406721119556998,0.9588337820641539,xgb_3class,global_three_level_common_support_min_cell_20,1
124,100000,100000,media_vs_baixa,media,baixa,93339,6661,0.66571078420115,0.6781511843748187,-0.012440400173668653,0.981655417758892,xgb_3class,global_three_level_common_support_min_cell_20,1
124,100000,100000,alta_vs_baixa,alta,baixa,93339,6661,0.6386041130197996,0.6781511843748187,-0.039547071355019114,0.9416839898444221,xgb_3class,global_three_level_common_support_min_cell_20,1
124,100000,100000,alta_vs_media,alta,media,93339,6661,0.6386041130197996,0.66571078420115,-0.02710667118135046,0.9592816102357747,xgb_3class,global_three_level_common_support_min_cell_20,1
125,100000,100000,media_vs_baixa,media,baixa,93339,6661,0.6658159278245094,0.6768948744164445,-0.01107894659193509,0.983632692445062,xgb_3class,global_three_level_common_support_min_cell_20,1
125,100000,100000,alta_vs_baixa,alta,baixa,93339,6661,0.6387478568127811,0.6768948744164445,-0.03814701760366335,0.9436441033232078,xgb_3class,global_three_level_common_support_min_cell_20,1
125,100000,100000,alta_vs_media,alta,media,93339,6661,0.6387478568127811,0.6658159278245094,-0.027068071011728256,0.9593460145956997,xgb_3class,global_three_level_common_support_min_cell_20,1
126,100000,100000,media_vs_baixa,media,baixa,93339,6661,0.6657343911915006,0.6762720607504998,-0.010537669558999263,0.9844180025013823,xgb_3class,global_three_level_common_support_min_cell_20,1
126,100000,100000,alta_vs_baixa,alta,baixa,93339,6661,0.6389784792773822,0.6762720607504998,-0.037293581473117676,0.9448541738782898,xgb_3class,global_three_level_common_support_min_cell_20,1
126,100000,100000,alta_vs_media,alta,media,93339,6661,0.6389784792773822,0.6657343911915006,-0.026755911914118413,0.9598099298036384,xgb_3class,global_three_level_common_support_min_cell_20,1
127,100000,100000,media_vs_baixa,media,baixa,93339,6661,0.6656593618329324,0.676544327409176,-0.010884965576243633,0.983910935122422,xgb_3class,global_three_level_common_support_min_cell_20,1
127,100000,100000,alta_vs_baixa,alta,baixa,93339,6661,0.6386802984185898,0.676544327409176,-0.037864028990586274,0.9440331882825972,xgb_3class,global_three_level_common_support_min_cell_20,1
127,100000,100000,alta_vs_media,alta,media,93339,6661,0.6386802984185898,0.6656593618329324,-0.02697906341434264,0.9594701660319864,xgb_3class,global_three_level_common_support_min_cell_20,1
128,100000,100000,media_vs_baixa,media,baixa,93339,6661,0.6656305335252892,0.6761106179515673,-0.010480084426278125,0.984499452977044,xgb_3class,global_three_level_common_support_min_cell_20,1
128,100000,100000,alta_vs_baixa,alta,baixa,93339,6661,0.6385246181147873,0.6761106179515673,-0.037585999836780015,0.9444085052965808,xgb_3class,global_three_level_common_support_min_cell_20,1
128,100000,100000,alta_vs_media,alta,media,93339,6661,0.6385246181147873,0.6656305335252892,-0.02710591541050189,0.9592778365094755,xgb_3class,global_three_level_common_support_min_cell_20,1
129,100000,100000,media_vs_baixa,media,baixa,93339,6661,0.6657527926630121,0.6764979328064012,-0.01074514014338912,0.9841165218364915,xgb_3class,global_three_level_common_support_min_cell_20,1
129,100000,100000,alta_vs_baixa,alta,baixa,93339,6661,0.6384461948414699,0.6764979328064012,-0.03805173796493133,0.9437518784320943,xgb_3class,global_three_level_common_support_min_cell_20,1
129,100000,100000,alta_vs_media,alta,media,93339,6661,0.6384461948414699,0.6657527926630121,-0.02730659782154221,0.9589838779161319,xgb_3class,global_three_level_common_support_min_cell_20,1
130,100000,100000,media_vs_baixa,media,baixa,93339,6661,0.6656002981728923,0.6761013030174877,-0.010501004844595374,0.9844682966920362,xgb_3class,global_three_level_common_support_min_cell_20,1
130,100000,100000,alta_vs_baixa,alta,baixa,93339,6661,0.6387725792587745,0.6761013030174877,-0.03732872375871321,0.9447882682785664,xgb_3class,global_three_level_common_support_min_cell_20,1
130,100000,100000,alta_vs_media,alta,media,93339,6661,0.6387725792587745,0.6656002981728923,-0.026827718914117837,0.9596939499760422,xgb_3class,global_three_level_common_support_min_cell_20,1
131,100000,100000,media_vs_baixa,media,baixa,93339,6661,0.665837071196224,0.6781442644614347,-0.01230719326521068,0.9818516591377725,xgb_3class,global_three_level_common_support_min_cell_20,1
131,100000,100000,alta_vs_baixa,alta,baixa,93339,6661,0.6388299886150064,0.6781442644614347,-0.039314275846428326,0.9420266779404958,xgb_3class,global_three_level_common_support_min_cell_20,1
131,100000,100000,alta_vs_media,alta,media,93339,6661,0.6388299886150064,0.665837071196224,-0.027007082581217645,0.9594389021736242,xgb_3class,global_three_level_common_support_min_cell_20,1
132,100000,100000,media_vs_baixa,media,baixa,93339,6661,0.6656027154652987,0.6763231215977563,-0.010720406132457616,0.9841489876804277,xgb_3class,global_three_level_common_support_min_cell_20,1
132,100000,100000,alta_vs_baixa,alta,baixa,93339,6661,0.638844668095669,0.6763231215977563,-0.03747845350208734,0.9445849885871894,xgb_3class,global_three_level_common_support_min_cell_20,1
132,100000,100000,alta_vs_media,alta,media,93339,6661,0.638844668095669,0.6656027154652987,-0.026758047369629723,0.9597987707262821,xgb_3class,global_three_level_common_support_min_cell_20,1
133,100000,100000,media_vs_baixa,media,baixa,93339,6661,0.6657799752085796,0.676914091153102,-0.011134115944522405,0.9835516558304234,xgb_3class,global_three_level_common_support_min_cell_20,1
133,100000,100000,alta_vs_baixa,alta,baixa,93339,6661,0.6389210264077175,0.676914091153102,-0.03799306474538444,0.9438731365738532,xgb_3class,global_three_level_common_support_min_cell_20,1
133,100000,100000,alta_vs_media,alta,media,93339,6661,0.6389210264077175,0.6657799752085796,-0.026858948800862037,0.959657920332543,xgb_3class,global_three_level_common_support_min_cell_20,1
134,100000,100000,media_vs_baixa,media,baixa,93339,6661,0.6656561531161052,0.6768436247261981,-0.011187471610092925,0.9834711132654628,xgb_3class,global_three_level_common_support_min_cell_20,1
134,100000,100000,alta_vs_baixa,alta,baixa,93339,6661,0.6385705319242888,0.6768436247261981,-0.03827309280190927,0.9434535668155376,xgb_3class,global_three_level_common_support_min_cell_20,1
134,100000,100000,alta_vs_media,alta,media,93339,6661,0.6385705319242888,0.6656561531161052,-0.027085621191816345,0.9593098913530331,xgb_3class,global_three_level_common_support_min_cell_20,1
135,100000,100000,media_vs_baixa,media,baixa,93339,6661,0.6657103262247148,0.6753662591617751,-0.009655932937060241,0.9857026719856502,xgb_3class,global_three_level_common_support_min_cell_20,1
135,100000,100000,alta_vs_baixa,alta,baixa,93339,6661,0.6387410242987225,0.6753662591617751,-0.03662523486305258,0.9457698184263608,xgb_3class,global_three_level_common_support_min_cell_20,1
135,100000,100000,alta_vs_media,alta,media,93339,6661,0.6387410242987225,0.6657103262247148,-0.02696930192599234,0.959487932117657,xgb_3class,global_three_level_common_support_min_cell_20,1
136,100000,100000,media_vs_baixa,media,baixa,93339,6661,0.6656988366475964,0.677380780687713,-0.011681944040116576,0.9827542434430212,xgb_3class,global_three_level_common_support_min_cell_20,1
136,100000,100000,alta_vs_baixa,alta,baixa,93339,6661,0.6387464784455736,0.677380780687713,-0.03863430224213937,0.942965163252911,xgb_3class,global_three_level_common_support_min_cell_20,1
136,100000,100000,alta_vs_media,alta,media,93339,6661,0.6387464784455736,0.6656988366475964,-0.026952358202022797,0.9595126854393308,xgb_3class,global_three_level_common_support_min_cell_20,1
137,100000,100000,media_vs_baixa,media,baixa,93339,6661,0.6657440553663577,0.6759622690470496,-0.010218213680691868,0.9848834555586997,xgb_3class,global_three_level_common_support_min_cell_20,1
137,100000,100000,alta_vs_baixa,alta,baixa,93339,6661,0.6388842906595061,0.6759622690470496,-0.03707797838754345,0.945147857971696,xgb_3class,global_three_level_common_support_min_cell_20,1
137,100000,100000,alta_vs_media,alta,media,93339,6661,0.6388842906595061,0.6657440553663577,-0.026859764706851585,0.9596545181435068,xgb_3class,global_three_level_common_support_min_cell_20,1
138,100000,100000,media_vs_baixa,media,baixa,93339,6661,0.665527927683201,0.6769309816008222,-0.011403053917621198,0.9831547761477027,xgb_3class,global_three_level_common_support_min_cell_20,1
138,100000,100000,alta_vs_baixa,alta,baixa,93339,6661,0.6383884390022398,0.6769309816008222,-0.03854254259858236,0.9430628178556164,xgb_3class,global_three_level_common_support_min_cell_20,1
138,100000,100000,alta_vs_media,alta,media,93339,6661,0.6383884390022398,0.665527927683201,-0.027139488680961166,0.9592211122147231,xgb_3class,global_three_level_common_support_min_cell_20,1
139,100000,100000,media_vs_baixa,media,baixa,93339,6661,0.6658371817399148,0.6762658132413205,-0.010428631501405716,0.9845790940526453,xgb_3class,global_three_level_common_support_min_cell_20,1
139,100000,100000,alta_vs_baixa,alta,baixa,93339,6661,0.6386821784184428,0.6762658132413205,-0.03758363482287774,0.9444247600766027,xgb_3class,global_three_level_common_support_min_cell_20,1
139,100000,100000,alta_vs_media,alta,media,93339,6661,0.6386821784184428,0.6658371817399148,-0.027155003321472027,0.959216751382804,xgb_3class,global_three_level_common_support_min_cell_20,1
140,100000,100000,media_vs_baixa,media,baixa,93339,6661,0.6658487143163996,0.6769917287593192,-0.011143014442919652,0.9835403979553181,xgb_3class,global_three_level_common_support_min_cell_20,1
140,100000,100000,alta_vs_baixa,alta,baixa,93339,6661,0.6385362390086148,0.6769917287593192,-0.03845548975070445,0.9431965146440128,xgb_3class,global_three_level_common_support_min_cell_20,1
140,100000,100000,alta_vs_media,alta,media,93339,6661,0.6385362390086148,0.6658487143163996,-0.0273124753077848,0.9589809596075808,xgb_3class,global_three_level_common_support_min_cell_20,1
141,100000,100000,media_vs_baixa,media,baixa,93339,6661,0.6657732989693864,0.6757012072306535,-0.009927908261267104,0.9853072509638447,xgb_3class,global_three_level_common_support_min_cell_20,1
141,100000,100000,alta_vs_baixa,alta,baixa,93339,6661,0.6388232509344305,0.6757012072306535,-0.036877956296223036,0.9454226869782185,xgb_3class,global_three_level_common_support_min_cell_20,1
141,100000,100000,alta_vs_media,alta,media,93339,6661,0.6388232509344305,0.6657732989693864,-0.02695004803495593,0.9595206835770157,xgb_3class,global_three_level_common_support_min_cell_20,1
142,100000,100000,media_vs_baixa,media,baixa,93339,6661,0.6656298524637355,0.6765046128881101,-0.01087476042437463,0.983925075724246,xgb_3class,global_three_level_common_support_min_cell_20,1
142,100000,100000,alta_vs_baixa,alta,baixa,93339,6661,0.6390481695512584,0.6765046128881101,-0.03745644333685172,0.9446323903440303,xgb_3class,global_three_level_common_support_min_cell_20,1
142,100000,100000,alta_vs_media,alta,media,93339,6661,0.6390481695512584,0.6656298524637355,-0.02658168291247709,0.9600653684415014,xgb_3class,global_three_level_common_support_min_cell_20,1
143,100000,100000,media_vs_baixa,media,baixa,93339,6661,0.6657613266072477,0.6757953670986296,-0.010034040491381901,0.9851522502522313,xgb_3class,global_three_level_common_support_min_cell_20,1
143,100000,100000,alta_vs_baixa,alta,baixa,93339,6661,0.6390313634772451,0.6757953670986296,-0.036764003621384544,0.9455989114290289,xgb_3class,global_three_level_common_support_min_cell_20,1
143,100000,100000,alta_vs_media,alta,media,93339,6661,0.6390313634772451,0.6657613266072477,-0.026729963130002643,0.9598505319222733,xgb_3class,global_three_level_common_support_min_cell_20,1
144,100000,100000,media_vs_baixa,media,baixa,93339,6661,0.6657974554833944,0.6764809415567042,-0.010683486073309822,0.9842072622937089,xgb_3class,global_three_level_common_support_min_cell_20,1
144,100000,100000,alta_vs_baixa,alta,baixa,93339,6661,0.638665451470794,0.6764809415567042,-0.03781549008591023,0.9440996962916797,xgb_3class,global_three_level_common_support_min_cell_20,1
144,100000,100000,alta_vs_media,alta,media,93339,6661,0.638665451470794,0.6657974554833944,-0.027132004012600408,0.959248861963731,xgb_3class,global_three_level_common_support_min_cell_20,1
145,100000,100000,media_vs_baixa,media,baixa,93339,6661,0.6657436941482358,0.6763822881647558,-0.010638594016520009,0.9842713296863731,xgb_3class,global_three_level_common_support_min_cell_20,1
145,100000,100000,alta_vs_baixa,alta,baixa,93339,6661,0.6385841250680901,0.6763822881647558,-0.037798163096665616,0.9441171601355437,xgb_3class,global_three_level_common_support_min_cell_20,1
145,100000,100000,alta_vs_media,alta,media,93339,6661,0.6385841250680901,0.6657436941482358,-0.027159569080145607,0.9592041662296268,xgb_3class,global_three_level_common_support_min_cell_20,1
146,100000,100000,media_vs_baixa,media,baixa,93339,6661,0.6657895873395143,0.6768543929447336,-0.011064805605219274,0.9836526057590015,xgb_3class,global_three_level_common_support_min_cell_20,1
146,100000,100000,alta_vs_baixa,alta,baixa,93339,6661,0.638638332105544,0.6768543929447336,-0.0382160608391896,0.9435387267371846,xgb_3class,global_three_level_common_support_min_cell_20,1
146,100000,100000,alta_vs_media,alta,media,93339,6661,0.638638332105544,0.6657895873395143,-0.02715125523397033,0.9592194655034088,xgb_3class,global_three_level_common_support_min_cell_20,1
147,100000,100000,media_vs_baixa,media,baixa,93339,6661,0.6657123572985502,0.6756769875283815,-0.009964630229831295,0.9852523758929813,xgb_3class,global_three_level_common_support_min_cell_20,1
147,100000,100000,alta_vs_baixa,alta,baixa,93339,6661,0.6391645832870457,0.6756769875283815,-0.03651240424133573,0.9459617466403619,xgb_3class,global_three_level_common_support_min_cell_20,1
147,100000,100000,alta_vs_media,alta,media,93339,6661,0.6391645832870457,0.6657123572985502,-0.026547774011504433,0.9601212539913863,xgb_3class,global_three_level_common_support_min_cell_20,1
148,100000,100000,media_vs_baixa,media,baixa,93339,6661,0.6657048326727928,0.6768157466501051,-0.011110913977312342,0.9835835468777053,xgb_3class,global_three_level_common_support_min_cell_20,1
148,100000,100000,alta_vs_baixa,alta,baixa,93339,6661,0.6387228254742277,0.6768157466501051,-0.03809292117587748,0.9437174425027518,xgb_3class,global_three_level_common_support_min_cell_20,1
148,100000,100000,alta_vs_media,alta,media,93339,6661,0.6387228254742277,0.6657048326727928,-0.02698200719856514,0.9594685123581981,xgb_3class,global_three_level_common_support_min_cell_20,1
149,100000,100000,media_vs_baixa,media,baixa,93339,6661,0.6656118308501275,0.6771723820397153,-0.011560551189587764,0.9829282004166116,xgb_3class,global_three_level_common_support_min_cell_20,1
149,100000,100000,alta_vs_baixa,alta,baixa,93339,6661,0.6389290581107576,0.6771723820397153,-0.038243323928957684,0.9435249798378299,xgb_3class,global_three_level_common_support_min_cell_20,1
149,100000,100000,alta_vs_media,alta,media,93339,6661,0.6389290581107576,0.6656118308501275,-0.02668277273936992,0.95991241215576,xgb_3class,global_three_level_common_support_min_cell_20,1
150,100000,100000,media_vs_baixa,media,baixa,93339,6661,0.6656980781067401,0.6769419253636355,-0.011243847256895423,0.9833902335848743,xgb_3class,global_three_level_common_support_min_cell_20,1
150,100000,100000,alta_vs_baixa,alta,baixa,93339,6661,0.6387891399604203,0.6769419253636355,-0.038152785403215206,0.94363949997229,xgb_3class,global_three_level_common_support_min_cell_20,1
150,100000,100000,alta_vs_media,alta,media,93339,6661,0.6387891399604203,0.6656980781067401,-0.026908938146319783,0.9595778641529965,xgb_3class,global_three_level_common_support_min_cell_20,1
151,100000,100000,media_vs_baixa,media,baixa,93339,6661,0.6657515000882434,0.6767950886931081,-0.011043588604864762,0.9836825225398873,xgb_3class,global_three_level_common_support_min_cell_20,1
151,100000,100000,alta_vs_baixa,alta,baixa,93339,6661,0.6387517141127225,0.6767950886931081,-0.03804337458038565,0.9437889322544473,xgb_3class,global_three_level_common_support_min_cell_20,1
151,100000,100000,alta_vs_media,alta,media,93339,6661,0.6387517141127225,0.6657515000882434,-0.026999785975520885,0.9594446486835672,xgb_3class,global_three_level_common_support_min_cell_20,1
152,100000,100000,media_vs_baixa,media,baixa,93339,6661,0.6657387485858819,0.6763678804275651,-0.010629131841683237,0.9842849843269257,xgb_3class,global_three_level_common_support_min_cell_20,1
152,100000,100000,alta_vs_baixa,alta,baixa,93339,6661,0.6387327986715604,0.6763678804275651,-0.03763508175600472,0.9443570831125012,xgb_3class,global_three_level_common_support_min_cell_20,1
152,100000,100000,alta_vs_media,alta,media,93339,6661,0.6387327986715604,0.6657387485858819,-0.02700594991432148,0.9594346130945725,xgb_3class,global_three_level_common_support_min_cell_20,1
153,100000,100000,media_vs_baixa,media,baixa,93339,6661,0.665645621102081,0.6775951105222648,-0.011949489420183812,0.9823648529414954,xgb_3class,global_three_level_common_support_min_cell_20,1
153,100000,100000,alta_vs_baixa,alta,baixa,93339,6661,0.6388898421305397,0.6775951105222648,-0.03870526839172517,0.9428784715375342,xgb_3class,global_three_level_common_support_min_cell_20,1
153,100000,100000,alta_vs_media,alta,media,93339,6661,0.6388898421305397,0.665645621102081,-0.026755778971541355,0.9598047698004188,xgb_3class,global_three_level_common_support_min_cell_20,1
154,100000,100000,media_vs_baixa,media,baixa,93339,6661,0.6658299815166246,0.6765739217867851,-0.010743940270160457,0.98412007923423,xgb_3class,global_three_level_common_support_min_cell_20,1
154,100000,100000,alta_vs_baixa,alta,baixa,93339,6661,0.6385676793377771,0.6765739217867851,-0.038006242449007965,0.9438254398741293,xgb_3class,global_three_level_common_support_min_cell_20,1
154,100000,100000,alta_vs_media,alta,media,93339,6661,0.6385676793377771,0.6658299815166246,-0.02726230217884751,0.9590551598221072,xgb_3class,global_three_level_common_support_min_cell_20,1
155,100000,100000,media_vs_baixa,media,baixa,93339,6661,0.6656827528899708,0.6775543596179949,-0.01187160672802412,0.9824787390716262,xgb_3class,global_three_level_common_support_min_cell_20,1
155,100000,100000,alta_vs_baixa,alta,baixa,93339,6661,0.6391647636965779,0.6775543596179949,-0.038389595921417,0.9433409358578092,xgb_3class,global_three_level_common_support_min_cell_20,1
155,100000,100000,alta_vs_media,alta,media,93339,6661,0.6391647636965779,0.6656827528899708,-0.026517989193392877,0.9601642237563334,xgb_3class,global_three_level_common_support_min_cell_20,1
156,100000,100000,media_vs_baixa,media,baixa,93339,6661,0.6657127397074905,0.6772043938056395,-0.011491654098149007,0.9830307449224153,xgb_3class,global_three_level_common_support_min_cell_20,1
156,100000,100000,alta_vs_baixa,alta,baixa,93339,6661,0.6390821409879033,0.6772043938056395,-0.03812225281773618,0.9437064301908865,xgb_3class,global_three_level_common_support_min_cell_20,1
156,100000,100000,alta_vs_media,alta,media,93339,6661,0.6390821409879033,0.6657127397074905,-0.026630598719587173,0.9599968618126664,xgb_3class,global_three_level_common_support_min_cell_20,1
157,100000,100000,media_vs_baixa,media,baixa,93339,6661,0.6657380541829475,0.6758184283419514,-0.010080374159003869,0.9850841975651138,xgb_3class,global_three_level_common_support_min_cell_20,1
157,100000,100000,alta_vs_baixa,alta,baixa,93339,6661,0.6385693117049044,0.6758184283419514,-0.037249116637047,0.9448829521733615,xgb_3class,global_three_level_common_support_min_cell_20,1
157,100000,100000,alta_vs_media,alta,media,93339,6661,0.6385693117049044,0.6657380541829475,-0.02716874247804313,0.95919004132731,xgb_3class,global_three_level_common_support_min_cell_20,1
158,100000,100000,media_vs_baixa,media,baixa,93339,6661,0.6656658359251391,0.6773691280741506,-0.011703292149011557,0.9827224305567549,xgb_3class,global_three_level_common_support_min_cell_20,1
158,100000,100000,alta_vs_baixa,alta,baixa,93339,6661,0.6389373100230871,0.6773691280741506,-0.03843181805106355,0.9432631094949215,xgb_3class,global_three_level_common_support_min_cell_20,1
158,100000,100000,alta_vs_media,alta,media,93339,6661,0.6389373100230871,0.6656658359251391,-0.02672852590205199,0.9598469315089533,xgb_3class,global_three_level_common_support_min_cell_20,1
159,100000,100000,media_vs_baixa,media,baixa,93339,6661,0.6657704321415945,0.6755813488723909,-0.00981091673079637,0.9854778158882395,xgb_3class,global_three_level_common_support_min_cell_20,1
159,100000,100000,alta_vs_baixa,alta,baixa,93339,6661,0.6388775971004252,0.6755813488723909,-0.03670375177196561,0.945670862830616,xgb_3class,global_three_level_common_support_min_cell_20,1
159,100000,100000,alta_vs_media,alta,media,93339,6661,0.6388775971004252,0.6657704321415945,-0.02689283504116924,0.9596064442894188,xgb_3class,global_three_level_common_support_min_cell_20,1
160,100000,100000,media_vs_baixa,media,baixa,93339,6661,0.6657293882881761,0.6766307018672068,-0.01090131357903068,0.9838888280579823,xgb_3class,global_three_level_common_support_min_cell_20,1
160,100000,100000,alta_vs_baixa,alta,baixa,93339,6661,0.6384247501746574,0.6766307018672068,-0.03820595169254937,0.9435350013129503,xgb_3class,global_three_level_common_support_min_cell_20,1
160,100000,100000,alta_vs_media,alta,media,93339,6661,0.6384247501746574,0.6657293882881761,-0.027304638113518687,0.9589853796544441,xgb_3class,global_three_level_common_support_min_cell_20,1
161,100000,100000,media_vs_baixa,media,baixa,93339,6661,0.6656790569766166,0.6760165348099196,-0.010337477833303077,0.9847082470605402,xgb_3class,global_three_level_common_support_min_cell_20,1
161,100000,100000,alta_vs_baixa,alta,baixa,93339,6661,0.6389311225659767,0.6760165348099196,-0.037085412243942906,0.9451412645485506,xgb_3class,global_three_level_common_support_min_cell_20,1
161,100000,100000,alta_vs_media,alta,media,93339,6661,0.6389311225659767,0.6656790569766166,-0.02674793441063983,0.9598185730340929,xgb_3class,global_three_level_common_support_min_cell_20,1
162,100000,100000,media_vs_baixa,media,baixa,93339,6661,0.6656224704689148,0.6777111128539776,-0.012088642385062798,0.9821625436623651,xgb_3class,global_three_level_common_support_min_cell_20,1
162,100000,100000,alta_vs_baixa,alta,baixa,93339,6661,0.6390787658255704,0.6777111128539776,-0.03863234702840712,0.9429958483848397,xgb_3class,global_three_level_common_support_min_cell_20,1
162,100000,100000,alta_vs_media,alta,media,93339,6661,0.6390787658255704,0.6656224704689148,-0.026543704643344324,0.9601219823233357,xgb_3class,global_three_level_common_support_min_cell_20,1
163,100000,100000,media_vs_baixa,media,baixa,93339,6661,0.6657441395465802,0.6759418620126165,-0.01019772246603634,0.9849133142373034,xgb_3class,global_three_level_common_support_min_cell_20,1
163,100000,100000,alta_vs_baixa,alta,baixa,93339,6661,0.6388325390715246,0.6759418620126165,-0.03710932294109193,0.9450998302862927,xgb_3class,global_three_level_common_support_min_cell_20,1
163,100000,100000,alta_vs_media,alta,media,93339,6661,0.6388325390715246,0.6657441395465802,-0.026911600475055586,0.9595766618488233,xgb_3class,global_three_level_common_support_min_cell_20,1
164,100000,100000,media_vs_baixa,media,baixa,93339,6661,0.665637774020929,0.6774979052307734,-0.011860131209844305,0.9824942171506723,xgb_3class,global_three_level_common_support_min_cell_20,1
164,100000,100000,alta_vs_baixa,alta,baixa,93339,6661,0.639015741009093,0.6774979052307734,-0.03848216422168038,0.9431995819845784,xgb_3class,global_three_level_common_support_min_cell_20,1
164,100000,100000,alta_vs_media,alta,media,93339,6661,0.639015741009093,0.665637774020929,-0.026622033011836077,0.9600052249874284,xgb_3class,global_three_level_common_support_min_cell_20,1
165,100000,100000,media_vs_baixa,media,baixa,93339,6661,0.6657954617818339,0.67768200650237,-0.011886544720536074,0.9824599965669968,xgb_3class,global_three_level_common_support_min_cell_20,1
165,100000,100000,alta_vs_baixa,alta,baixa,93339,6661,0.6389680137044679,0.67768200650237,-0.03871399279790211,0.942872922068993,xgb_3class,global_three_level_common_support_min_cell_20,1
165,100000,100000,alta_vs_media,alta,media,93339,6661,0.6389680137044679,0.6657954617818339,-0.026827448077366034,0.9597061716137729,xgb_3class,global_three_level_common_support_min_cell_20,1
166,100000,100000,media_vs_baixa,media,baixa,93339,6661,0.6656564609123756,0.6784985254152914,-0.012842064502915806,0.981072818846503,xgb_3class,global_three_level_common_support_min_cell_20,1
166,100000,100000,alta_vs_baixa,alta,baixa,93339,6661,0.638375121221433,0.6784985254152914,-0.0401234041938584,0.9408644194631081,xgb_3class,global_three_level_common_support_min_cell_20,1
166,100000,100000,alta_vs_media,alta,media,93339,6661,0.638375121221433,0.6656564609123756,-0.027281339690942596,0.9590158868832285,xgb_3class,global_three_level_common_support_min_cell_20,1
167,100000,100000,media_vs_baixa,media,baixa,93339,6661,0.6656350984725413,0.67715646759974,-0.0115213691271987,0.9829856618396667,xgb_3class,global_three_level_common_support_min_cell_20,1
167,100000,100000,alta_vs_baixa,alta,baixa,93339,6661,0.6387921089000077,0.67715646759974,-0.038364358699732315,0.9433449128297936,xgb_3class,global_three_level_common_support_min_cell_20,1
167,100000,100000,alta_vs_media,alta,media,93339,6661,0.6387921089000077,0.6656350984725413,-0.026842989572533615,0.9596731157444502,xgb_3class,global_three_level_common_support_min_cell_20,1
168,100000,100000,media_vs_baixa,media,baixa,93339,6661,0.6657584175651475,0.6772931248281109,-0.01153470726296335,0.9829694015188908,xgb_3class,global_three_level_common_support_min_cell_20,1
168,100000,100000,alta_vs_baixa,alta,baixa,93339,6661,0.6387281409132444,0.6772931248281109,-0.03856498391486651,0.9430601278808878,xgb_3class,global_three_level_common_support_min_cell_20,1
168,100000,100000,alta_vs_media,alta,media,93339,6661,0.6387281409132444,0.6657584175651475,-0.027030276651903162,0.9593992716595909,xgb_3class,global_three_level_common_support_min_cell_20,1
169,100000,100000,media_vs_baixa,media,baixa,93339,6661,0.6657678350104209,0.676973953594582,-0.011206118584161096,0.9834467507580475,xgb_3class,global_three_level_common_support_min_cell_20,1
169,100000,100000,alta_vs_baixa,alta,baixa,93339,6661,0.6389318626101282,0.676973953594582,-0.03804209098445377,0.9438056799933606,xgb_3class,global_three_level_common_support_min_cell_20,1
169,100000,100000,alta_vs_media,alta,media,93339,6661,0.6389318626101282,0.6657678350104209,-0.026835972400292674,0.9596916958298645,xgb_3class,global_three_level_common_support_min_cell_20,1
170,100000,100000,media_vs_baixa,media,baixa,93339,6661,0.6656553222014974,0.6761751445349583,-0.010519822333460938,0.9844421635156436,xgb_3class,global_three_level_common_support_min_cell_20,1
170,100000,100000,alta_vs_baixa,alta,baixa,93339,6661,0.6384597983546615,0.6761751445349583,-0.037715346180296816,0.944222519142972,xgb_3class,global_three_level_common_support_min_cell_20,1
170,100000,100000,alta_vs_media,alta,media,93339,6661,0.6384597983546615,0.6656553222014974,-0.02719552384683588,0.9591447361122373,xgb_3class,global_three_level_common_support_min_cell_20,1
171,100000,100000,media_vs_baixa,media,baixa,93339,6661,0.6655735905192527,0.677267619523066,-0.011694029003813333,0.9827335182330903,xgb_3class,global_three_level_common_support_min_cell_20,1
171,100000,100000,alta_vs_baixa,alta,baixa,93339,6661,0.6389564420080884,0.677267619523066,-0.03831117751497759,0.9434327341059706,xgb_3class,global_three_level_common_support_min_cell_20,1
171,100000,100000,alta_vs_media,alta,media,93339,6661,0.6389564420080884,0.6655735905192527,-0.026617148511164257,0.9600087069404322,xgb_3class,global_three_level_common_support_min_cell_20,1
172,100000,100000,media_vs_baixa,media,baixa,93339,6661,0.6657738771073427,0.6766994467667556,-0.010925569659412937,0.9838546200804288,xgb_3class,global_three_level_common_support_min_cell_20,1
172,100000,100000,alta_vs_baixa,alta,baixa,93339,6661,0.6386169209222886,0.6766994467667556,-0.03808252584446703,0.9437231314043126,xgb_3class,global_three_level_common_support_min_cell_20,1
172,100000,100000,alta_vs_media,alta,media,93339,6661,0.6386169209222886,0.6657738771073427,-0.027156956185054093,0.9592099403133001,xgb_3class,global_three_level_common_support_min_cell_20,1
173,100000,100000,media_vs_baixa,media,baixa,93339,6661,0.6657470794884949,0.6757228828314237,-0.009975803342928802,0.9852368425039447,xgb_3class,global_three_level_common_support_min_cell_20,1
173,100000,100000,alta_vs_baixa,alta,baixa,93339,6661,0.6387142324574949,0.6757228828314237,-0.03700865037392875,0.9452310239682064,xgb_3class,global_three_level_common_support_min_cell_20,1
173,100000,100000,alta_vs_media,alta,media,93339,6661,0.6387142324574949,0.6657470794884949,-0.02703284703099995,0.9593947193102675,xgb_3class,global_three_level_common_support_min_cell_20,1
174,100000,100000,media_vs_baixa,media,baixa,93339,6661,0.6658621711924256,0.67555090327089,-0.009688732078464324,0.9856580280900324,xgb_3class,global_three_level_common_support_min_cell_20,1
174,100000,100000,alta_vs_baixa,alta,baixa,93339,6661,0.6385380672118312,0.67555090327089,-0.03701283605905881,0.9452108851015525,xgb_3class,global_three_level_common_support_min_cell_20,1
174,100000,100000,alta_vs_media,alta,media,93339,6661,0.6385380672118312,0.6658621711924256,-0.027324103980594483,0.9589643245062826,xgb_3class,global_three_level_common_support_min_cell_20,1
175,100000,100000,media_vs_baixa,media,baixa,93339,6661,0.6657322108672331,0.6766744239622768,-0.010942213095043729,0.9838294271106458,xgb_3class,global_three_level_common_support_min_cell_20,1
175,100000,100000,alta_vs_baixa,alta,baixa,93339,6661,0.6390360224131378,0.6766744239622768,-0.037638401549139,0.9443773841358644,xgb_3class,global_three_level_common_support_min_cell_20,1
175,100000,100000,alta_vs_media,alta,media,93339,6661,0.6390360224131378,0.6657322108672331,-0.02669618845409527,0.9598995091144549,xgb_3class,global_three_level_common_support_min_cell_20,1
176,100000,100000,media_vs_baixa,media,baixa,93339,6661,0.6657610865405663,0.6765881474645392,-0.010827060923972898,0.9839975604589787,xgb_3class,global_three_level_common_support_min_cell_20,1
176,100000,100000,alta_vs_baixa,alta,baixa,93339,6661,0.6385046559356714,0.6765881474645392,-0.03808349152886781,0.9437124465280944,xgb_3class,global_three_level_common_support_min_cell_20,1
176,100000,100000,alta_vs_media,alta,media,93339,6661,0.6385046559356714,0.6657610865405663,-0.02725643060489491,0.9590597420667449,xgb_3class,global_three_level_common_support_min_cell_20,1
177,100000,100000,media_vs_baixa,media,baixa,93339,6661,0.6656720227088967,0.6768138365318465,-0.011141813822949764,0.9835378456799243,xgb_3class,global_three_level_common_support_min_cell_20,1
177,100000,100000,alta_vs_baixa,alta,baixa,93339,6661,0.6384386633385196,0.6768138365318465,-0.03837517319332684,0.9433002531538506,xgb_3class,global_three_level_common_support_min_cell_20,1
177,100000,100000,alta_vs_media,alta,media,93339,6661,0.6384386633385196,0.6656720227088967,-0.027233359370377075,0.9590889230111351,xgb_3class,global_three_level_common_support_min_cell_20,1
178,100000,100000,media_vs_baixa,media,baixa,93339,6661,0.6656422755032984,0.6774217895888424,-0.011779514085544007,0.9826112559906088,xgb_3class,global_three_level_common_support_min_cell_20,1
178,100000,100000,alta_vs_baixa,alta,baixa,93339,6661,0.638850186441814,0.6774217895888424,-0.038571603147028344,0.9430611714299312,xgb_3class,global_three_level_common_support_min_cell_20,1
178,100000,100000,alta_vs_media,alta,media,93339,6661,0.638850186441814,0.6656422755032984,-0.026792089061484337,0.959750018820204,xgb_3class,global_three_level_common_support_min_cell_20,1
179,100000,100000,media_vs_baixa,media,baixa,93339,6661,0.6656209536381842,0.6789923029317839,-0.013371349293599732,0.9803070679360217,xgb_3class,global_three_level_common_support_min_cell_20,1
179,100000,100000,alta_vs_baixa,alta,baixa,93339,6661,0.6386045679326124,0.6789923029317839,-0.040387734999171476,0.940518125426778,xgb_3class,global_three_level_common_support_min_cell_20,1
179,100000,100000,alta_vs_media,alta,media,93339,6661,0.6386045679326124,0.6656209536381842,-0.027016385705571744,0.9594117559582459,xgb_3class,global_three_level_common_support_min_cell_20,1
180,100000,100000,media_vs_baixa,media,baixa,93339,6661,0.6656285968016857,0.6777268703701765,-0.012098273568490803,0.9821487473827285,xgb_3class,global_three_level_common_support_min_cell_20,1
180,100000,100000,alta_vs_baixa,alta,baixa,93339,6661,0.6382967548591154,0.6777268703701765,-0.039430115511061126,0.9418200498830388,xgb_3class,global_three_level_common_support_min_cell_20,1
180,100000,100000,alta_vs_media,alta,media,93339,6661,0.6382967548591154,0.6656285968016857,-0.027331841942570323,0.9589382997156394,xgb_3class,global_three_level_common_support_min_cell_20,1
181,100000,100000,media_vs_baixa,media,baixa,93339,6661,0.6656350182703994,0.677134128911361,-0.011499110640961652,0.9830179721417248,xgb_3class,global_three_level_common_support_min_cell_20,1
181,100000,100000,alta_vs_baixa,alta,baixa,93339,6661,0.6386473435395976,0.677134128911361,-0.03848678537176342,0.9431622425624312,xgb_3class,global_three_level_common_support_min_cell_20,1
181,100000,100000,alta_vs_media,alta,media,93339,6661,0.6386473435395976,0.6656350182703994,-0.02698767473080177,0.9594557467830838,xgb_3class,global_three_level_common_support_min_cell_20,1
182,100000,100000,media_vs_baixa,media,baixa,93339,6661,0.6657943480783641,0.6757616890530637,-0.009967340974699535,0.9852502130023579,xgb_3class,global_three_level_common_support_min_cell_20,1
182,100000,100000,alta_vs_baixa,alta,baixa,93339,6661,0.6388117756136253,0.6757616890530637,-0.03694991343943832,0.9453210887240208,xgb_3class,global_three_level_common_support_min_cell_20,1
182,100000,100000,alta_vs_media,alta,media,93339,6661,0.6388117756136253,0.6657943480783641,-0.026982572464738785,0.9594731127673032,xgb_3class,global_three_level_common_support_min_cell_20,1
183,100000,100000,media_vs_baixa,media,baixa,93339,6661,0.6656531257330482,0.6758973335909545,-0.010244207857906251,0.9848435445018253,xgb_3class,global_three_level_common_support_min_cell_20,1
183,100000,100000,alta_vs_baixa,alta,baixa,93339,6661,0.6388022051068252,0.6758973335909545,-0.037095128484129325,0.9451172143451909,xgb_3class,global_three_level_common_support_min_cell_20,1
183,100000,100000,alta_vs_media,alta,media,93339,6661,0.6388022051068252,0.6656531257330482,-0.026850920626223074,0.9596622931851276,xgb_3class,global_three_level_common_support_min_cell_20,1
184,100000,100000,media_vs_baixa,media,baixa,93339,6661,0.6658193825049485,0.6744503452924487,-0.008630962787500196,0.9872029677977884,xgb_3class,global_three_level_common_support_min_cell_20,1
184,100000,100000,alta_vs_baixa,alta,baixa,93339,6661,0.6385333788770393,0.6744503452924487,-0.035916966415409424,0.9467463147345037,xgb_3class,global_three_level_common_support_min_cell_20,1
184,100000,100000,alta_vs_media,alta,media,93339,6661,0.6385333788770393,0.6658193825049485,-0.027286003627909228,0.9590189106161888,xgb_3class,global_three_level_common_support_min_cell_20,1
185,100000,100000,media_vs_baixa,media,baixa,93339,6661,0.6656848397844691,0.6780397539032668,-0.012354914118797633,0.981778481206044,xgb_3class,global_three_level_common_support_min_cell_20,1
185,100000,100000,alta_vs_baixa,alta,baixa,93339,6661,0.6390822837578484,0.6780397539032668,-0.038957470145418394,0.9425439733862916,xgb_3class,global_three_level_common_support_min_cell_20,1
185,100000,100000,alta_vs_media,alta,media,93339,6661,0.6390822837578484,0.6656848397844691,-0.02660255602662076,0.9600373112969885,xgb_3class,global_three_level_common_support_min_cell_20,1
186,100000,100000,media_vs_baixa,media,baixa,93339,6661,0.6658570874582813,0.6771712555150174,-0.011314168056736129,0.9832920137046702,xgb_3class,global_three_level_common_support_min_cell_20,1
186,100000,100000,alta_vs_baixa,alta,baixa,93339,6661,0.6385560431485664,0.6771712555150174,-0.038615212366451046,0.9429757065853562,xgb_3class,global_three_level_common_support_min_cell_20,1
186,100000,100000,alta_vs_media,alta,media,93339,6661,0.6385560431485664,0.6658570874582813,-0.027301044309714917,0.9589986427659292,xgb_3class,global_three_level_common_support_min_cell_20,1
187,100000,100000,media_vs_baixa,media,baixa,93339,6661,0.6658041544046037,0.6765991920867592,-0.010795037682155506,0.9840451513859164,xgb_3class,global_three_level_common_support_min_cell_20,1
187,100000,100000,alta_vs_baixa,alta,baixa,93339,6661,0.6391839342026143,0.6765991920867592,-0.037415257884144903,0.944701001240115,xgb_3class,global_three_level_common_support_min_cell_20,1
187,100000,100000,alta_vs_media,alta,media,93339,6661,0.6391839342026143,0.6658041544046037,-0.026620220201989397,0.9600179421743101,xgb_3class,global_three_level_common_support_min_cell_20,1
188,100000,100000,media_vs_baixa,media,baixa,93339,6661,0.6657175449123169,0.6772364634494439,-0.011518918537126943,0.9829912901050006,xgb_3class,global_three_level_common_support_min_cell_20,1
188,100000,100000,alta_vs_baixa,alta,baixa,93339,6661,0.6391659569296387,0.6772364634494439,-0.03807050651980515,0.9437855039200098,xgb_3class,global_three_level_common_support_min_cell_20,1
188,100000,100000,alta_vs_media,alta,media,93339,6661,0.6391659569296387,0.6657175449123169,-0.026551587982678204,0.9601158356339018,xgb_3class,global_three_level_common_support_min_cell_20,1
189,100000,100000,media_vs_baixa,media,baixa,93339,6661,0.6657046782488208,0.6752812971380124,-0.00957661888919159,0.985818326481454,xgb_3class,global_three_level_common_support_min_cell_20,1
189,100000,100000,alta_vs_baixa,alta,baixa,93339,6661,0.6387538394886744,0.6752812971380124,-0.03652745764933807,0.9459077901251681,xgb_3class,global_three_level_common_support_min_cell_20,1
189,100000,100000,alta_vs_media,alta,media,93339,6661,0.6387538394886744,0.6657046782488208,-0.02695083876014648,0.9595153231744707,xgb_3class,global_three_level_common_support_min_cell_20,1
190,100000,100000,media_vs_baixa,media,baixa,93339,6661,0.6656842249109794,0.67682861272122,-0.01114438781024052,0.9835344020616474,xgb_3class,global_three_level_common_support_min_cell_20,1
190,100000,100000,alta_vs_baixa,alta,baixa,93339,6661,0.6386822535931148,0.67682861272122,-0.038146359128105156,0.9436395589501809,xgb_3class,global_three_level_common_support_min_cell_20,1
190,100000,100000,alta_vs_media,alta,media,93339,6661,0.6386822535931148,0.6656842249109794,-0.027001971317864637,0.9594372672396202,xgb_3class,global_three_level_common_support_min_cell_20,1
191,100000,100000,media_vs_baixa,media,baixa,93339,6661,0.6657369130960076,0.6765085947727916,-0.010771681676783995,0.9840775390586106,xgb_3class,global_three_level_common_support_min_cell_20,1
191,100000,100000,alta_vs_baixa,alta,baixa,93339,6661,0.6384579713197938,0.6765085947727916,-0.03805062345299781,0.9437544123651862,xgb_3class,global_three_level_common_support_min_cell_20,1
191,100000,100000,alta_vs_media,alta,media,93339,6661,0.6384579713197938,0.6657369130960076,-0.027278941776213816,0.9590244415780504,xgb_3class,global_three_level_common_support_min_cell_20,1
192,100000,100000,media_vs_baixa,media,baixa,93339,6661,0.6657278444385243,0.6755801281733795,-0.00985228373485525,0.9854165578234314,xgb_3class,global_three_level_common_support_min_cell_20,1
192,100000,100000,alta_vs_baixa,alta,baixa,93339,6661,0.6389266616895303,0.6755801281733795,-0.03665346648384926,0.9457451974158089,xgb_3class,global_three_level_common_support_min_cell_20,1
192,100000,100000,alta_vs_media,alta,media,93339,6661,0.6389266616895303,0.6657278444385243,-0.026801182748994012,0.9597415325603541,xgb_3class,global_three_level_common_support_min_cell_20,1
193,100000,100000,media_vs_baixa,media,baixa,93339,6661,0.665735493007888,0.6763524712682262,-0.010616978260338139,0.9843025955971887,xgb_3class,global_three_level_common_support_min_cell_20,1
193,100000,100000,alta_vs_baixa,alta,baixa,93339,6661,0.6387644864567847,0.6763524712682262,-0.03758798481144143,0.9444254491434616,xgb_3class,global_three_level_common_support_min_cell_20,1
193,100000,100000,alta_vs_media,alta,media,93339,6661,0.6387644864567847,0.665735493007888,-0.026971006551103294,0.9594869030803144,xgb_3class,global_three_level_common_support_min_cell_20,1
194,100000,100000,media_vs_baixa,media,baixa,93339,6661,0.665657905294087,0.6767311428578179,-0.011073237563730909,0.9836371686443025,xgb_3class,global_three_level_common_support_min_cell_20,1
194,100000,100000,alta_vs_baixa,alta,baixa,93339,6661,0.6386413618034662,0.6767311428578179,-0.03808978105435168,0.943715046283374,xgb_3class,global_three_level_common_support_min_cell_20,1
194,100000,100000,alta_vs_media,alta,media,93339,6661,0.6386413618034662,0.665657905294087,-0.02701654349062077,0.9594137720355249,xgb_3class,global_three_level_common_support_min_cell_20,1
195,100000,100000,media_vs_baixa,media,baixa,93339,6661,0.6658112514465399,0.676051769738724,-0.010240518292184198,0.9848524643369517,xgb_3class,global_three_level_common_support_min_cell_20,1
195,100000,100000,alta_vs_baixa,alta,baixa,93339,6661,0.6387885494097146,0.676051769738724,-0.03726322032900942,0.9448811141439498,xgb_3class,global_three_level_common_support_min_cell_20,1
195,100000,100000,alta_vs_media,alta,media,93339,6661,0.6387885494097146,0.6658112514465399,-0.02702270203682522,0.959413869954712,xgb_3class,global_three_level_common_support_min_cell_20,1
196,100000,100000,media_vs_baixa,media,baixa,93339,6661,0.6657523925182574,0.675775401909898,-0.010023009391640691,0.9851681352068848,xgb_3class,global_three_level_common_support_min_cell_20,1
196,100000,100000,alta_vs_baixa,alta,baixa,93339,6661,0.638480304871808,0.675775401909898,-0.037295097038090086,0.9448114019351911,xgb_3class,global_three_level_common_support_min_cell_20,1
196,100000,100000,alta_vs_media,alta,media,93339,6661,0.638480304871808,0.6657523925182574,-0.027272087646449394,0.9590356896153377,xgb_3class,global_three_level_common_support_min_cell_20,1
197,100000,100000,media_vs_baixa,media,baixa,93339,6661,0.6657069772713364,0.676530212867626,-0.010823235596289615,0.9840018444255241,xgb_3class,global_three_level_common_support_min_cell_20,1
197,100000,100000,alta_vs_baixa,alta,baixa,93339,6661,0.6389411732732245,0.676530212867626,-0.03758903959440152,0.944438490876746,xgb_3class,global_three_level_common_support_min_cell_20,1
197,100000,100000,alta_vs_media,alta,media,93339,6661,0.6389411732732245,0.6657069772713364,-0.026765803998111903,0.9597934152533264,xgb_3class,global_three_level_common_support_min_cell_20,1
198,100000,100000,media_vs_baixa,media,baixa,93339,6661,0.6656402990135969,0.6773320460847382,-0.01169174707114129,0.9827385295901405,xgb_3class,global_three_level_common_support_min_cell_20,1
198,100000,100000,alta_vs_baixa,alta,baixa,93339,6661,0.6387116560945784,0.6773320460847382,-0.03862038999015982,0.942981599330193,xgb_3class,global_three_level_common_support_min_cell_20,1
198,100000,100000,alta_vs_media,alta,media,93339,6661,0.6387116560945784,0.6656402990135969,-0.02692864291901853,0.9595447526856116,xgb_3class,global_three_level_common_support_min_cell_20,1
199,100000,100000,media_vs_baixa,media,baixa,93339,6661,0.6656563082769171,0.6763853964750902,-0.010729088198173087,0.9841376111103425,xgb_3class,global_three_level_common_support_min_cell_20,1
199,100000,100000,alta_vs_baixa,alta,baixa,93339,6661,0.6391780194642669,0.6763853964750902,-0.03720737701082333,0.9449908628945486,xgb_3class,global_three_level_common_support_min_cell_20,1
199,100000,100000,alta_vs_media,alta,media,93339,6661,0.6391780194642669,0.6656563082769171,-0.02647828881265024,0.9602222821545994,xgb_3class,global_three_level_common_support_min_cell_20,1
200,100000,100000,media_vs_baixa,media,baixa,93339,6661,0.665782021626806,0.6767956008525241,-0.011013579225718106,0.9837268752754231,xgb_3class,global_three_level_common_support_min_cell_20,1
200,100000,100000,alta_vs_baixa,alta,baixa,93339,6661,0.6386951917984419,0.6767956008525241,-0.038100409054082185,0.9437047034494771,xgb_3class,global_three_level_common_support_min_cell_20,1
200,100000,100000,alta_vs_media,alta,media,93339,6661,0.6386951917984419,0.665782021626806,-0.02708682982836408,0.9593157686021939,xgb_3class,global_three_level_common_support_min_cell_20,1
201,100000,100000,media_vs_baixa,media,baixa,93339,6661,0.6656689251472374,0.676531990443625,-0.010863065296387586,0.9839430131171413,xgb_3class,global_three_level_common_support_min_cell_20,1
201,100000,100000,alta_vs_baixa,alta,baixa,93339,6661,0.6392356436135919,0.676531990443625,-0.037296346830033134,0.9448712738542095,xgb_3class,global_three_level_common_support_min_cell_20,1
201,100000,100000,alta_vs_media,alta,media,93339,6661,0.6392356436135919,0.6656689251472374,-0.026433281533645547,0.960290648196025,xgb_3class,global_three_level_common_support_min_cell_20,1
202,100000,100000,media_vs_baixa,media,baixa,93339,6661,0.6656982206695282,0.6770816015193731,-0.011383380849844915,0.9831875791273894,xgb_3class,global_three_level_common_support_min_cell_20,1
202,100000,100000,alta_vs_baixa,alta,baixa,93339,6661,0.6387125783155868,0.6770816015193731,-0.03836902320378632,0.943331759247798,xgb_3class,global_three_level_common_support_min_cell_20,1
202,100000,100000,alta_vs_media,alta,media,93339,6661,0.6387125783155868,0.6656982206695282,-0.026985642353941408,0.959462649116291,xgb_3class,global_three_level_common_support_min_cell_20,1
203,100000,100000,media_vs_baixa,media,baixa,93339,6661,0.6655395039428604,0.6767015576680858,-0.011162053725225385,0.9835052046227146,xgb_3class,global_three_level_common_support_min_cell_20,1
203,100000,100000,alta_vs_baixa,alta,baixa,93339,6661,0.6388750429339025,0.6767015576680858,-0.0378265147341833,0.9441016289891019,xgb_3class,global_three_level_common_support_min_cell_20,1
203,100000,100000,alta_vs_media,alta,media,93339,6661,0.6388750429339025,0.6655395039428604,-0.026664461008957918,0.9599355697881351,xgb_3class,global_three_level_common_support_min_cell_20,1
204,100000,100000,media_vs_baixa,media,baixa,93339,6661,0.6657705935252562,0.6760517345400384,-0.010281141014782169,0.984792375361958,xgb_3class,global_three_level_common_support_min_cell_20,1
204,100000,100000,alta_vs_baixa,alta,baixa,93339,6661,0.6391628350672556,0.6760517345400384,-0.03688889947278284,0.9454347979775827,xgb_3class,global_three_level_common_support_min_cell_20,1
204,100000,100000,alta_vs_media,alta,media,93339,6661,0.6391628350672556,0.6657705935252562,-0.026607758458000674,0.9600346444905106,xgb_3class,global_three_level_common_support_min_cell_20,1
205,100000,100000,media_vs_baixa,media,baixa,93339,6661,0.6656189850267163,0.6770820037868306,-0.01146301876011424,0.983069969817536,xgb_3class,global_three_level_common_support_min_cell_20,1
205,100000,100000,alta_vs_baixa,alta,baixa,93339,6661,0.6386185104257944,0.6770820037868306,-0.03846349336103616,0.9431922674861909,xgb_3class,global_three_level_common_support_min_cell_20,1
205,100000,100000,alta_vs_media,alta,media,93339,6661,0.6386185104257944,0.6656189850267163,-0.02700047460092192,0.9594355401388706,xgb_3class,global_three_level_common_support_min_cell_20,1
206,100000,100000,media_vs_baixa,media,baixa,93339,6661,0.6657411237149788,0.6768713190071269,-0.011130195292148093,0.9835564087595342,xgb_3class,global_three_level_common_support_min_cell_20,1
206,100000,100000,alta_vs_baixa,alta,baixa,93339,6661,0.6384700030289642,0.6768713190071269,-0.038401315978162764,0.9432664453348504,xgb_3class,global_three_level_common_support_min_cell_20,1
206,100000,100000,alta_vs_media,alta,media,93339,6661,0.6384700030289642,0.6657411237149788,-0.02727112068601467,0.9590364486816798,xgb_3class,global_three_level_common_support_min_cell_20,1
207,100000,100000,media_vs_baixa,media,baixa,93339,6661,0.6657064202977734,0.6756672622298646,-0.009960841932091236,0.9852577703717388,xgb_3class,global_three_level_common_support_min_cell_20,1
207,100000,100000,alta_vs_baixa,alta,baixa,93339,6661,0.6387581757520003,0.6756672622298646,-0.036909086477864284,0.9453738718136862,xgb_3class,global_three_level_common_support_min_cell_20,1
207,100000,100000,alta_vs_media,alta,media,93339,6661,0.6387581757520003,0.6657064202977734,-0.026948244545773048,0.9595193260510857,xgb_3class,global_three_level_common_support_min_cell_20,1
208,100000,100000,media_vs_baixa,media,baixa,93339,6661,0.665673004795854,0.6770092510984208,-0.0113362463025668,0.9832554041408235,xgb_3class,global_three_level_common_support_min_cell_20,1
208,100000,100000,alta_vs_baixa,alta,baixa,93339,6661,0.6390450365592892,0.6770092510984208,-0.03796421453913157,0.9439236399243642,xgb_3class,global_three_level_common_support_min_cell_20,1
208,100000,100000,alta_vs_media,alta,media,93339,6661,0.6390450365592892,0.665673004795854,-0.02662796823656477,0.9599984255862517,xgb_3class,global_three_level_common_support_min_cell_20,1
209,100000,100000,media_vs_baixa,media,baixa,93339,6661,0.6657718220436366,0.6764951988360494,-0.010723376792412753,0.9841486283851489,xgb_3class,global_three_level_common_support_min_cell_20,1
209,100000,100000,alta_vs_baixa,alta,baixa,93339,6661,0.6391784467972832,0.6764951988360494,-0.037316752038766166,0.9448381125202783,xgb_3class,global_three_level_common_support_min_cell_20,1
209,100000,100000,alta_vs_media,alta,media,93339,6661,0.6391784467972832,0.6657718220436366,-0.026593375246353412,0.9600563220523166,xgb_3class,global_three_level_common_support_min_cell_20,1
210,100000,100000,media_vs_baixa,media,baixa,93339,6661,0.6656419746694998,0.6759231978188884,-0.010281223149388619,0.9847893618941254,xgb_3class,global_three_level_common_support_min_cell_20,1
210,100000,100000,alta_vs_baixa,alta,baixa,93339,6661,0.6388749837213806,0.6759231978188884,-0.0370482140975078,0.9451887223029816,xgb_3class,global_three_level_common_support_min_cell_20,1
210,100000,100000,alta_vs_media,alta,media,93339,6661,0.6388749837213806,0.6656419746694998,-0.026766990948119185,0.9597877057536683,xgb_3class,global_three_level_common_support_min_cell_20,1
211,100000,100000,media_vs_baixa,media,baixa,93339,6661,0.6655704298371337,0.6762179606436415,-0.010647530806507821,0.9842542916245921,xgb_3class,global_three_level_common_support_min_cell_20,1
211,100000,100000,alta_vs_baixa,alta,baixa,93339,6661,0.6390259472420767,0.6762179606436415,-0.03719201340156475,0.9449999621924202,xgb_3class,global_three_level_common_support_min_cell_20,1
211,100000,100000,alta_vs_media,alta,media,93339,6661,0.6390259472420767,0.6655704298371337,-0.02654448259505693,0.9601176954307414,xgb_3class,global_three_level_common_support_min_cell_20,1
212,100000,100000,media_vs_baixa,media,baixa,93339,6661,0.6657799703674382,0.677681263256438,-0.01190129288899977,0.9824382146382343,xgb_3class,global_three_level_common_support_min_cell_20,1
212,100000,100000,alta_vs_baixa,alta,baixa,93339,6661,0.6386777808487271,0.677681263256438,-0.0390034824077109,0.9424456827679006,xgb_3class,global_three_level_common_support_min_cell_20,1
212,100000,100000,alta_vs_media,alta,media,93339,6661,0.6386777808487271,0.6657799703674382,-0.02710218951871113,0.9592925730346714,xgb_3class,global_three_level_common_support_min_cell_20,1
213,100000,100000,media_vs_baixa,media,baixa,93339,6661,0.6657551978612801,0.6779729737439837,-0.012217775882703563,0.9819789632391493,xgb_3class,global_three_level_common_support_min_cell_20,1
213,100000,100000,alta_vs_baixa,alta,baixa,93339,6661,0.638724313641513,0.6779729737439837,-0.039248660102470634,0.9421088131496939,xgb_3class,global_three_level_common_support_min_cell_20,1
213,100000,100000,alta_vs_media,alta,media,93339,6661,0.638724313641513,0.6657551978612801,-0.02703088421976707,0.95939816270815,xgb_3class,global_three_level_common_support_min_cell_20,1
214,100000,100000,media_vs_baixa,media,baixa,93339,6661,0.6655919531350697,0.6791679841500864,-0.013576031015016699,0.9800107906558555,xgb_3class,global_three_level_common_support_min_cell_20,1
214,100000,100000,alta_vs_baixa,alta,baixa,93339,6661,0.6384144980965764,0.6791679841500864,-0.040753486053510035,0.9399949835613804,xgb_3class,global_three_level_common_support_min_cell_20,1
214,100000,100000,alta_vs_media,alta,media,93339,6661,0.6384144980965764,0.6655919531350697,-0.027177455038493337,0.9591679933772004,xgb_3class,global_three_level_common_support_min_cell_20,1
215,100000,100000,media_vs_baixa,media,baixa,93339,6661,0.6656359422645235,0.6775311671037852,-0.011895224839261753,0.9824432802256023,xgb_3class,global_three_level_common_support_min_cell_20,1
215,100000,100000,alta_vs_baixa,alta,baixa,93339,6661,0.6389684559881791,0.6775311671037852,-0.03856271111560616,0.9430834875383688,xgb_3class,global_three_level_common_support_min_cell_20,1
215,100000,100000,alta_vs_media,alta,media,93339,6661,0.6389684559881791,0.6656359422645235,-0.02666748627634441,0.9599368294542202,xgb_3class,global_three_level_common_support_min_cell_20,1
216,100000,100000,media_vs_baixa,media,baixa,93339,6661,0.665580074500084,0.6764249130876834,-0.010844838587599326,0.9839674169626665,xgb_3class,global_three_level_common_support_min_cell_20,1
216,100000,100000,alta_vs_baixa,alta,baixa,93339,6661,0.6388436743516801,0.6764249130876834,-0.037581238736003275,0.9444413740403856,xgb_3class,global_three_level_common_support_min_cell_20,1
216,100000,100000,alta_vs_media,alta,media,93339,6661,0.6388436743516801,0.665580074500084,-0.02673640014840395,0.9598299270474923,xgb_3class,global_three_level_common_support_min_cell_20,1
217,100000,100000,media_vs_baixa,media,baixa,93339,6661,0.6656834223438426,0.6764627439466675,-0.01077932160282491,0.9840651658952636,xgb_3class,global_three_level_common_support_min_cell_20,1
217,100000,100000,alta_vs_baixa,alta,baixa,93339,6661,0.6388955261917212,0.6764627439466675,-0.037567217754946314,0.9444652080382595,xgb_3class,global_three_level_common_support_min_cell_20,1
217,100000,100000,alta_vs_media,alta,media,93339,6661,0.6388955261917212,0.6656834223438426,-0.026787896152121404,0.9597588053825911,xgb_3class,global_three_level_common_support_min_cell_20,1
218,100000,100000,media_vs_baixa,media,baixa,93339,6661,0.6657257965114984,0.6762918807383267,-0.010566084226828254,0.9843764437696739,xgb_3class,global_three_level_common_support_min_cell_20,1
218,100000,100000,alta_vs_baixa,alta,baixa,93339,6661,0.6386966095709489,0.6762918807383267,-0.03759527116737782,0.9444096961117824,xgb_3class,global_three_level_common_support_min_cell_20,1
218,100000,100000,alta_vs_media,alta,media,93339,6661,0.6386966095709489,0.6657257965114984,-0.027029186940549565,0.9593989190712054,xgb_3class,global_three_level_common_support_min_cell_20,1
219,100000,100000,media_vs_baixa,media,baixa,93339,6661,0.6657278745515,0.6766705500883057,-0.010942675536805724,0.9838286511281188,xgb_3class,global_three_level_common_support_min_cell_20,1
219,100000,100000,alta_vs_baixa,alta,baixa,93339,6661,0.639019539602974,0.6766705500883057,-0.037651010485331704,0.9443584319128145,xgb_3class,global_three_level_common_support_min_cell_20,1
219,100000,100000,alta_vs_media,alta,media,93339,6661,0.639019539602974,0.6657278745515,-0.02670833494852598,0.9598810024793999,xgb_3class,global_three_level_common_support_min_cell_20,1
220,100000,100000,media_vs_baixa,media,baixa,93339,6661,0.6656201339678348,0.6766545195940288,-0.011034385626193965,0.983692733430918,xgb_3class,global_three_level_common_support_min_cell_20,1
220,100000,100000,alta_vs_baixa,alta,baixa,93339,6661,0.6390923570406735,0.6766545195940288,-0.037562162553355316,0.9444884184385683,xgb_3class,global_three_level_common_support_min_cell_20,1
220,100000,100000,alta_vs_media,alta,media,93339,6661,0.6390923570406735,0.6656201339678348,-0.02652777692716135,0.9601457714792575,xgb_3class,global_three_level_common_support_min_cell_20,1
221,100000,100000,media_vs_baixa,media,baixa,93339,6661,0.665580257463819,0.6765386723967696,-0.010958414932950578,0.9838022342549492,xgb_3class,global_three_level_common_support_min_cell_20,1
221,100000,100000,alta_vs_baixa,alta,baixa,93339,6661,0.6388994460322017,0.6765386723967696,-0.037639226364567846,0.9443650039528064,xgb_3class,global_three_level_common_support_min_cell_20,1
221,100000,100000,alta_vs_media,alta,media,93339,6661,0.6388994460322017,0.665580257463819,-0.02668081143161727,0.9599134572691744,xgb_3class,global_three_level_common_support_min_cell_20,1
222,100000,100000,media_vs_baixa,media,baixa,93339,6661,0.6656668193320511,0.6766161753078133,-0.010949355975762187,0.9838174782463913,xgb_3class,global_three_level_common_support_min_cell_20,1
222,100000,100000,alta_vs_baixa,alta,baixa,93339,6661,0.6387065954951049,0.6766161753078133,-0.03790957981270837,0.943971809725858,xgb_3class,global_three_level_common_support_min_cell_20,1
222,100000,100000,alta_vs_media,alta,media,93339,6661,0.6387065954951049,0.6656668193320511,-0.026960223836946184,0.9594989219021028,xgb_3class,global_three_level_common_support_min_cell_20,1
223,100000,100000,media_vs_baixa,media,baixa,93339,6661,0.6657119295906408,0.6775419573875666,-0.011830027796925768,0.9825397856650244,xgb_3class,global_three_level_common_support_min_cell_20,1
223,100000,100000,alta_vs_baixa,alta,baixa,93339,6661,0.6391022477565533,0.6775419573875666,-0.038439709631013286,0.9432659347338027,xgb_3class,global_three_level_common_support_min_cell_20,1
223,100000,100000,alta_vs_media,alta,media,93339,6661,0.6391022477565533,0.6657119295906408,-0.026609681834087517,0.9600282334576004,xgb_3class,global_three_level_common_support_min_cell_20,1
224,100000,100000,media_vs_baixa,media,baixa,93339,6661,0.6657726385213002,0.6758571268325928,-0.010084488311292605,0.9850789643092859,xgb_3class,global_three_level_common_support_min_cell_20,1
224,100000,100000,alta_vs_baixa,alta,baixa,93339,6661,0.6384925814156659,0.6758571268325928,-0.03736454541692691,0.9447153193574565,xgb_3class,global_three_level_common_support_min_cell_20,1
224,100000,100000,alta_vs_media,alta,media,93339,6661,0.6384925814156659,0.6657726385213002,-0.027280057105634303,0.959024965089848,xgb_3class,global_three_level_common_support_min_cell_20,1
225,100000,100000,media_vs_baixa,media,baixa,93339,6661,0.6658207691707662,0.6748075293921335,-0.008986760221367351,0.9866824837750957,xgb_3class,global_three_level_common_support_min_cell_20,1
225,100000,100000,alta_vs_baixa,alta,baixa,93339,6661,0.6389362104028475,0.6748075293921335,-0.03587131898928597,0.9468421476838013,xgb_3class,global_three_level_common_support_min_cell_20,1
225,100000,100000,alta_vs_media,alta,media,93339,6661,0.6389362104028475,0.6658207691707662,-0.02688455876791862,0.9596219282834907,xgb_3class,global_three_level_common_support_min_cell_20,1
226,100000,100000,media_vs_baixa,media,baixa,93339,6661,0.6656637486186836,0.6756786656848661,-0.010014917066182516,0.9851779883326175,xgb_3class,global_three_level_common_support_min_cell_20,1
226,100000,100000,alta_vs_baixa,alta,baixa,93339,6661,0.6388219451463271,0.6756786656848661,-0.036856720538539056,0.9454522949882084,xgb_3class,global_three_level_common_support_min_cell_20,1
226,100000,100000,alta_vs_media,alta,media,93339,6661,0.6388219451463271,0.6656637486186836,-0.02684180347235654,0.9596766332430512,xgb_3class,global_three_level_common_support_min_cell_20,1
227,100000,100000,media_vs_baixa,media,baixa,93339,6661,0.6657913849665287,0.6770108036855462,-0.011219418719017549,0.983428006380488,xgb_3class,global_three_level_common_support_min_cell_20,1
227,100000,100000,alta_vs_baixa,alta,baixa,93339,6661,0.6385200197317621,0.6770108036855462,-0.038490783953784136,0.943145982687062,xgb_3class,global_three_level_common_support_min_cell_20,1
227,100000,100000,alta_vs_media,alta,media,93339,6661,0.6385200197317621,0.6657913849665287,-0.027271365234766587,0.9590391737553985,xgb_3class,global_three_level_common_support_min_cell_20,1
228,100000,100000,media_vs_baixa,media,baixa,93339,6661,0.6656504840567025,0.6775728410813255,-0.011922357024623076,0.98240431684718,xgb_3class,global_three_level_common_support_min_cell_20,1
228,100000,100000,alta_vs_baixa,alta,baixa,93339,6661,0.6385558704520415,0.6775728410813255,-0.039016970629284,0.9424165665096352,xgb_3class,global_three_level_common_support_min_cell_20,1
228,100000,100000,alta_vs_media,alta,media,93339,6661,0.6385558704520415,0.6656504840567025,-0.027094613604660922,0.9592960356018416,xgb_3class,global_three_level_common_support_min_cell_20,1
229,100000,100000,media_vs_baixa,media,baixa,93339,6661,0.6657642206275506,0.6757190786486326,-0.00995485802108198,0.9852677564750862,xgb_3class,global_three_level_common_support_min_cell_20,1
229,100000,100000,alta_vs_baixa,alta,baixa,93339,6661,0.6386873949681386,0.6757190786486326,-0.03703168368049392,0.9451966285241592,xgb_3class,global_three_level_common_support_min_cell_20,1
229,100000,100000,alta_vs_media,alta,media,93339,6661,0.6386873949681386,0.6657642206275506,-0.02707682565941194,0.9593297073941743,xgb_3class,global_three_level_common_support_min_cell_20,1
230,100000,100000,media_vs_baixa,media,baixa,93339,6661,0.6657224478861867,0.6761024978382617,-0.010380049952074977,0.9846472243701752,xgb_3class,global_three_level_common_support_min_cell_20,1
230,100000,100000,alta_vs_baixa,alta,baixa,93339,6661,0.6387758541934274,0.6761024978382617,-0.03732664364483429,0.9447914424748012,xgb_3class,global_three_level_common_support_min_cell_20,1
230,100000,100000,alta_vs_media,alta,media,93339,6661,0.6387758541934274,0.6657224478861867,-0.026946593692759313,0.959522780434518,xgb_3class,global_three_level_common_support_min_cell_20,1
231,100000,100000,media_vs_baixa,media,baixa,93339,6661,0.6657681867653389,0.6770036073731449,-0.011235420607806024,0.9834041938839871,xgb_3class,global_three_level_common_support_min_cell_20,1
231,100000,100000,alta_vs_baixa,alta,baixa,93339,6661,0.6387372186019575,0.6770036073731449,-0.038266388771187376,0.943476831800549,xgb_3class,global_three_level_common_support_min_cell_20,1
231,100000,100000,alta_vs_media,alta,media,93339,6661,0.6387372186019575,0.6657681867653389,-0.027030968163381353,0.9593988287504208,xgb_3class,global_three_level_common_support_min_cell_20,1
232,100000,100000,media_vs_baixa,media,baixa,93339,6661,0.6657711599294124,0.6759117540685087,-0.010140594139096293,0.9849971626058326,xgb_3class,global_three_level_common_support_min_cell_20,1
232,100000,100000,alta_vs_baixa,alta,baixa,93339,6661,0.6387473526511098,0.6759117540685087,-0.03716440141739885,0.9450158971290327,xgb_3class,global_three_level_common_support_min_cell_20,1
232,100000,100000,alta_vs_media,alta,media,93339,6661,0.6387473526511098,0.6657711599294124,-0.02702380727830256,0.959409765840311,xgb_3class,global_three_level_common_support_min_cell_20,1
233,100000,100000,media_vs_baixa,media,baixa,93339,6661,0.6657553306707557,0.6759469510932598,-0.0101916204225041,0.9849224552222324,xgb_3class,global_three_level_common_support_min_cell_20,1
233,100000,100000,alta_vs_baixa,alta,baixa,93339,6661,0.638939034484536,0.6759469510932598,-0.03700791660872371,0.945250264759878,xgb_3class,global_three_level_common_support_min_cell_20,1
233,100000,100000,alta_vs_media,alta,media,93339,6661,0.638939034484536,0.6657553306707557,-0.026816296186219613,0.959720493474379,xgb_3class,global_three_level_common_support_min_cell_20,1
234,100000,100000,media_vs_baixa,media,baixa,93339,6661,0.665747653827909,0.6772061798367641,-0.011458526008855108,0.98307970844032,xgb_3class,global_three_level_common_support_min_cell_20,1
234,100000,100000,alta_vs_baixa,alta,baixa,93339,6661,0.6384560085129724,0.6772061798367641,-0.03875017132379177,0.9427793595546747,xgb_3class,global_three_level_common_support_min_cell_20,1
234,100000,100000,alta_vs_media,alta,media,93339,6661,0.6384560085129724,0.665747653827909,-0.027291645314936663,0.9590060210381284,xgb_3class,global_three_level_common_support_min_cell_20,1
235,100000,100000,media_vs_baixa,media,baixa,93339,6661,0.6656884131278059,0.6773065341597255,-0.011618121031919615,0.9828465835689402,xgb_3class,global_three_level_common_support_min_cell_20,1
235,100000,100000,alta_vs_baixa,alta,baixa,93339,6661,0.6389371501830599,0.6773065341597255,-0.03836938397666567,0.943350046040428,xgb_3class,global_three_level_common_support_min_cell_20,1
235,100000,100000,alta_vs_media,alta,media,93339,6661,0.6389371501830599,0.6656884131278059,-0.026751262944746057,0.9598141376397819,xgb_3class,global_three_level_common_support_min_cell_20,1
236,100000,100000,media_vs_baixa,media,baixa,93339,6661,0.6657989883527959,0.676374102421401,-0.010575114068605007,0.9843649926412819,xgb_3class,global_three_level_common_support_min_cell_20,1
236,100000,100000,alta_vs_baixa,alta,baixa,93339,6661,0.6387966968455991,0.676374102421401,-0.0375774055758018,0.9444428675768695,xgb_3class,global_three_level_common_support_min_cell_20,1
236,100000,100000,alta_vs_media,alta,media,93339,6661,0.6387966968455991,0.6657989883527959,-0.027002291507196796,0.9594437781078623,xgb_3class,global_three_level_common_support_min_cell_20,1
237,100000,100000,media_vs_baixa,media,baixa,93339,6661,0.6657247573319584,0.6773701648629733,-0.01164540753101495,0.9828079119289661,xgb_3class,global_three_level_common_support_min_cell_20,1
237,100000,100000,alta_vs_baixa,alta,baixa,93339,6661,0.6390480385598103,0.6773701648629733,-0.03832212630316301,0.9434251340093858,xgb_3class,global_three_level_common_support_min_cell_20,1
237,100000,100000,alta_vs_media,alta,media,93339,6661,0.6390480385598103,0.6657247573319584,-0.026676718772148056,0.9599283059878064,xgb_3class,global_three_level_common_support_min_cell_20,1
238,100000,100000,media_vs_baixa,media,baixa,93339,6661,0.6657238939815864,0.6761648127345428,-0.010440918752956385,0.9845586186144007,xgb_3class,global_three_level_common_support_min_cell_20,1
238,100000,100000,alta_vs_baixa,alta,baixa,93339,6661,0.6386085340593557,0.6761648127345428,-0.03755627867518707,0.9444569164678916,xgb_3class,global_three_level_common_support_min_cell_20,1
238,100000,100000,alta_vs_media,alta,media,93339,6661,0.6386085340593557,0.6657238939815864,-0.027115359922230686,0.9592693605151257,xgb_3class,global_three_level_common_support_min_cell_20,1
239,100000,100000,media_vs_baixa,media,baixa,93339,6661,0.6656266260741328,0.6768627457801073,-0.01123611970597449,0.983399707287739,xgb_3class,global_three_level_common_support_min_cell_20,1
239,100000,100000,alta_vs_baixa,alta,baixa,93339,6661,0.6389095887691445,0.6768627457801073,-0.0379531570109628,0.9439278387714772,xgb_3class,global_three_level_common_support_min_cell_20,1
239,100000,100000,alta_vs_media,alta,media,93339,6661,0.6389095887691445,0.6656266260741328,-0.02671703730498831,0.9598618260471858,xgb_3class,global_three_level_common_support_min_cell_20,1
240,100000,100000,media_vs_baixa,media,baixa,93339,6661,0.665813919996556,0.6755045220319429,-0.009690602035386853,0.9856542751094587,xgb_3class,global_three_level_common_support_min_cell_20,1
240,100000,100000,alta_vs_baixa,alta,baixa,93339,6661,0.6388064526162163,0.6755045220319429,-0.03669806941572662,0.9456730958582816,xgb_3class,global_three_level_common_support_min_cell_20,1
240,100000,100000,alta_vs_media,alta,media,93339,6661,0.6388064526162163,0.665813919996556,-0.027007467380339767,0.959436913874556,xgb_3class,global_three_level_common_support_min_cell_20,1
241,100000,100000,media_vs_baixa,media,baixa,93339,6661,0.6658794866006426,0.6773075742769222,-0.011428087676279675,0.9831271816375595,xgb_3class,global_three_level_common_support_min_cell_20,1
241,100000,100000,alta_vs_baixa,alta,baixa,93339,6661,0.638541630822448,0.6773075742769222,-0.03876594345447426,0.9427646390993636,xgb_3class,global_three_level_common_support_min_cell_20,1
241,100000,100000,alta_vs_media,alta,media,93339,6661,0.638541630822448,0.6658794866006426,-0.027337855778194586,0.9589447395087118,xgb_3class,global_three_level_common_support_min_cell_20,1
242,100000,100000,media_vs_baixa,media,baixa,93339,6661,0.6657516266139164,0.6757453363113493,-0.009993709697432851,0.9852108343773633,xgb_3class,global_three_level_common_support_min_cell_20,1
242,100000,100000,alta_vs_baixa,alta,baixa,93339,6661,0.6390322240150279,0.6757453363113493,-0.03671311229632135,0.9456701950815894,xgb_3class,global_three_level_common_support_min_cell_20,1
242,100000,100000,alta_vs_media,alta,media,93339,6661,0.6390322240150279,0.6657516266139164,-0.026719402598888498,0.9598658095139981,xgb_3class,global_three_level_common_support_min_cell_20,1
243,100000,100000,media_vs_baixa,media,baixa,93339,6661,0.6656782246245075,0.6757108002971465,-0.010032575672638933,0.9851525598403532,xgb_3class,global_three_level_common_support_min_cell_20,1
243,100000,100000,alta_vs_baixa,alta,baixa,93339,6661,0.6390198505379127,0.6757108002971465,-0.036690949759233815,0.945700217100128,xgb_3class,global_three_level_common_support_min_cell_20,1
243,100000,100000,alta_vs_media,alta,media,93339,6661,0.6390198505379127,0.6656782246245075,-0.026658374086594883,0.9599530627554593,xgb_3class,global_three_level_common_support_min_cell_20,1
244,100000,100000,media_vs_baixa,media,baixa,93339,6661,0.6657285901373766,0.6775540801363235,-0.011825489998946837,0.9825467953841153,xgb_3class,global_three_level_common_support_min_cell_20,1
244,100000,100000,alta_vs_baixa,alta,baixa,93339,6661,0.6385055540252635,0.6775540801363235,-0.03904852611105991,0.9423683994298974,xgb_3class,global_three_level_common_support_min_cell_20,1
244,100000,100000,alta_vs_media,alta,media,93339,6661,0.6385055540252635,0.6657285901373766,-0.027223036112113075,0.9591079059613536,xgb_3class,global_three_level_common_support_min_cell_20,1
245,100000,100000,media_vs_baixa,media,baixa,93339,6661,0.6656484924170661,0.6757685194928394,-0.010120027075773308,0.9850244177053877,xgb_3class,global_three_level_common_support_min_cell_20,1
245,100000,100000,alta_vs_baixa,alta,baixa,93339,6661,0.6389590688482086,0.6757685194928394,-0.036809450644630815,0.9455294977749835,xgb_3class,global_three_level_common_support_min_cell_20,1
245,100000,100000,alta_vs_media,alta,media,93339,6661,0.6389590688482086,0.6656484924170661,-0.026689423568857507,0.9599046285345824,xgb_3class,global_three_level_common_support_min_cell_20,1
246,100000,100000,media_vs_baixa,media,baixa,93339,6661,0.6655310661338436,0.6772355961048677,-0.011704529971024114,0.9827171961451185,xgb_3class,global_three_level_common_support_min_cell_20,1
246,100000,100000,alta_vs_baixa,alta,baixa,93339,6661,0.6383388487911119,0.6772355961048677,-0.03889674731375581,0.9425654121882088,xgb_3class,global_three_level_common_support_min_cell_20,1
246,100000,100000,alta_vs_media,alta,media,93339,6661,0.6383388487911119,0.6655310661338436,-0.027192217342731695,0.9591420765664708,xgb_3class,global_three_level_common_support_min_cell_20,1
247,100000,100000,media_vs_baixa,media,baixa,93339,6661,0.6656456823824156,0.6765486677216203,-0.01090298533920464,0.9838844035035615,xgb_3class,global_three_level_common_support_min_cell_20,1
247,100000,100000,alta_vs_baixa,alta,baixa,93339,6661,0.6387509182433617,0.6765486677216203,-0.037797749478258535,0.9441315144325859,xgb_3class,global_three_level_common_support_min_cell_20,1
247,100000,100000,alta_vs_media,alta,media,93339,6661,0.6387509182433617,0.6656456823824156,-0.026894764139053895,0.9595959759811035,xgb_3class,global_three_level_common_support_min_cell_20,1
248,100000,100000,media_vs_baixa,media,baixa,93339,6661,0.6656074612677696,0.6769652114776735,-0.011357750209903927,0.9832225496711827,xgb_3class,global_three_level_common_support_min_cell_20,1
248,100000,100000,alta_vs_baixa,alta,baixa,93339,6661,0.6390032066701351,0.6769652114776735,-0.03796200480753842,0.9439232560788828,xgb_3class,global_three_level_common_support_min_cell_20,1
248,100000,100000,alta_vs_media,alta,media,93339,6661,0.6390032066701351,0.6656074612677696,-0.02660425459763449,0.9600301136243847,xgb_3class,global_three_level_common_support_min_cell_20,1
249,100000,100000,media_vs_baixa,media,baixa,93339,6661,0.6658154886571134,0.6765588112368941,-0.010743322579780723,0.9841206375538297,xgb_3class,global_three_level_common_support_min_cell_20,1
249,100000,100000,alta_vs_baixa,alta,baixa,93339,6661,0.6390164332096073,0.6765588112368941,-0.03754237802728677,0.9445098084545654,xgb_3class,global_three_level_common_support_min_cell_20,1
249,100000,100000,alta_vs_media,alta,media,93339,6661,0.6390164332096073,0.6658154886571134,-0.02679905544750605,0.9597500269908752,xgb_3class,global_three_level_common_support_min_cell_20,1
250,100000,100000,media_vs_baixa,media,baixa,93339,6661,0.6656817683881452,0.6780462487947734,-0.012364480406628187,0.9817645471402489,xgb_3class,global_three_level_common_support_min_cell_20,1
250,100000,100000,alta_vs_baixa,alta,baixa,93339,6661,0.6388111539600727,0.6780462487947734,-0.03923509483470067,0.9421350757349649,xgb_3class,global_three_level_common_support_min_cell_20,1
250,100000,100000,alta_vs_media,alta,media,93339,6661,0.6388111539600727,0.6656817683881452,-0.02687061442807248,0.9596344444085709,xgb_3class,global_three_level_common_support_min_cell_20,1
251,100000,100000,media_vs_baixa,media,baixa,93339,6661,0.665764458787576,0.6778377872649086,-0.012073328477332668,0.982188469418253,xgb_3class,global_three_level_common_support_min_cell_20,1
251,100000,100000,alta_vs_baixa,alta,baixa,93339,6661,0.6387668044829613,0.6778377872649086,-0.03907098278194732,0.9423593911168634,xgb_3class,global_three_level_common_support_min_cell_20,1
251,100000,100000,alta_vs_media,alta,media,93339,6661,0.6387668044829613,0.665764458787576,-0.02699765430461465,0.9594486399082041,xgb_3class,global_three_level_common_support_min_cell_20,1
252,100000,100000,media_vs_baixa,media,baixa,93339,6661,0.6657395829110868,0.675935957324129,-0.01019637441304222,0.9849151767966196,xgb_3class,global_three_level_common_support_min_cell_20,1
252,100000,100000,alta_vs_baixa,alta,baixa,93339,6661,0.6390413254758829,0.675935957324129,-0.03689463184824615,0.9454169711664648,xgb_3class,global_three_level_common_support_min_cell_20,1
252,100000,100000,alta_vs_media,alta,media,93339,6661,0.6390413254758829,0.6657395829110868,-0.02669825743520393,0.95989684537239,xgb_3class,global_three_level_common_support_min_cell_20,1
253,100000,100000,media_vs_baixa,media,baixa,93339,6661,0.6657399440352669,0.6776112963311601,-0.0118713522958932,0.982480586790437,xgb_3class,global_three_level_common_support_min_cell_20,1
253,100000,100000,alta_vs_baixa,alta,baixa,93339,6661,0.6388321517365857,0.6776112963311601,-0.03877914459457443,0.942770811519024,xgb_3class,global_three_level_common_support_min_cell_20,1
253,100000,100000,alta_vs_media,alta,media,93339,6661,0.6388321517365857,0.6657399440352669,-0.026907792298681232,0.9595821273159841,xgb_3class,global_three_level_common_support_min_cell_20,1
254,100000,100000,media_vs_baixa,media,baixa,93339,6661,0.6657194292526365,0.6762134548690492,-0.010494025616412661,0.9844811937105794,xgb_3class,global_three_level_common_support_min_cell_20,1
254,100000,100000,alta_vs_baixa,alta,baixa,93339,6661,0.6389133272552261,0.6762134548690492,-0.037300127613823064,0.944839713931681,xgb_3class,global_three_level_common_support_min_cell_20,1
254,100000,100000,alta_vs_media,alta,media,93339,6661,0.6389133272552261,0.6657194292526365,-0.026806101997410403,0.9597336342916956,xgb_3class,global_three_level_common_support_min_cell_20,1
255,100000,100000,media_vs_baixa,media,baixa,93339,6661,0.6656702180060455,0.6745139802659077,-0.008843762259862165,0.9868886894584813,xgb_3class,global_three_level_common_support_min_cell_20,1
255,100000,100000,alta_vs_baixa,alta,baixa,93339,6661,0.6388769861262602,0.6745139802659077,-0.03563699413964749,0.9471664113980282,xgb_3class,global_three_level_common_support_min_cell_20,1
255,100000,100000,alta_vs_media,alta,media,93339,6661,0.6388769861262602,0.6656702180060455,-0.02679323187978533,0.9597499915798516,xgb_3class,global_three_level_common_support_min_cell_20,1
256,100000,100000,media_vs_baixa,media,baixa,93339,6661,0.6655860594511754,0.6758602550968289,-0.010274195645653461,0.9847983431956928,xgb_3class,global_three_level_common_support_min_cell_20,1
256,100000,100000,alta_vs_baixa,alta,baixa,93339,6661,0.638842391486761,0.6758602550968289,-0.03701786361006787,0.9452285241943035,xgb_3class,global_three_level_common_support_min_cell_20,1
256,100000,100000,alta_vs_media,alta,media,93339,6661,0.638842391486761,0.6655860594511754,-0.026743667964414408,0.959819368833436,xgb_3class,global_three_level_common_support_min_cell_20,1
257,100000,100000,media_vs_baixa,media,baixa,93339,6661,0.6657735823146188,0.676357524486618,-0.010583942171999206,0.9843515569963788,xgb_3class,global_three_level_common_support_min_cell_20,1
257,100000,100000,alta_vs_baixa,alta,baixa,93339,6661,0.6385735565551708,0.676357524486618,-0.03778396793144723,0.9441361017457051,xgb_3class,global_three_level_common_support_min_cell_20,1
257,100000,100000,alta_vs_media,alta,media,93339,6661,0.6385735565551708,0.6657735823146188,-0.02720002575944802,0.9591452312287838,xgb_3class,global_three_level_common_support_min_cell_20,1
258,100000,100000,media_vs_baixa,media,baixa,93339,6661,0.6657334265276098,0.6761340205856057,-0.010400594057995871,0.9846175554825835,xgb_3class,global_three_level_common_support_min_cell_20,1
258,100000,100000,alta_vs_baixa,alta,baixa,93339,6661,0.6389925159395135,0.6761340205856057,-0.03714150464609223,0.94506783638261,xgb_3class,global_three_level_common_support_min_cell_20,1
258,100000,100000,alta_vs_media,alta,media,93339,6661,0.6389925159395135,0.6657334265276098,-0.026740910588096356,0.9598324051000805,xgb_3class,global_three_level_common_support_min_cell_20,1
259,100000,100000,media_vs_baixa,media,baixa,93339,6661,0.6656959293227216,0.6763697277622143,-0.010673798439492677,0.9842189885185915,xgb_3class,global_three_level_common_support_min_cell_20,1
259,100000,100000,alta_vs_baixa,alta,baixa,93339,6661,0.6390410995297353,0.6763697277622143,-0.037328628232478955,0.9448103208936012,xgb_3class,global_three_level_common_support_min_cell_20,1
259,100000,100000,alta_vs_media,alta,media,93339,6661,0.6390410995297353,0.6656959293227216,-0.02665482979298628,0.9599594520277376,xgb_3class,global_three_level_common_support_min_cell_20,1
260,100000,100000,media_vs_baixa,media,baixa,93339,6661,0.6656029792092539,0.6770996505287228,-0.011496671319468854,0.9830207100085024,xgb_3class,global_three_level_common_support_min_cell_20,1
260,100000,100000,alta_vs_baixa,alta,baixa,93339,6661,0.6389164055331658,0.6770996505287228,-0.03818324499555703,0.9436076433273284,xgb_3class,global_three_level_common_support_min_cell_20,1
260,100000,100000,alta_vs_media,alta,media,93339,6661,0.6389164055331658,0.6656029792092539,-0.026686573676088177,0.9599061685273822,xgb_3class,global_three_level_common_support_min_cell_20,1
261,100000,100000,media_vs_baixa,media,baixa,93339,6661,0.6657815230136311,0.6770727913256239,-0.011291268311992786,0.9833234056121412,xgb_3class,global_three_level_common_support_min_cell_20,1
261,100000,100000,alta_vs_baixa,alta,baixa,93339,6661,0.6386466136545744,0.6770727913256239,-0.0384261776710495,0.9432466078044344,xgb_3class,global_three_level_common_support_min_cell_20,1
261,100000,100000,alta_vs_media,alta,media,93339,6661,0.6386466136545744,0.6657815230136311,-0.027134909359056714,0.9592435229559515,xgb_3class,global_three_level_common_support_min_cell_20,1
262,100000,100000,media_vs_baixa,media,baixa,93339,6661,0.6657322057629731,0.6761971690411998,-0.010464963278226658,0.98452379903769,xgb_3class,global_three_level_common_support_min_cell_20,1
262,100000,100000,alta_vs_baixa,alta,baixa,93339,6661,0.6385719588439159,0.6761971690411998,-0.03762521019728382,0.9443576342523975,xgb_3class,global_three_level_common_support_min_cell_20,1
262,100000,100000,alta_vs_media,alta,media,93339,6661,0.6385719588439159,0.6657322057629731,-0.027160246919057163,0.9592024440398979,xgb_3class,global_three_level_common_support_min_cell_20,1
263,100000,100000,media_vs_baixa,media,baixa,93339,6661,0.6656942624482323,0.6757824968629135,-0.010088234414681208,0.9850717731496268,xgb_3class,global_three_level_common_support_min_cell_20,1
263,100000,100000,alta_vs_baixa,alta,baixa,93339,6661,0.6393071700365046,0.6757824968629135,-0.03647532682640886,0.9460250494859915,xgb_3class,global_three_level_common_support_min_cell_20,1
263,100000,100000,alta_vs_media,alta,media,93339,6661,0.6393071700365046,0.6656942624482323,-0.026387092411727653,0.9603615444803693,xgb_3class,global_three_level_common_support_min_cell_20,1
264,100000,100000,media_vs_baixa,media,baixa,93339,6661,0.6656519275086321,0.6775886099049896,-0.011936682396357479,0.9823835846384266,xgb_3class,global_three_level_common_support_min_cell_20,1
264,100000,100000,alta_vs_baixa,alta,baixa,93339,6661,0.6384182135383778,0.6775886099049896,-0.03917039636661179,0.9421914775513948,xgb_3class,global_three_level_common_support_min_cell_20,1
264,100000,100000,alta_vs_media,alta,media,93339,6661,0.6384182135383778,0.6656519275086321,-0.027233713970254314,0.9590871552461611,xgb_3class,global_three_level_common_support_min_cell_20,1
265,100000,100000,media_vs_baixa,media,baixa,93339,6661,0.6656666547567447,0.6769148107088538,-0.011248155952109151,0.9833832030646068,xgb_3class,global_three_level_common_support_min_cell_20,1
265,100000,100000,alta_vs_baixa,alta,baixa,93339,6661,0.6389353696974118,0.6769148107088538,-0.03797944101144202,0.9438933224526871,xgb_3class,global_three_level_common_support_min_cell_20,1
265,100000,100000,alta_vs_media,alta,media,93339,6661,0.6389353696974118,0.6656666547567447,-0.026731285059332865,0.959842835947519,xgb_3class,global_three_level_common_support_min_cell_20,1
266,100000,100000,media_vs_baixa,media,baixa,93339,6661,0.6657258681165362,0.676943473504937,-0.011217605388400775,0.9834290367993053,xgb_3class,global_three_level_common_support_min_cell_20,1
266,100000,100000,alta_vs_baixa,alta,baixa,93339,6661,0.6386040364315794,0.676943473504937,-0.03833943707335763,0.9433639017526062,xgb_3class,global_three_level_common_support_min_cell_20,1
266,100000,100000,alta_vs_media,alta,media,93339,6661,0.6386040364315794,0.6657258681165362,-0.027121831684956854,0.9592597599343862,xgb_3class,global_three_level_common_support_min_cell_20,1
267,100000,100000,media_vs_baixa,media,baixa,93339,6661,0.6656323291677854,0.677040877555389,-0.011408548387603634,0.983149395013198,xgb_3class,global_three_level_common_support_min_cell_20,1
267,100000,100000,alta_vs_baixa,alta,baixa,93339,6661,0.638845518014777,0.677040877555389,-0.03819535954061204,0.9435848546124347,xgb_3class,global_three_level_common_support_min_cell_20,1
267,100000,100000,alta_vs_media,alta,media,93339,6661,0.638845518014777,0.6656323291677854,-0.026786811153008405,0.9597573465421986,xgb_3class,global_three_level_common_support_min_cell_20,1
268,100000,100000,media_vs_baixa,media,baixa,93339,6661,0.6656730071673781,0.6767647058866458,-0.01109169871926774,0.983610701588322,xgb_3class,global_three_level_common_support_min_cell_20,1
268,100000,100000,alta_vs_baixa,alta,baixa,93339,6661,0.6389096673865431,0.6767647058866458,-0.037855038500102745,0.9440646975664785,xgb_3class,global_three_level_common_support_min_cell_20,1
268,100000,100000,alta_vs_media,alta,media,93339,6661,0.6389096673865431,0.6656730071673781,-0.026763339780835005,0.9597950653058318,xgb_3class,global_three_level_common_support_min_cell_20,1
269,100000,100000,media_vs_baixa,media,baixa,93339,6661,0.6657486403670427,0.6764190515073355,-0.010670411140292768,0.9842251469462387,xgb_3class,global_three_level_common_support_min_cell_20,1
269,100000,100000,alta_vs_baixa,alta,baixa,93339,6661,0.6387195956464208,0.6764190515073355,-0.03769945586091472,0.9442661235266732,xgb_3class,global_three_level_common_support_min_cell_20,1
269,100000,100000,alta_vs_media,alta,media,93339,6661,0.6387195956464208,0.6657486403670427,-0.027029044720621953,0.9594005258415245,xgb_3class,global_three_level_common_support_min_cell_20,1
270,100000,100000,media_vs_baixa,media,baixa,93339,6661,0.6657719796412752,0.6767263132176504,-0.010954333576375208,0.983812756556945,xgb_3class,global_three_level_common_support_min_cell_20,1
270,100000,100000,alta_vs_baixa,alta,baixa,93339,6661,0.6387138499373332,0.6767263132176504,-0.038012463280317266,0.9438288972397448,xgb_3class,global_three_level_common_support_min_cell_20,1
270,100000,100000,alta_vs_media,alta,media,93339,6661,0.6387138499373332,0.6657719796412752,-0.027058129703942058,0.9593582629919012,xgb_3class,global_three_level_common_support_min_cell_20,1
271,100000,100000,media_vs_baixa,media,baixa,93339,6661,0.6657543897661781,0.6760763518784638,-0.010321962112285754,0.9847325496837651,xgb_3class,global_three_level_common_support_min_cell_20,1
271,100000,100000,alta_vs_baixa,alta,baixa,93339,6661,0.6389593988890052,0.6760763518784638,-0.03711695298945861,0.9450994656353089,xgb_3class,global_three_level_common_support_min_cell_20,1
271,100000,100000,alta_vs_media,alta,media,93339,6661,0.6389593988890052,0.6657543897661781,-0.026794990877172853,0.959752438302985,xgb_3class,global_three_level_common_support_min_cell_20,1
272,100000,100000,media_vs_baixa,media,baixa,93339,6661,0.6658235954375005,0.6767085874336228,-0.010884991996122362,0.9839148014400068,xgb_3class,global_three_level_common_support_min_cell_20,1
272,100000,100000,alta_vs_baixa,alta,baixa,93339,6661,0.6391733645780108,0.6767085874336228,-0.03753522285561206,0.9445326636123207,xgb_3class,global_three_level_common_support_min_cell_20,1
272,100000,100000,alta_vs_media,alta,media,93339,6661,0.6391733645780108,0.6658235954375005,-0.0266502308594897,0.9599740366035266,xgb_3class,global_three_level_common_support_min_cell_20,1
273,100000,100000,media_vs_baixa,media,baixa,93339,6661,0.6656761855640339,0.6763826142619278,-0.010706428697893955,0.9841710468717815,xgb_3class,global_three_level_common_support_min_cell_20,1
273,100000,100000,alta_vs_baixa,alta,baixa,93339,6661,0.6390300496647835,0.6763826142619278,-0.03735256459714431,0.9447759835786087,xgb_3class,global_three_level_common_support_min_cell_20,1
273,100000,100000,alta_vs_media,alta,media,93339,6661,0.6390300496647835,0.6656761855640339,-0.026646135899250356,0.9599713246814248,xgb_3class,global_three_level_common_support_min_cell_20,1
274,100000,100000,media_vs_baixa,media,baixa,93339,6661,0.6657850329235043,0.6771849006403456,-0.011399867716841317,0.9831657975450108,xgb_3class,global_three_level_common_support_min_cell_20,1
274,100000,100000,alta_vs_baixa,alta,baixa,93339,6661,0.6389768738418024,0.6771849006403456,-0.03820802679854329,0.9435781471760315,xgb_3class,global_three_level_common_support_min_cell_20,1
274,100000,100000,alta_vs_media,alta,media,93339,6661,0.6389768738418024,0.6657850329235043,-0.026808159081701977,0.9597345122584302,xgb_3class,global_three_level_common_support_min_cell_20,1
275,100000,100000,media_vs_baixa,media,baixa,93339,6661,0.665690453353415,0.6772871667899945,-0.01159671343657942,0.9828777009144554,xgb_3class,global_three_level_common_support_min_cell_20,1
275,100000,100000,alta_vs_baixa,alta,baixa,93339,6661,0.6390198765022713,0.6772871667899945,-0.03826729028772313,0.9434991652520287,xgb_3class,global_three_level_common_support_min_cell_20,1
275,100000,100000,alta_vs_media,alta,media,93339,6661,0.6390198765022713,0.665690453353415,-0.026670576851143712,0.9599354674281557,xgb_3class,global_three_level_common_support_min_cell_20,1
276,100000,100000,media_vs_baixa,media,baixa,93339,6661,0.665721884721499,0.6764950567216401,-0.010773172000141162,0.9840750174105499,xgb_3class,global_three_level_common_support_min_cell_20,1
276,100000,100000,alta_vs_baixa,alta,baixa,93339,6661,0.638593730590318,0.6764950567216401,-0.03790132613132213,0.9439739791817614,xgb_3class,global_three_level_common_support_min_cell_20,1
276,100000,100000,alta_vs_media,alta,media,93339,6661,0.638593730590318,0.665721884721499,-0.02712815413118097,0.9592500190338044,xgb_3class,global_three_level_common_support_min_cell_20,1
277,100000,100000,media_vs_baixa,media,baixa,93339,6661,0.6655859322584765,0.6774397271297541,-0.011853794871277579,0.9825020671263244,xgb_3class,global_three_level_common_support_min_cell_20,1
277,100000,100000,alta_vs_baixa,alta,baixa,93339,6661,0.638608466429326,0.6774397271297541,-0.03883126070042808,0.9426793866002628,xgb_3class,global_three_level_common_support_min_cell_20,1
277,100000,100000,alta_vs_media,alta,media,93339,6661,0.638608466429326,0.6655859322584765,-0.026977465829150504,0.9594680949195994,xgb_3class,global_three_level_common_support_min_cell_20,1
278,100000,100000,media_vs_baixa,media,baixa,93339,6661,0.6655871034200959,0.6780672798139527,-0.01248017639385679,0.9815944866160168,xgb_3class,global_three_level_common_support_min_cell_20,1
278,100000,100000,alta_vs_baixa,alta,baixa,93339,6661,0.6391520902953343,0.6780672798139527,-0.03891518951861839,0.9426086604130258,xgb_3class,global_three_level_common_support_min_cell_20,1
278,100000,100000,alta_vs_media,alta,media,93339,6661,0.6391520902953343,0.6655871034200959,-0.026435013124761597,0.9602831650599505,xgb_3class,global_three_level_common_support_min_cell_20,1
279,100000,100000,media_vs_baixa,media,baixa,93339,6661,0.6656412355811983,0.6757557012455584,-0.01011446566436014,0.9850323635513292,xgb_3class,global_three_level_common_support_min_cell_20,1
279,100000,100000,alta_vs_baixa,alta,baixa,93339,6661,0.6389447616394321,0.6757557012455584,-0.03681093960612625,0.9455262611350876,xgb_3class,global_three_level_common_support_min_cell_20,1
279,100000,100000,alta_vs_media,alta,media,93339,6661,0.6389447616394321,0.6656412355811983,-0.026696473941766108,0.9598935995627489,xgb_3class,global_three_level_common_support_min_cell_20,1
280,100000,100000,media_vs_baixa,media,baixa,93339,6661,0.6657881174507275,0.6767742917310084,-0.010986174280280925,0.9837668563736646,xgb_3class,global_three_level_common_support_min_cell_20,1
280,100000,100000,alta_vs_baixa,alta,baixa,93339,6661,0.6392705364646384,0.6767742917310084,-0.037503755266370065,0.9445845450623642,xgb_3class,global_three_level_common_support_min_cell_20,1
280,100000,100000,alta_vs_media,alta,media,93339,6661,0.6392705364646384,0.6657881174507275,-0.02651758098608914,0.9601711411017311,xgb_3class,global_three_level_common_support_min_cell_20,1
281,100000,100000,media_vs_baixa,media,baixa,93339,6661,0.6656084773872362,0.6761684723541824,-0.010559994966946262,0.9843825978307151,xgb_3class,global_three_level_common_support_min_cell_20,1
281,100000,100000,alta_vs_baixa,alta,baixa,93339,6661,0.6386600566869111,0.6761684723541824,-0.037508415667271366,0.9445280027081414,xgb_3class,global_three_level_common_support_min_cell_20,1
281,100000,100000,alta_vs_media,alta,media,93339,6661,0.6386600566869111,0.6656084773872362,-0.026948420700325104,0.9595131047517487,xgb_3class,global_three_level_common_support_min_cell_20,1
282,100000,100000,media_vs_baixa,media,baixa,93339,6661,0.665609678409186,0.6767958413436206,-0.01118616293443464,0.983471879921385,xgb_3class,global_three_level_common_support_min_cell_20,1
282,100000,100000,alta_vs_baixa,alta,baixa,93339,6661,0.6388884291911864,0.6767958413436206,-0.037907412152434206,0.9439898861122169,xgb_3class,global_three_level_common_support_min_cell_20,1
282,100000,100000,alta_vs_media,alta,media,93339,6661,0.6388884291911864,0.665609678409186,-0.026721249217999565,0.9598544761520541,xgb_3class,global_three_level_common_support_min_cell_20,1
283,100000,100000,media_vs_baixa,media,baixa,93339,6661,0.6657027374903077,0.676850824201941,-0.011148086711633254,0.9835294775258969,xgb_3class,global_three_level_common_support_min_cell_20,1
283,100000,100000,alta_vs_baixa,alta,baixa,93339,6661,0.639330752810191,0.676850824201941,-0.037520071391749954,0.9445667050254553,xgb_3class,global_three_level_common_support_min_cell_20,1
283,100000,100000,alta_vs_media,alta,media,93339,6661,0.639330752810191,0.6657027374903077,-0.0263719846801167,0.9603847435275108,xgb_3class,global_three_level_common_support_min_cell_20,1
284,100000,100000,media_vs_baixa,media,baixa,93339,6661,0.6658424174330131,0.6758058787210817,-0.009963461288068576,0.9852569182929811,xgb_3class,global_three_level_common_support_min_cell_20,1
284,100000,100000,alta_vs_baixa,alta,baixa,93339,6661,0.6389233248352948,0.6758058787210817,-0.03688255388578687,0.945424337006975,xgb_3class,global_three_level_common_support_min_cell_20,1
284,100000,100000,alta_vs_media,alta,media,93339,6661,0.6389233248352948,0.6658424174330131,-0.026919092597718297,0.9595713762101579,xgb_3class,global_three_level_common_support_min_cell_20,1
285,100000,100000,media_vs_baixa,media,baixa,93339,6661,0.6656626072487798,0.6763536204426742,-0.010691013193894428,0.9841931603960409,xgb_3class,global_three_level_common_support_min_cell_20,1
285,100000,100000,alta_vs_baixa,alta,baixa,93339,6661,0.6387447759194497,0.6763536204426742,-0.03760884452322455,0.9443947021402658,xgb_3class,global_three_level_common_support_min_cell_20,1
285,100000,100000,alta_vs_media,alta,media,93339,6661,0.6387447759194497,0.6656626072487798,-0.026917831329330122,0.9595623503014793,xgb_3class,global_three_level_common_support_min_cell_20,1
286,100000,100000,media_vs_baixa,media,baixa,93339,6661,0.6657586121111428,0.6753843389258685,-0.009625726814725621,0.9857477790645333,xgb_3class,global_three_level_common_support_min_cell_20,1
286,100000,100000,alta_vs_baixa,alta,baixa,93339,6661,0.638847234597096,0.6753843389258685,-0.03653710432877244,0.9459017596012352,xgb_3class,global_three_level_common_support_min_cell_20,1
286,100000,100000,alta_vs_media,alta,media,93339,6661,0.638847234597096,0.6657586121111428,-0.02691137751404682,0.9595778754874684,xgb_3class,global_three_level_common_support_min_cell_20,1
287,100000,100000,media_vs_baixa,media,baixa,93339,6661,0.6657667430576958,0.6774426272264487,-0.01167588416875287,0.982764763096536,xgb_3class,global_three_level_common_support_min_cell_20,1
287,100000,100000,alta_vs_baixa,alta,baixa,93339,6661,0.638831687433782,0.6774426272264487,-0.03861093979266661,0.9430048564396581,xgb_3class,global_three_level_common_support_min_cell_20,1
287,100000,100000,alta_vs_media,alta,media,93339,6661,0.638831687433782,0.6657667430576958,-0.02693505562391374,0.9595428039853598,xgb_3class,global_three_level_common_support_min_cell_20,1
288,100000,100000,media_vs_baixa,media,baixa,93339,6661,0.6656717588280622,0.6764934586525908,-0.01082169982452863,0.9840032454325829,xgb_3class,global_three_level_common_support_min_cell_20,1
288,100000,100000,alta_vs_baixa,alta,baixa,93339,6661,0.638244588603007,0.6764934586525908,-0.03824887004958377,0.9434601036264768,xgb_3class,global_three_level_common_support_min_cell_20,1
288,100000,100000,alta_vs_media,alta,media,93339,6661,0.638244588603007,0.6656717588280622,-0.027427170225055142,0.9587977560091454,xgb_3class,global_three_level_common_support_min_cell_20,1
289,100000,100000,media_vs_baixa,media,baixa,93339,6661,0.665717702508757,0.6780785419139006,-0.012360839405143653,0.9817707851803499,xgb_3class,global_three_level_common_support_min_cell_20,1
289,100000,100000,alta_vs_baixa,alta,baixa,93339,6661,0.6393204405722239,0.6780785419139006,-0.038758101341676676,0.9428412802560002,xgb_3class,global_three_level_common_support_min_cell_20,1
289,100000,100000,alta_vs_media,alta,media,93339,6661,0.6393204405722239,0.665717702508757,-0.026397261936533023,0.9603476641269191,xgb_3class,global_three_level_common_support_min_cell_20,1
290,100000,100000,media_vs_baixa,media,baixa,93339,6661,0.6658150114751827,0.6770536737570947,-0.011238662281911949,0.9834006331882869,xgb_3class,global_three_level_common_support_min_cell_20,1
290,100000,100000,alta_vs_baixa,alta,baixa,93339,6661,0.6387842423853011,0.6770536737570947,-0.038269431371793616,0.9434765176600703,xgb_3class,global_three_level_common_support_min_cell_20,1
290,100000,100000,alta_vs_media,alta,media,93339,6661,0.6387842423853011,0.6658150114751827,-0.027030769089881668,0.9594019830973889,xgb_3class,global_three_level_common_support_min_cell_20,1
291,100000,100000,media_vs_baixa,media,baixa,93339,6661,0.6656102138329789,0.6768536801629667,-0.011243466329987739,0.9833886308673381,xgb_3class,global_three_level_common_support_min_cell_20,1
291,100000,100000,alta_vs_baixa,alta,baixa,93339,6661,0.638713263059484,0.6768536801629667,-0.038140417103482704,0.9436504251638262,xgb_3class,global_three_level_common_support_min_cell_20,1
291,100000,100000,alta_vs_media,alta,media,93339,6661,0.638713263059484,0.6656102138329789,-0.026896950773494965,0.9595905378034896,xgb_3class,global_three_level_common_support_min_cell_20,1
292,100000,100000,media_vs_baixa,media,baixa,93339,6661,0.665706716693665,0.6767417105945431,-0.011034993900878143,0.9836939356210459,xgb_3class,global_three_level_common_support_min_cell_20,1
292,100000,100000,alta_vs_baixa,alta,baixa,93339,6661,0.638757031567384,0.6767417105945431,-0.037984679027159185,0.9438712311765323,xgb_3class,global_three_level_common_support_min_cell_20,1
292,100000,100000,alta_vs_media,alta,media,93339,6661,0.638757031567384,0.665706716693665,-0.026949685126281042,0.9595171800877558,xgb_3class,global_three_level_common_support_min_cell_20,1
293,100000,100000,media_vs_baixa,media,baixa,93339,6661,0.6657301051489776,0.6767839673382406,-0.011053862189263075,0.9836670743948953,xgb_3class,global_three_level_common_support_min_cell_20,1
293,100000,100000,alta_vs_baixa,alta,baixa,93339,6661,0.6390351682598676,0.6767839673382406,-0.03774879907837303,0.944223266359519,xgb_3class,global_three_level_common_support_min_cell_20,1
293,100000,100000,alta_vs_media,alta,media,93339,6661,0.6390351682598676,0.6657301051489776,-0.026694936889109955,0.9599012622643284,xgb_3class,global_three_level_common_support_min_cell_20,1
294,100000,100000,media_vs_baixa,media,baixa,93339,6661,0.6658014841880516,0.6768359729080411,-0.011034488719989466,0.9836969529373867,xgb_3class,global_three_level_common_support_min_cell_20,1
294,100000,100000,alta_vs_baixa,alta,baixa,93339,6661,0.6388598656952732,0.6768359729080411,-0.037976107212767896,0.9438917127149689,xgb_3class,global_three_level_common_support_min_cell_20,1
294,100000,100000,alta_vs_media,alta,media,93339,6661,0.6388598656952732,0.6658014841880516,-0.02694161849277843,0.9595350579225069,xgb_3class,global_three_level_common_support_min_cell_20,1
295,100000,100000,media_vs_baixa,media,baixa,93339,6661,0.6658062385276179,0.6766063450794496,-0.010800106551831723,0.9840378284502143,xgb_3class,global_three_level_common_support_min_cell_20,1
295,100000,100000,alta_vs_baixa,alta,baixa,93339,6661,0.6384433719819887,0.6766063450794496,-0.03816297309746086,0.943596489487577,xgb_3class,global_three_level_common_support_min_cell_20,1
295,100000,100000,alta_vs_media,alta,media,93339,6661,0.6384433719819887,0.6658062385276179,-0.02736286654562914,0.9589026582175918,xgb_3class,global_three_level_common_support_min_cell_20,1
296,100000,100000,media_vs_baixa,media,baixa,93339,6661,0.665658417332891,0.6769471622716124,-0.011288744938721451,0.9833240383180866,xgb_3class,global_three_level_common_support_min_cell_20,1
296,100000,100000,alta_vs_baixa,alta,baixa,93339,6661,0.6385077205667207,0.6769471622716124,-0.038439441704891775,0.9432164815110509,xgb_3class,global_three_level_common_support_min_cell_20,1
296,100000,100000,alta_vs_media,alta,media,93339,6661,0.6385077205667207,0.665658417332891,-0.027150696766170324,0.9592122685461477,xgb_3class,global_three_level_common_support_min_cell_20,1
297,100000,100000,media_vs_baixa,media,baixa,93339,6661,0.6657120635034446,0.6774900248473679,-0.011777961343923282,0.9826152992487576,xgb_3class,global_three_level_common_support_min_cell_20,1
297,100000,100000,alta_vs_baixa,alta,baixa,93339,6661,0.6385920012849149,0.6774900248473679,-0.03889802356245298,0.9425850977345145,xgb_3class,global_three_level_common_support_min_cell_20,1
297,100000,100000,alta_vs_media,alta,media,93339,6661,0.6385920012849149,0.6657120635034446,-0.027120062218529695,0.9592615731254668,xgb_3class,global_three_level_common_support_min_cell_20,1
298,100000,100000,media_vs_baixa,media,baixa,93339,6661,0.6657003458817006,0.6763887643286355,-0.01068841844693491,0.9841978178665579,xgb_3class,global_three_level_common_support_min_cell_20,1
298,100000,100000,alta_vs_baixa,alta,baixa,93339,6661,0.639139659925209,0.6763887643286355,-0.037249104403426436,0.9449294453606147,xgb_3class,global_three_level_common_support_min_cell_20,1
298,100000,100000,alta_vs_media,alta,media,93339,6661,0.639139659925209,0.6657003458817006,-0.026560685956491525,0.9601011384163957,xgb_3class,global_three_level_common_support_min_cell_20,1
299,100000,100000,media_vs_baixa,media,baixa,93339,6661,0.6657311898180631,0.6762119609965638,-0.010480771178500659,0.9845007604375192,xgb_3class,global_three_level_common_support_min_cell_20,1
299,100000,100000,alta_vs_baixa,alta,baixa,93339,6661,0.6384804161952107,0.6762119609965638,-0.0377315448013531,0.9442016010102122,xgb_3class,global_three_level_common_support_min_cell_20,1
299,100000,100000,alta_vs_media,alta,media,93339,6661,0.6384804161952107,0.6657311898180631,-0.027250773622852442,0.9590664009143093,xgb_3class,global_three_level_common_support_min_cell_20,1
300,100000,100000,media_vs_baixa,media,baixa,93339,6661,0.6656435857358153,0.6766073326771465,-0.010963746941331176,0.9837959974540171,xgb_3class,global_three_level_common_support_min_cell_20,1
300,100000,100000,alta_vs_baixa,alta,baixa,93339,6661,0.6387385137009219,0.6766073326771465,-0.037868818976224516,0.9440313204611778,xgb_3class,global_three_level_common_support_min_cell_20,1
300,100000,100000,alta_vs_media,alta,media,93339,6661,0.6387385137009219,0.6656435857358153,-0.02690507203489334,0.9595803631080558,xgb_3class,global_three_level_common_support_min_cell_20,1
