bootstrap_iteration,bootstrap_sample_size,bootstrap_evaluation_sample_size,contrast,treated_level,reference_level,n_used,n_removed_no_common_support,risk_treated,risk_reference,risk_difference,risk_ratio,model_type,support_type
1,100000,100000,media_vs_baixa,media,baixa,68981,3774,0.6683503522251574,0.6824060301857955,-0.014055677960638113,0.9794027641332371,xgb,pairwise_common_support_min_cell_20
1,100000,100000,alta_vs_baixa,alta,baixa,36647,2989,0.6377739271790168,0.6699775977580295,-0.03220367057901263,0.9519332128614794,xgb,pairwise_common_support_min_cell_20
1,100000,100000,alta_vs_media,alta,media,86162,1447,0.6437831230919135,0.669630786773846,-0.025847663681932476,0.961400126469003,xgb,pairwise_common_support_min_cell_20
2,100000,100000,media_vs_baixa,media,baixa,68981,3774,0.6682486480193967,0.6831603672583128,-0.014911719238916099,0.9781724468315391,xgb,pairwise_common_support_min_cell_20
2,100000,100000,alta_vs_baixa,alta,baixa,36647,2989,0.6376308874598268,0.6708908442863799,-0.03325995682655314,0.9504241902988981,xgb,pairwise_common_support_min_cell_20
2,100000,100000,alta_vs_media,alta,media,86162,1447,0.643955291284623,0.6696271887500204,-0.02567189746539733,0.9616624027567958,xgb,pairwise_common_support_min_cell_20
3,100000,100000,media_vs_baixa,media,baixa,68981,3774,0.6684446038924949,0.6828737849618641,-0.01442918106936919,0.9788699150748992,xgb,pairwise_common_support_min_cell_20
3,100000,100000,alta_vs_baixa,alta,baixa,36647,2989,0.6369279230011159,0.6712841393702536,-0.03435621636913766,0.9488201577332543,xgb,pairwise_common_support_min_cell_20
3,100000,100000,alta_vs_media,alta,media,86162,1447,0.643969202197539,0.6696735562007808,-0.02570435400324189,0.9616165910013397,xgb,pairwise_common_support_min_cell_20
4,100000,100000,media_vs_baixa,media,baixa,68981,3774,0.668404995614048,0.6830814765954001,-0.014676480981352102,0.9785143039531649,xgb,pairwise_common_support_min_cell_20
4,100000,100000,alta_vs_baixa,alta,baixa,36647,2989,0.6371017867641926,0.670766062236196,-0.03366427547200335,0.9498121962823021,xgb,pairwise_common_support_min_cell_20
4,100000,100000,alta_vs_media,alta,media,86162,1447,0.6440494531707454,0.6696319568300362,-0.025582503659290823,0.9617961726611801,xgb,pairwise_common_support_min_cell_20
5,100000,100000,media_vs_baixa,media,baixa,68981,3774,0.668148643601884,0.6831930937812528,-0.01504445017936884,0.9779792121490827,xgb,pairwise_common_support_min_cell_20
5,100000,100000,alta_vs_baixa,alta,baixa,36647,2989,0.6370381044878998,0.6705655351162451,-0.03352743062834529,0.9500012618117435,xgb,pairwise_common_support_min_cell_20
5,100000,100000,alta_vs_media,alta,media,86162,1447,0.6439055337719392,0.6696778125869899,-0.02577227881505073,0.9615154058703371,xgb,pairwise_common_support_min_cell_20
6,100000,100000,media_vs_baixa,media,baixa,68981,3774,0.6683077715099328,0.6817705582995506,-0.013462786789617764,0.980253200104158,xgb,pairwise_common_support_min_cell_20
6,100000,100000,alta_vs_baixa,alta,baixa,36647,2989,0.6371601769107388,0.6691973575537224,-0.032037180642983665,0.9521259606282714,xgb,pairwise_common_support_min_cell_20
6,100000,100000,alta_vs_media,alta,media,86162,1447,0.6440344188242327,0.6696318335149464,-0.025597414690713638,0.9617738981189844,xgb,pairwise_common_support_min_cell_20
7,100000,100000,media_vs_baixa,media,baixa,68981,3774,0.6683954983704546,0.683478572316279,-0.01508307394582431,0.9779318993209861,xgb,pairwise_common_support_min_cell_20
7,100000,100000,alta_vs_baixa,alta,baixa,36647,2989,0.6377412178800067,0.6701072491186186,-0.032366031238611925,0.9517002221940108,xgb,pairwise_common_support_min_cell_20
7,100000,100000,alta_vs_media,alta,media,86162,1447,0.6437916139543778,0.6696447170872246,-0.025853103132846833,0.9613928065537485,xgb,pairwise_common_support_min_cell_20
8,100000,100000,media_vs_baixa,media,baixa,68981,3774,0.6683482758643283,0.6834411650352277,-0.015092889170899348,0.9779163299738882,xgb,pairwise_common_support_min_cell_20
8,100000,100000,alta_vs_baixa,alta,baixa,36647,2989,0.63758747685612,0.6711138062801314,-0.03352632942401135,0.9500437494948256,xgb,pairwise_common_support_min_cell_20
8,100000,100000,alta_vs_media,alta,media,86162,1447,0.6438572512571095,0.6696704811319085,-0.02581322987479906,0.9614538334866302,xgb,pairwise_common_support_min_cell_20
9,100000,100000,media_vs_baixa,media,baixa,68981,3774,0.6682815860237263,0.6831260536689111,-0.014844467645184767,0.9782697972570968,xgb,pairwise_common_support_min_cell_20
9,100000,100000,alta_vs_baixa,alta,baixa,36647,2989,0.6368751842744189,0.6704773804864369,-0.03360219621201799,0.9498831769870606,xgb,pairwise_common_support_min_cell_20
9,100000,100000,alta_vs_media,alta,media,86162,1447,0.6435867733303567,0.6696539847706029,-0.026067211440246152,0.9610736110990578,xgb,pairwise_common_support_min_cell_20
10,100000,100000,media_vs_baixa,media,baixa,68981,3774,0.6684382558900324,0.6821574855967271,-0.013719229706694702,0.9798884715093412,xgb,pairwise_common_support_min_cell_20
10,100000,100000,alta_vs_baixa,alta,baixa,36647,2989,0.6373839638200033,0.6701533144578699,-0.03276935063786657,0.9511017107117111,xgb,pairwise_common_support_min_cell_20
10,100000,100000,alta_vs_media,alta,media,86162,1447,0.6441915586388397,0.6695572247258436,-0.025365666087003857,0.9621157607590747,xgb,pairwise_common_support_min_cell_20
11,100000,100000,media_vs_baixa,media,baixa,68981,3774,0.6683498556475904,0.6803800579184393,-0.012030202270848833,0.9823184084676818,xgb,pairwise_common_support_min_cell_20
11,100000,100000,alta_vs_baixa,alta,baixa,36647,2989,0.6371410381288864,0.667029067723949,-0.029888029595062537,0.9551923131370464,xgb,pairwise_common_support_min_cell_20
11,100000,100000,alta_vs_media,alta,media,86162,1447,0.6439843986020072,0.669612162630345,-0.025627764028337774,0.9617274514135649,xgb,pairwise_common_support_min_cell_20
12,100000,100000,media_vs_baixa,media,baixa,68981,3774,0.6682421500848885,0.6829388126148866,-0.014696662529998128,0.9784802646173726,xgb,pairwise_common_support_min_cell_20
12,100000,100000,alta_vs_baixa,alta,baixa,36647,2989,0.6369441140324417,0.6710535433433882,-0.034109429310946515,0.9491703312659625,xgb,pairwise_common_support_min_cell_20
12,100000,100000,alta_vs_media,alta,media,86162,1447,0.6436228097149514,0.669686388580363,-0.026063578865411552,0.9610809189049482,xgb,pairwise_common_support_min_cell_20
13,100000,100000,media_vs_baixa,media,baixa,68981,3774,0.6683042898480441,0.6833243361744892,-0.015020046326445047,0.9780191549879037,xgb,pairwise_common_support_min_cell_20
13,100000,100000,alta_vs_baixa,alta,baixa,36647,2989,0.6375623442673095,0.6697144166469232,-0.032152072379613705,0.9519913688873679,xgb,pairwise_common_support_min_cell_20
13,100000,100000,alta_vs_media,alta,media,86162,1447,0.6438623677417029,0.6697200716866658,-0.025857703944962895,0.9613902807484309,xgb,pairwise_common_support_min_cell_20
14,100000,100000,media_vs_baixa,media,baixa,68981,3774,0.6681721274138445,0.6833236490483915,-0.015151521634547027,0.9778267272680415,xgb,pairwise_common_support_min_cell_20
14,100000,100000,alta_vs_baixa,alta,baixa,36647,2989,0.6374994282876354,0.6702372981411934,-0.03273786985355798,0.9511548074922841,xgb,pairwise_common_support_min_cell_20
14,100000,100000,alta_vs_media,alta,media,86162,1447,0.6437903407247594,0.6697630828185639,-0.025972742093804513,0.9612210007387935,xgb,pairwise_common_support_min_cell_20
15,100000,100000,media_vs_baixa,media,baixa,68981,3774,0.6683770354710262,0.6822679413823224,-0.013890905911296159,0.9796401016832885,xgb,pairwise_common_support_min_cell_20
15,100000,100000,alta_vs_baixa,alta,baixa,36647,2989,0.637468270925275,0.6698114680426511,-0.0323431971173761,0.9517129839357773,xgb,pairwise_common_support_min_cell_20
15,100000,100000,alta_vs_media,alta,media,86162,1447,0.6438154368706024,0.6694894882564038,-0.025674051385801366,0.961651300227781,xgb,pairwise_common_support_min_cell_20
16,100000,100000,media_vs_baixa,media,baixa,68981,3774,0.668338428837775,0.6829884962358448,-0.014650067398069844,0.9785500524843233,xgb,pairwise_common_support_min_cell_20
16,100000,100000,alta_vs_baixa,alta,baixa,36647,2989,0.6372624276482094,0.6708907888058624,-0.033628361157653,0.9498750590725666,xgb,pairwise_common_support_min_cell_20
16,100000,100000,alta_vs_media,alta,media,86162,1447,0.6438419409442666,0.6696531263919148,-0.025811185447648155,0.9614558874880215,xgb,pairwise_common_support_min_cell_20
17,100000,100000,media_vs_baixa,media,baixa,68981,3774,0.6682127054804765,0.6826272328264178,-0.014414527345941286,0.9788837499402743,xgb,pairwise_common_support_min_cell_20
17,100000,100000,alta_vs_baixa,alta,baixa,36647,2989,0.6375028518385752,0.66958235499887,-0.03207950316029473,0.9520902799770629,xgb,pairwise_common_support_min_cell_20
17,100000,100000,alta_vs_media,alta,media,86162,1447,0.6437657653741441,0.669720291273927,-0.025954525899782865,0.9612457226726507,xgb,pairwise_common_support_min_cell_20
18,100000,100000,media_vs_baixa,media,baixa,68981,3774,0.6682826392512182,0.6826883231581009,-0.014405683906882683,0.9788985933723865,xgb,pairwise_common_support_min_cell_20
18,100000,100000,alta_vs_baixa,alta,baixa,36647,2989,0.6373557052112239,0.6702765962015342,-0.03292089099031037,0.9508846181160532,xgb,pairwise_common_support_min_cell_20
18,100000,100000,alta_vs_media,alta,media,86162,1447,0.6439852331484128,0.669539044617993,-0.025553811469580134,0.9618337247469116,xgb,pairwise_common_support_min_cell_20
19,100000,100000,media_vs_baixa,media,baixa,68981,3774,0.6683009206796329,0.6834268325465793,-0.015125911866946451,0.9778675475608933,xgb,pairwise_common_support_min_cell_20
19,100000,100000,alta_vs_baixa,alta,baixa,36647,2989,0.6372879458239532,0.6709785161275942,-0.033690570303640976,0.9497888986102286,xgb,pairwise_common_support_min_cell_20
19,100000,100000,alta_vs_media,alta,media,86162,1447,0.6440009898826801,0.6696540262848796,-0.025653036402199514,0.9616921045864266,xgb,pairwise_common_support_min_cell_20
20,100000,100000,media_vs_baixa,media,baixa,68981,3774,0.668317176523131,0.6837677392822001,-0.015450562759069086,0.9774037851284287,xgb,pairwise_common_support_min_cell_20
20,100000,100000,alta_vs_baixa,alta,baixa,36647,2989,0.6376149644904915,0.6707984057076498,-0.03318344121715833,0.9505314250379712,xgb,pairwise_common_support_min_cell_20
20,100000,100000,alta_vs_media,alta,media,86162,1447,0.6440579794020334,0.6694635703574224,-0.02540559095538908,0.9620508238531558,xgb,pairwise_common_support_min_cell_20
21,100000,100000,media_vs_baixa,media,baixa,68981,3774,0.6683317201551185,0.6824029963542558,-0.014071276199137284,0.9793798147512347,xgb,pairwise_common_support_min_cell_20
21,100000,100000,alta_vs_baixa,alta,baixa,36647,2989,0.6372073165316494,0.6702744344767716,-0.03306711794512218,0.9506662998851583,xgb,pairwise_common_support_min_cell_20
21,100000,100000,alta_vs_media,alta,media,86162,1447,0.6439267765974489,0.6696701171367848,-0.025743340539335913,0.9615581763609177,xgb,pairwise_common_support_min_cell_20
22,100000,100000,media_vs_baixa,media,baixa,68981,3774,0.6682761179427401,0.6832663601894178,-0.014990242246677665,0.9780609098880237,xgb,pairwise_common_support_min_cell_20
22,100000,100000,alta_vs_baixa,alta,baixa,36647,2989,0.6371198488944724,0.6702428150696103,-0.03312296617513788,0.950580647146963,xgb,pairwise_common_support_min_cell_20
22,100000,100000,alta_vs_media,alta,media,86162,1447,0.6442225292671244,0.6695921844864701,-0.025369655219345644,0.9621117811600469,xgb,pairwise_common_support_min_cell_20
23,100000,100000,media_vs_baixa,media,baixa,68981,3774,0.6682192891201726,0.6823272751414375,-0.014107986021264951,0.9793237255269613,xgb,pairwise_common_support_min_cell_20
23,100000,100000,alta_vs_baixa,alta,baixa,36647,2989,0.6369396234160666,0.6693022009511894,-0.03236257753512284,0.9516472865483928,xgb,pairwise_common_support_min_cell_20
23,100000,100000,alta_vs_media,alta,media,86162,1447,0.6439333500409959,0.6696495598897555,-0.025716209848759553,0.9615975110130839,xgb,pairwise_common_support_min_cell_20
24,100000,100000,media_vs_baixa,media,baixa,68981,3774,0.6681943268108665,0.6832409137373394,-0.015046586926472871,0.9779776260116395,xgb,pairwise_common_support_min_cell_20
24,100000,100000,alta_vs_baixa,alta,baixa,36647,2989,0.636956809097013,0.670850659281937,-0.03389385018492397,0.9494763108361507,xgb,pairwise_common_support_min_cell_20
24,100000,100000,alta_vs_media,alta,media,86162,1447,0.6439120085991102,0.6696138094997292,-0.02570180090061891,0.9616169790168742,xgb,pairwise_common_support_min_cell_20
25,100000,100000,media_vs_baixa,media,baixa,68981,3774,0.6682246875909212,0.683862343960906,-0.01563765636998471,0.9771333273310358,xgb,pairwise_common_support_min_cell_20
25,100000,100000,alta_vs_baixa,alta,baixa,36647,2989,0.637072429654603,0.6713948381428653,-0.03432240848826229,0.9488789508969104,xgb,pairwise_common_support_min_cell_20
25,100000,100000,alta_vs_media,alta,media,86162,1447,0.644064588634385,0.6695611829158971,-0.025496594281512075,0.9619204414293016,xgb,pairwise_common_support_min_cell_20
26,100000,100000,media_vs_baixa,media,baixa,68981,3774,0.6682993575629413,0.6826294065370817,-0.014330048974140364,0.979007571550667,xgb,pairwise_common_support_min_cell_20
26,100000,100000,alta_vs_baixa,alta,baixa,36647,2989,0.6372565849773106,0.6692616873207673,-0.03200510234345666,0.9521784931816707,xgb,pairwise_common_support_min_cell_20
26,100000,100000,alta_vs_media,alta,media,86162,1447,0.643828116129587,0.6696395700211205,-0.025811453891533498,0.9614547063120547,xgb,pairwise_common_support_min_cell_20
27,100000,100000,media_vs_baixa,media,baixa,68981,3774,0.6683466517523615,0.6827625706140051,-0.014415918861643617,0.9788858975548712,xgb,pairwise_common_support_min_cell_20
27,100000,100000,alta_vs_baixa,alta,baixa,36647,2989,0.6372641391267682,0.6708753433996864,-0.033611204272918194,0.9498994789365903,xgb,pairwise_common_support_min_cell_20
27,100000,100000,alta_vs_media,alta,media,86162,1447,0.6438134595186482,0.6695908267381612,-0.02577736721951296,0.961502807102235,xgb,pairwise_common_support_min_cell_20
28,100000,100000,media_vs_baixa,media,baixa,68981,3774,0.6682309760380325,0.6832993479687405,-0.01506837193070798,0.9779476272361417,xgb,pairwise_common_support_min_cell_20
28,100000,100000,alta_vs_baixa,alta,baixa,36647,2989,0.6373640055713669,0.6712550061191733,-0.03389100054780647,0.9495109902513121,xgb,pairwise_common_support_min_cell_20
28,100000,100000,alta_vs_media,alta,media,86162,1447,0.6439239124699488,0.6695842538159908,-0.025660341346042004,0.9616772031304461,xgb,pairwise_common_support_min_cell_20
29,100000,100000,media_vs_baixa,media,baixa,68981,3774,0.6682849143736997,0.684926820733072,-0.01664190635937224,0.9757026504794183,xgb,pairwise_common_support_min_cell_20
29,100000,100000,alta_vs_baixa,alta,baixa,36647,2989,0.6378738047112087,0.6714468519374021,-0.033573047226193364,0.9499989505806435,xgb,pairwise_common_support_min_cell_20
29,100000,100000,alta_vs_media,alta,media,86162,1447,0.6443053058728124,0.6695528824018946,-0.02524757652908216,0.9622918858350498,xgb,pairwise_common_support_min_cell_20
30,100000,100000,media_vs_baixa,media,baixa,68981,3774,0.6682418131824865,0.6836643960458386,-0.015422582863352075,0.9774412958279635,xgb,pairwise_common_support_min_cell_20
30,100000,100000,alta_vs_baixa,alta,baixa,36647,2989,0.6374539400066171,0.6714364335494277,-0.03398249354281058,0.9493883682135504,xgb,pairwise_common_support_min_cell_20
30,100000,100000,alta_vs_media,alta,media,86162,1447,0.643592470014236,0.6696921038537814,-0.02609963383954539,0.9610274129120628,xgb,pairwise_common_support_min_cell_20
31,100000,100000,media_vs_baixa,media,baixa,68981,3774,0.6682327524655054,0.6831691591853417,-0.014936406719836315,0.9781365910345726,xgb,pairwise_common_support_min_cell_20
31,100000,100000,alta_vs_baixa,alta,baixa,36647,2989,0.6370244007285499,0.6715727090977356,-0.034548308369185654,0.9485561162608861,xgb,pairwise_common_support_min_cell_20
31,100000,100000,alta_vs_media,alta,media,86162,1447,0.6439328302645113,0.6695236210566176,-0.025590790792106244,0.9617776132353332,xgb,pairwise_common_support_min_cell_20
32,100000,100000,media_vs_baixa,media,baixa,68981,3774,0.6683281774279421,0.6830843547629787,-0.014756177335036536,0.9783977231623805,xgb,pairwise_common_support_min_cell_20
32,100000,100000,alta_vs_baixa,alta,baixa,36647,2989,0.6370020366473848,0.6702708589211481,-0.033268822273763377,0.9503651071339845,xgb,pairwise_common_support_min_cell_20
32,100000,100000,alta_vs_media,alta,media,86162,1447,0.6441450228513164,0.6695255667438461,-0.02538054389252975,0.962091748017981,xgb,pairwise_common_support_min_cell_20
33,100000,100000,media_vs_baixa,media,baixa,68981,3774,0.6683244230272138,0.682818293499256,-0.014493870472042203,0.9787734590446235,xgb,pairwise_common_support_min_cell_20
33,100000,100000,alta_vs_baixa,alta,baixa,36647,2989,0.6376130601326329,0.6701531830245063,-0.03254012289187347,0.9514437538817397,xgb,pairwise_common_support_min_cell_20
33,100000,100000,alta_vs_media,alta,media,86162,1447,0.6440830841877302,0.6695346266138426,-0.02545154242611236,0.9619862193613002,xgb,pairwise_common_support_min_cell_20
34,100000,100000,media_vs_baixa,media,baixa,68981,3774,0.6682767853945096,0.6845868853210726,-0.01631009992656296,0.9761752667538854,xgb,pairwise_common_support_min_cell_20
34,100000,100000,alta_vs_baixa,alta,baixa,36647,2989,0.6373304872531697,0.67295424937809,-0.035623762124920355,0.9470636196177645,xgb,pairwise_common_support_min_cell_20
34,100000,100000,alta_vs_media,alta,media,86162,1447,0.6439211183379993,0.6696156200463681,-0.025694501708368844,0.9616279833696388,xgb,pairwise_common_support_min_cell_20
35,100000,100000,media_vs_baixa,media,baixa,68981,3774,0.668248148317718,0.6830555347934356,-0.014807386475717665,0.9783218410195657,xgb,pairwise_common_support_min_cell_20
35,100000,100000,alta_vs_baixa,alta,baixa,36647,2989,0.6370176921427335,0.6699236612609705,-0.032905969118236955,0.9508810167171893,xgb,pairwise_common_support_min_cell_20
35,100000,100000,alta_vs_media,alta,media,86162,1447,0.6436866947599316,0.6696734222224681,-0.025986727462536496,0.9611949248690601,xgb,pairwise_common_support_min_cell_20
36,100000,100000,media_vs_baixa,media,baixa,68981,3774,0.6682759833213404,0.6828407859742316,-0.014564802652891173,0.9786702801706387,xgb,pairwise_common_support_min_cell_20
36,100000,100000,alta_vs_baixa,alta,baixa,36647,2989,0.6374172777294133,0.6712161352052174,-0.033798857475804134,0.949645344169996,xgb,pairwise_common_support_min_cell_20
36,100000,100000,alta_vs_media,alta,media,86162,1447,0.6439501857522594,0.6696771844941316,-0.02572699874187223,0.9615829845520178,xgb,pairwise_common_support_min_cell_20
37,100000,100000,media_vs_baixa,media,baixa,68981,3774,0.6682178801687323,0.6829437468788633,-0.014725866710130986,0.9784376578928645,xgb,pairwise_common_support_min_cell_20
37,100000,100000,alta_vs_baixa,alta,baixa,36647,2989,0.6373155720742072,0.6711837315731141,-0.03386815949890687,0.9495396597001435,xgb,pairwise_common_support_min_cell_20
37,100000,100000,alta_vs_media,alta,media,86162,1447,0.6442257441636717,0.669586596135474,-0.025360851971802267,0.9621246122336189,xgb,pairwise_common_support_min_cell_20
38,100000,100000,media_vs_baixa,media,baixa,68981,3774,0.6683432460608258,0.6826039157321492,-0.014260669671323334,0.9791084268011742,xgb,pairwise_common_support_min_cell_20
38,100000,100000,alta_vs_baixa,alta,baixa,36647,2989,0.6372077967444564,0.6701110184785773,-0.03290322173412097,0.9508988498520371,xgb,pairwise_common_support_min_cell_20
38,100000,100000,alta_vs_media,alta,media,86162,1447,0.6438345240933638,0.6696782239399544,-0.025843699846590518,0.9614087797352243,xgb,pairwise_common_support_min_cell_20
39,100000,100000,media_vs_baixa,media,baixa,68981,3774,0.6682245474785585,0.6831642942884771,-0.014939746809918608,0.978131546196397,xgb,pairwise_common_support_min_cell_20
39,100000,100000,alta_vs_baixa,alta,baixa,36647,2989,0.6371448371595047,0.6699611868845853,-0.03281634972508063,0.9510175359893887,xgb,pairwise_common_support_min_cell_20
39,100000,100000,alta_vs_media,alta,media,86162,1447,0.6438803127938436,0.669686335895494,-0.025806023101650366,0.9614655074794934,xgb,pairwise_common_support_min_cell_20
40,100000,100000,media_vs_baixa,media,baixa,68981,3774,0.6682636496192177,0.683302199416936,-0.015038549797718348,0.9779913633959457,xgb,pairwise_common_support_min_cell_20
40,100000,100000,alta_vs_baixa,alta,baixa,36647,2989,0.6370990450350594,0.6708831371950571,-0.03378409215999767,0.949642359023588,xgb,pairwise_common_support_min_cell_20
40,100000,100000,alta_vs_media,alta,media,86162,1447,0.6441232783372718,0.6695636048695229,-0.025440326532251145,0.9620046156224267,xgb,pairwise_common_support_min_cell_20
41,100000,100000,media_vs_baixa,media,baixa,68981,3774,0.6682732465527539,0.6824581661941335,-0.014184919641379579,0.9792149609396797,xgb,pairwise_common_support_min_cell_20
41,100000,100000,alta_vs_baixa,alta,baixa,36647,2989,0.6372990066244484,0.6709622434037122,-0.03366323677926386,0.949828418647681,xgb,pairwise_common_support_min_cell_20
41,100000,100000,alta_vs_media,alta,media,86162,1447,0.6438996712000065,0.6695417730479154,-0.025642101847908938,0.9617020134066021,xgb,pairwise_common_support_min_cell_20
42,100000,100000,media_vs_baixa,media,baixa,68981,3774,0.6683355720978285,0.6827712236939211,-0.014435651596092614,0.9788572641975257,xgb,pairwise_common_support_min_cell_20
42,100000,100000,alta_vs_baixa,alta,baixa,36647,2989,0.6371903352421483,0.6716150118869336,-0.034424676644785324,0.9487434377798263,xgb,pairwise_common_support_min_cell_20
42,100000,100000,alta_vs_media,alta,media,86162,1447,0.6435055968342972,0.669729742360016,-0.026224145525718834,0.9608436898243322,xgb,pairwise_common_support_min_cell_20
43,100000,100000,media_vs_baixa,media,baixa,68981,3774,0.6682887234697963,0.6836838362103824,-0.015395112740586137,0.9774821168423108,xgb,pairwise_common_support_min_cell_20
43,100000,100000,alta_vs_baixa,alta,baixa,36647,2989,0.6372204027808385,0.6714412264069585,-0.03422082362612,0.9490337764792255,xgb,pairwise_common_support_min_cell_20
43,100000,100000,alta_vs_media,alta,media,86162,1447,0.6435804724098024,0.6695975795364447,-0.02601710712664229,0.9611451595379815,xgb,pairwise_common_support_min_cell_20
44,100000,100000,media_vs_baixa,media,baixa,68981,3774,0.66832001363401,0.6831507125519785,-0.01483069891796851,0.9782907363697727,xgb,pairwise_common_support_min_cell_20
44,100000,100000,alta_vs_baixa,alta,baixa,36647,2989,0.6371793494858242,0.6708791487481985,-0.03369979926237432,0.9497677050698994,xgb,pairwise_common_support_min_cell_20
44,100000,100000,alta_vs_media,alta,media,86162,1447,0.6441391545260495,0.669546490818076,-0.025407336292026517,0.9620529169513189,xgb,pairwise_common_support_min_cell_20
45,100000,100000,media_vs_baixa,media,baixa,68981,3774,0.6682642968767001,0.6837912343714632,-0.015526937494763082,0.977292868474637,xgb,pairwise_common_support_min_cell_20
45,100000,100000,alta_vs_baixa,alta,baixa,36647,2989,0.6368617695110667,0.6711223413038505,-0.034260571792783856,0.9489503333680969,xgb,pairwise_common_support_min_cell_20
45,100000,100000,alta_vs_media,alta,media,86162,1447,0.643555075181277,0.6696211512537147,-0.026066076072437716,0.9610733979599736,xgb,pairwise_common_support_min_cell_20
46,100000,100000,media_vs_baixa,media,baixa,68981,3774,0.6682892528433751,0.683237347769446,-0.014948094926070854,0.9781216659556571,xgb,pairwise_common_support_min_cell_20
46,100000,100000,alta_vs_baixa,alta,baixa,36647,2989,0.6371171696840182,0.6712855770150734,-0.034168407331055195,0.9491000425139657,xgb,pairwise_common_support_min_cell_20
46,100000,100000,alta_vs_media,alta,media,86162,1447,0.6436081303772088,0.669634798958023,-0.02602666858081426,0.9611330405449168,xgb,pairwise_common_support_min_cell_20
47,100000,100000,media_vs_baixa,media,baixa,68981,3774,0.6683305934706039,0.6835118290020324,-0.015181235531428583,0.9777893594707877,xgb,pairwise_common_support_min_cell_20
47,100000,100000,alta_vs_baixa,alta,baixa,36647,2989,0.6367515109719364,0.6712653936021626,-0.034513882630226256,0.9485838493103049,xgb,pairwise_common_support_min_cell_20
47,100000,100000,alta_vs_media,alta,media,86162,1447,0.6438141626214747,0.6696790567312824,-0.025864894109807635,0.961377179337137,xgb,pairwise_common_support_min_cell_20
48,100000,100000,media_vs_baixa,media,baixa,68981,3774,0.6683627137963342,0.6825514255919033,-0.014188711795569131,0.9792122450212967,xgb,pairwise_common_support_min_cell_20
48,100000,100000,alta_vs_baixa,alta,baixa,36647,2989,0.637038529744894,0.6711773925363752,-0.03413886279148115,0.9491358571204691,xgb,pairwise_common_support_min_cell_20
48,100000,100000,alta_vs_media,alta,media,86162,1447,0.6437617451159736,0.6696558797736606,-0.025894134657686974,0.9613321775559724,xgb,pairwise_common_support_min_cell_20
49,100000,100000,media_vs_baixa,media,baixa,68981,3774,0.6683712622501075,0.6836384515244319,-0.015267189274324466,0.9776677434683779,xgb,pairwise_common_support_min_cell_20
49,100000,100000,alta_vs_baixa,alta,baixa,36647,2989,0.6376188064454961,0.6722185336874096,-0.034599727241913514,0.9485290489506157,xgb,pairwise_common_support_min_cell_20
49,100000,100000,alta_vs_media,alta,media,86162,1447,0.6436516808458045,0.669686964712416,-0.02603528386661147,0.9611232034689643,xgb,pairwise_common_support_min_cell_20
50,100000,100000,media_vs_baixa,media,baixa,68981,3774,0.6683818780992167,0.6836681565489002,-0.015286278449683555,0.9776407920959089,xgb,pairwise_common_support_min_cell_20
50,100000,100000,alta_vs_baixa,alta,baixa,36647,2989,0.6370910644071368,0.6716293291005859,-0.03453826469344912,0.9485754073013739,xgb,pairwise_common_support_min_cell_20
50,100000,100000,alta_vs_media,alta,media,86162,1447,0.6440375037654997,0.6694978289837027,-0.02546032521820296,0.9619710115313567,xgb,pairwise_common_support_min_cell_20
51,100000,100000,media_vs_baixa,media,baixa,68981,3774,0.6681891675680433,0.6837471420775555,-0.01555797450951224,0.9772460116436618,xgb,pairwise_common_support_min_cell_20
51,100000,100000,alta_vs_baixa,alta,baixa,36647,2989,0.6370148370517505,0.6697857753133531,-0.0327709382616026,0.9510725078533192,xgb,pairwise_common_support_min_cell_20
51,100000,100000,alta_vs_media,alta,media,86162,1447,0.643812161158852,0.6696238048958676,-0.02581164373701561,0.961453515319651,xgb,pairwise_common_support_min_cell_20
52,100000,100000,media_vs_baixa,media,baixa,68981,3774,0.6683763676756908,0.6817756645423577,-0.013399296866666965,0.9803464723610203,xgb,pairwise_common_support_min_cell_20
52,100000,100000,alta_vs_baixa,alta,baixa,36647,2989,0.636760488198775,0.6698960692178363,-0.03313558101906133,0.950536236079501,xgb,pairwise_common_support_min_cell_20
52,100000,100000,alta_vs_media,alta,media,86162,1447,0.6440359469651177,0.6696073233217231,-0.025571376356605446,0.9618113848729231,xgb,pairwise_common_support_min_cell_20
53,100000,100000,media_vs_baixa,media,baixa,68981,3774,0.6682302428650619,0.6840062891710291,-0.015776046305967184,0.9769358168839548,xgb,pairwise_common_support_min_cell_20
53,100000,100000,alta_vs_baixa,alta,baixa,36647,2989,0.6372426638892204,0.6722035345161371,-0.034960870626916773,0.9479906474278179,xgb,pairwise_common_support_min_cell_20
53,100000,100000,alta_vs_media,alta,media,86162,1447,0.6440493479814167,0.6695834292743362,-0.025534081292919564,0.9618657210191235,xgb,pairwise_common_support_min_cell_20
54,100000,100000,media_vs_baixa,media,baixa,68981,3774,0.6681250971675831,0.6838683735652996,-0.015743276397716555,0.9769790839783391,xgb,pairwise_common_support_min_cell_20
54,100000,100000,alta_vs_baixa,alta,baixa,36647,2989,0.6373818465507126,0.6712791010481545,-0.03389725449744185,0.9495034860395419,xgb,pairwise_common_support_min_cell_20
54,100000,100000,alta_vs_media,alta,media,86162,1447,0.6438107586139954,0.6696253073203208,-0.02581454870632538,0.9614492636044044,xgb,pairwise_common_support_min_cell_20
55,100000,100000,media_vs_baixa,media,baixa,68981,3774,0.6682798263259784,0.683708601741164,-0.015428775415185614,0.977433697081046,xgb,pairwise_common_support_min_cell_20
55,100000,100000,alta_vs_baixa,alta,baixa,36647,2989,0.637209916615868,0.6717682579243295,-0.03455834130846147,0.9485561562327433,xgb,pairwise_common_support_min_cell_20
55,100000,100000,alta_vs_media,alta,media,86162,1447,0.6438110326291243,0.6697587608538389,-0.025947728224714584,0.9612580980775298,xgb,pairwise_common_support_min_cell_20
56,100000,100000,media_vs_baixa,media,baixa,68981,3774,0.6682419558193137,0.6826352390317294,-0.01439328321241573,0.9789151183685865,xgb,pairwise_common_support_min_cell_20
56,100000,100000,alta_vs_baixa,alta,baixa,36647,2989,0.6372880715479938,0.6711994086387297,-0.033911337090735905,0.9494765092843094,xgb,pairwise_common_support_min_cell_20
56,100000,100000,alta_vs_media,alta,media,86162,1447,0.6437674661575162,0.6697662418710436,-0.025998775713527378,0.961182313935534,xgb,pairwise_common_support_min_cell_20
57,100000,100000,media_vs_baixa,media,baixa,68981,3774,0.6682702927524155,0.6820521161372667,-0.013781823384851233,0.9797935919282779,xgb,pairwise_common_support_min_cell_20
57,100000,100000,alta_vs_baixa,alta,baixa,36647,2989,0.637156322393074,0.6698156421750651,-0.0326593197819911,0.9512413301129579,xgb,pairwise_common_support_min_cell_20
57,100000,100000,alta_vs_media,alta,media,86162,1447,0.6438779750795848,0.669627307434362,-0.025749332354777277,0.961546770765018,xgb,pairwise_common_support_min_cell_20
58,100000,100000,media_vs_baixa,media,baixa,68981,3774,0.6681876001113578,0.6825996854363201,-0.014412085324962298,0.9788864752907848,xgb,pairwise_common_support_min_cell_20
58,100000,100000,alta_vs_baixa,alta,baixa,36647,2989,0.637274315808806,0.670731661611795,-0.03345734580298898,0.9501181355855639,xgb,pairwise_common_support_min_cell_20
58,100000,100000,alta_vs_media,alta,media,86162,1447,0.644119271430897,0.6695708288992807,-0.02545155746838368,0.9619882522208681,xgb,pairwise_common_support_min_cell_20
59,100000,100000,media_vs_baixa,media,baixa,68981,3774,0.6682404741782558,0.6828017451937904,-0.014561271015534616,0.9786742328676944,xgb,pairwise_common_support_min_cell_20
59,100000,100000,alta_vs_baixa,alta,baixa,36647,2989,0.6376427472370635,0.6709127630869027,-0.03327001584983924,0.9504108169044776,xgb,pairwise_common_support_min_cell_20
59,100000,100000,alta_vs_media,alta,media,86162,1447,0.6437856613585728,0.6697433887334842,-0.02595772737491131,0.9612422790406359,xgb,pairwise_common_support_min_cell_20
60,100000,100000,media_vs_baixa,media,baixa,68981,3774,0.6682582183468371,0.6828407448185718,-0.014582526471734747,0.9786443228785223,xgb,pairwise_common_support_min_cell_20
60,100000,100000,alta_vs_baixa,alta,baixa,36647,2989,0.6373908714822316,0.6718701915442089,-0.03447932006197729,0.948681574959099,xgb,pairwise_common_support_min_cell_20
60,100000,100000,alta_vs_media,alta,media,86162,1447,0.6437153710753843,0.6697229207998355,-0.026007549724451184,0.9611667020543497,xgb,pairwise_common_support_min_cell_20
61,100000,100000,media_vs_baixa,media,baixa,68981,3774,0.6682336466747115,0.6834608354927535,-0.01522718881804197,0.977720466152148,xgb,pairwise_common_support_min_cell_20
61,100000,100000,alta_vs_baixa,alta,baixa,36647,2989,0.63734691865581,0.670079075310913,-0.032732156655103095,0.9511518000470085,xgb,pairwise_common_support_min_cell_20
61,100000,100000,alta_vs_media,alta,media,86162,1447,0.6438704594920719,0.6695708035707426,-0.025700344078670723,0.9616166894649322,xgb,pairwise_common_support_min_cell_20
62,100000,100000,media_vs_baixa,media,baixa,68981,3774,0.6682694923610344,0.6838941794025227,-0.015624687041488339,0.9771533557207072,xgb,pairwise_common_support_min_cell_20
62,100000,100000,alta_vs_baixa,alta,baixa,36647,2989,0.6374077624340716,0.6718044679004862,-0.0343967054664146,0.9487995285683188,xgb,pairwise_common_support_min_cell_20
62,100000,100000,alta_vs_media,alta,media,86162,1447,0.643874480715572,0.6695722173803809,-0.0256977366648089,0.9616206646605677,xgb,pairwise_common_support_min_cell_20
63,100000,100000,media_vs_baixa,media,baixa,68981,3774,0.6683332796548693,0.6843607226512503,-0.016027442996380925,0.9765804166342427,xgb,pairwise_common_support_min_cell_20
63,100000,100000,alta_vs_baixa,alta,baixa,36647,2989,0.6371014222654758,0.6727507182357311,-0.035649295970255235,0.9470096500770085,xgb,pairwise_common_support_min_cell_20
63,100000,100000,alta_vs_media,alta,media,86162,1447,0.6437832066981687,0.669559963291172,-0.02577675659300327,0.9615019445513147,xgb,pairwise_common_support_min_cell_20
64,100000,100000,media_vs_baixa,media,baixa,68981,3774,0.6682515258402875,0.6836085770712134,-0.0153570512309259,0.9775353151700932,xgb,pairwise_common_support_min_cell_20
64,100000,100000,alta_vs_baixa,alta,baixa,36647,2989,0.6375306099002322,0.6710944120941215,-0.033563802193889214,0.9499864674939629,xgb,pairwise_common_support_min_cell_20
64,100000,100000,alta_vs_media,alta,media,86162,1447,0.6442988003368123,0.6696517173799231,-0.025352917043110823,0.9621401448169109,xgb,pairwise_common_support_min_cell_20
65,100000,100000,media_vs_baixa,media,baixa,68981,3774,0.668331661273115,0.682593088728553,-0.014261427455437903,0.9791069852728772,xgb,pairwise_common_support_min_cell_20
65,100000,100000,alta_vs_baixa,alta,baixa,36647,2989,0.6369631886178188,0.6713695695222724,-0.03440638090445369,0.9487519505405402,xgb,pairwise_common_support_min_cell_20
65,100000,100000,alta_vs_media,alta,media,86162,1447,0.6441023608595995,0.6696040721925638,-0.025501711332964305,0.9619152385835095,xgb,pairwise_common_support_min_cell_20
66,100000,100000,media_vs_baixa,media,baixa,68981,3774,0.6682366261574673,0.6820967062245267,-0.01386008006705941,0.9796801832634902,xgb,pairwise_common_support_min_cell_20
66,100000,100000,alta_vs_baixa,alta,baixa,36647,2989,0.6370117845677701,0.6694336872996848,-0.0324219027319147,0.951568163737478,xgb,pairwise_common_support_min_cell_20
66,100000,100000,alta_vs_media,alta,media,86162,1447,0.6439586053848978,0.6695915854425557,-0.025632980057657906,0.9617184853947706,xgb,pairwise_common_support_min_cell_20
67,100000,100000,media_vs_baixa,media,baixa,68981,3774,0.6682154281548498,0.682529609160623,-0.014314181005773197,0.9790277508643518,xgb,pairwise_common_support_min_cell_20
67,100000,100000,alta_vs_baixa,alta,baixa,36647,2989,0.6372176221673236,0.6712428593765626,-0.034025237209239,0.9493100943511846,xgb,pairwise_common_support_min_cell_20
67,100000,100000,alta_vs_media,alta,media,86162,1447,0.6437771749189047,0.6696559706332548,-0.025878795714350034,0.9613550885092864,xgb,pairwise_common_support_min_cell_20
68,100000,100000,media_vs_baixa,media,baixa,68981,3774,0.668292346814799,0.6821239095523197,-0.01383156273752073,0.9797228002950396,xgb,pairwise_common_support_min_cell_20
68,100000,100000,alta_vs_baixa,alta,baixa,36647,2989,0.6372230883040665,0.6699924949765134,-0.03276940667244688,0.9510898899343707,xgb,pairwise_common_support_min_cell_20
68,100000,100000,alta_vs_media,alta,media,86162,1447,0.6437722041257151,0.6696648605569087,-0.02589265643119354,0.9613349035371803,xgb,pairwise_common_support_min_cell_20
69,100000,100000,media_vs_baixa,media,baixa,68981,3774,0.6682707767912431,0.6837434309294025,-0.015472654138159347,0.9773706723337325,xgb,pairwise_common_support_min_cell_20
69,100000,100000,alta_vs_baixa,alta,baixa,36647,2989,0.6372862969601977,0.6704019710953645,-0.033115674135166806,0.9506032566087785,xgb,pairwise_common_support_min_cell_20
69,100000,100000,alta_vs_media,alta,media,86162,1447,0.6437711376427703,0.6696075798377035,-0.025836442194933196,0.9614155469966524,xgb,pairwise_common_support_min_cell_20
70,100000,100000,media_vs_baixa,media,baixa,68981,3774,0.6683490663819237,0.6832624807339217,-0.014913414351998,0.9781732280455692,xgb,pairwise_common_support_min_cell_20
70,100000,100000,alta_vs_baixa,alta,baixa,36647,2989,0.6372690000778791,0.6717105815614476,-0.03444158148356846,0.9487255636147549,xgb,pairwise_common_support_min_cell_20
70,100000,100000,alta_vs_media,alta,media,86162,1447,0.6438678558864314,0.6695444112193223,-0.025676555332890927,0.9616507062076274,xgb,pairwise_common_support_min_cell_20
71,100000,100000,media_vs_baixa,media,baixa,68981,3774,0.6682214002157958,0.6838436261552964,-0.015622225939500578,0.9771552657040443,xgb,pairwise_common_support_min_cell_20
71,100000,100000,alta_vs_baixa,alta,baixa,36647,2989,0.6369177591233336,0.6725352164855827,-0.03561745736224908,0.9470400114534187,xgb,pairwise_common_support_min_cell_20
71,100000,100000,alta_vs_media,alta,media,86162,1447,0.6439005848472598,0.6696384497566212,-0.025737864909361474,0.9615645354314468,xgb,pairwise_common_support_min_cell_20
72,100000,100000,media_vs_baixa,media,baixa,68981,3774,0.6682983849254681,0.6817545964572964,-0.0134562115318283,0.9802623823854613,xgb,pairwise_common_support_min_cell_20
72,100000,100000,alta_vs_baixa,alta,baixa,36647,2989,0.6373324837208916,0.6697322583389048,-0.032399774618013244,0.9516227952071886,xgb,pairwise_common_support_min_cell_20
72,100000,100000,alta_vs_media,alta,media,86162,1447,0.644034498757743,0.6696104954358127,-0.025575996678069757,0.961804665768532,xgb,pairwise_common_support_min_cell_20
73,100000,100000,media_vs_baixa,media,baixa,68981,3774,0.6682329570934461,0.6842182309290442,-0.015985273835598113,0.97663717055026,xgb,pairwise_common_support_min_cell_20
73,100000,100000,alta_vs_baixa,alta,baixa,36647,2989,0.6375113752177515,0.6720562980339821,-0.03454492281623067,0.9485981711394007,xgb,pairwise_common_support_min_cell_20
73,100000,100000,alta_vs_media,alta,media,86162,1447,0.6440806896328866,0.6696525957440321,-0.02557190611114557,0.9618131755574943,xgb,pairwise_common_support_min_cell_20
74,100000,100000,media_vs_baixa,media,baixa,68981,3774,0.6684168358297156,0.681880093531301,-0.013463257701585407,0.9802556815643901,xgb,pairwise_common_support_min_cell_20
74,100000,100000,alta_vs_baixa,alta,baixa,36647,2989,0.6370173887581492,0.6687086896490899,-0.03169130089094074,0.9526082113460033,xgb,pairwise_common_support_min_cell_20
74,100000,100000,alta_vs_media,alta,media,86162,1447,0.6438619341442108,0.6697422879193909,-0.025880353775180165,0.9613577427586668,xgb,pairwise_common_support_min_cell_20
75,100000,100000,media_vs_baixa,media,baixa,68981,3774,0.6682882771693177,0.6834707257263227,-0.015182448557005013,0.9777862489415758,xgb,pairwise_common_support_min_cell_20
75,100000,100000,alta_vs_baixa,alta,baixa,36647,2989,0.6373245194080047,0.6714088141445176,-0.034084294736512866,0.9492346629676858,xgb,pairwise_common_support_min_cell_20
75,100000,100000,alta_vs_media,alta,media,86162,1447,0.6439098277170895,0.6695448730007053,-0.02563504528361582,0.9617127300688197,xgb,pairwise_common_support_min_cell_20
76,100000,100000,media_vs_baixa,media,baixa,68981,3774,0.6682463304097097,0.6851258486507759,-0.01687951824106615,0.9753628938766401,xgb,pairwise_common_support_min_cell_20
76,100000,100000,alta_vs_baixa,alta,baixa,36647,2989,0.6369872145355768,0.673354834313714,-0.036367619778137183,0.9459904081401551,xgb,pairwise_common_support_min_cell_20
76,100000,100000,alta_vs_media,alta,media,86162,1447,0.6436954600556366,0.6695790175265346,-0.02588355747089799,0.9613435355747655,xgb,pairwise_common_support_min_cell_20
77,100000,100000,media_vs_baixa,media,baixa,68981,3774,0.6682813850174142,0.6832288964350255,-0.014947511417611303,0.9781222493726408,xgb,pairwise_common_support_min_cell_20
77,100000,100000,alta_vs_baixa,alta,baixa,36647,2989,0.6369114120833383,0.6718845623290743,-0.034973150245735996,0.9479476799935658,xgb,pairwise_common_support_min_cell_20
77,100000,100000,alta_vs_media,alta,media,86162,1447,0.6439032592750507,0.6696285972813999,-0.02572533800634924,0.9615826771574713,xgb,pairwise_common_support_min_cell_20
78,100000,100000,media_vs_baixa,media,baixa,68981,3774,0.6680625581775219,0.6838091542801551,-0.01574659610263318,0.9769722355951646,xgb,pairwise_common_support_min_cell_20
78,100000,100000,alta_vs_baixa,alta,baixa,36647,2989,0.6372654315060623,0.6712270945293354,-0.03396166302327308,0.9494036171959254,xgb,pairwise_common_support_min_cell_20
78,100000,100000,alta_vs_media,alta,media,86162,1447,0.64402448481542,0.6696250358634817,-0.025600551048061693,0.9617688263177768,xgb,pairwise_common_support_min_cell_20
79,100000,100000,media_vs_baixa,media,baixa,68981,3774,0.6682888175898652,0.6823459492449596,-0.014057131655094368,0.9793988200990288,xgb,pairwise_common_support_min_cell_20
79,100000,100000,alta_vs_baixa,alta,baixa,36647,2989,0.6370368962526574,0.6720363384817475,-0.03499944222909013,0.947920312898317,xgb,pairwise_common_support_min_cell_20
79,100000,100000,alta_vs_media,alta,media,86162,1447,0.6435491733914114,0.6697974302725046,-0.026248256881093224,0.9608116488735793,xgb,pairwise_common_support_min_cell_20
80,100000,100000,media_vs_baixa,media,baixa,68981,3774,0.6683445966450944,0.6827942144458695,-0.014449617800775139,0.978837521620622,xgb,pairwise_common_support_min_cell_20
80,100000,100000,alta_vs_baixa,alta,baixa,36647,2989,0.6372429142796743,0.669893831707861,-0.03265091742818671,0.9512595640044261,xgb,pairwise_common_support_min_cell_20
80,100000,100000,alta_vs_media,alta,media,86162,1447,0.6438088161730963,0.6695172276245918,-0.025708411451495494,0.9616015684275856,xgb,pairwise_common_support_min_cell_20
81,100000,100000,media_vs_baixa,media,baixa,68981,3774,0.6681775881444008,0.6835037232695225,-0.01532613512512171,0.9775771007481722,xgb,pairwise_common_support_min_cell_20
81,100000,100000,alta_vs_baixa,alta,baixa,36647,2989,0.637325551864221,0.6703861648557042,-0.03306061299148322,0.9506842254141696,xgb,pairwise_common_support_min_cell_20
81,100000,100000,alta_vs_media,alta,media,86162,1447,0.6439704611868433,0.6696262773503843,-0.025655816163540957,0.9616863659158399,xgb,pairwise_common_support_min_cell_20
82,100000,100000,media_vs_baixa,media,baixa,68981,3774,0.6682513435590187,0.681793013374424,-0.013541669815405277,0.9801381510960593,xgb,pairwise_common_support_min_cell_20
82,100000,100000,alta_vs_baixa,alta,baixa,36647,2989,0.6371269059138354,0.6716216765100954,-0.03449477059626005,0.9486395811768569,xgb,pairwise_common_support_min_cell_20
82,100000,100000,alta_vs_media,alta,media,86162,1447,0.643627076328096,0.6696822345926136,-0.02605515826451754,0.9610932515174639,xgb,pairwise_common_support_min_cell_20
83,100000,100000,media_vs_baixa,media,baixa,68981,3774,0.6683100017656574,0.6833183887454786,-0.015008386979821209,0.978036026503874,xgb,pairwise_common_support_min_cell_20
83,100000,100000,alta_vs_baixa,alta,baixa,36647,2989,0.6372410609395027,0.6718685709274534,-0.03462750998795072,0.9484608873129002,xgb,pairwise_common_support_min_cell_20
83,100000,100000,alta_vs_media,alta,media,86162,1447,0.6438008660128367,0.6697065260948479,-0.025905660082011228,0.9613178921324379,xgb,pairwise_common_support_min_cell_20
84,100000,100000,media_vs_baixa,media,baixa,68981,3774,0.6683583221220344,0.6837180078197065,-0.015359685697672099,0.9775350575500384,xgb,pairwise_common_support_min_cell_20
84,100000,100000,alta_vs_baixa,alta,baixa,36647,2989,0.6375978013979713,0.6724064056714676,-0.0348086042734963,0.94823278900989,xgb,pairwise_common_support_min_cell_20
84,100000,100000,alta_vs_media,alta,media,86162,1447,0.6438900888587699,0.6696813497535636,-0.025791260894793777,0.9614872641976894,xgb,pairwise_common_support_min_cell_20
85,100000,100000,media_vs_baixa,media,baixa,68981,3774,0.6682416426021159,0.6832196643770367,-0.014978021774920802,0.978077297016066,xgb,pairwise_common_support_min_cell_20
85,100000,100000,alta_vs_baixa,alta,baixa,36647,2989,0.6367606898188116,0.6691688199420671,-0.032408130123255496,0.9515695753336786,xgb,pairwise_common_support_min_cell_20
85,100000,100000,alta_vs_media,alta,media,86162,1447,0.6433747259594749,0.669732507251427,-0.026357781291952098,0.9606443154444988,xgb,pairwise_common_support_min_cell_20
86,100000,100000,media_vs_baixa,media,baixa,68981,3774,0.6684806584426322,0.6834173467473511,-0.014936688304718948,0.9781441188523989,xgb,pairwise_common_support_min_cell_20
86,100000,100000,alta_vs_baixa,alta,baixa,36647,2989,0.6371902284440643,0.6723002888305861,-0.03511006038652187,0.9477762229619251,xgb,pairwise_common_support_min_cell_20
86,100000,100000,alta_vs_media,alta,media,86162,1447,0.6436883830484442,0.6696439808957296,-0.025955597847285405,0.9612397055931621,xgb,pairwise_common_support_min_cell_20
87,100000,100000,media_vs_baixa,media,baixa,68981,3774,0.6681536312597284,0.6851486117140113,-0.016994980454282937,0.9751951909940134,xgb,pairwise_common_support_min_cell_20
87,100000,100000,alta_vs_baixa,alta,baixa,36647,2989,0.63711688905856,0.6733194313546599,-0.03620254229609987,0.9462327379691634,xgb,pairwise_common_support_min_cell_20
87,100000,100000,alta_vs_media,alta,media,86162,1447,0.6436981768400671,0.6696390648628668,-0.025940888022799702,0.9612613878371745,xgb,pairwise_common_support_min_cell_20
88,100000,100000,media_vs_baixa,media,baixa,68981,3774,0.6682160418368088,0.6830762303073482,-0.014860188470539382,0.9782451975179212,xgb,pairwise_common_support_min_cell_20
88,100000,100000,alta_vs_baixa,alta,baixa,36647,2989,0.6372514652882965,0.6704165126574372,-0.03316504736914072,0.9505306824295257,xgb,pairwise_common_support_min_cell_20
88,100000,100000,alta_vs_media,alta,media,86162,1447,0.6436434363686876,0.669684615690017,-0.026041179321329433,0.9611142637725109,xgb,pairwise_common_support_min_cell_20
89,100000,100000,media_vs_baixa,media,baixa,68981,3774,0.6683919961963173,0.683667801353591,-0.01527580515727367,0.9776560997504502,xgb,pairwise_common_support_min_cell_20
89,100000,100000,alta_vs_baixa,alta,baixa,36647,2989,0.6372119119474721,0.6715673294884574,-0.03435541754098537,0.9488429290222405,xgb,pairwise_common_support_min_cell_20
89,100000,100000,alta_vs_media,alta,media,86162,1447,0.6439546787316692,0.6696326221164218,-0.0256779433847526,0.9616536851152866,xgb,pairwise_common_support_min_cell_20
90,100000,100000,media_vs_baixa,media,baixa,68981,3774,0.66830687653226,0.6832344443191652,-0.014927567786905294,0.9781516170459169,xgb,pairwise_common_support_min_cell_20
90,100000,100000,alta_vs_baixa,alta,baixa,36647,2989,0.6370729868562613,0.6716285860748226,-0.03455559921856122,0.9485495407208419,xgb,pairwise_common_support_min_cell_20
90,100000,100000,alta_vs_media,alta,media,86162,1447,0.6437882207581272,0.669670223831161,-0.025882003073033788,0.9613511215640383,xgb,pairwise_common_support_min_cell_20
91,100000,100000,media_vs_baixa,media,baixa,68981,3774,0.6683145670380181,0.6827896544102433,-0.014475087372225248,0.9788000780639712,xgb,pairwise_common_support_min_cell_20
91,100000,100000,alta_vs_baixa,alta,baixa,36647,2989,0.6375547486336081,0.670648928017472,-0.03309417938386394,0.9506534969321508,xgb,pairwise_common_support_min_cell_20
91,100000,100000,alta_vs_media,alta,media,86162,1447,0.643935001945792,0.6697070648573415,-0.025772062911549543,0.9615174092316924,xgb,pairwise_common_support_min_cell_20
92,100000,100000,media_vs_baixa,media,baixa,68981,3774,0.6682986171085179,0.6840817686830474,-0.015783151574529475,0.9769279751382437,xgb,pairwise_common_support_min_cell_20
92,100000,100000,alta_vs_baixa,alta,baixa,36647,2989,0.6371446079809534,0.6712142460821677,-0.03406963810121433,0.9492417833797829,xgb,pairwise_common_support_min_cell_20
92,100000,100000,alta_vs_media,alta,media,86162,1447,0.643840994953752,0.6695760014219515,-0.025735006468199484,0.9615652197606439,xgb,pairwise_common_support_min_cell_20
93,100000,100000,media_vs_baixa,media,baixa,68981,3774,0.6683353580693389,0.6829090752536042,-0.014573717184265367,0.9786593593314699,xgb,pairwise_common_support_min_cell_20
93,100000,100000,alta_vs_baixa,alta,baixa,36647,2989,0.6372843894087713,0.6696455815440834,-0.03236119213531208,0.951674149688716,xgb,pairwise_common_support_min_cell_20
93,100000,100000,alta_vs_media,alta,media,86162,1447,0.6435139745373757,0.66967870332707,-0.026164728789694336,0.9609294298001357,xgb,pairwise_common_support_min_cell_20
94,100000,100000,media_vs_baixa,media,baixa,68981,3774,0.6683513167792687,0.6843925291943694,-0.016041212415100703,0.9765613858555944,xgb,pairwise_common_support_min_cell_20
94,100000,100000,alta_vs_baixa,alta,baixa,36647,2989,0.6375448873831082,0.6723579240346759,-0.03481303665156765,0.9482224639479787,xgb,pairwise_common_support_min_cell_20
94,100000,100000,alta_vs_media,alta,media,86162,1447,0.6440174491778432,0.669648864948435,-0.025631415770591803,0.9617240958475073,xgb,pairwise_common_support_min_cell_20
95,100000,100000,media_vs_baixa,media,baixa,68981,3774,0.6681649283288432,0.6834073711124585,-0.015242442783615306,0.9776964027197959,xgb,pairwise_common_support_min_cell_20
95,100000,100000,alta_vs_baixa,alta,baixa,36647,2989,0.637169442790461,0.6713202640996077,-0.034150821309146706,0.9491288686854245,xgb,pairwise_common_support_min_cell_20
95,100000,100000,alta_vs_media,alta,media,86162,1447,0.6436190770464064,0.6695979582071974,-0.025978881160790945,0.9612022694478525,xgb,pairwise_common_support_min_cell_20
96,100000,100000,media_vs_baixa,media,baixa,68981,3774,0.6682581504827853,0.6826840927751849,-0.014425942292399685,0.9788687880015533,xgb,pairwise_common_support_min_cell_20
96,100000,100000,alta_vs_baixa,alta,baixa,36647,2989,0.6374587846423416,0.6698832788137131,-0.0324244941713715,0.9515968002234784,xgb,pairwise_common_support_min_cell_20
96,100000,100000,alta_vs_media,alta,media,86162,1447,0.6438687124181864,0.6697236178557139,-0.025854905437527442,0.9613946637863716,xgb,pairwise_common_support_min_cell_20
97,100000,100000,media_vs_baixa,media,baixa,68981,3774,0.6683013138473906,0.6843655789035339,-0.016064265056143334,0.9765267781557908,xgb,pairwise_common_support_min_cell_20
97,100000,100000,alta_vs_baixa,alta,baixa,36647,2989,0.6370951947935143,0.671173811964683,-0.03407861717116867,0.9492253473486807,xgb,pairwise_common_support_min_cell_20
97,100000,100000,alta_vs_media,alta,media,86162,1447,0.6438650416704821,0.6695107856522917,-0.025645743981809632,0.9616948008435391,xgb,pairwise_common_support_min_cell_20
98,100000,100000,media_vs_baixa,media,baixa,68981,3774,0.6683158616335025,0.6837642035233661,-0.015448341889863548,0.9774069162874279,xgb,pairwise_common_support_min_cell_20
98,100000,100000,alta_vs_baixa,alta,baixa,36647,2989,0.6372494143476913,0.6718350227870918,-0.034585608439400506,0.9485206825093415,xgb,pairwise_common_support_min_cell_20
98,100000,100000,alta_vs_media,alta,media,86162,1447,0.6438927386595729,0.6697118972481874,-0.0258191585886145,0.961447364613494,xgb,pairwise_common_support_min_cell_20
99,100000,100000,media_vs_baixa,media,baixa,68981,3774,0.6683400126979716,0.6841923366290676,-0.015852323931096035,0.9768306029132122,xgb,pairwise_common_support_min_cell_20
99,100000,100000,alta_vs_baixa,alta,baixa,36647,2989,0.6376183788345636,0.673166370829952,-0.035547991995388384,0.9471928582059722,xgb,pairwise_common_support_min_cell_20
99,100000,100000,alta_vs_media,alta,media,86162,1447,0.6437639647892703,0.6695636705036594,-0.025799705714389054,0.9614678829647643,xgb,pairwise_common_support_min_cell_20
100,100000,100000,media_vs_baixa,media,baixa,68981,3774,0.6683659388727528,0.6850453163642642,-0.016679377491511493,0.9756521545464557,xgb,pairwise_common_support_min_cell_20
100,100000,100000,alta_vs_baixa,alta,baixa,36647,2989,0.6370362989399696,0.6728543270531944,-0.035818028113224765,0.9467670390557018,xgb,pairwise_common_support_min_cell_20
100,100000,100000,alta_vs_media,alta,media,86162,1447,0.6435963117904573,0.6696388852084105,-0.02604257341795324,0.9611095263533747,xgb,pairwise_common_support_min_cell_20
101,100000,100000,media_vs_baixa,media,baixa,68981,3774,0.6682845072777823,0.6827003920818361,-0.014415884804053758,0.9788840244252771,xgb,pairwise_common_support_min_cell_20
101,100000,100000,alta_vs_baixa,alta,baixa,36647,2989,0.6367829312826118,0.6724166208773842,-0.03563368959477242,0.9470065306412611,xgb,pairwise_common_support_min_cell_20
101,100000,100000,alta_vs_media,alta,media,86162,1447,0.6438403533479686,0.6695819788389075,-0.025741625490938835,0.9615556775653128,xgb,pairwise_common_support_min_cell_20
102,100000,100000,media_vs_baixa,media,baixa,68981,3774,0.668406521994988,0.6835925976308397,-0.015186075635851726,0.9777849033349939,xgb,pairwise_common_support_min_cell_20
102,100000,100000,alta_vs_baixa,alta,baixa,36647,2989,0.637362505124322,0.6715948123740569,-0.03423230724973492,0.9490283328295446,xgb,pairwise_common_support_min_cell_20
102,100000,100000,alta_vs_media,alta,media,86162,1447,0.6438797852787024,0.6696336382587278,-0.025753852980025416,0.9615403834147369,xgb,pairwise_common_support_min_cell_20
103,100000,100000,media_vs_baixa,media,baixa,68981,3774,0.6682542893601218,0.683305188491855,-0.015050899131733186,0.9779733867308216,xgb,pairwise_common_support_min_cell_20
103,100000,100000,alta_vs_baixa,alta,baixa,36647,2989,0.637029855141696,0.6708170014276889,-0.033787146285992886,0.9496328414245848,xgb,pairwise_common_support_min_cell_20
103,100000,100000,alta_vs_media,alta,media,86162,1447,0.6437714559248762,0.6697182384261195,-0.02594678250124338,0.9612571660550563,xgb,pairwise_common_support_min_cell_20
104,100000,100000,media_vs_baixa,media,baixa,68981,3774,0.6682658700839542,0.6833031070715394,-0.01503723698758519,0.9779933139013067,xgb,pairwise_common_support_min_cell_20
104,100000,100000,alta_vs_baixa,alta,baixa,36647,2989,0.6373465542476934,0.6706838615671953,-0.03333730731950191,0.9502935597084412,xgb,pairwise_common_support_min_cell_20
104,100000,100000,alta_vs_media,alta,media,86162,1447,0.6439664390280768,0.6696828487141886,-0.025716409686111774,0.9615991215312023,xgb,pairwise_common_support_min_cell_20
105,100000,100000,media_vs_baixa,media,baixa,68981,3774,0.6682953249919501,0.6834291473609541,-0.015133822369003957,0.9778560478032831,xgb,pairwise_common_support_min_cell_20
105,100000,100000,alta_vs_baixa,alta,baixa,36647,2989,0.6371211268577751,0.6712774616300751,-0.03415633477229996,0.9491174116149267,xgb,pairwise_common_support_min_cell_20
105,100000,100000,alta_vs_media,alta,media,86162,1447,0.6438610298454982,0.6696808511334831,-0.02581982128798488,0.9614445877550732,xgb,pairwise_common_support_min_cell_20
106,100000,100000,media_vs_baixa,media,baixa,68981,3774,0.6683085185688495,0.6825824851866029,-0.014273966617753375,0.9790882905326069,xgb,pairwise_common_support_min_cell_20
106,100000,100000,alta_vs_baixa,alta,baixa,36647,2989,0.6372323860712975,0.6691796466683834,-0.03194726059708586,0.952259067118762,xgb,pairwise_common_support_min_cell_20
106,100000,100000,alta_vs_media,alta,media,86162,1447,0.644088456289773,0.6695961351674939,-0.025507678877720985,0.9619058749923334,xgb,pairwise_common_support_min_cell_20
107,100000,100000,media_vs_baixa,media,baixa,68981,3774,0.6682385231057762,0.6833595164034779,-0.015120993297701668,0.977872564975339,xgb,pairwise_common_support_min_cell_20
107,100000,100000,alta_vs_baixa,alta,baixa,36647,2989,0.6370897058131508,0.6714503598518518,-0.03436065403870092,0.948826218447061,xgb,pairwise_common_support_min_cell_20
107,100000,100000,alta_vs_media,alta,media,86162,1447,0.6437477285796837,0.6697011826533007,-0.025953454073617044,0.9612462173490696,xgb,pairwise_common_support_min_cell_20
108,100000,100000,media_vs_baixa,media,baixa,68981,3774,0.6681571790520208,0.6821441671208958,-0.013986988068874995,0.9794955542493173,xgb,pairwise_common_support_min_cell_20
108,100000,100000,alta_vs_baixa,alta,baixa,36647,2989,0.637497194099858,0.6704891746277282,-0.032991980527870224,0.9507941637593356,xgb,pairwise_common_support_min_cell_20
108,100000,100000,alta_vs_media,alta,media,86162,1447,0.6440049459152474,0.6695762296546398,-0.025571283739392436,0.9618097497986423,xgb,pairwise_common_support_min_cell_20
109,100000,100000,media_vs_baixa,media,baixa,68981,3774,0.6681522747146932,0.6840549133165288,-0.015902638601835606,0.9767523947386998,xgb,pairwise_common_support_min_cell_20
109,100000,100000,alta_vs_baixa,alta,baixa,36647,2989,0.6374861879174033,0.672226654881469,-0.03474046696406574,0.948320307277623,xgb,pairwise_common_support_min_cell_20
109,100000,100000,alta_vs_media,alta,media,86162,1447,0.6440162355630588,0.6696026519454247,-0.025586416382365917,0.9617886573357668,xgb,pairwise_common_support_min_cell_20
110,100000,100000,media_vs_baixa,media,baixa,68981,3774,0.66812839770378,0.6831300882582672,-0.01500169055448719,0.9780397748359525,xgb,pairwise_common_support_min_cell_20
110,100000,100000,alta_vs_baixa,alta,baixa,36647,2989,0.6368366625137697,0.6701776034560046,-0.03334094094223494,0.950250589141892,xgb,pairwise_common_support_min_cell_20
110,100000,100000,alta_vs_media,alta,media,86162,1447,0.6440544992879835,0.6696853791282924,-0.025630879840308873,0.9617269830891758,xgb,pairwise_common_support_min_cell_20
111,100000,100000,media_vs_baixa,media,baixa,68981,3774,0.668413771225362,0.6827652368644649,-0.014351465639102834,0.9789803802768129,xgb,pairwise_common_support_min_cell_20
111,100000,100000,alta_vs_baixa,alta,baixa,36647,2989,0.637011886231659,0.670510574846067,-0.03349868861440797,0.9500400293879057,xgb,pairwise_common_support_min_cell_20
111,100000,100000,alta_vs_media,alta,media,86162,1447,0.6437360104173991,0.6696397711014738,-0.025903760684074628,0.9613168724410347,xgb,pairwise_common_support_min_cell_20
112,100000,100000,media_vs_baixa,media,baixa,68981,3774,0.6682421015140375,0.6831875673333143,-0.014945465819276804,0.9781239200859386,xgb,pairwise_common_support_min_cell_20
112,100000,100000,alta_vs_baixa,alta,baixa,36647,2989,0.637147882533891,0.6706966485293197,-0.033548765995428664,0.9499792252294785,xgb,pairwise_common_support_min_cell_20
112,100000,100000,alta_vs_media,alta,media,86162,1447,0.6437864707204295,0.6696168102036707,-0.025830339483241205,0.9614251926032373,xgb,pairwise_common_support_min_cell_20
113,100000,100000,media_vs_baixa,media,baixa,68981,3774,0.6682968767514063,0.6836571166134335,-0.01536023986202728,0.9775322460795614,xgb,pairwise_common_support_min_cell_20
113,100000,100000,alta_vs_baixa,alta,baixa,36647,2989,0.637497154261577,0.67121026710375,-0.03371311284217293,0.9497726502491628,xgb,pairwise_common_support_min_cell_20
113,100000,100000,alta_vs_media,alta,media,86162,1447,0.6438877015542447,0.6695540213000069,-0.025666319745762167,0.961666543804892,xgb,pairwise_common_support_min_cell_20
114,100000,100000,media_vs_baixa,media,baixa,68981,3774,0.6681959176102242,0.6841993247716676,-0.016003407161443328,0.9766100219891565,xgb,pairwise_common_support_min_cell_20
114,100000,100000,alta_vs_baixa,alta,baixa,36647,2989,0.6372643803759177,0.6712099405392193,-0.033945560163301636,0.9494263149082218,xgb,pairwise_common_support_min_cell_20
114,100000,100000,alta_vs_media,alta,media,86162,1447,0.6441854830115082,0.6695913366199011,-0.02540585360839287,0.9620576727640449,xgb,pairwise_common_support_min_cell_20
115,100000,100000,media_vs_baixa,media,baixa,68981,3774,0.6682052999333512,0.6834909373109926,-0.015285637377641437,0.9776359326170753,xgb,pairwise_common_support_min_cell_20
115,100000,100000,alta_vs_baixa,alta,baixa,36647,2989,0.6374371798248105,0.6710246326537262,-0.03358745282891573,0.9499460210632117,xgb,pairwise_common_support_min_cell_20
115,100000,100000,alta_vs_media,alta,media,86162,1447,0.6440716988236881,0.6698089980872413,-0.02573729926355317,0.9615751664473744,xgb,pairwise_common_support_min_cell_20
116,100000,100000,media_vs_baixa,media,baixa,68981,3774,0.6683323737583343,0.6836070148734672,-0.015274641115132881,0.9776558157204397,xgb,pairwise_common_support_min_cell_20
116,100000,100000,alta_vs_baixa,alta,baixa,36647,2989,0.6370533093688268,0.6716863486887151,-0.03463303931988837,0.9484386732177899,xgb,pairwise_common_support_min_cell_20
116,100000,100000,alta_vs_media,alta,media,86162,1447,0.6441171111523648,0.6696037474072473,-0.025486636254882455,0.9619377335423099,xgb,pairwise_common_support_min_cell_20
117,100000,100000,media_vs_baixa,media,baixa,68981,3774,0.6682753151613899,0.6824940694058695,-0.014218754244479603,0.9791664794144549,xgb,pairwise_common_support_min_cell_20
117,100000,100000,alta_vs_baixa,alta,baixa,36647,2989,0.6372162225050747,0.6708459687885036,-0.03362974628342885,0.9498696454207489,xgb,pairwise_common_support_min_cell_20
117,100000,100000,alta_vs_media,alta,media,86162,1447,0.6438938460684098,0.6697176098004644,-0.025823763732054528,0.9614408172128721,xgb,pairwise_common_support_min_cell_20
118,100000,100000,media_vs_baixa,media,baixa,68981,3774,0.668225764994677,0.6828792277996647,-0.014653462804987694,0.978541648056563,xgb,pairwise_common_support_min_cell_20
118,100000,100000,alta_vs_baixa,alta,baixa,36647,2989,0.6371505514836918,0.6697592540576509,-0.03260870257395909,0.9513128002690467,xgb,pairwise_common_support_min_cell_20
118,100000,100000,alta_vs_media,alta,media,86162,1447,0.6439000900698909,0.6696398576330764,-0.025739767563185523,0.9615617749305337,xgb,pairwise_common_support_min_cell_20
119,100000,100000,media_vs_baixa,media,baixa,68981,3774,0.668272935760293,0.6831723902184579,-0.014899454458164874,0.9781907836565227,xgb,pairwise_common_support_min_cell_20
119,100000,100000,alta_vs_baixa,alta,baixa,36647,2989,0.6376939117758611,0.6713932101900684,-0.03369929841420727,0.9498069121004856,xgb,pairwise_common_support_min_cell_20
119,100000,100000,alta_vs_media,alta,media,86162,1447,0.6438687352107058,0.669542290058565,-0.02567355484785927,0.961655066111487,xgb,pairwise_common_support_min_cell_20
120,100000,100000,media_vs_baixa,media,baixa,68981,3774,0.6682160793620263,0.68309192747347,-0.014875848111443712,0.9782227727877497,xgb,pairwise_common_support_min_cell_20
120,100000,100000,alta_vs_baixa,alta,baixa,36647,2989,0.6372282625373016,0.6705145088130476,-0.033286246275746056,0.950357157319877,xgb,pairwise_common_support_min_cell_20
120,100000,100000,alta_vs_media,alta,media,86162,1447,0.6439198612799265,0.6696823362532898,-0.02576247497336326,0.9615303053720992,xgb,pairwise_common_support_min_cell_20
121,100000,100000,media_vs_baixa,media,baixa,68981,3774,0.6682024417319874,0.6844457941573293,-0.016243352425341917,0.9762678760480363,xgb,pairwise_common_support_min_cell_20
121,100000,100000,alta_vs_baixa,alta,baixa,36647,2989,0.6373588931750458,0.6718941963089337,-0.03453530313388786,0.9486000871512087,xgb,pairwise_common_support_min_cell_20
121,100000,100000,alta_vs_media,alta,media,86162,1447,0.6437751827055027,0.6695531657358277,-0.02577798303032497,0.9614997219795154,xgb,pairwise_common_support_min_cell_20
122,100000,100000,media_vs_baixa,media,baixa,68981,3774,0.6683479347674852,0.6829265851712327,-0.014578650403747506,0.9786526828501014,xgb,pairwise_common_support_min_cell_20
122,100000,100000,alta_vs_baixa,alta,baixa,36647,2989,0.6372283683293036,0.6709249007332067,-0.03369653240390302,0.9497759997175862,xgb,pairwise_common_support_min_cell_20
122,100000,100000,alta_vs_media,alta,media,86162,1447,0.6439230597772739,0.669703342496551,-0.025780282719277015,0.9615049215326116,xgb,pairwise_common_support_min_cell_20
123,100000,100000,media_vs_baixa,media,baixa,68981,3774,0.6682284160619133,0.6841526009503787,-0.015924184888465365,0.9767242207859116,xgb,pairwise_common_support_min_cell_20
123,100000,100000,alta_vs_baixa,alta,baixa,36647,2989,0.6369842154622329,0.6730217035031563,-0.03603748804092333,0.9464541962713179,xgb,pairwise_common_support_min_cell_20
123,100000,100000,alta_vs_media,alta,media,86162,1447,0.6436002593324928,0.6696535100035355,-0.026053250671042694,0.9610944312516108,xgb,pairwise_common_support_min_cell_20
124,100000,100000,media_vs_baixa,media,baixa,68981,3774,0.6682703025645043,0.6838931065102842,-0.015622803945779973,0.9771560733730761,xgb,pairwise_common_support_min_cell_20
124,100000,100000,alta_vs_baixa,alta,baixa,36647,2989,0.6368259939847184,0.6722270805271473,-0.035401086542428906,0.947337607234347,xgb,pairwise_common_support_min_cell_20
124,100000,100000,alta_vs_media,alta,media,86162,1447,0.643812070795226,0.6697112813786407,-0.02589921058341471,0.9613277970618926,xgb,pairwise_common_support_min_cell_20
125,100000,100000,media_vs_baixa,media,baixa,68981,3774,0.6682471054893261,0.6830934854024199,-0.014846379913093788,0.9782659617894796,xgb,pairwise_common_support_min_cell_20
125,100000,100000,alta_vs_baixa,alta,baixa,36647,2989,0.6372159234372229,0.6722212538524472,-0.035005330415224356,0.9479258797388337,xgb,pairwise_common_support_min_cell_20
125,100000,100000,alta_vs_media,alta,media,86162,1447,0.6435806067525742,0.6697099169553413,-0.026129310202767098,0.9609841372492182,xgb,pairwise_common_support_min_cell_20
126,100000,100000,media_vs_baixa,media,baixa,68981,3774,0.6683350442467385,0.683316761559892,-0.014981717313153453,0.9780750039279692,xgb,pairwise_common_support_min_cell_20
126,100000,100000,alta_vs_baixa,alta,baixa,36647,2989,0.6371207622029041,0.6711786289681735,-0.03405786676526934,0.949256628123533,xgb,pairwise_common_support_min_cell_20
126,100000,100000,alta_vs_media,alta,media,86162,1447,0.6437495742121535,0.6696888843180727,-0.02593931010591921,0.9612666258716052,xgb,pairwise_common_support_min_cell_20
127,100000,100000,media_vs_baixa,media,baixa,68981,3774,0.6683297908402096,0.6831912118920759,-0.014861421051866275,0.9782470547144363,xgb,pairwise_common_support_min_cell_20
127,100000,100000,alta_vs_baixa,alta,baixa,36647,2989,0.6371480544150007,0.669645157336566,-0.03249710292156538,0.9514711596648907,xgb,pairwise_common_support_min_cell_20
127,100000,100000,alta_vs_media,alta,media,86162,1447,0.6437895837729339,0.669599438886536,-0.02580985511360201,0.9614547838383486,xgb,pairwise_common_support_min_cell_20
128,100000,100000,media_vs_baixa,media,baixa,68981,3774,0.6682162119621244,0.6826247873918905,-0.014408575429766035,0.9788923934555366,xgb,pairwise_common_support_min_cell_20
128,100000,100000,alta_vs_baixa,alta,baixa,36647,2989,0.637047151847936,0.6697485584935257,-0.032701406645589626,0.951173606526089,xgb,pairwise_common_support_min_cell_20
128,100000,100000,alta_vs_media,alta,media,86162,1447,0.6439506387495503,0.6696448298376013,-0.025694191088051044,0.9616301210086513,xgb,pairwise_common_support_min_cell_20
129,100000,100000,media_vs_baixa,media,baixa,68981,3774,0.6682977051665143,0.6826606973829178,-0.01436299221640347,0.9789602766477312,xgb,pairwise_common_support_min_cell_20
129,100000,100000,alta_vs_baixa,alta,baixa,36647,2989,0.6372518517427516,0.6707013958165265,-0.033449544073774984,0.9501275168317597,xgb,pairwise_common_support_min_cell_20
129,100000,100000,alta_vs_media,alta,media,86162,1447,0.6437533272627344,0.6696850442885968,-0.02593171702586239,0.9612777420564774,xgb,pairwise_common_support_min_cell_20
130,100000,100000,media_vs_baixa,media,baixa,68981,3774,0.6682495560173656,0.6835038159626117,-0.015254259945246096,0.9776822607438368,xgb,pairwise_common_support_min_cell_20
130,100000,100000,alta_vs_baixa,alta,baixa,36647,2989,0.6371751881797308,0.6703261999679049,-0.033151011788174034,0.9505449558889966,xgb,pairwise_common_support_min_cell_20
130,100000,100000,alta_vs_media,alta,media,86162,1447,0.6438473988598717,0.6695705108113617,-0.025723111951489908,0.9615826689853477,xgb,pairwise_common_support_min_cell_20
131,100000,100000,media_vs_baixa,media,baixa,68981,3774,0.6683155518942849,0.6837865022028754,-0.01547095030859047,0.9773745894972341,xgb,pairwise_common_support_min_cell_20
131,100000,100000,alta_vs_baixa,alta,baixa,36647,2989,0.6373462601049811,0.6721267054625086,-0.034780445357527556,0.9482531417441683,xgb,pairwise_common_support_min_cell_20
131,100000,100000,alta_vs_media,alta,media,86162,1447,0.6437931797376162,0.6696993926851628,-0.02590621294754658,0.9613166545609733,xgb,pairwise_common_support_min_cell_20
132,100000,100000,media_vs_baixa,media,baixa,68981,3774,0.6681905318676596,0.6834899634044468,-0.015299431536787145,0.9776157188021005,xgb,pairwise_common_support_min_cell_20
132,100000,100000,alta_vs_baixa,alta,baixa,36647,2989,0.6375987039984646,0.6710561604937669,-0.033457456495302296,0.9501420917279351,xgb,pairwise_common_support_min_cell_20
132,100000,100000,alta_vs_media,alta,media,86162,1447,0.6438513258693762,0.6696830545169751,-0.02583172864759886,0.9614269340199587,xgb,pairwise_common_support_min_cell_20
133,100000,100000,media_vs_baixa,media,baixa,68981,3774,0.6682990240110188,0.6835143308504266,-0.01521530683940775,0.9777395935203335,xgb,pairwise_common_support_min_cell_20
133,100000,100000,alta_vs_baixa,alta,baixa,36647,2989,0.6374606524628025,0.6712477068682443,-0.03378705440544183,0.9496652963433159,xgb,pairwise_common_support_min_cell_20
133,100000,100000,alta_vs_media,alta,media,86162,1447,0.644222709032865,0.6696658786279884,-0.025443169595123383,0.9620061729182747,xgb,pairwise_common_support_min_cell_20
134,100000,100000,media_vs_baixa,media,baixa,68981,3774,0.6682982565815972,0.6827220275292073,-0.014423770947610048,0.978873142558751,xgb,pairwise_common_support_min_cell_20
134,100000,100000,alta_vs_baixa,alta,baixa,36647,2989,0.6370683376852603,0.6712725564116319,-0.03420421872637158,0.9490457066959294,xgb,pairwise_common_support_min_cell_20
134,100000,100000,alta_vs_media,alta,media,86162,1447,0.6438970108096341,0.6695794414711785,-0.02568243066154441,0.9616439378647651,xgb,pairwise_common_support_min_cell_20
135,100000,100000,media_vs_baixa,media,baixa,68981,3774,0.6682705585181224,0.6825930972552966,-0.01432253873717415,0.9790174574065208,xgb,pairwise_common_support_min_cell_20
135,100000,100000,alta_vs_baixa,alta,baixa,36647,2989,0.6370739715431863,0.6695458721635641,-0.03247190062037775,0.9515016043404937,xgb,pairwise_common_support_min_cell_20
135,100000,100000,alta_vs_media,alta,media,86162,1447,0.643737787039004,0.6697023658519874,-0.02596457881298342,0.9612296743495126,xgb,pairwise_common_support_min_cell_20
136,100000,100000,media_vs_baixa,media,baixa,68981,3774,0.6681874591857125,0.6833681978705781,-0.01518073868486558,0.977785418267678,xgb,pairwise_common_support_min_cell_20
136,100000,100000,alta_vs_baixa,alta,baixa,36647,2989,0.6371201860646925,0.6709892525944069,-0.03386906652971444,0.9495236825347674,xgb,pairwise_common_support_min_cell_20
136,100000,100000,alta_vs_media,alta,media,86162,1447,0.6438949689861317,0.6696440810158478,-0.02574911202971608,0.9615480629789861,xgb,pairwise_common_support_min_cell_20
137,100000,100000,media_vs_baixa,media,baixa,68981,3774,0.6681835012936121,0.683522200717824,-0.015338699424211844,0.9775593252009908,xgb,pairwise_common_support_min_cell_20
137,100000,100000,alta_vs_baixa,alta,baixa,36647,2989,0.637552865801163,0.6712930203205137,-0.03374015451935075,0.9497385590226437,xgb,pairwise_common_support_min_cell_20
137,100000,100000,alta_vs_media,alta,media,86162,1447,0.6438928899465058,0.6695927314092777,-0.025699841462771822,0.961618697071753,xgb,pairwise_common_support_min_cell_20
138,100000,100000,media_vs_baixa,media,baixa,68981,3774,0.6681337853634562,0.6839615385971457,-0.015827753233689457,0.9768587086546514,xgb,pairwise_common_support_min_cell_20
138,100000,100000,alta_vs_baixa,alta,baixa,36647,2989,0.637046620193802,0.6701772283727888,-0.03313060817898683,0.9505644077769861,xgb,pairwise_common_support_min_cell_20
138,100000,100000,alta_vs_media,alta,media,86162,1447,0.6438141721347025,0.6695220676763511,-0.02570789554164865,0.961602616578613,xgb,pairwise_common_support_min_cell_20
139,100000,100000,media_vs_baixa,media,baixa,68981,3774,0.6684026774279309,0.6828641648075959,-0.014461487379665017,0.9788223073856281,xgb,pairwise_common_support_min_cell_20
139,100000,100000,alta_vs_baixa,alta,baixa,36647,2989,0.6372036202446546,0.6709144582548457,-0.033710838010191146,0.9497538954550505,xgb,pairwise_common_support_min_cell_20
139,100000,100000,alta_vs_media,alta,media,86162,1447,0.6437965876783319,0.6695741817087689,-0.025777594030437,0.9615015113565879,xgb,pairwise_common_support_min_cell_20
140,100000,100000,media_vs_baixa,media,baixa,68981,3774,0.668290151416563,0.6833076597225448,-0.015017508305981808,0.9780223328506523,xgb,pairwise_common_support_min_cell_20
140,100000,100000,alta_vs_baixa,alta,baixa,36647,2989,0.6370749270670172,0.6712137289101543,-0.03413880184313711,0.9491387014705911,xgb,pairwise_common_support_min_cell_20
140,100000,100000,alta_vs_media,alta,media,86162,1447,0.6436834767424301,0.6697969385692729,-0.02611346182684282,0.9610128677467192,xgb,pairwise_common_support_min_cell_20
141,100000,100000,media_vs_baixa,media,baixa,68981,3774,0.6684180311682472,0.6820306310595483,-0.013612599891301147,0.980041072539288,xgb,pairwise_common_support_min_cell_20
141,100000,100000,alta_vs_baixa,alta,baixa,36647,2989,0.6374679502460097,0.6699520581180922,-0.03248410787208256,0.9515127874025329,xgb,pairwise_common_support_min_cell_20
141,100000,100000,alta_vs_media,alta,media,86162,1447,0.6438939454952549,0.6696021160142137,-0.025708170518958795,0.9616067961792207,xgb,pairwise_common_support_min_cell_20
142,100000,100000,media_vs_baixa,media,baixa,68981,3774,0.6683373250231932,0.6831955098256957,-0.01485818480250245,0.9782519284907285,xgb,pairwise_common_support_min_cell_20
142,100000,100000,alta_vs_baixa,alta,baixa,36647,2989,0.6372946556568787,0.6713739064462073,-0.03407925078932861,0.9492395363267531,xgb,pairwise_common_support_min_cell_20
142,100000,100000,alta_vs_media,alta,media,86162,1447,0.6441830946927557,0.6695431703065491,-0.025360075613793387,0.9621233152117998,xgb,pairwise_common_support_min_cell_20
143,100000,100000,media_vs_baixa,media,baixa,68981,3774,0.6683559540034967,0.6824359839287519,-0.014080029925255255,0.9793679843137855,xgb,pairwise_common_support_min_cell_20
143,100000,100000,alta_vs_baixa,alta,baixa,36647,2989,0.6372320840225555,0.6697168536734112,-0.03248476965085567,0.9514947705546366,xgb,pairwise_common_support_min_cell_20
143,100000,100000,alta_vs_media,alta,media,86162,1447,0.6440158677982875,0.6695922885894866,-0.02557642079119915,0.9618029938112391,xgb,pairwise_common_support_min_cell_20
144,100000,100000,media_vs_baixa,media,baixa,68981,3774,0.6682560158780841,0.6830001742149611,-0.014744158336876922,0.9784126580145842,xgb,pairwise_common_support_min_cell_20
144,100000,100000,alta_vs_baixa,alta,baixa,36647,2989,0.6374252107992572,0.6707448902321109,-0.033319679432853744,0.9503243633785663,xgb,pairwise_common_support_min_cell_20
144,100000,100000,alta_vs_media,alta,media,86162,1447,0.6437104949979557,0.6697135620262917,-0.02600306702833599,0.9611728528392633,xgb,pairwise_common_support_min_cell_20
145,100000,100000,media_vs_baixa,media,baixa,68981,3774,0.6683485292331841,0.6823210976571726,-0.01397256842398853,0.9795220044170334,xgb,pairwise_common_support_min_cell_20
145,100000,100000,alta_vs_baixa,alta,baixa,36647,2989,0.6371705714613702,0.6699503496922041,-0.03277977823083389,0.9510713320085676,xgb,pairwise_common_support_min_cell_20
145,100000,100000,alta_vs_media,alta,media,86162,1447,0.6438098480480137,0.6696178622977997,-0.02580801424978607,0.9614585934711694,xgb,pairwise_common_support_min_cell_20
146,100000,100000,media_vs_baixa,media,baixa,68981,3774,0.6682788890032265,0.6833932629467148,-0.015114373943488246,0.9778833436573302,xgb,pairwise_common_support_min_cell_20
146,100000,100000,alta_vs_baixa,alta,baixa,36647,2989,0.6376788416129686,0.6717261235617576,-0.03404728194878903,0.9493137444644003,xgb,pairwise_common_support_min_cell_20
146,100000,100000,alta_vs_media,alta,media,86162,1447,0.6434986859451876,0.6697656007109052,-0.02626691476571763,0.9607819291736731,xgb,pairwise_common_support_min_cell_20
147,100000,100000,media_vs_baixa,media,baixa,68981,3774,0.6683803334055244,0.682142643147207,-0.013762309741682577,0.9798248799134045,xgb,pairwise_common_support_min_cell_20
147,100000,100000,alta_vs_baixa,alta,baixa,36647,2989,0.6377146530830867,0.6704893377286487,-0.03277468464556199,0.9511182612439602,xgb,pairwise_common_support_min_cell_20
147,100000,100000,alta_vs_media,alta,media,86162,1447,0.6439032362141328,0.6696295514175471,-0.025726315203414285,0.9615812725872777,xgb,pairwise_common_support_min_cell_20
148,100000,100000,media_vs_baixa,media,baixa,68981,3774,0.66827043355279,0.6840334551658191,-0.015763021613029116,0.9769557738821298,xgb,pairwise_common_support_min_cell_20
148,100000,100000,alta_vs_baixa,alta,baixa,36647,2989,0.6373375805664749,0.6711112488359521,-0.03377366826947714,0.9496750079393576,xgb,pairwise_common_support_min_cell_20
148,100000,100000,alta_vs_media,alta,media,86162,1447,0.6437562122420817,0.6696326166054356,-0.025876404363353922,0.9613573118726967,xgb,pairwise_common_support_min_cell_20
149,100000,100000,media_vs_baixa,media,baixa,68981,3774,0.6682361241761503,0.6834226364056825,-0.015186512229532156,0.9777787398008904,xgb,pairwise_common_support_min_cell_20
149,100000,100000,alta_vs_baixa,alta,baixa,36647,2989,0.6369311867940392,0.6719468030186564,-0.03501561622461724,0.9478893030410845,xgb,pairwise_common_support_min_cell_20
149,100000,100000,alta_vs_media,alta,media,86162,1447,0.6440319078544139,0.6695690493241799,-0.025537141469766045,0.9618603316632667,xgb,pairwise_common_support_min_cell_20
150,100000,100000,media_vs_baixa,media,baixa,68981,3774,0.66834306716888,0.6836482511906404,-0.015305184021760398,0.9776124871304726,xgb,pairwise_common_support_min_cell_20
150,100000,100000,alta_vs_baixa,alta,baixa,36647,2989,0.6370643288790923,0.6712648867986704,-0.0342005579195781,0.9490505781068276,xgb,pairwise_common_support_min_cell_20
150,100000,100000,alta_vs_media,alta,media,86162,1447,0.6436456594864439,0.6696932180524021,-0.026047558565958195,0.9611052376464113,xgb,pairwise_common_support_min_cell_20
151,100000,100000,media_vs_baixa,media,baixa,68981,3774,0.6683683372342013,0.6834793866532511,-0.015111049419049838,0.9778909946457301,xgb,pairwise_common_support_min_cell_20
151,100000,100000,alta_vs_baixa,alta,baixa,36647,2989,0.636974902982749,0.6717196449294716,-0.03474474194672261,0.9482749355196085,xgb,pairwise_common_support_min_cell_20
151,100000,100000,alta_vs_media,alta,media,86162,1447,0.6437533350342187,0.6695967203631186,-0.02584338532889985,0.9614045521087901,xgb,pairwise_common_support_min_cell_20
152,100000,100000,media_vs_baixa,media,baixa,68981,3774,0.668445555257144,0.6837622077050405,-0.015316652447896484,0.9775994457206039,xgb,pairwise_common_support_min_cell_20
152,100000,100000,alta_vs_baixa,alta,baixa,36647,2989,0.6374816645935535,0.6706943347112128,-0.03321267011765927,0.9504801689849371,xgb,pairwise_common_support_min_cell_20
152,100000,100000,alta_vs_media,alta,media,86162,1447,0.6437692320648215,0.6695205678772547,-0.025751335812433163,0.9615376479111329,xgb,pairwise_common_support_min_cell_20
153,100000,100000,media_vs_baixa,media,baixa,68981,3774,0.6683293762249083,0.6837245087965065,-0.015395132571598191,0.9774834273548322,xgb,pairwise_common_support_min_cell_20
153,100000,100000,alta_vs_baixa,alta,baixa,36647,2989,0.6374247671847127,0.6713170437741613,-0.0338922765894486,0.9495137552312014,xgb,pairwise_common_support_min_cell_20
153,100000,100000,alta_vs_media,alta,media,86162,1447,0.6439923962065626,0.6695601510230684,-0.02556775481650586,0.9618141032177033,xgb,pairwise_common_support_min_cell_20
154,100000,100000,media_vs_baixa,media,baixa,68981,3774,0.6683831782638316,0.6827614995386408,-0.014378321274809203,0.978940931372778,xgb,pairwise_common_support_min_cell_20
154,100000,100000,alta_vs_baixa,alta,baixa,36647,2989,0.6369493416629695,0.6711521073887212,-0.03420276572575176,0.9490387270646801,xgb,pairwise_common_support_min_cell_20
154,100000,100000,alta_vs_media,alta,media,86162,1447,0.6437025429670307,0.669520766293123,-0.025818223326092293,0.9614377557412628,xgb,pairwise_common_support_min_cell_20
155,100000,100000,media_vs_baixa,media,baixa,68981,3774,0.6682705275761275,0.6839807956028249,-0.015710268026697394,0.9770311270028404,xgb,pairwise_common_support_min_cell_20
155,100000,100000,alta_vs_baixa,alta,baixa,36647,2989,0.637376598721791,0.6716789609113671,-0.03430236218957616,0.9489304203558304,xgb,pairwise_common_support_min_cell_20
155,100000,100000,alta_vs_media,alta,media,86162,1447,0.6441806169567503,0.6696349012218078,-0.02545428426505747,0.961987817214106,xgb,pairwise_common_support_min_cell_20
156,100000,100000,media_vs_baixa,media,baixa,68981,3774,0.6683385904579832,0.6830107518584339,-0.01467216140045069,0.9785184034650574,xgb,pairwise_common_support_min_cell_20
156,100000,100000,alta_vs_baixa,alta,baixa,36647,2989,0.6372323540503656,0.6716052869152486,-0.034372932864882966,0.948819740501506,xgb,pairwise_common_support_min_cell_20
156,100000,100000,alta_vs_media,alta,media,86162,1447,0.6440947862307782,0.6695546849425306,-0.02545989871175236,0.9619748778041369,xgb,pairwise_common_support_min_cell_20
157,100000,100000,media_vs_baixa,media,baixa,68981,3774,0.6683010377329235,0.6829246593080944,-0.014623621575170942,0.9785867717970722,xgb,pairwise_common_support_min_cell_20
157,100000,100000,alta_vs_baixa,alta,baixa,36647,2989,0.6371925822539757,0.6716475567992464,-0.03445497454527069,0.948700811613956,xgb,pairwise_common_support_min_cell_20
157,100000,100000,alta_vs_media,alta,media,86162,1447,0.6436692568454029,0.6697091908343606,-0.026039933988957764,0.9611175502063578,xgb,pairwise_common_support_min_cell_20
158,100000,100000,media_vs_baixa,media,baixa,68981,3774,0.6682135180404594,0.6833640922750871,-0.015150574234627734,0.977829425915272,xgb,pairwise_common_support_min_cell_20
158,100000,100000,alta_vs_baixa,alta,baixa,36647,2989,0.6367202252732188,0.672382427776072,-0.035662202502853235,0.946961429939793,xgb,pairwise_common_support_min_cell_20
158,100000,100000,alta_vs_media,alta,media,86162,1447,0.6441644126295297,0.6695945198892699,-0.025430107259740153,0.9620216317422289,xgb,pairwise_common_support_min_cell_20
159,100000,100000,media_vs_baixa,media,baixa,68981,3774,0.6683256223475222,0.6821309984311102,-0.013805376083588006,0.9797614005002849,xgb,pairwise_common_support_min_cell_20
159,100000,100000,alta_vs_baixa,alta,baixa,36647,2989,0.6372197450352123,0.6696540943408392,-0.03243434930562694,0.9515655178102763,xgb,pairwise_common_support_min_cell_20
159,100000,100000,alta_vs_media,alta,media,86162,1447,0.643732156492994,0.669636693479942,-0.025904536986948057,0.9613155353654108,xgb,pairwise_common_support_min_cell_20
160,100000,100000,media_vs_baixa,media,baixa,68981,3774,0.6682160265169845,0.6842574357640764,-0.016041409247091853,0.9765564706955955,xgb,pairwise_common_support_min_cell_20
160,100000,100000,alta_vs_baixa,alta,baixa,36647,2989,0.6368228385811688,0.6717299799659039,-0.03490714138473505,0.9480339683714774,xgb,pairwise_common_support_min_cell_20
160,100000,100000,alta_vs_media,alta,media,86162,1447,0.643760925090006,0.669629048277468,-0.02586812318746201,0.9613694727640559,xgb,pairwise_common_support_min_cell_20
161,100000,100000,media_vs_baixa,media,baixa,68981,3774,0.6683162881393798,0.6824832992614959,-0.014167011122116047,0.9792419665983828,xgb,pairwise_common_support_min_cell_20
161,100000,100000,alta_vs_baixa,alta,baixa,36647,2989,0.6374719810968212,0.6709081082627925,-0.03343612716597122,0.9501628810947766,xgb,pairwise_common_support_min_cell_20
161,100000,100000,alta_vs_media,alta,media,86162,1447,0.6440079674238738,0.6695718315193806,-0.025563864095506816,0.9618205801198391,xgb,pairwise_common_support_min_cell_20
162,100000,100000,media_vs_baixa,media,baixa,68981,3774,0.6683003113961611,0.6845672240613281,-0.016266912665167,0.9762376694451418,xgb,pairwise_common_support_min_cell_20
162,100000,100000,alta_vs_baixa,alta,baixa,36647,2989,0.6371835098538097,0.6724737340940021,-0.03529022424019246,0.9475217804785526,xgb,pairwise_common_support_min_cell_20
162,100000,100000,alta_vs_media,alta,media,86162,1447,0.6441519300199904,0.6695887091185431,-0.025436779098552686,0.962011338076417,xgb,pairwise_common_support_min_cell_20
163,100000,100000,media_vs_baixa,media,baixa,68981,3774,0.6682775382591648,0.6823275467227504,-0.014050008463585617,0.9794087040292182,xgb,pairwise_common_support_min_cell_20
163,100000,100000,alta_vs_baixa,alta,baixa,36647,2989,0.6368903883302626,0.6700326922607586,-0.033142303930496,0.9505362882836799,xgb,pairwise_common_support_min_cell_20
163,100000,100000,alta_vs_media,alta,media,86162,1447,0.6437589151957449,0.6696756185036337,-0.025916703307888755,0.9612996164235474,xgb,pairwise_common_support_min_cell_20
164,100000,100000,media_vs_baixa,media,baixa,68981,3774,0.6682237118244304,0.6842420834108704,-0.01601837158644004,0.9765896135668969,xgb,pairwise_common_support_min_cell_20
164,100000,100000,alta_vs_baixa,alta,baixa,36647,2989,0.6369569550645263,0.6717307403675568,-0.034773785303030436,0.9482325532935966,xgb,pairwise_common_support_min_cell_20
164,100000,100000,alta_vs_media,alta,media,86162,1447,0.6438954776320752,0.6695742990891576,-0.025678821457082335,0.9616490335844521,xgb,pairwise_common_support_min_cell_20
165,100000,100000,media_vs_baixa,media,baixa,68981,3774,0.6683684298924658,0.6833020250092222,-0.014933595116756404,0.9781449570319145,xgb,pairwise_common_support_min_cell_20
165,100000,100000,alta_vs_baixa,alta,baixa,36647,2989,0.637228111346898,0.6713667115779978,-0.034138600231099714,0.9491505914094855,xgb,pairwise_common_support_min_cell_20
165,100000,100000,alta_vs_media,alta,media,86162,1447,0.6439803694390664,0.6697064817374834,-0.025726112298416925,0.9615859887876952,xgb,pairwise_common_support_min_cell_20
166,100000,100000,media_vs_baixa,media,baixa,68981,3774,0.6683084079221986,0.6842310355699474,-0.015922627647748766,0.9767291648288278,xgb,pairwise_common_support_min_cell_20
166,100000,100000,alta_vs_baixa,alta,baixa,36647,2989,0.6369280252223115,0.671948402630423,-0.03502037740811148,0.9478823414550581,xgb,pairwise_common_support_min_cell_20
166,100000,100000,alta_vs_media,alta,media,86162,1447,0.6436262040900591,0.6696026495880776,-0.025976445498018474,0.9612061787479507,xgb,pairwise_common_support_min_cell_20
167,100000,100000,media_vs_baixa,media,baixa,68981,3774,0.6682645339951363,0.6831036131424136,-0.014839079147277334,0.9782769716602514,xgb,pairwise_common_support_min_cell_20
167,100000,100000,alta_vs_baixa,alta,baixa,36647,2989,0.6369404113702648,0.670819600299483,-0.03387918892921815,0.94949582732214,xgb,pairwise_common_support_min_cell_20
167,100000,100000,alta_vs_media,alta,media,86162,1447,0.6437752371790845,0.6695677608972191,-0.025792523718134674,0.9614788446749993,xgb,pairwise_common_support_min_cell_20
168,100000,100000,media_vs_baixa,media,baixa,68981,3774,0.6683179090445472,0.6839223997869956,-0.015604490742448407,0.9771838285347748,xgb,pairwise_common_support_min_cell_20
168,100000,100000,alta_vs_baixa,alta,baixa,36647,2989,0.6375483517061944,0.6721409777252487,-0.03459262601905433,0.9485336749797231,xgb,pairwise_common_support_min_cell_20
168,100000,100000,alta_vs_media,alta,media,86162,1447,0.643656192786902,0.6696998441349843,-0.026043651348082286,0.9611114567575845,xgb,pairwise_common_support_min_cell_20
169,100000,100000,media_vs_baixa,media,baixa,68981,3774,0.668223940173137,0.6838178995567598,-0.015593959383622735,0.9771957426184215,xgb,pairwise_common_support_min_cell_20
169,100000,100000,alta_vs_baixa,alta,baixa,36647,2989,0.637362386013926,0.6720169323642637,-0.03465454635033771,0.9484320339542377,xgb,pairwise_common_support_min_cell_20
169,100000,100000,alta_vs_media,alta,media,86162,1447,0.6438880574139295,0.6696071788234808,-0.025719121409551238,0.9615907322637424,xgb,pairwise_common_support_min_cell_20
170,100000,100000,media_vs_baixa,media,baixa,68981,3774,0.6683001233914472,0.6824516587681928,-0.014151535376745628,0.9792636808850479,xgb,pairwise_common_support_min_cell_20
170,100000,100000,alta_vs_baixa,alta,baixa,36647,2989,0.637222418291723,0.6709064482094543,-0.03368402991773134,0.9497932535786042,xgb,pairwise_common_support_min_cell_20
170,100000,100000,alta_vs_media,alta,media,86162,1447,0.643660230256704,0.6696514766524283,-0.025991246395724255,0.9611869049768189,xgb,pairwise_common_support_min_cell_20
171,100000,100000,media_vs_baixa,media,baixa,68981,3774,0.6681911892726596,0.683407516725072,-0.015216327452412415,0.9777346208813594,xgb,pairwise_common_support_min_cell_20
171,100000,100000,alta_vs_baixa,alta,baixa,36647,2989,0.6372097863759452,0.6713082407229576,-0.03409845434701242,0.949205964892833,xgb,pairwise_common_support_min_cell_20
171,100000,100000,alta_vs_media,alta,media,86162,1447,0.6441517539443707,0.6695256928768379,-0.0253739389324672,0.9621016202926587,xgb,pairwise_common_support_min_cell_20
172,100000,100000,media_vs_baixa,media,baixa,68981,3774,0.668266230342689,0.6825849669485008,-0.014318736605811844,0.9790227776772995,xgb,pairwise_common_support_min_cell_20
172,100000,100000,alta_vs_baixa,alta,baixa,36647,2989,0.6375730859836405,0.6710830335672352,-0.03350994758359471,0.9500658697844468,xgb,pairwise_common_support_min_cell_20
172,100000,100000,alta_vs_media,alta,media,86162,1447,0.6436048343782496,0.6696667204919083,-0.026061886113658783,0.961082303605419,xgb,pairwise_common_support_min_cell_20
173,100000,100000,media_vs_baixa,media,baixa,68981,3774,0.6683242884826857,0.6821355289502152,-0.013811240467529573,0.9797529378233902,xgb,pairwise_common_support_min_cell_20
173,100000,100000,alta_vs_baixa,alta,baixa,36647,2989,0.6372593507626003,0.6705236263251513,-0.03326427556255096,0.9503905988445807,xgb,pairwise_common_support_min_cell_20
173,100000,100000,alta_vs_media,alta,media,86162,1447,0.6438631244124583,0.6696329164422934,-0.025769792029835092,0.9615165392902907,xgb,pairwise_common_support_min_cell_20
174,100000,100000,media_vs_baixa,media,baixa,68981,3774,0.6683359849673841,0.682239075300398,-0.013903090333013846,0.9796213807793226,xgb,pairwise_common_support_min_cell_20
174,100000,100000,alta_vs_baixa,alta,baixa,36647,2989,0.6371316100152379,0.6697954841978715,-0.03266387418263361,0.9512330629972059,xgb,pairwise_common_support_min_cell_20
174,100000,100000,alta_vs_media,alta,media,86162,1447,0.6437177397871282,0.6697210370250251,-0.02600329723789685,0.9611729424636168,xgb,pairwise_common_support_min_cell_20
175,100000,100000,media_vs_baixa,media,baixa,68981,3774,0.6682892487078513,0.6827675988928861,-0.014478350185034738,0.9787946144361397,xgb,pairwise_common_support_min_cell_20
175,100000,100000,alta_vs_baixa,alta,baixa,36647,2989,0.6374869747721745,0.6710123197567986,-0.03352534498462412,0.9500376610122822,xgb,pairwise_common_support_min_cell_20
175,100000,100000,alta_vs_media,alta,media,86162,1447,0.6438189694583574,0.6696146720167646,-0.02579570255840724,0.9614767960792809,xgb,pairwise_common_support_min_cell_20
176,100000,100000,media_vs_baixa,media,baixa,68981,3774,0.6682060211107976,0.6831773307044501,-0.014971309593652449,0.9780857635041623,xgb,pairwise_common_support_min_cell_20
176,100000,100000,alta_vs_baixa,alta,baixa,36647,2989,0.6371489544156206,0.6725489539330638,-0.035399999517443215,0.9473644270644923,xgb,pairwise_common_support_min_cell_20
176,100000,100000,alta_vs_media,alta,media,86162,1447,0.6439082230714454,0.6696609308706933,-0.025752707799247987,0.961543660960235,xgb,pairwise_common_support_min_cell_20
177,100000,100000,media_vs_baixa,media,baixa,68981,3774,0.6683129355774124,0.6840205910813829,-0.015707655503970464,0.9770362826663772,xgb,pairwise_common_support_min_cell_20
177,100000,100000,alta_vs_baixa,alta,baixa,36647,2989,0.6367369163424705,0.6714219365247567,-0.03468502018228614,0.9483409488200313,xgb,pairwise_common_support_min_cell_20
177,100000,100000,alta_vs_media,alta,media,86162,1447,0.6439408631326203,0.6695443734069011,-0.02560351027428076,0.9617598007074569,xgb,pairwise_common_support_min_cell_20
178,100000,100000,media_vs_baixa,media,baixa,68981,3774,0.66823549271312,0.6843490392564102,-0.016113546543290225,0.9764541986340791,xgb,pairwise_common_support_min_cell_20
178,100000,100000,alta_vs_baixa,alta,baixa,36647,2989,0.6375101228431533,0.6712037672364267,-0.03369364439327338,0.9498011691263273,xgb,pairwise_common_support_min_cell_20
178,100000,100000,alta_vs_media,alta,media,86162,1447,0.6439286150715982,0.6694975148723282,-0.02556889980073007,0.9618088204470692,xgb,pairwise_common_support_min_cell_20
179,100000,100000,media_vs_baixa,media,baixa,68981,3774,0.6681812830923922,0.6844247713376873,-0.01624348824529509,0.9762669486471863,xgb,pairwise_common_support_min_cell_20
179,100000,100000,alta_vs_baixa,alta,baixa,36647,2989,0.6369900283295535,0.672975897866677,-0.03598586953712346,0.9465272535744622,xgb,pairwise_common_support_min_cell_20
179,100000,100000,alta_vs_media,alta,media,86162,1447,0.6437396423836181,0.6696637582532933,-0.025924115869675135,0.9612878619304501,xgb,pairwise_common_support_min_cell_20
180,100000,100000,media_vs_baixa,media,baixa,68981,3774,0.6681844643307413,0.6841097292824305,-0.015925264951689222,0.9767211833569545,xgb,pairwise_common_support_min_cell_20
180,100000,100000,alta_vs_baixa,alta,baixa,36647,2989,0.6368030511298695,0.6716661572345732,-0.03486310610470378,0.9480945917414622,xgb,pairwise_common_support_min_cell_20
180,100000,100000,alta_vs_media,alta,media,86162,1447,0.643470141067302,0.6697218899313989,-0.02625174886409687,0.9608020145992452,xgb,pairwise_common_support_min_cell_20
181,100000,100000,media_vs_baixa,media,baixa,68981,3774,0.6681890137019714,0.6825276494694719,-0.014338635767500496,0.9789918609471047,xgb,pairwise_common_support_min_cell_20
181,100000,100000,alta_vs_baixa,alta,baixa,36647,2989,0.6370072908641786,0.6707572533976189,-0.033749962533440314,0.9496837904286759,xgb,pairwise_common_support_min_cell_20
181,100000,100000,alta_vs_media,alta,media,86162,1447,0.6436886437697736,0.6695767107434957,-0.025888066973722035,0.9613366675418324,xgb,pairwise_common_support_min_cell_20
182,100000,100000,media_vs_baixa,media,baixa,68981,3774,0.6683665770378677,0.6819448022276042,-0.013578225189736504,0.9800889673982666,xgb,pairwise_common_support_min_cell_20
182,100000,100000,alta_vs_baixa,alta,baixa,36647,2989,0.6372434169373252,0.6699124527603311,-0.03266903582300584,0.9512338728913081,xgb,pairwise_common_support_min_cell_20
182,100000,100000,alta_vs_media,alta,media,86162,1447,0.6439142817011548,0.6696917289088661,-0.025777447207711246,0.9615084880177471,xgb,pairwise_common_support_min_cell_20
183,100000,100000,media_vs_baixa,media,baixa,68981,3774,0.6682985345662732,0.6828989375208331,-0.014600402954559888,0.9786199653384078,xgb,pairwise_common_support_min_cell_20
183,100000,100000,alta_vs_baixa,alta,baixa,36647,2989,0.6370565221905582,0.6719240104619901,-0.034867488271431935,0.9481079888074571,xgb,pairwise_common_support_min_cell_20
183,100000,100000,alta_vs_media,alta,media,86162,1447,0.6440408587085525,0.6695764465713714,-0.025535587862818843,0.9618630733001793,xgb,pairwise_common_support_min_cell_20
184,100000,100000,media_vs_baixa,media,baixa,68981,3774,0.6683819138665426,0.6817420783006335,-0.013360164434090938,0.9804029047651077,xgb,pairwise_common_support_min_cell_20
184,100000,100000,alta_vs_baixa,alta,baixa,36647,2989,0.6373957071729172,0.669805044252913,-0.032409337079995826,0.9516137757425452,xgb,pairwise_common_support_min_cell_20
184,100000,100000,alta_vs_media,alta,media,86162,1447,0.6435938182404529,0.669700323570641,-0.0261065053301881,0.9610176307053339,xgb,pairwise_common_support_min_cell_20
185,100000,100000,media_vs_baixa,media,baixa,68981,3774,0.6682225854801025,0.684079085281911,-0.015856499801808477,0.9768206627815935,xgb,pairwise_common_support_min_cell_20
185,100000,100000,alta_vs_baixa,alta,baixa,36647,2989,0.6375168433408522,0.6733274040968977,-0.035810560756045495,0.9468155305455352,xgb,pairwise_common_support_min_cell_20
185,100000,100000,alta_vs_media,alta,media,86162,1447,0.6441595206466582,0.6695200385211237,-0.025360517874465582,0.9621213460160454,xgb,pairwise_common_support_min_cell_20
186,100000,100000,media_vs_baixa,media,baixa,68981,3774,0.6683098767621187,0.6830402338855666,-0.014730357123447835,0.9784341296563861,xgb,pairwise_common_support_min_cell_20
186,100000,100000,alta_vs_baixa,alta,baixa,36647,2989,0.6369073941207432,0.6712377045333802,-0.03433031041263701,0.9488552115282287,xgb,pairwise_common_support_min_cell_20
186,100000,100000,alta_vs_media,alta,media,86162,1447,0.6436678166411206,0.6696944340438352,-0.026026617402714614,0.9611365779978828,xgb,pairwise_common_support_min_cell_20
187,100000,100000,media_vs_baixa,media,baixa,68981,3774,0.6684530599366416,0.6838360855826637,-0.01538302564602212,0.9775048056539529,xgb,pairwise_common_support_min_cell_20
187,100000,100000,alta_vs_baixa,alta,baixa,36647,2989,0.6372486517766315,0.670818735751716,-0.03357008397508454,0.9499565498309076,xgb,pairwise_common_support_min_cell_20
187,100000,100000,alta_vs_media,alta,media,86162,1447,0.6440074457859135,0.6695684733057287,-0.02556102751981515,0.9618246250549735,xgb,pairwise_common_support_min_cell_20
188,100000,100000,media_vs_baixa,media,baixa,68981,3774,0.6682970892351608,0.6839389703422618,-0.015641881107100963,0.9771297121740653,xgb,pairwise_common_support_min_cell_20
188,100000,100000,alta_vs_baixa,alta,baixa,36647,2989,0.6372291036926747,0.6717342684519179,-0.034505164759243145,0.9486327162692415,xgb,pairwise_common_support_min_cell_20
188,100000,100000,alta_vs_media,alta,media,86162,1447,0.6441667245349972,0.6695566692826347,-0.02538994474763745,0.9620794685312591,xgb,pairwise_common_support_min_cell_20
189,100000,100000,media_vs_baixa,media,baixa,68981,3774,0.6682166752276211,0.6823502983129169,-0.014133623085295866,0.9792868514599603,xgb,pairwise_common_support_min_cell_20
189,100000,100000,alta_vs_baixa,alta,baixa,36647,2989,0.6372687763207118,0.6705053141436215,-0.033236537822909695,0.9504306123727597,xgb,pairwise_common_support_min_cell_20
189,100000,100000,alta_vs_media,alta,media,86162,1447,0.643921551475322,0.6695700703245396,-0.025648518849217594,0.9616940481870915,xgb,pairwise_common_support_min_cell_20
190,100000,100000,media_vs_baixa,media,baixa,68981,3774,0.6682835306615936,0.6837719645617232,-0.01548843390012955,0.9773485391287472,xgb,pairwise_common_support_min_cell_20
190,100000,100000,alta_vs_baixa,alta,baixa,36647,2989,0.6373183062394908,0.6704770023972991,-0.03315869615780831,0.9505446181759419,xgb,pairwise_common_support_min_cell_20
190,100000,100000,alta_vs_media,alta,media,86162,1447,0.6437043629247394,0.6696740254707101,-0.025969662545970662,0.961220442247679,xgb,pairwise_common_support_min_cell_20
191,100000,100000,media_vs_baixa,media,baixa,68981,3774,0.6682209479629475,0.6830779777559896,-0.014857029793042043,0.978249877353901,xgb,pairwise_common_support_min_cell_20
191,100000,100000,alta_vs_baixa,alta,baixa,36647,2989,0.6370538370465438,0.6707657801025154,-0.03371194305597158,0.9497411107483461,xgb,pairwise_common_support_min_cell_20
191,100000,100000,alta_vs_media,alta,media,86162,1447,0.6434008829621639,0.669652825058693,-0.026251942096529035,0.9607976833455035,xgb,pairwise_common_support_min_cell_20
192,100000,100000,media_vs_baixa,media,baixa,68981,3774,0.6683381672842332,0.6819677292313823,-0.013629561947149038,0.9800143593854355,xgb,pairwise_common_support_min_cell_20
192,100000,100000,alta_vs_baixa,alta,baixa,36647,2989,0.6374462605523978,0.6704924327853555,-0.03304617223295769,0.950713579129182,xgb,pairwise_common_support_min_cell_20
192,100000,100000,alta_vs_media,alta,media,86162,1447,0.64389296170517,0.6695393596675994,-0.0256463979624294,0.9616954588373089,xgb,pairwise_common_support_min_cell_20
193,100000,100000,media_vs_baixa,media,baixa,68981,3774,0.6683780604981481,0.6824101537119796,-0.014032093213831476,0.9794374495492136,xgb,pairwise_common_support_min_cell_20
193,100000,100000,alta_vs_baixa,alta,baixa,36647,2989,0.6374104856580152,0.6709654871123825,-0.033555001454367295,0.9499899740018266,xgb,pairwise_common_support_min_cell_20
193,100000,100000,alta_vs_media,alta,media,86162,1447,0.6438851671545303,0.6696156865097072,-0.025730519355176895,0.9615741986432633,xgb,pairwise_common_support_min_cell_20
194,100000,100000,media_vs_baixa,media,baixa,68981,3774,0.6682795219899,0.6837301404805595,-0.015450618490659429,0.9774024610355776,xgb,pairwise_common_support_min_cell_20
194,100000,100000,alta_vs_baixa,alta,baixa,36647,2989,0.6372642429979576,0.6715330967958669,-0.03426885379790934,0.9489692258484076,xgb,pairwise_common_support_min_cell_20
194,100000,100000,alta_vs_media,alta,media,86162,1447,0.6436039872189845,0.6696938436580397,-0.02608985643905526,0.9610421139657701,xgb,pairwise_common_support_min_cell_20
195,100000,100000,media_vs_baixa,media,baixa,68981,3774,0.668391060538835,0.6830467445064333,-0.01465568396759831,0.9785436588557516,xgb,pairwise_common_support_min_cell_20
195,100000,100000,alta_vs_baixa,alta,baixa,36647,2989,0.6373601518093754,0.6705582445651486,-0.03319809275577312,0.9504918580528351,xgb,pairwise_common_support_min_cell_20
195,100000,100000,alta_vs_media,alta,media,86162,1447,0.6439377955820854,0.6696426273208974,-0.025704831738811995,0.9616141047626378,xgb,pairwise_common_support_min_cell_20
196,100000,100000,media_vs_baixa,media,baixa,68981,3774,0.6683317581627689,0.6820636504160348,-0.013731892253265876,0.9798671396065604,xgb,pairwise_common_support_min_cell_20
196,100000,100000,alta_vs_baixa,alta,baixa,36647,2989,0.6367478850147366,0.6693890734398695,-0.03264118842513297,0.9512373450355325,xgb,pairwise_common_support_min_cell_20
196,100000,100000,alta_vs_media,alta,media,86162,1447,0.6436936210771282,0.6695997301506343,-0.0259061090735061,0.9613110521002178,xgb,pairwise_common_support_min_cell_20
197,100000,100000,media_vs_baixa,media,baixa,68981,3774,0.6681987409950619,0.6833180087183225,-0.015119267723260554,0.9778737461469524,xgb,pairwise_common_support_min_cell_20
197,100000,100000,alta_vs_baixa,alta,baixa,36647,2989,0.6375164117087075,0.6708089154808224,-0.0332925037721149,0.9503696164380112,xgb,pairwise_common_support_min_cell_20
197,100000,100000,alta_vs_media,alta,media,86162,1447,0.643667321223812,0.6697514004882051,-0.026084079264393156,0.961054087762445,xgb,pairwise_common_support_min_cell_20
198,100000,100000,media_vs_baixa,media,baixa,68981,3774,0.6682574633886551,0.6835989366420592,-0.01534147325340407,0.9775577865454799,xgb,pairwise_common_support_min_cell_20
198,100000,100000,alta_vs_baixa,alta,baixa,36647,2989,0.6374348326880777,0.6721918554583474,-0.03475702277026971,0.9482930022313794,xgb,pairwise_common_support_min_cell_20
198,100000,100000,alta_vs_media,alta,media,86162,1447,0.643746457992529,0.6695134952055042,-0.02576703721297513,0.9615137896435291,xgb,pairwise_common_support_min_cell_20
199,100000,100000,media_vs_baixa,media,baixa,68981,3774,0.6682257409507657,0.6831354869643512,-0.014909746013585523,0.9781745403392232,xgb,pairwise_common_support_min_cell_20
199,100000,100000,alta_vs_baixa,alta,baixa,36647,2989,0.6372307062414904,0.6700342627953121,-0.03280355655382172,0.9510419714702816,xgb,pairwise_common_support_min_cell_20
199,100000,100000,alta_vs_media,alta,media,86162,1447,0.6440090576009978,0.6696323895034874,-0.025623331902489555,0.9617352262164491,xgb,pairwise_common_support_min_cell_20
200,100000,100000,media_vs_baixa,media,baixa,68981,3774,0.6683213078323217,0.6822981256031098,-0.013976817770788075,0.9795150869593355,xgb,pairwise_common_support_min_cell_20
200,100000,100000,alta_vs_baixa,alta,baixa,36647,2989,0.6369723126817816,0.6714730682250197,-0.03450075554323817,0.9486193010920931,xgb,pairwise_common_support_min_cell_20
200,100000,100000,alta_vs_media,alta,media,86162,1447,0.643952388237275,0.669659651069654,-0.025707262832379008,0.9616114502474257,xgb,pairwise_common_support_min_cell_20
201,100000,100000,media_vs_baixa,media,baixa,68981,3774,0.6683673416386251,0.6830140992426089,-0.014646757603983818,0.9785557024075703,xgb,pairwise_common_support_min_cell_20
201,100000,100000,alta_vs_baixa,alta,baixa,36647,2989,0.6374371465835105,0.6717256963069035,-0.034288549723393014,0.9489545361865582,xgb,pairwise_common_support_min_cell_20
201,100000,100000,alta_vs_media,alta,media,86162,1447,0.6442052842879339,0.6695124806486881,-0.02530719636075418,0.9622005607181002,xgb,pairwise_common_support_min_cell_20
202,100000,100000,media_vs_baixa,media,baixa,68981,3774,0.6681902186265557,0.6832659394368573,-0.015075720810301618,0.9779357934588003,xgb,pairwise_common_support_min_cell_20
202,100000,100000,alta_vs_baixa,alta,baixa,36647,2989,0.6371382914056347,0.6714804460838266,-0.034342154678191905,0.948856061440835,xgb,pairwise_common_support_min_cell_20
202,100000,100000,alta_vs_media,alta,media,86162,1447,0.6437858584276155,0.6696692550745149,-0.025883396646899426,0.9613489846655431,xgb,pairwise_common_support_min_cell_20
203,100000,100000,media_vs_baixa,media,baixa,68981,3774,0.6682017695097051,0.6831392917697052,-0.014937522260000113,0.9781340021867228,xgb,pairwise_common_support_min_cell_20
203,100000,100000,alta_vs_baixa,alta,baixa,36647,2989,0.6372870223552617,0.6714972570463036,-0.034210234691041896,0.9490537983110735,xgb,pairwise_common_support_min_cell_20
203,100000,100000,alta_vs_media,alta,media,86162,1447,0.6442058410356704,0.669597572175693,-0.02539173114002269,0.9620791170769654,xgb,pairwise_common_support_min_cell_20
204,100000,100000,media_vs_baixa,media,baixa,68981,3774,0.6683945021043841,0.6825745376398059,-0.014180035535421798,0.9792256599778051,xgb,pairwise_common_support_min_cell_20
204,100000,100000,alta_vs_baixa,alta,baixa,36647,2989,0.6378465885719815,0.6696102308513686,-0.031763642279387105,0.9525639830218819,xgb,pairwise_common_support_min_cell_20
204,100000,100000,alta_vs_media,alta,media,86162,1447,0.6438457115426228,0.6696272409370944,-0.025781529394471536,0.9614986849125311,xgb,pairwise_common_support_min_cell_20
205,100000,100000,media_vs_baixa,media,baixa,68981,3774,0.6682527063507508,0.6833150268676855,-0.01506232051693468,0.9779569892001639,xgb,pairwise_common_support_min_cell_20
205,100000,100000,alta_vs_baixa,alta,baixa,36647,2989,0.6373959177955756,0.6715723985048887,-0.03417648070931312,0.9491097597438494,xgb,pairwise_common_support_min_cell_20
205,100000,100000,alta_vs_media,alta,media,86162,1447,0.6440437628288372,0.6696967201395513,-0.025652957310714042,0.9616946648546099,xgb,pairwise_common_support_min_cell_20
206,100000,100000,media_vs_baixa,media,baixa,68981,3774,0.6682985280172259,0.6832777146009136,-0.014979186583687687,0.9780774547982489,xgb,pairwise_common_support_min_cell_20
206,100000,100000,alta_vs_baixa,alta,baixa,36647,2989,0.6368359972410201,0.6714266146913935,-0.034590617450373395,0.9484819089778379,xgb,pairwise_common_support_min_cell_20
206,100000,100000,alta_vs_media,alta,media,86162,1447,0.6434588990242276,0.6696886784015981,-0.026229779377370477,0.960832876195585,xgb,pairwise_common_support_min_cell_20
207,100000,100000,media_vs_baixa,media,baixa,68981,3774,0.6682260322030951,0.6823014296156661,-0.014075397412571022,0.9793707050848486,xgb,pairwise_common_support_min_cell_20
207,100000,100000,alta_vs_baixa,alta,baixa,36647,2989,0.6372011990875199,0.6713041702959895,-0.03410297120846961,0.9491989284180478,xgb,pairwise_common_support_min_cell_20
207,100000,100000,alta_vs_media,alta,media,86162,1447,0.6439388111699792,0.6696422648938872,-0.025703453723908032,0.9616161418246486,xgb,pairwise_common_support_min_cell_20
208,100000,100000,media_vs_baixa,media,baixa,68981,3774,0.6682411229614276,0.6835539157301468,-0.015312792768719219,0.9775982663308093,xgb,pairwise_common_support_min_cell_20
208,100000,100000,alta_vs_baixa,alta,baixa,36647,2989,0.6370384389865829,0.6718616874738015,-0.03482324848721863,0.9481690217845968,xgb,pairwise_common_support_min_cell_20
208,100000,100000,alta_vs_media,alta,media,86162,1447,0.6439908303573552,0.6694839559891799,-0.02549312563182471,0.9619212299208008,xgb,pairwise_common_support_min_cell_20
209,100000,100000,media_vs_baixa,media,baixa,68981,3774,0.6683029526947318,0.6834970428495141,-0.015194090154782236,0.9777700718478053,xgb,pairwise_common_support_min_cell_20
209,100000,100000,alta_vs_baixa,alta,baixa,36647,2989,0.6375840634475775,0.6712348064058913,-0.03365074295831383,0.9498674046143467,xgb,pairwise_common_support_min_cell_20
209,100000,100000,alta_vs_media,alta,media,86162,1447,0.6443816646461998,0.6696358975839318,-0.02525423293773199,0.9622866201933766,xgb,pairwise_common_support_min_cell_20
210,100000,100000,media_vs_baixa,media,baixa,68981,3774,0.6681613228139569,0.68356345059441,-0.015402127780453134,0.9774678886545795,xgb,pairwise_common_support_min_cell_20
210,100000,100000,alta_vs_baixa,alta,baixa,36647,2989,0.6373219182893467,0.6720866057128208,-0.03476468742347405,0.9482735005757148,xgb,pairwise_common_support_min_cell_20
210,100000,100000,alta_vs_media,alta,media,86162,1447,0.6436580881341709,0.6696284666164837,-0.02597037848231276,0.9612167346864201,xgb,pairwise_common_support_min_cell_20
211,100000,100000,media_vs_baixa,media,baixa,68981,3774,0.6682447658863148,0.682792020729266,-0.014547254842951274,0.9786944568751493,xgb,pairwise_common_support_min_cell_20
211,100000,100000,alta_vs_baixa,alta,baixa,36647,2989,0.6372686853672993,0.6704282269636942,-0.03315954159639489,0.9505397591229544,xgb,pairwise_common_support_min_cell_20
211,100000,100000,alta_vs_media,alta,media,86162,1447,0.6438713866198484,0.6695496472576106,-0.02567826063776213,0.9616484591651463,xgb,pairwise_common_support_min_cell_20
212,100000,100000,media_vs_baixa,media,baixa,68981,3774,0.6683548065306192,0.6837998011606063,-0.015444994629987163,0.977412987538498,xgb,pairwise_common_support_min_cell_20
212,100000,100000,alta_vs_baixa,alta,baixa,36647,2989,0.6375074944986773,0.6718457507185115,-0.03433825621983422,0.9488896726918182,xgb,pairwise_common_support_min_cell_20
212,100000,100000,alta_vs_media,alta,media,86162,1447,0.6436690756792242,0.6695717454859043,-0.0259026698066801,0.9613145716178888,xgb,pairwise_common_support_min_cell_20
213,100000,100000,media_vs_baixa,media,baixa,68981,3774,0.6682698298307136,0.6835615281149123,-0.01529169828419874,0.9776293754764559,xgb,pairwise_common_support_min_cell_20
213,100000,100000,alta_vs_baixa,alta,baixa,36647,2989,0.6376033889255316,0.6714271402853775,-0.033823751359845944,0.9496240927266214,xgb,pairwise_common_support_min_cell_20
213,100000,100000,alta_vs_media,alta,media,86162,1447,0.6435178194100732,0.6697096887495912,-0.026191869339518004,0.9608907116329456,xgb,pairwise_common_support_min_cell_20
214,100000,100000,media_vs_baixa,media,baixa,68981,3774,0.6682022227088144,0.6837333273485768,-0.015531104639762483,0.9772848506595547,xgb,pairwise_common_support_min_cell_20
214,100000,100000,alta_vs_baixa,alta,baixa,36647,2989,0.6369015934865633,0.6733499113824558,-0.036448317895892535,0.9458701675313799,xgb,pairwise_common_support_min_cell_20
214,100000,100000,alta_vs_media,alta,media,86162,1447,0.6438249449891184,0.6695936216628552,-0.025768676673736834,0.9615159466278316,xgb,pairwise_common_support_min_cell_20
215,100000,100000,media_vs_baixa,media,baixa,68981,3774,0.6682178201346343,0.68378726125222,-0.015569441117585736,0.9772305774034553,xgb,pairwise_common_support_min_cell_20
215,100000,100000,alta_vs_baixa,alta,baixa,36647,2989,0.6373709573885856,0.6718895816124306,-0.034518624223844996,0.948624558009955,xgb,pairwise_common_support_min_cell_20
215,100000,100000,alta_vs_media,alta,media,86162,1447,0.644082646465385,0.6695655246430267,-0.02548287817764161,0.9619411734329846,xgb,pairwise_common_support_min_cell_20
216,100000,100000,media_vs_baixa,media,baixa,68981,3774,0.6682685634727462,0.6828615052344397,-0.014592941761693456,0.9786297197164696,xgb,pairwise_common_support_min_cell_20
216,100000,100000,alta_vs_baixa,alta,baixa,36647,2989,0.6372147824338471,0.6704764726409544,-0.03326169020710734,0.9503909658811858,xgb,pairwise_common_support_min_cell_20
216,100000,100000,alta_vs_media,alta,media,86162,1447,0.6440529822720947,0.6695005858931634,-0.025447603621068682,0.9619901697515026,xgb,pairwise_common_support_min_cell_20
217,100000,100000,media_vs_baixa,media,baixa,68981,3774,0.6683038316070479,0.6830705685101682,-0.014766736903120359,0.9783818281977398,xgb,pairwise_common_support_min_cell_20
217,100000,100000,alta_vs_baixa,alta,baixa,36647,2989,0.6375987933775447,0.6710726174345493,-0.03347382405700461,0.9501189242604294,xgb,pairwise_common_support_min_cell_20
217,100000,100000,alta_vs_media,alta,media,86162,1447,0.643798455807195,0.6696178470843788,-0.0258193912771838,0.9614416022667175,xgb,pairwise_common_support_min_cell_20
218,100000,100000,media_vs_baixa,media,baixa,68981,3774,0.6683173617689911,0.6827153060208746,-0.014397944251883454,0.9789107639378994,xgb,pairwise_common_support_min_cell_20
218,100000,100000,alta_vs_baixa,alta,baixa,36647,2989,0.6370645193415811,0.6712829096050953,-0.03421839026351414,0.9490253814391845,xgb,pairwise_common_support_min_cell_20
218,100000,100000,alta_vs_media,alta,media,86162,1447,0.6440282015983393,0.6696640331507885,-0.025635831552449195,0.961718368788851,xgb,pairwise_common_support_min_cell_20
219,100000,100000,media_vs_baixa,media,baixa,68981,3774,0.6683776681153583,0.682862125585218,-0.014484457469859713,0.9787886061810114,xgb,pairwise_common_support_min_cell_20
219,100000,100000,alta_vs_baixa,alta,baixa,36647,2989,0.6370696741030245,0.670796064960397,-0.0337263908573725,0.9497218415266588,xgb,pairwise_common_support_min_cell_20
219,100000,100000,alta_vs_media,alta,media,86162,1447,0.6439036482942585,0.669671617875128,-0.025767969580869465,0.9615214847201806,xgb,pairwise_common_support_min_cell_20
220,100000,100000,media_vs_baixa,media,baixa,68981,3774,0.6683202082985934,0.6829600761975612,-0.014639867898967762,0.978564094140793,xgb,pairwise_common_support_min_cell_20
220,100000,100000,alta_vs_baixa,alta,baixa,36647,2989,0.6373975625673513,0.6723124926370593,-0.03491493006970803,0.948067408456507,xgb,pairwise_common_support_min_cell_20
220,100000,100000,alta_vs_media,alta,media,86162,1447,0.6438644619636297,0.6696464187650277,-0.025781956801398054,0.9614991492839676,xgb,pairwise_common_support_min_cell_20
221,100000,100000,media_vs_baixa,media,baixa,68981,3774,0.6682120889298678,0.68301154502739,-0.014799456097522201,0.9783320557239941,xgb,pairwise_common_support_min_cell_20
221,100000,100000,alta_vs_baixa,alta,baixa,36647,2989,0.6371645626431183,0.6695815459819076,-0.032416983338789285,0.9515862055438649,xgb,pairwise_common_support_min_cell_20
221,100000,100000,alta_vs_media,alta,media,86162,1447,0.643910460645672,0.6695469648934228,-0.02563650424775077,0.9617106706594786,xgb,pairwise_common_support_min_cell_20
222,100000,100000,media_vs_baixa,media,baixa,68981,3774,0.6682120987724243,0.6837401073217635,-0.015528008549339223,0.9772896040716946,xgb,pairwise_common_support_min_cell_20
222,100000,100000,alta_vs_baixa,alta,baixa,36647,2989,0.6369388582455598,0.6710130603449873,-0.034074202099427464,0.9492197632011679,xgb,pairwise_common_support_min_cell_20
222,100000,100000,alta_vs_media,alta,media,86162,1447,0.644041156306235,0.669644296448996,-0.025603140142760994,0.961766059565459,xgb,pairwise_common_support_min_cell_20
223,100000,100000,media_vs_baixa,media,baixa,68981,3774,0.6683525416227174,0.683635639639214,-0.015283098016496632,0.977644380821687,xgb,pairwise_common_support_min_cell_20
223,100000,100000,alta_vs_baixa,alta,baixa,36647,2989,0.637113901477874,0.6714847142351089,-0.03437081275723497,0.9488137078497954,xgb,pairwise_common_support_min_cell_20
223,100000,100000,alta_vs_media,alta,media,86162,1447,0.644094654332421,0.6695697000272888,-0.025475045694867804,0.9619531085504175,xgb,pairwise_common_support_min_cell_20
224,100000,100000,media_vs_baixa,media,baixa,68981,3774,0.668278242389291,0.682533649563753,-0.014255407174461943,0.9791139862722177,xgb,pairwise_common_support_min_cell_20
224,100000,100000,alta_vs_baixa,alta,baixa,36647,2989,0.6369344087214546,0.6709857678484289,-0.03405135912697432,0.9492517416037559,xgb,pairwise_common_support_min_cell_20
224,100000,100000,alta_vs_media,alta,media,86162,1447,0.6437448253052949,0.6696569434795137,-0.02591211817421879,0.9613053841574757,xgb,pairwise_common_support_min_cell_20
225,100000,100000,media_vs_baixa,media,baixa,68981,3774,0.6683541145181409,0.681711452215786,-0.013357337697645133,0.9804061708891212,xgb,pairwise_common_support_min_cell_20
225,100000,100000,alta_vs_baixa,alta,baixa,36647,2989,0.6370615519177225,0.6702697029778084,-0.0332081510600859,0.9504555391470747,xgb,pairwise_common_support_min_cell_20
225,100000,100000,alta_vs_media,alta,media,86162,1447,0.6441649892568565,0.6697428159966159,-0.02557782673975939,0.961809479506401,xgb,pairwise_common_support_min_cell_20
226,100000,100000,media_vs_baixa,media,baixa,68981,3774,0.6681863800726171,0.6823612031439158,-0.014174823071298692,0.9792268039185266,xgb,pairwise_common_support_min_cell_20
226,100000,100000,alta_vs_baixa,alta,baixa,36647,2989,0.6372288075530872,0.6705914358212102,-0.033362628268122974,0.9502489496793723,xgb,pairwise_common_support_min_cell_20
226,100000,100000,alta_vs_media,alta,media,86162,1447,0.6439755652171312,0.6695925703675571,-0.025617005150425975,0.9617423993573224,xgb,pairwise_common_support_min_cell_20
227,100000,100000,media_vs_baixa,media,baixa,68981,3774,0.6682971609806498,0.6831948067705306,-0.014897645789880731,0.9781941466149281,xgb,pairwise_common_support_min_cell_20
227,100000,100000,alta_vs_baixa,alta,baixa,36647,2989,0.6371099413987446,0.6711835961870972,-0.03407365478835267,0.9492334809999522,xgb,pairwise_common_support_min_cell_20
227,100000,100000,alta_vs_media,alta,media,86162,1447,0.6438142355831344,0.6696526113939334,-0.025838375810798953,0.9614152541613862,xgb,pairwise_common_support_min_cell_20
228,100000,100000,media_vs_baixa,media,baixa,68981,3774,0.6683228123692344,0.6845697950358121,-0.016246982666577647,0.9762668718596799,xgb,pairwise_common_support_min_cell_20
228,100000,100000,alta_vs_baixa,alta,baixa,36647,2989,0.6372988492006677,0.6723135093586983,-0.035014660158030564,0.9479191483279429,xgb,pairwise_common_support_min_cell_20
228,100000,100000,alta_vs_media,alta,media,86162,1447,0.6435639424203715,0.6696475959858863,-0.026083653565514786,0.9610486863211788,xgb,pairwise_common_support_min_cell_20
229,100000,100000,media_vs_baixa,media,baixa,68981,3774,0.6683537899556701,0.6827666268971648,-0.014412836941494755,0.9788905368632413,xgb,pairwise_common_support_min_cell_20
229,100000,100000,alta_vs_baixa,alta,baixa,36647,2989,0.6369157623414098,0.6697592990773422,-0.03284353673593243,0.950962178828756,xgb,pairwise_common_support_min_cell_20
229,100000,100000,alta_vs_media,alta,media,86162,1447,0.6436930010829313,0.6696414077838594,-0.02594840670092813,0.9612502954576795,xgb,pairwise_common_support_min_cell_20
230,100000,100000,media_vs_baixa,media,baixa,68981,3774,0.6683621106752691,0.6834768543773194,-0.015114743702050348,0.977885507599492,xgb,pairwise_common_support_min_cell_20
230,100000,100000,alta_vs_baixa,alta,baixa,36647,2989,0.6373164174100348,0.6708480704879686,-0.03353165307793382,0.9500160251582103,xgb,pairwise_common_support_min_cell_20
230,100000,100000,alta_vs_media,alta,media,86162,1447,0.6438112730077546,0.6695687082759554,-0.025757435268200735,0.9615313037335295,xgb,pairwise_common_support_min_cell_20
231,100000,100000,media_vs_baixa,media,baixa,68981,3774,0.6682893450833742,0.6835108534028485,-0.01522150831947422,0.9777304072880567,xgb,pairwise_common_support_min_cell_20
231,100000,100000,alta_vs_baixa,alta,baixa,36647,2989,0.6377467932393787,0.6708798293207605,-0.03313303608138185,0.9506125618429642,xgb,pairwise_common_support_min_cell_20
231,100000,100000,alta_vs_media,alta,media,86162,1447,0.6437380756402699,0.6696445463163627,-0.025906470676092863,0.961313101378035,xgb,pairwise_common_support_min_cell_20
232,100000,100000,media_vs_baixa,media,baixa,68981,3774,0.6683658881732215,0.6826358352087614,-0.014269947035539854,0.9790958131707577,xgb,pairwise_common_support_min_cell_20
232,100000,100000,alta_vs_baixa,alta,baixa,36647,2989,0.6374184818632639,0.6703039318708226,-0.032885450007558714,0.9509394940952006,xgb,pairwise_common_support_min_cell_20
232,100000,100000,alta_vs_media,alta,media,86162,1447,0.643942063716758,0.6696497076934136,-0.025707643976655592,0.9616103110606816,xgb,pairwise_common_support_min_cell_20
233,100000,100000,media_vs_baixa,media,baixa,68981,3774,0.6682540234063337,0.6826249676842261,-0.014370944277892428,0.9789475261553278,xgb,pairwise_common_support_min_cell_20
233,100000,100000,alta_vs_baixa,alta,baixa,36647,2989,0.637563107867384,0.6703361220507119,-0.0327730141833279,0.9511095805443578,xgb,pairwise_common_support_min_cell_20
233,100000,100000,alta_vs_media,alta,media,86162,1447,0.6438347630427289,0.669651946299616,-0.02581718325688709,0.9614468629568711,xgb,pairwise_common_support_min_cell_20
234,100000,100000,media_vs_baixa,media,baixa,68981,3774,0.6682583233343619,0.6839046173752809,-0.015646294040918995,0.9771221108274323,xgb,pairwise_common_support_min_cell_20
234,100000,100000,alta_vs_baixa,alta,baixa,36647,2989,0.6372801933562618,0.6712337403373154,-0.03395354698105357,0.949416209375901,xgb,pairwise_common_support_min_cell_20
234,100000,100000,alta_vs_media,alta,media,86162,1447,0.6437031498552092,0.6696956377301979,-0.025992487874988757,0.9611876105941421,xgb,pairwise_common_support_min_cell_20
235,100000,100000,media_vs_baixa,media,baixa,68981,3774,0.6682609275807257,0.6832289185312537,-0.01496799095052792,0.9780922754518283,xgb,pairwise_common_support_min_cell_20
235,100000,100000,alta_vs_baixa,alta,baixa,36647,2989,0.6368892409657677,0.6717286998461709,-0.034839458880403185,0.948134628030064,xgb,pairwise_common_support_min_cell_20
235,100000,100000,alta_vs_media,alta,media,86162,1447,0.6437594282154151,0.6696558865473831,-0.025896458331967964,0.9613287079943624,xgb,pairwise_common_support_min_cell_20
236,100000,100000,media_vs_baixa,media,baixa,68981,3774,0.6682748672514451,0.6830090922200375,-0.014734224968592335,0.9784274834165083,xgb,pairwise_common_support_min_cell_20
236,100000,100000,alta_vs_baixa,alta,baixa,36647,2989,0.6375871473447332,0.6700806796138846,-0.032493532269151415,0.951508029916823,xgb,pairwise_common_support_min_cell_20
236,100000,100000,alta_vs_media,alta,media,86162,1447,0.6436817649969818,0.6696668680467978,-0.02598510304981594,0.9611969707780137,xgb,pairwise_common_support_min_cell_20
237,100000,100000,media_vs_baixa,media,baixa,68981,3774,0.6683342559358573,0.6827508292602752,-0.014416573324417925,0.9788845758854112,xgb,pairwise_common_support_min_cell_20
237,100000,100000,alta_vs_baixa,alta,baixa,36647,2989,0.6373598441510717,0.6720910984983413,-0.034731254347269536,0.9483235912142418,xgb,pairwise_common_support_min_cell_20
237,100000,100000,alta_vs_media,alta,media,86162,1447,0.6438400469969425,0.6696447814014487,-0.025804734404506147,0.9614650406884357,xgb,pairwise_common_support_min_cell_20
238,100000,100000,media_vs_baixa,media,baixa,68981,3774,0.6682821454188766,0.6824587495729357,-0.01417660415405908,0.9792271633077744,xgb,pairwise_common_support_min_cell_20
238,100000,100000,alta_vs_baixa,alta,baixa,36647,2989,0.6370274405161303,0.6704749997408476,-0.033447559224717316,0.9501136369922137,xgb,pairwise_common_support_min_cell_20
238,100000,100000,alta_vs_media,alta,media,86162,1447,0.6437949621467268,0.669625088072526,-0.02583012592579914,0.9614259883838141,xgb,pairwise_common_support_min_cell_20
239,100000,100000,media_vs_baixa,media,baixa,68981,3774,0.668199902925344,0.6833490681135643,-0.015149165188220293,0.9778310004430961,xgb,pairwise_common_support_min_cell_20
239,100000,100000,alta_vs_baixa,alta,baixa,36647,2989,0.6371506849702371,0.6701916713047783,-0.03304098633454122,0.9506991988273823,xgb,pairwise_common_support_min_cell_20
239,100000,100000,alta_vs_media,alta,media,86162,1447,0.6439934350518556,0.6695605591811107,-0.025567124129255103,0.9618150684375371,xgb,pairwise_common_support_min_cell_20
240,100000,100000,media_vs_baixa,media,baixa,68981,3774,0.6683640661214575,0.6825983056345303,-0.014234239513072788,0.9791469750282475,xgb,pairwise_common_support_min_cell_20
240,100000,100000,alta_vs_baixa,alta,baixa,36647,2989,0.636966290056381,0.6696893278295025,-0.03272303777312158,0.9511369878340773,xgb,pairwise_common_support_min_cell_20
240,100000,100000,alta_vs_media,alta,media,86162,1447,0.6439023342453537,0.6696559299478767,-0.025753595702523002,0.9615420478625082,xgb,pairwise_common_support_min_cell_20
241,100000,100000,media_vs_baixa,media,baixa,68981,3774,0.6683757042916236,0.6833813390796056,-0.015005634787982003,0.9780420770514572,xgb,pairwise_common_support_min_cell_20
241,100000,100000,alta_vs_baixa,alta,baixa,36647,2989,0.6370826156356709,0.6727194133147041,-0.03563679767903316,0.9470257629351898,xgb,pairwise_common_support_min_cell_20
241,100000,100000,alta_vs_media,alta,media,86162,1447,0.6438600064845023,0.6696729739143701,-0.025812967429867828,0.9614543688705459,xgb,pairwise_common_support_min_cell_20
242,100000,100000,media_vs_baixa,media,baixa,68981,3774,0.6682177538355464,0.6831898499846188,-0.014972096149072467,0.9780850137785133,xgb,pairwise_common_support_min_cell_20
242,100000,100000,alta_vs_baixa,alta,baixa,36647,2989,0.6373810603141752,0.6709209282687071,-0.0335398679545319,0.9500092089226064,xgb,pairwise_common_support_min_cell_20
242,100000,100000,alta_vs_media,alta,media,86162,1447,0.643982882088323,0.6698036118752976,-0.025820729786974583,0.9614502977750711,xgb,pairwise_common_support_min_cell_20
243,100000,100000,media_vs_baixa,media,baixa,68981,3774,0.6682712706313607,0.6820567912820481,-0.013785520650687388,0.9797883096731945,xgb,pairwise_common_support_min_cell_20
243,100000,100000,alta_vs_baixa,alta,baixa,36647,2989,0.6373868613692977,0.6698271241808123,-0.032440262811514575,0.9515692010066202,xgb,pairwise_common_support_min_cell_20
243,100000,100000,alta_vs_media,alta,media,86162,1447,0.6438971412383413,0.6696156643593625,-0.025718523121021186,0.9615921124760026,xgb,pairwise_common_support_min_cell_20
244,100000,100000,media_vs_baixa,media,baixa,68981,3774,0.668210891569738,0.683897440851218,-0.015686549281479945,0.9770630092401639,xgb,pairwise_common_support_min_cell_20
244,100000,100000,alta_vs_baixa,alta,baixa,36647,2989,0.6367341492302546,0.6716976858668544,-0.03496353663659979,0.9479475106550682,xgb,pairwise_common_support_min_cell_20
244,100000,100000,alta_vs_media,alta,media,86162,1447,0.6436262099209292,0.6696958615169791,-0.026069651596049903,0.9610724015271686,xgb,pairwise_common_support_min_cell_20
245,100000,100000,media_vs_baixa,media,baixa,68981,3774,0.6681650734984532,0.6828403094151949,-0.014675235916741691,0.9785085389447644,xgb,pairwise_common_support_min_cell_20
245,100000,100000,alta_vs_baixa,alta,baixa,36647,2989,0.6373591852591325,0.6699528225520658,-0.0325936372929333,0.9513493544683137,xgb,pairwise_common_support_min_cell_20
245,100000,100000,alta_vs_media,alta,media,86162,1447,0.6440463602366184,0.669627193350671,-0.02558083311405257,0.9617983956325734,xgb,pairwise_common_support_min_cell_20
246,100000,100000,media_vs_baixa,media,baixa,68981,3774,0.6681151913806349,0.6837245746224682,-0.015609383241833252,0.9771700713690856,xgb,pairwise_common_support_min_cell_20
246,100000,100000,alta_vs_baixa,alta,baixa,36647,2989,0.6369867909010131,0.6712522618124203,-0.03426547091140719,0.9489529155270353,xgb,pairwise_common_support_min_cell_20
246,100000,100000,alta_vs_media,alta,media,86162,1447,0.6436528492098715,0.669553136999534,-0.02590028778966247,0.9613170540791888,xgb,pairwise_common_support_min_cell_20
247,100000,100000,media_vs_baixa,media,baixa,68981,3774,0.6682632083003767,0.6820748573662027,-0.013811649065825993,0.9797505377647858,xgb,pairwise_common_support_min_cell_20
247,100000,100000,alta_vs_baixa,alta,baixa,36647,2989,0.637323443443159,0.6702156781629791,-0.03289223471982006,0.9509229106517237,xgb,pairwise_common_support_min_cell_20
247,100000,100000,alta_vs_media,alta,media,86162,1447,0.6438976723859277,0.6696437064013974,-0.02574603401546971,0.9615526379635128,xgb,pairwise_common_support_min_cell_20
248,100000,100000,media_vs_baixa,media,baixa,68981,3774,0.6683052879744201,0.6834043326258038,-0.015099044651383675,0.977906132679362,xgb,pairwise_common_support_min_cell_20
248,100000,100000,alta_vs_baixa,alta,baixa,36647,2989,0.6372353046332239,0.6713135179818744,-0.03407821334865058,0.9492365155239274,xgb,pairwise_common_support_min_cell_20
248,100000,100000,alta_vs_media,alta,media,86162,1447,0.6439877427533375,0.6695584769658859,-0.025570734212548407,0.9618095579516481,xgb,pairwise_common_support_min_cell_20
249,100000,100000,media_vs_baixa,media,baixa,68981,3774,0.6681644051968955,0.6832507603216387,-0.015086355124743211,0.9779197389877161,xgb,pairwise_common_support_min_cell_20
249,100000,100000,alta_vs_baixa,alta,baixa,36647,2989,0.6373503595873985,0.6707049827191263,-0.03335462313172777,0.9502693076820397,xgb,pairwise_common_support_min_cell_20
249,100000,100000,alta_vs_media,alta,media,86162,1447,0.6439215113001315,0.6697472310273932,-0.025825719727261665,0.9614396020904111,xgb,pairwise_common_support_min_cell_20
250,100000,100000,media_vs_baixa,media,baixa,68981,3774,0.6683889372806266,0.6838020338872479,-0.015413096606621268,0.9774597093269793,xgb,pairwise_common_support_min_cell_20
250,100000,100000,alta_vs_baixa,alta,baixa,36647,2989,0.6371823154055026,0.6715578455671871,-0.03437553016168449,0.9488122573675668,xgb,pairwise_common_support_min_cell_20
250,100000,100000,alta_vs_media,alta,media,86162,1447,0.6438871307383713,0.6695113440829975,-0.025624213344626168,0.9617269915273465,xgb,pairwise_common_support_min_cell_20
251,100000,100000,media_vs_baixa,media,baixa,68981,3774,0.6683077587476491,0.6840340968092921,-0.01572633806164292,0.9770094237480279,xgb,pairwise_common_support_min_cell_20
251,100000,100000,alta_vs_baixa,alta,baixa,36647,2989,0.637317581185337,0.6716900915055978,-0.034372510320260785,0.9488268313691891,xgb,pairwise_common_support_min_cell_20
251,100000,100000,alta_vs_media,alta,media,86162,1447,0.6439579477921774,0.6696670777525635,-0.0257091299603861,0.9616090878370978,xgb,pairwise_common_support_min_cell_20
252,100000,100000,media_vs_baixa,media,baixa,68981,3774,0.6683424742947378,0.6819700922196291,-0.013627617924891311,0.980017279232089,xgb,pairwise_common_support_min_cell_20
252,100000,100000,alta_vs_baixa,alta,baixa,36647,2989,0.6371463391848672,0.6705295405836761,-0.033383201398808904,0.9502136753441917,xgb,pairwise_common_support_min_cell_20
252,100000,100000,alta_vs_media,alta,media,86162,1447,0.6441352321797772,0.6695870372608349,-0.02545180508105771,0.9619888025533221,xgb,pairwise_common_support_min_cell_20
253,100000,100000,media_vs_baixa,media,baixa,68981,3774,0.6683637139295859,0.6833231719566524,-0.014959458027066441,0.9781077846603226,xgb,pairwise_common_support_min_cell_20
253,100000,100000,alta_vs_baixa,alta,baixa,36647,2989,0.6371855084847924,0.6719964090557429,-0.03481090057095049,0.9481977878127874,xgb,pairwise_common_support_min_cell_20
253,100000,100000,alta_vs_media,alta,media,86162,1447,0.6437585346441826,0.6697012222248862,-0.025942687580703505,0.9612622962005108,xgb,pairwise_common_support_min_cell_20
254,100000,100000,media_vs_baixa,media,baixa,68981,3774,0.6683253028081894,0.6827904366203167,-0.014465133812127329,0.9788146801180652,xgb,pairwise_common_support_min_cell_20
254,100000,100000,alta_vs_baixa,alta,baixa,36647,2989,0.6373889060502255,0.6694420039559502,-0.03205309790572475,0.9521196792010173,xgb,pairwise_common_support_min_cell_20
254,100000,100000,alta_vs_media,alta,media,86162,1447,0.6438047480319019,0.6696284859281156,-0.025823737896213728,0.9614357237798484,xgb,pairwise_common_support_min_cell_20
255,100000,100000,media_vs_baixa,media,baixa,68981,3774,0.668352305748989,0.6815943694091067,-0.013242063660117709,0.9805719292082803,xgb,pairwise_common_support_min_cell_20
255,100000,100000,alta_vs_baixa,alta,baixa,36647,2989,0.6370554693883502,0.6694916975737247,-0.032436228185374505,0.9515509627633544,xgb,pairwise_common_support_min_cell_20
255,100000,100000,alta_vs_media,alta,media,86162,1447,0.6438251463702215,0.6695760657062946,-0.025750919336073097,0.9615414578642233,xgb,pairwise_common_support_min_cell_20
256,100000,100000,media_vs_baixa,media,baixa,68981,3774,0.6681634952431191,0.6820478901091654,-0.013884394866046312,0.9796430792215719,xgb,pairwise_common_support_min_cell_20
256,100000,100000,alta_vs_baixa,alta,baixa,36647,2989,0.6373875531025357,0.6699931491908945,-0.03260559608835878,0.9513344336016952,xgb,pairwise_common_support_min_cell_20
256,100000,100000,alta_vs_media,alta,media,86162,1447,0.6436263733918595,0.6696572662145747,-0.0260308928227152,0.9611280364807178,xgb,pairwise_common_support_min_cell_20
257,100000,100000,media_vs_baixa,media,baixa,68981,3774,0.6682801931649641,0.6824441835661098,-0.014163990401145687,0.9792452031356883,xgb,pairwise_common_support_min_cell_20
257,100000,100000,alta_vs_baixa,alta,baixa,36647,2989,0.6372412948370028,0.6708987254390928,-0.03365743060209003,0.9498323229335967,xgb,pairwise_common_support_min_cell_20
257,100000,100000,alta_vs_media,alta,media,86162,1447,0.6437739185335078,0.6696344268311513,-0.025860508297643414,0.9613811547592905,xgb,pairwise_common_support_min_cell_20
258,100000,100000,media_vs_baixa,media,baixa,68981,3774,0.6682313021609952,0.6828277667296914,-0.014596464568696121,0.9786235046670644,xgb,pairwise_common_support_min_cell_20
258,100000,100000,alta_vs_baixa,alta,baixa,36647,2989,0.6374858537837098,0.6701780008709771,-0.03269214708726731,0.9512187104847072,xgb,pairwise_common_support_min_cell_20
258,100000,100000,alta_vs_media,alta,media,86162,1447,0.6441070803193745,0.6695729712238431,-0.025465890904468602,0.9619669670089548,xgb,pairwise_common_support_min_cell_20
259,100000,100000,media_vs_baixa,media,baixa,68981,3774,0.6682471267040615,0.6837148281389855,-0.015467701434924042,0.9773769694639711,xgb,pairwise_common_support_min_cell_20
259,100000,100000,alta_vs_baixa,alta,baixa,36647,2989,0.6373390721478239,0.6715931371472088,-0.03425406499938488,0.9489958084668805,xgb,pairwise_common_support_min_cell_20
259,100000,100000,alta_vs_media,alta,media,86162,1447,0.643889580675259,0.6696839986187224,-0.025794417943463377,0.9614827022944158,xgb,pairwise_common_support_min_cell_20
260,100000,100000,media_vs_baixa,media,baixa,68981,3774,0.6682311180313236,0.6829147635463593,-0.014683645515035648,0.9784985677586119,xgb,pairwise_common_support_min_cell_20
260,100000,100000,alta_vs_baixa,alta,baixa,36647,2989,0.6373465579447539,0.6713517555581349,-0.034005197613380944,0.9493481660964596,xgb,pairwise_common_support_min_cell_20
260,100000,100000,alta_vs_media,alta,media,86162,1447,0.6437620099396993,0.66964100302737,-0.02587899308767061,0.9613539299853583,xgb,pairwise_common_support_min_cell_20
261,100000,100000,media_vs_baixa,media,baixa,68981,3774,0.6683487636634421,0.6832825103264578,-0.014933746663015723,0.9781441110560832,xgb,pairwise_common_support_min_cell_20
261,100000,100000,alta_vs_baixa,alta,baixa,36647,2989,0.6369587624189613,0.6713662865367177,-0.03440752411775638,0.9487499971211697,xgb,pairwise_common_support_min_cell_20
261,100000,100000,alta_vs_media,alta,media,86162,1447,0.643872503270601,0.66957356317326,-0.02570105990265903,0.961615778584722,xgb,pairwise_common_support_min_cell_20
262,100000,100000,media_vs_baixa,media,baixa,68981,3774,0.66834696324337,0.6832841680724998,-0.014937204829129858,0.978139102986585,xgb,pairwise_common_support_min_cell_20
262,100000,100000,alta_vs_baixa,alta,baixa,36647,2989,0.6373006787382565,0.6699021585592977,-0.032601479821041224,0.9513339680959463,xgb,pairwise_common_support_min_cell_20
262,100000,100000,alta_vs_media,alta,media,86162,1447,0.6436548216423077,0.6695512448534231,-0.025896423211115405,0.9613227166551164,xgb,pairwise_common_support_min_cell_20
263,100000,100000,media_vs_baixa,media,baixa,68981,3774,0.6683191185338543,0.6822924195978641,-0.013973301064009847,0.9795200698957706,xgb,pairwise_common_support_min_cell_20
263,100000,100000,alta_vs_baixa,alta,baixa,36647,2989,0.6372941859612734,0.6701755510682446,-0.03288136510697115,0.9509361911896681,xgb,pairwise_common_support_min_cell_20
263,100000,100000,alta_vs_media,alta,media,86162,1447,0.6440718285292096,0.6695783628852777,-0.02550653435606809,0.9619065731960663,xgb,pairwise_common_support_min_cell_20
264,100000,100000,media_vs_baixa,media,baixa,68981,3774,0.6682281241654612,0.6843702380751001,-0.016142113909638933,0.9764131854198669,xgb,pairwise_common_support_min_cell_20
264,100000,100000,alta_vs_baixa,alta,baixa,36647,2989,0.6370363496840108,0.672428088978278,-0.0353917392942672,0.94736725030621,xgb,pairwise_common_support_min_cell_20
264,100000,100000,alta_vs_media,alta,media,86162,1447,0.6436468899636174,0.669584507957255,-0.025937617993637585,0.9612631151327453,xgb,pairwise_common_support_min_cell_20
265,100000,100000,media_vs_baixa,media,baixa,68981,3774,0.6683084716208904,0.682691522518126,-0.014383050897235683,0.9789318448774881,xgb,pairwise_common_support_min_cell_20
265,100000,100000,alta_vs_baixa,alta,baixa,36647,2989,0.6375205159605052,0.6717320767322271,-0.03421156077172194,0.9490696336281114,xgb,pairwise_common_support_min_cell_20
265,100000,100000,alta_vs_media,alta,media,86162,1447,0.6440170135328332,0.669602841110268,-0.025585827577434772,0.9617895474651647,xgb,pairwise_common_support_min_cell_20
266,100000,100000,media_vs_baixa,media,baixa,68981,3774,0.668229074784735,0.6835070427453556,-0.015277967960620531,0.9776476802649239,xgb,pairwise_common_support_min_cell_20
266,100000,100000,alta_vs_baixa,alta,baixa,36647,2989,0.6372187325576602,0.6715348270917842,-0.0343160945341241,0.9488990099251638,xgb,pairwise_common_support_min_cell_20
266,100000,100000,alta_vs_media,alta,media,86162,1447,0.6437910387018599,0.6696249753774289,-0.02583393667556899,0.9614202910203463,xgb,pairwise_common_support_min_cell_20
267,100000,100000,media_vs_baixa,media,baixa,68981,3774,0.6681920416784536,0.6838827395673687,-0.015690697888915084,0.977056449912976,xgb,pairwise_common_support_min_cell_20
267,100000,100000,alta_vs_baixa,alta,baixa,36647,2989,0.6375723414942027,0.6720652020590906,-0.03449286056488787,0.9486763182214943,xgb,pairwise_common_support_min_cell_20
267,100000,100000,alta_vs_media,alta,media,86162,1447,0.643865193836447,0.6695931406099294,-0.025727946773482335,0.9615767468136742,xgb,pairwise_common_support_min_cell_20
268,100000,100000,media_vs_baixa,media,baixa,68981,3774,0.668282844782106,0.6835925663569552,-0.015309721574849222,0.9776040256604328,xgb,pairwise_common_support_min_cell_20
268,100000,100000,alta_vs_baixa,alta,baixa,36647,2989,0.6373259416379494,0.6717307787295689,-0.034404837091619456,0.9487818063708668,xgb,pairwise_common_support_min_cell_20
268,100000,100000,alta_vs_media,alta,media,86162,1447,0.6438838079371071,0.6696047796555115,-0.025720971718404373,0.9615878313598106,xgb,pairwise_common_support_min_cell_20
269,100000,100000,media_vs_baixa,media,baixa,68981,3774,0.6683899506186348,0.6827718470595222,-0.014381896440887387,0.9789360142735446,xgb,pairwise_common_support_min_cell_20
269,100000,100000,alta_vs_baixa,alta,baixa,36647,2989,0.6370531822077543,0.6714478298866073,-0.03439464767885303,0.9487753982544533,xgb,pairwise_common_support_min_cell_20
269,100000,100000,alta_vs_media,alta,media,86162,1447,0.6437064671087945,0.6696206474362197,-0.025914180327425207,0.9613002071745503,xgb,pairwise_common_support_min_cell_20
270,100000,100000,media_vs_baixa,media,baixa,68981,3774,0.6683747315037426,0.6829836980371591,-0.014608966533416479,0.9786100801887344,xgb,pairwise_common_support_min_cell_20
270,100000,100000,alta_vs_baixa,alta,baixa,36647,2989,0.6370595745333503,0.6714850748565078,-0.0344255003231575,0.9487322926268852,xgb,pairwise_common_support_min_cell_20
270,100000,100000,alta_vs_media,alta,media,86162,1447,0.6439173278295365,0.6697244623698314,-0.02580713454029493,0.9614660416479698,xgb,pairwise_common_support_min_cell_20
271,100000,100000,media_vs_baixa,media,baixa,68981,3774,0.6683189117481543,0.6826542986530754,-0.014335386904921088,0.9790005176365171,xgb,pairwise_common_support_min_cell_20
271,100000,100000,alta_vs_baixa,alta,baixa,36647,2989,0.6377530547030695,0.6710114704642319,-0.033258415761162397,0.9504353990578538,xgb,pairwise_common_support_min_cell_20
271,100000,100000,alta_vs_media,alta,media,86162,1447,0.6439663466160127,0.6696975297368805,-0.02573118312086775,0.9615779034887924,xgb,pairwise_common_support_min_cell_20
272,100000,100000,media_vs_baixa,media,baixa,68981,3774,0.6683753284815973,0.6829980244667316,-0.014622695985134326,0.9785904271149959,xgb,pairwise_common_support_min_cell_20
272,100000,100000,alta_vs_baixa,alta,baixa,36647,2989,0.6373795561119204,0.6713286528846458,-0.033949096772725396,0.9494299898762717,xgb,pairwise_common_support_min_cell_20
272,100000,100000,alta_vs_media,alta,media,86162,1447,0.644064303503275,0.669672350089923,-0.025608046586647948,0.9617603346125768,xgb,pairwise_common_support_min_cell_20
273,100000,100000,media_vs_baixa,media,baixa,68981,3774,0.6682996584501318,0.6830588782507179,-0.014759219800586032,0.9783924632699545,xgb,pairwise_common_support_min_cell_20
273,100000,100000,alta_vs_baixa,alta,baixa,36647,2989,0.6371528531086521,0.6717387696682491,-0.034585916559596974,0.9485128473726805,xgb,pairwise_common_support_min_cell_20
273,100000,100000,alta_vs_media,alta,media,86162,1447,0.6440271533135011,0.6695637904321372,-0.025536637118636074,0.961860785359742,xgb,pairwise_common_support_min_cell_20
274,100000,100000,media_vs_baixa,media,baixa,68981,3774,0.6683904956963337,0.6836449548718655,-0.01525445917553181,0.9776865768308187,xgb,pairwise_common_support_min_cell_20
274,100000,100000,alta_vs_baixa,alta,baixa,36647,2989,0.637435105039253,0.6718598162485341,-0.034424711209281034,0.9487620625958874,xgb,pairwise_common_support_min_cell_20
274,100000,100000,alta_vs_media,alta,media,86162,1447,0.6437553956502122,0.6695731239680862,-0.02581772831787399,0.9614415104285091,xgb,pairwise_common_support_min_cell_20
275,100000,100000,media_vs_baixa,media,baixa,68981,3774,0.6682229199873908,0.6836805199318631,-0.015457599944472267,0.977390609365303,xgb,pairwise_common_support_min_cell_20
275,100000,100000,alta_vs_baixa,alta,baixa,36647,2989,0.637495539054378,0.6712719657274723,-0.03377642667309433,0.9496829476015879,xgb,pairwise_common_support_min_cell_20
275,100000,100000,alta_vs_media,alta,media,86162,1447,0.6439663191331022,0.6696455939010145,-0.02567927476791232,0.9616524397355952,xgb,pairwise_common_support_min_cell_20
276,100000,100000,media_vs_baixa,media,baixa,68981,3774,0.668256026211841,0.6830229754439391,-0.014766949232098092,0.9783800109762045,xgb,pairwise_common_support_min_cell_20
276,100000,100000,alta_vs_baixa,alta,baixa,36647,2989,0.6373345062435595,0.6711086964282982,-0.033774190184738706,0.949674038848717,xgb,pairwise_common_support_min_cell_20
276,100000,100000,alta_vs_media,alta,media,86162,1447,0.6437352597068072,0.6696162750912937,-0.025881015384486505,0.9613494827601704,xgb,pairwise_common_support_min_cell_20
277,100000,100000,media_vs_baixa,media,baixa,68981,3774,0.6681770988575433,0.6834855687553252,-0.015308469897781896,0.9776023509528377,xgb,pairwise_common_support_min_cell_20
277,100000,100000,alta_vs_baixa,alta,baixa,36647,2989,0.6369327755510507,0.6706805983415778,-0.03374782279052713,0.9496812299714993,xgb,pairwise_common_support_min_cell_20
277,100000,100000,alta_vs_media,alta,media,86162,1447,0.6436028662635206,0.6695956104327007,-0.02599274416918007,0.9611814298597579,xgb,pairwise_common_support_min_cell_20
278,100000,100000,media_vs_baixa,media,baixa,68981,3774,0.6682502029692547,0.6843589864561737,-0.01610878348691891,0.9764615007536684,xgb,pairwise_common_support_min_cell_20
278,100000,100000,alta_vs_baixa,alta,baixa,36647,2989,0.6374430933365338,0.673127747967663,-0.03568465463112913,0.946986801927465,xgb,pairwise_common_support_min_cell_20
278,100000,100000,alta_vs_media,alta,media,86162,1447,0.6438998120019902,0.6695610567832861,-0.025661244781295944,0.961674526137201,xgb,pairwise_common_support_min_cell_20
279,100000,100000,media_vs_baixa,media,baixa,68981,3774,0.668247533943625,0.6826622358407526,-0.014414701897127569,0.9788845769689095,xgb,pairwise_common_support_min_cell_20
279,100000,100000,alta_vs_baixa,alta,baixa,36647,2989,0.6376093228679953,0.6704793265619938,-0.032870003693998506,0.9509753658437979,xgb,pairwise_common_support_min_cell_20
279,100000,100000,alta_vs_media,alta,media,86162,1447,0.6439431324363747,0.6696869736659856,-0.02574384122961093,0.9615583963225616,xgb,pairwise_common_support_min_cell_20
280,100000,100000,media_vs_baixa,media,baixa,68981,3774,0.6683166029935909,0.6834808491559105,-0.015164246162319595,0.977813209863821,xgb,pairwise_common_support_min_cell_20
280,100000,100000,alta_vs_baixa,alta,baixa,36647,2989,0.6374433901994201,0.6716603054213279,-0.03421691522190784,0.9490562194226384,xgb,pairwise_common_support_min_cell_20
280,100000,100000,alta_vs_media,alta,media,86162,1447,0.6442655072291319,0.669664281639133,-0.025398774410001157,0.9620723770008567,xgb,pairwise_common_support_min_cell_20
281,100000,100000,media_vs_baixa,media,baixa,68981,3774,0.6683007479703142,0.6825117096959692,-0.014210961725654947,0.9791784352945603,xgb,pairwise_common_support_min_cell_20
281,100000,100000,alta_vs_baixa,alta,baixa,36647,2989,0.6373625164834035,0.6710434026235397,-0.0336808861401362,0.9498081852701986,xgb,pairwise_common_support_min_cell_20
281,100000,100000,alta_vs_media,alta,media,86162,1447,0.6436349179335861,0.6695284544456948,-0.025893536512108684,0.9613257116405216,xgb,pairwise_common_support_min_cell_20
282,100000,100000,media_vs_baixa,media,baixa,68981,3774,0.6682176437368459,0.6832483059451153,-0.01503066220826943,0.978001171642163,xgb,pairwise_common_support_min_cell_20
282,100000,100000,alta_vs_baixa,alta,baixa,36647,2989,0.637587855795977,0.6712279658705852,-0.03364011007460821,0.94988273465189,xgb,pairwise_common_support_min_cell_20
282,100000,100000,alta_vs_media,alta,media,86162,1447,0.6437295847004658,0.6695900224500546,-0.025860437749588794,0.9613786990807233,xgb,pairwise_common_support_min_cell_20
283,100000,100000,media_vs_baixa,media,baixa,68981,3774,0.66829624555419,0.683903209566127,-0.015606964011937063,0.9771795719136364,xgb,pairwise_common_support_min_cell_20
283,100000,100000,alta_vs_baixa,alta,baixa,36647,2989,0.6377025870949187,0.6715260542582546,-0.03382346716333595,0.9496319361715664,xgb,pairwise_common_support_min_cell_20
283,100000,100000,alta_vs_media,alta,media,86162,1447,0.6441836728663233,0.6696485358508696,-0.02546486298454631,0.961972793754876,xgb,pairwise_common_support_min_cell_20
284,100000,100000,media_vs_baixa,media,baixa,68981,3774,0.668349490312592,0.6828479890423624,-0.014498498729770382,0.9787676042656238,xgb,pairwise_common_support_min_cell_20
284,100000,100000,alta_vs_baixa,alta,baixa,36647,2989,0.637429462390709,0.6706020213116588,-0.033172558920949835,0.9505331659214712,xgb,pairwise_common_support_min_cell_20
284,100000,100000,alta_vs_media,alta,media,86162,1447,0.6440345812000643,0.669723379741608,-0.02568879854154371,0.961642673201203,xgb,pairwise_common_support_min_cell_20
285,100000,100000,media_vs_baixa,media,baixa,68981,3774,0.6683013178972658,0.6830682222918791,-0.014766904394613367,0.9783815087385175,xgb,pairwise_common_support_min_cell_20
285,100000,100000,alta_vs_baixa,alta,baixa,36647,2989,0.6372624010912743,0.6696366968318052,-0.032374295740530856,0.9516539402728366,xgb,pairwise_common_support_min_cell_20
285,100000,100000,alta_vs_media,alta,media,86162,1447,0.644048805117785,0.6696247801387666,-0.025575975020981634,0.9618055129087644,xgb,pairwise_common_support_min_cell_20
286,100000,100000,media_vs_baixa,media,baixa,68981,3774,0.6683134235740887,0.6818941814322607,-0.013580757858171921,0.9800837751252743,xgb,pairwise_common_support_min_cell_20
286,100000,100000,alta_vs_baixa,alta,baixa,36647,2989,0.637320790146532,0.6691910487140336,-0.031870258567501586,0.9523749478885801,xgb,pairwise_common_support_min_cell_20
286,100000,100000,alta_vs_media,alta,media,86162,1447,0.6438005899263723,0.6697150287227055,-0.02591443879633315,0.9613052751022212,xgb,pairwise_common_support_min_cell_20
287,100000,100000,media_vs_baixa,media,baixa,68981,3774,0.668349656549742,0.6840197179832279,-0.015670061433485927,0.9770912138619516,xgb,pairwise_common_support_min_cell_20
287,100000,100000,alta_vs_baixa,alta,baixa,36647,2989,0.6369385327074767,0.672388052641515,-0.03544951993403833,0.9472781828963605,xgb,pairwise_common_support_min_cell_20
287,100000,100000,alta_vs_media,alta,media,86162,1447,0.6440124799506612,0.6696100967822034,-0.025597616831542158,0.9617723553534349,xgb,pairwise_common_support_min_cell_20
288,100000,100000,media_vs_baixa,media,baixa,68981,3774,0.668286297529204,0.6832861564684032,-0.014999858939199195,0.9780474713307135,xgb,pairwise_common_support_min_cell_20
288,100000,100000,alta_vs_baixa,alta,baixa,36647,2989,0.636851989899581,0.6705229426512134,-0.033670952751632344,0.9497840407689868,xgb,pairwise_common_support_min_cell_20
288,100000,100000,alta_vs_media,alta,media,86162,1447,0.6435206580707052,0.66959675612657,-0.02607609805586475,0.9610570125717041,xgb,pairwise_common_support_min_cell_20
289,100000,100000,media_vs_baixa,media,baixa,68981,3774,0.6683284059424205,0.6842968863901726,-0.01596848044775212,0.976664397039727,xgb,pairwise_common_support_min_cell_20
289,100000,100000,alta_vs_baixa,alta,baixa,36647,2989,0.6378147796757039,0.6722977400442945,-0.034482960368590665,0.9487087962450703,xgb,pairwise_common_support_min_cell_20
289,100000,100000,alta_vs_media,alta,media,86162,1447,0.6443714680248557,0.6695909796893402,-0.02521951166448455,0.9623359447342238,xgb,pairwise_common_support_min_cell_20
290,100000,100000,media_vs_baixa,media,baixa,68981,3774,0.6683381943404557,0.6831793276244613,-0.014841133284005603,0.9782763724195067,xgb,pairwise_common_support_min_cell_20
290,100000,100000,alta_vs_baixa,alta,baixa,36647,2989,0.6373422175563397,0.6708177865318338,-0.033475568975494085,0.9500973742086287,xgb,pairwise_common_support_min_cell_20
290,100000,100000,alta_vs_media,alta,media,86162,1447,0.643651174301351,0.6695731305809283,-0.025921956279577274,0.9612858475114031,xgb,pairwise_common_support_min_cell_20
291,100000,100000,media_vs_baixa,media,baixa,68981,3774,0.6682963794180424,0.6835963123751198,-0.015299932957077322,0.9776184676831879,xgb,pairwise_common_support_min_cell_20
291,100000,100000,alta_vs_baixa,alta,baixa,36647,2989,0.6367271862711016,0.6708546933930818,-0.034127507121980205,0.9491283172673826,xgb,pairwise_common_support_min_cell_20
291,100000,100000,alta_vs_media,alta,media,86162,1447,0.6441783557184553,0.6695114691724152,-0.025333113453959943,0.9621617931575178,xgb,pairwise_common_support_min_cell_20
292,100000,100000,media_vs_baixa,media,baixa,68981,3774,0.6682480731883979,0.6832852854989749,-0.015037212310577086,0.9779927760341041,xgb,pairwise_common_support_min_cell_20
292,100000,100000,alta_vs_baixa,alta,baixa,36647,2989,0.6371988173418204,0.6709394109992705,-0.03374059365745008,0.9497114149142049,xgb,pairwise_common_support_min_cell_20
292,100000,100000,alta_vs_media,alta,media,86162,1447,0.6437037168117685,0.6695797639444276,-0.02587604713265912,0.9613547951625272,xgb,pairwise_common_support_min_cell_20
293,100000,100000,media_vs_baixa,media,baixa,68981,3774,0.6682953050232844,0.6838652270725379,-0.01556992204925356,0.9772324700352076,xgb,pairwise_common_support_min_cell_20
293,100000,100000,alta_vs_baixa,alta,baixa,36647,2989,0.6374422621089857,0.671419883087227,-0.03397762097824131,0.9493943777446532,xgb,pairwise_common_support_min_cell_20
293,100000,100000,alta_vs_media,alta,media,86162,1447,0.6439160988010464,0.6695955767939574,-0.025679477992911037,0.9616492717651077,xgb,pairwise_common_support_min_cell_20
294,100000,100000,media_vs_baixa,media,baixa,68981,3774,0.6682739918487343,0.6838872487665273,-0.015613256917793028,0.9771698376509382,xgb,pairwise_common_support_min_cell_20
294,100000,100000,alta_vs_baixa,alta,baixa,36647,2989,0.6371969135127007,0.671029501521747,-0.033832588009046316,0.9495810721699695,xgb,pairwise_common_support_min_cell_20
294,100000,100000,alta_vs_media,alta,media,86162,1447,0.6437490423997612,0.6697303209289215,-0.025981278529160323,0.9612063576677787,xgb,pairwise_common_support_min_cell_20
295,100000,100000,media_vs_baixa,media,baixa,68981,3774,0.668315455311307,0.6836509527973149,-0.015335497486007932,0.9775682350426643,xgb,pairwise_common_support_min_cell_20
295,100000,100000,alta_vs_baixa,alta,baixa,36647,2989,0.6369026202707778,0.6708607528841741,-0.03395813261339631,0.9493812501813483,xgb,pairwise_common_support_min_cell_20
295,100000,100000,alta_vs_media,alta,media,86162,1447,0.6435202576316891,0.6697383540423436,-0.026218096410654534,0.9608532253641892,xgb,pairwise_common_support_min_cell_20
296,100000,100000,media_vs_baixa,media,baixa,68981,3774,0.6683691962383209,0.6837853412174871,-0.015416144979166213,0.9774547009859591,xgb,pairwise_common_support_min_cell_20
296,100000,100000,alta_vs_baixa,alta,baixa,36647,2989,0.6369715006142191,0.671953562731809,-0.03498206211758981,0.9479397624214221,xgb,pairwise_common_support_min_cell_20
296,100000,100000,alta_vs_media,alta,media,86162,1447,0.6437780150076655,0.6695491705890028,-0.025771155581337246,0.961509689335189,xgb,pairwise_common_support_min_cell_20
297,100000,100000,media_vs_baixa,media,baixa,68981,3774,0.6682061742081763,0.6835878397677431,-0.01538166555956677,0.9774986261241966,xgb,pairwise_common_support_min_cell_20
297,100000,100000,alta_vs_baixa,alta,baixa,36647,2989,0.6370140606876151,0.6725787846124021,-0.035564723924786934,0.9471218469293788,xgb,pairwise_common_support_min_cell_20
297,100000,100000,alta_vs_media,alta,media,86162,1447,0.6438883200718888,0.6695441413223855,-0.025655821250496702,0.9616816582102786,xgb,pairwise_common_support_min_cell_20
298,100000,100000,media_vs_baixa,media,baixa,68981,3774,0.6682735993168981,0.6827659951247848,-0.014492395807886638,0.9787739929765571,xgb,pairwise_common_support_min_cell_20
298,100000,100000,alta_vs_baixa,alta,baixa,36647,2989,0.6373318175119241,0.6723142900931307,-0.03498247258120657,0.9479670845961631,xgb,pairwise_common_support_min_cell_20
298,100000,100000,alta_vs_media,alta,media,86162,1447,0.6440287216126948,0.6696455187596212,-0.02561679714692644,0.9617457349757582,xgb,pairwise_common_support_min_cell_20
299,100000,100000,media_vs_baixa,media,baixa,68981,3774,0.6682673300480055,0.6826761889657748,-0.014408858917769218,0.9788935674765542,xgb,pairwise_common_support_min_cell_20
299,100000,100000,alta_vs_baixa,alta,baixa,36647,2989,0.6368733601521864,0.6701379446806461,-0.033264584528459706,0.9503615863084549,xgb,pairwise_common_support_min_cell_20
299,100000,100000,alta_vs_media,alta,media,86162,1447,0.6436330721932317,0.6696782909529012,-0.026045218759669475,0.9611078646097231,xgb,pairwise_common_support_min_cell_20
300,100000,100000,media_vs_baixa,media,baixa,68981,3774,0.6682415392383736,0.683019666822503,-0.014778127584129441,0.9783635401702572,xgb,pairwise_common_support_min_cell_20
300,100000,100000,alta_vs_baixa,alta,baixa,36647,2989,0.6373580235347315,0.6712351415239054,-0.03387711798917392,0.9495301781842609,xgb,pairwise_common_support_min_cell_20
300,100000,100000,alta_vs_media,alta,media,86162,1447,0.6438068240242323,0.6695983730691268,-0.025791549044894557,0.9614820613636229,xgb,pairwise_common_support_min_cell_20
